{
	"credit": "Made with Blockbench",
	"textures": {
		"0": "netc/paper/2025_redbag",
		"particle": "netc/paper/2025_redbag"
	},
	"elements": [
		{
			"from": [4, 0, 1],
			"to": [12, 1, 15],
			"rotation": {"angle": 0, "axis": "y", "origin": [10, 0, 11]},
			"faces": {
				"north": {"uv": [0, 7.5, 4, 8], "texture": "#0"},
				"east": {"uv": [0, 7, 7, 7.5], "texture": "#0"},
				"south": {"uv": [4, 7.5, 8, 8], "texture": "#0"},
				"west": {"uv": [7, 7, 14, 7.5], "texture": "#0"},
				"up": {"uv": [4, 7, 0, 0], "texture": "#0"},
				"down": {"uv": [8, 0, 4, 7], "texture": "#0"}
			}
		}
	],
	"display": {
		"thirdperson_righthand": {
			"rotation": [-90, 0, 180],
			"translation": [0, 3.5, 4.25],
			"scale": [0.5, 0.5, 0.5]
		},
		"thirdperson_lefthand": {
			"rotation": [-90, 0, 180],
			"translation": [0, 3.5, 4.25],
			"scale": [0.5, 0.5, 0.5]
		},
		"firstperson_righthand": {
			"rotation": [-90, 5, 150],
			"translation": [-1, 3, 4],
			"scale": [0.5, 0.5, 0.5]
		},
		"firstperson_lefthand": {
			"rotation": [-90, 5, 150],
			"translation": [-1, 3, 4],
			"scale": [0.5, 0.5, 0.5]
		},
		"ground": {
			"rotation": [-90, 0, 0],
			"translation": [0, 2, -2.5],
			"scale": [0.5, 0.5, 0.5]
		},
		"gui": {
			"rotation": [-90, 0, 180],
			"translation": [0, 0, -7]
		},
		"head": {
			"rotation": [-90, 0, 0],
			"translation": [0, 13.5, -7]
		},
		"fixed": {
			"rotation": [-90, 0, 0],
			"translation": [0, 0, -7]
		}
	}
}