{
	"credit": "Made with Blockbench",
	"textures": {
		"0": "netc/paper/mmzticket",
		"particle": "netc/paper/mmzticket"
	},
	"elements": [
		{
			"from": [4, 3, 6],
			"to": [12, 3, 10],
			"rotation": {"angle": 0, "axis": "y", "origin": [0, 1, 1]},
			"faces": {
				"north": {"uv": [0, 0, 8, 0], "texture": "#0"},
				"east": {"uv": [0, 0, 4, 0], "texture": "#0"},
				"south": {"uv": [0, 0, 8, 0], "texture": "#0"},
				"west": {"uv": [0, 0, 4, 0], "texture": "#0"},
				"up": {"uv": [8, 4, 0, 0], "texture": "#0"},
				"down": {"uv": [8, 4, 0, 8], "texture": "#0"}
			}
		},
		{
			"from": [4, -1.82257, 3.75532],
			"to": [12, -1.82257, 7.75532],
			"rotation": {"angle": -22.5, "axis": "x", "origin": [0, -3.82257, -5.24468]},
			"faces": {
				"north": {"uv": [0, 0, 8, 0], "texture": "#0"},
				"east": {"uv": [0, 0, 4, 0], "texture": "#0"},
				"south": {"uv": [0, 0, 8, 0], "texture": "#0"},
				"west": {"uv": [0, 0, 4, 0], "texture": "#0"},
				"up": {"uv": [8, 12, 0, 8], "texture": "#0"},
				"down": {"uv": [16, 0, 8, 4], "texture": "#0"}
			}
		},
		{
			"from": [4, 2.00427, 10.99411],
			"to": [12, 2.00427, 14.99411],
			"rotation": {"angle": -22.5, "axis": "x", "origin": [0, 0.00427, 7.99411]},
			"faces": {
				"north": {"uv": [0, 0, 8, 0], "texture": "#0"},
				"east": {"uv": [0, 0, 4, 0], "texture": "#0"},
				"south": {"uv": [0, 0, 8, 0], "texture": "#0"},
				"west": {"uv": [0, 0, 4, 0], "texture": "#0"},
				"up": {"uv": [16, 8, 8, 4], "texture": "#0"},
				"down": {"uv": [16, 8, 8, 12], "texture": "#0"}
			}
		}
	],
	"gui_light": "front",
	"display": {
		"thirdperson_righthand": {
			"rotation": [-122.25, -56.84, 177.12],
			"translation": [-1.75, 2.75, 1.75],
			"scale": [0.5, 0.5, 0.5]
		},
		"thirdperson_lefthand": {
			"rotation": [-122.25, -56.84, 177.12],
			"translation": [-1.75, 2.75, 1.75],
			"scale": [0.5, 0.5, 0.5]
		},
		"firstperson_righthand": {
			"rotation": [-172.19, -46.19, 118.52],
			"translation": [0, 3.5, 0]
		},
		"firstperson_lefthand": {
			"rotation": [-172.19, -46.19, 118.52],
			"translation": [0, 3.5, 0]
		},
		"ground": {
			"translation": [0, 3, 0],
			"scale": [0.7, 0.7, 0.7]
		},
		"gui": {
			"rotation": [20, -90, -90],
			"translation": [0.25, -1.5, 0]
		},
		"head": {
			"rotation": [-90, 90, 0],
			"translation": [0, 12.25, -5]
		},
		"fixed": {
			"rotation": [0, 75, -90],
			"translation": [1.25, 0, -4.5]
		}
	}
}