{
	"credit": "Made with Blockbench",
	"textures": {
		"1": "custom/helmet/survivor"
	},
	"elements": [
		{
			"from": [4, 5.5, 8.5],
			"to": [12, 13.5, 9],
			"faces": {
				"north": {"uv": [0, 0, 16, 16], "texture": "#1"},
				"east": {"uv": [0, 0, 1, 16], "texture": "#1"},
				"south": {"uv": [0, 0, 16, 16], "texture": "#1"},
				"west": {"uv": [15, 0, 16, 16], "texture": "#1"},
				"up": {"uv": [0, 0, 16, 1], "texture": "#1"},
				"down": {"uv": [0, 0, 16, 1], "texture": "#1"}
			}
		}
	],
	"gui_light": "front",
	"display": {
		"thirdperson_righthand": {
			"translation": [0, 1, 0],
			"scale": [0.6, 0.6, 0.6]
		},
		"firstperson_righthand": {
			"rotation": [-20, -45, 0],
			"translation": [0, 1.5, 0],
			"scale": [0.8, 0.8, 0.8]
		},
		"ground": {
			"translation": [0, 1, 0],
			"scale": [0.7, 0.7, 0.7]
		},
		"gui": {
			"translation": [0, -3, 0],
			"scale": [2, 2, 2]
		},
		"head": {
			"translation": [0, -3.5, -5]
		},
		"fixed": {
			"rotation": [0, -180, 0],
			"translation": [0, -3, 0.5],
			"scale": [2, 2, 2]
		}
	}
}