{
	"credit": "16_BIT_SAMURAI",
	"textures": {
		"0": "block/rod18",
		"particle": "block/rod18"
	},
	"elements": [
		{
			"from": [1.75, 7.5, 18.575],
			"to": [10.25, 8.5, 19.575],
			"rotation": {"angle": 0, "axis": "y", "origin": [16, 0, 16]},
			"faces": {
				"north": {"uv": [8, 7.5, 12.25, 8], "texture": "#0"},
				"east": {"uv": [2, 13, 2.5, 13.5], "texture": "#0"},
				"south": {"uv": [8, 7, 12.25, 7.5], "texture": "#0"},
				"west": {"uv": [13, 1.5, 13.5, 2], "texture": "#0"},
				"up": {"uv": [8, 8, 12.25, 8.5], "texture": "#0"},
				"down": {"uv": [8, 9, 12.25, 8.5], "texture": "#0"}
			}
		},
		{
			"from": [1.5, 7.75, 14.875],
			"to": [2.25, 8.25, 20.625],
			"rotation": {"angle": 0, "axis": "y", "origin": [16, 0, 16]},
			"faces": {
				"north": {"uv": [13, 7.5, 13.5, 7.75], "texture": "#0"},
				"east": {"uv": [11, 9.5, 13.75, 9.75], "texture": "#0"},
				"south": {"uv": [13, 6.5, 13.5, 6.75], "texture": "#0"},
				"west": {"uv": [11, 9, 13.75, 9.25], "texture": "#0"},
				"up": {"uv": [2, 9, 2.5, 11.75], "texture": "#0"},
				"down": {"uv": [2.5, 11.75, 3, 9], "texture": "#0"}
			}
		},
		{
			"from": [-2.5, 7.5, 14.875],
			"to": [1.5, 8.5, 15.875],
			"rotation": {"angle": 0, "axis": "y", "origin": [16, 0, 16]},
			"faces": {
				"north": {"uv": [10, 2.5, 12, 3], "texture": "#0"},
				"east": {"uv": [0.5, 13, 1, 13.5], "texture": "#0"},
				"south": {"uv": [10, 2, 12, 2.5], "texture": "#0"},
				"west": {"uv": [11.5, 5.5, 12, 6], "texture": "#0"},
				"up": {"uv": [3, 10, 5, 10.5], "texture": "#0"},
				"down": {"uv": [5, 10.5, 7, 10], "texture": "#0"}
			}
		},
		{
			"from": [3.25, 6.75, 17.825],
			"to": [3.75, 9.25, 20.325],
			"rotation": {"angle": 0, "axis": "y", "origin": [16, 0, 16]},
			"faces": {
				"north": {"uv": [12.5, 12.5, 12.75, 13.75], "texture": "#0"},
				"east": {"uv": [9, 4.5, 10.25, 5.75], "texture": "#0"},
				"south": {"uv": [11.5, 12.5, 11.75, 13.75], "texture": "#0"},
				"west": {"uv": [9, 3, 10.25, 4.25], "texture": "#0"},
				"up": {"uv": [0, 13, 0.25, 14.25], "texture": "#0"},
				"down": {"uv": [13, 1.25, 13.25, 0], "texture": "#0"}
			}
		},
		{
			"from": [4.25, 6.25, 17.45],
			"to": [6, 9.75, 20.7],
			"rotation": {"angle": 0, "axis": "y", "origin": [16, 0, 16]},
			"faces": {
				"north": {"uv": [5, 8, 6, 9.75], "texture": "#0"},
				"east": {"uv": [5, 5, 6.75, 6.75], "texture": "#0"},
				"south": {"uv": [4, 8, 5, 9.75], "texture": "#0"},
				"west": {"uv": [5, 3, 6.75, 4.75], "texture": "#0"},
				"up": {"uv": [6, 8, 7, 9.75], "texture": "#0"},
				"down": {"uv": [1, 10.75, 2, 9], "texture": "#0"}
			}
		},
		{
			"from": [6.25, 6, 17.2],
			"to": [6.75, 10, 20.95],
			"rotation": {"angle": 0, "axis": "y", "origin": [16, 0, 16]},
			"faces": {
				"north": {"uv": [4, 12, 4.25, 14], "texture": "#0"},
				"east": {"uv": [3, 5, 5, 7], "texture": "#0"},
				"south": {"uv": [3.5, 12, 3.75, 14], "texture": "#0"},
				"west": {"uv": [3, 3, 5, 5], "texture": "#0"},
				"up": {"uv": [4.5, 12, 4.75, 14], "texture": "#0"},
				"down": {"uv": [7, 14, 7.25, 12], "texture": "#0"}
			}
		},
		{
			"from": [9.25, 7.25, 17.2],
			"to": [9.75, 8.75, 20.95],
			"rotation": {"angle": 0, "axis": "y", "origin": [16, 0, 16]},
			"faces": {
				"north": {"uv": [5.5, 13, 5.75, 13.75], "texture": "#0"},
				"east": {"uv": [10, 1, 12, 1.75], "texture": "#0"},
				"south": {"uv": [13, 5, 13.25, 5.75], "texture": "#0"},
				"west": {"uv": [10, 0, 12, 0.75], "texture": "#0"},
				"up": {"uv": [7.5, 12, 7.75, 14], "texture": "#0"},
				"down": {"uv": [12, 13.5, 12.25, 11.5], "texture": "#0"}
			}
		},
		{
			"from": [7, 7, 18.25],
			"to": [9, 9, 19.7],
			"rotation": {"angle": 0, "axis": "y", "origin": [16, 0, 16]},
			"faces": {
				"north": {"uv": [7, 10, 8, 11], "texture": "#0"},
				"east": {"uv": [8, 10.5, 8.75, 11.5], "texture": "#0"},
				"south": {"uv": [10, 6, 11, 7], "texture": "#0"},
				"west": {"uv": [6, 10.5, 6.75, 11.5], "texture": "#0"},
				"up": {"uv": [9, 10.5, 10, 11.25], "texture": "#0"},
				"down": {"uv": [10, 11.25, 11, 10.5], "texture": "#0"}
			}
		},
		{
			"from": [7, 7, 31],
			"to": [9, 9, 32],
			"rotation": {"angle": 0, "axis": "y", "origin": [16, 0, 16]},
			"faces": {
				"north": {"uv": [10.5, 3, 11.5, 4], "texture": "#0"},
				"east": {"uv": [12, 5.5, 12.5, 6.5], "texture": "#0"},
				"south": {"uv": [3, 10.5, 4, 11.5], "texture": "#0"},
				"west": {"uv": [12, 2, 12.5, 3], "texture": "#0"},
				"up": {"uv": [11.5, 11, 12.5, 11.5], "texture": "#0"},
				"down": {"uv": [12, 7, 13, 6.5], "texture": "#0"}
			}
		},
		{
			"from": [7.15, 7.15, 16],
			"to": [8.85, 8.85, 22],
			"rotation": {"angle": 0, "axis": "y", "origin": [16, 0, 16]},
			"faces": {
				"north": {"uv": [6, 11.5, 6.75, 12.25], "texture": "#0"},
				"east": {"uv": [7, 2, 10, 2.75], "texture": "#0"},
				"south": {"uv": [5, 11.5, 5.75, 12.25], "texture": "#0"},
				"west": {"uv": [7, 1, 10, 1.75], "texture": "#0"},
				"up": {"uv": [3, 7, 3.75, 10], "texture": "#0"},
				"down": {"uv": [7, 6, 7.75, 3], "texture": "#0"}
			}
		},
		{
			"from": [7.15, 7.15, 28],
			"to": [8.85, 8.85, 30],
			"rotation": {"angle": 0, "axis": "y", "origin": [16, 0, 16]},
			"faces": {
				"north": {"uv": [9, 11.5, 9.75, 12.25], "texture": "#0"},
				"east": {"uv": [1, 11, 2, 11.75], "texture": "#0"},
				"south": {"uv": [8, 11.5, 8.75, 12.25], "texture": "#0"},
				"west": {"uv": [0, 11, 1, 11.75], "texture": "#0"},
				"up": {"uv": [11, 6, 11.75, 7], "texture": "#0"},
				"down": {"uv": [7, 12, 7.75, 11], "texture": "#0"}
			}
		},
		{
			"from": [7.25, 7.25, 22],
			"to": [8.75, 8.75, 28],
			"rotation": {"angle": 0, "axis": "y", "origin": [16, 0, 16]},
			"faces": {
				"north": {"uv": [11.5, 10, 12.25, 10.75], "texture": "#0"},
				"east": {"uv": [7, 6, 10, 6.75], "texture": "#0"},
				"south": {"uv": [10, 11.5, 10.75, 12.25], "texture": "#0"},
				"west": {"uv": [4, 7, 7, 7.75], "texture": "#0"},
				"up": {"uv": [7, 7, 7.75, 10], "texture": "#0"},
				"down": {"uv": [8, 6, 8.75, 3], "texture": "#0"}
			}
		},
		{
			"from": [7.35, 7.35, 4],
			"to": [8.65, 8.65, 16],
			"rotation": {"angle": 0, "axis": "y", "origin": [16, 0, 16]},
			"faces": {
				"north": {"uv": [11.5, 4.5, 12.25, 5.25], "texture": "#0"},
				"east": {"uv": [1, 2, 7, 2.75], "texture": "#0"},
				"south": {"uv": [11.5, 3.5, 12.25, 4.25], "texture": "#0"},
				"west": {"uv": [1, 1, 7, 1.75], "texture": "#0"},
				"up": {"uv": [1, 3, 1.75, 9], "texture": "#0"},
				"down": {"uv": [2, 9, 2.75, 3], "texture": "#0"}
			}
		},
		{
			"from": [7.5, 7.5, -16],
			"to": [8.5, 8.5, 4],
			"rotation": {"angle": 0, "axis": "y", "origin": [16, 0, 16]},
			"faces": {
				"north": {"uv": [1.5, 13, 2, 13.5], "texture": "#0"},
				"east": {"uv": [0, 0.5, 10, 1], "texture": "#0"},
				"south": {"uv": [1, 13, 1.5, 13.5], "texture": "#0"},
				"west": {"uv": [0, 0, 10, 0.5], "texture": "#0"},
				"up": {"uv": [0, 1, 0.5, 11], "texture": "#0"},
				"down": {"uv": [0.5, 11, 1, 1], "texture": "#0"}
			}
		},
		{
			"from": [6.75, 6.75, 30],
			"to": [9.25, 9.25, 31],
			"rotation": {"angle": 0, "axis": "y", "origin": [16, 0, 16]},
			"faces": {
				"north": {"uv": [9.5, 9, 10.75, 10.25], "texture": "#0"},
				"east": {"uv": [3, 11.5, 3.5, 12.75], "texture": "#0"},
				"south": {"uv": [8, 9, 9.25, 10.25], "texture": "#0"},
				"west": {"uv": [11, 10, 11.5, 11.25], "texture": "#0"},
				"up": {"uv": [11.5, 3, 12.75, 3.5], "texture": "#0"},
				"down": {"uv": [3.5, 12, 4.75, 11.5], "texture": "#0"}
			}
		},
		{
			"from": [7, 7, 17],
			"to": [9, 9, 18],
			"rotation": {"angle": 0, "axis": "y", "origin": [16, 0, 16]},
			"faces": {
				"north": {"uv": [10.5, 4, 11.5, 5], "texture": "#0"},
				"east": {"uv": [12.5, 3.5, 13, 4.5], "texture": "#0"},
				"south": {"uv": [4, 10.5, 5, 11.5], "texture": "#0"},
				"west": {"uv": [12.5, 2, 13, 3], "texture": "#0"},
				"up": {"uv": [12.5, 4.5, 13.5, 5], "texture": "#0"},
				"down": {"uv": [5, 13, 6, 12.5], "texture": "#0"}
			}
		},
		{
			"from": [7.25, 7.25, 3],
			"to": [8.75, 8.75, 4],
			"rotation": {"angle": 0, "axis": "y", "origin": [16, 0, 16]},
			"faces": {
				"north": {"uv": [0, 12, 0.75, 12.75], "texture": "#0"},
				"east": {"uv": [12.5, 7.5, 13, 8.25], "texture": "#0"},
				"south": {"uv": [11, 11.5, 11.75, 12.25], "texture": "#0"},
				"west": {"uv": [6.5, 12.5, 7, 13.25], "texture": "#0"},
				"up": {"uv": [8, 12.5, 8.75, 13], "texture": "#0"},
				"down": {"uv": [12.5, 9, 13.25, 8.5], "texture": "#0"}
			}
		},
		{
			"from": [7.25, 7.25, -13],
			"to": [8.75, 8.75, -12],
			"rotation": {"angle": 0, "axis": "y", "origin": [16, 0, 16]},
			"faces": {
				"north": {"uv": [1, 12, 1.75, 12.75], "texture": "#0"},
				"east": {"uv": [9.5, 12.5, 10, 13.25], "texture": "#0"},
				"south": {"uv": [12, 0, 12.75, 0.75], "texture": "#0"},
				"west": {"uv": [9, 12.5, 9.5, 13.25], "texture": "#0"},
				"up": {"uv": [10, 12.5, 10.75, 13], "texture": "#0"},
				"down": {"uv": [12.5, 10.5, 13.25, 10], "texture": "#0"}
			}
		},
		{
			"from": [7.25, 7.25, -5],
			"to": [8.75, 8.75, -4],
			"rotation": {"angle": 0, "axis": "y", "origin": [16, 0, 16]},
			"faces": {
				"north": {"uv": [2, 12, 2.75, 12.75], "texture": "#0"},
				"east": {"uv": [11, 12.5, 11.5, 13.25], "texture": "#0"},
				"south": {"uv": [12, 1, 12.75, 1.75], "texture": "#0"},
				"west": {"uv": [12.5, 10.5, 13, 11.25], "texture": "#0"},
				"up": {"uv": [12.5, 11.5, 13.25, 12], "texture": "#0"},
				"down": {"uv": [12.5, 12.5, 13.25, 12], "texture": "#0"}
			}
		},
		{
			"from": [7.1, 7.1, 9.5],
			"to": [8.9, 8.9, 10.5],
			"rotation": {"angle": 0, "axis": "y", "origin": [16, 0, 16]},
			"faces": {
				"north": {"uv": [10.5, 5, 11.5, 6], "texture": "#0"},
				"east": {"uv": [6, 12.5, 6.5, 13.5], "texture": "#0"},
				"south": {"uv": [5, 10.5, 6, 11.5], "texture": "#0"},
				"west": {"uv": [12.5, 5, 13, 6], "texture": "#0"},
				"up": {"uv": [12.5, 6, 13.5, 6.5], "texture": "#0"},
				"down": {"uv": [12.5, 7.5, 13.5, 7], "texture": "#0"}
			}
		},
		{
			"from": [7.6, 6.35, -12.5],
			"to": [8.4, 7.4, -12.5],
			"rotation": {"angle": 0, "axis": "y", "origin": [16, 0, 16]},
			"faces": {
				"north": {"uv": [2.5, 13, 3, 13.5], "texture": "#0"},
				"east": {"uv": [0, 0, 0, 0.5], "texture": "#0"},
				"south": {"uv": [13, 2, 13.5, 2.5], "texture": "#0"},
				"west": {"uv": [0, 0, 0, 0.5], "texture": "#0"},
				"up": {"uv": [0, 0, 0.5, 0], "texture": "#0"},
				"down": {"uv": [0, 0, 0.5, 0], "texture": "#0"}
			}
		},
		{
			"from": [7.6, 6.35, -4.5],
			"to": [8.4, 7.4, -4.5],
			"rotation": {"angle": 0, "axis": "y", "origin": [16, 0, 16]},
			"faces": {
				"north": {"uv": [3, 13, 3.5, 13.5], "texture": "#0"},
				"east": {"uv": [0, 0, 0, 0.5], "texture": "#0"},
				"south": {"uv": [13, 2.5, 13.5, 3], "texture": "#0"},
				"west": {"uv": [0, 0, 0, 0.5], "texture": "#0"},
				"up": {"uv": [0, 0, 0.5, 0], "texture": "#0"},
				"down": {"uv": [0, 0, 0.5, 0], "texture": "#0"}
			}
		},
		{
			"from": [7.6, 6.35, 3.5],
			"to": [8.4, 7.4, 3.5],
			"rotation": {"angle": 0, "axis": "y", "origin": [16, 0, 16]},
			"faces": {
				"north": {"uv": [13, 3.5, 13.5, 4], "texture": "#0"},
				"east": {"uv": [0, 0, 0, 0.5], "texture": "#0"},
				"south": {"uv": [13, 3, 13.5, 3.5], "texture": "#0"},
				"west": {"uv": [0, 0, 0, 0.5], "texture": "#0"},
				"up": {"uv": [0, 0, 0.5, 0], "texture": "#0"},
				"down": {"uv": [0, 0, 0.5, 0], "texture": "#0"}
			}
		},
		{
			"from": [7.6, 6.05, 10],
			"to": [8.4, 7.1, 10],
			"rotation": {"angle": 0, "axis": "y", "origin": [16, 0, 16]},
			"faces": {
				"north": {"uv": [5, 13, 5.5, 13.5], "texture": "#0"},
				"east": {"uv": [0, 0, 0, 0.5], "texture": "#0"},
				"south": {"uv": [13, 4, 13.5, 4.5], "texture": "#0"},
				"west": {"uv": [0, 0, 0, 0.5], "texture": "#0"},
				"up": {"uv": [0, 0, 0.5, 0], "texture": "#0"},
				"down": {"uv": [0, 0, 0.5, 0], "texture": "#0"}
			}
		}
	],
	"gui_light": "front",
	"display": {
		"thirdperson_righthand": {
			"rotation": [95, 0, 0],
			"translation": [0, 8.75, 2.75],
			"scale": [0.75, 0.75, 0.75]
		},
		"thirdperson_lefthand": {
			"rotation": [95, 0, 0],
			"translation": [0, 8.75, 2.75],
			"scale": [0.75, 0.75, 0.75]
		},
		"firstperson_righthand": {
			"rotation": [44.36, -9, 8],
			"translation": [11, 6, -13.5]
		},
		"firstperson_lefthand": {
			"rotation": [44.36, -9, 8],
			"translation": [11, 6, -13.5]
		},
		"ground": {
			"translation": [0, 5.75, 0],
			"scale": [0.75, 0.75, 0.75]
		},
		"gui": {
			"rotation": [-136.56, 36.02, -166.54],
			"scale": [0.5, 0.5, 0.5]
		},
		"head": {
			"rotation": [90, 53.5, -90],
			"translation": [-1, -12.25, 4.5]
		},
		"fixed": {
			"rotation": [90, 0, 180],
			"translation": [0, 0, -1]
		}
	}
}