{
	"credit": "Made with Blockbench",
	"texture_size": [32, 32],
	"textures": {
		"2": "netc/iron_sword/k001k",
		"4": "netc/iron_sword/k001",
		"particle": "netc/iron_sword/k001"
	},
	"elements": [
		{
			"from": [7.5, 6.75, -15],
			"to": [8.5, 8.5, -2],
			"faces": {
				"north": {"uv": [3.5, 8.5, 4, 9.5], "texture": "#4"},
				"east": {"uv": [0, 0, 6.5, 1], "texture": "#4"},
				"south": {"uv": [8.5, 4.5, 9, 5.5], "texture": "#4"},
				"west": {"uv": [0, 1, 6.5, 2], "texture": "#4"},
				"up": {"uv": [0.5, 8.5, 0, 2], "texture": "#4"},
				"down": {"uv": [1, 2, 0.5, 8.5], "texture": "#4"}
			}
		},
		{
			"from": [7.35, 7.275, 2.075],
			"to": [8.65, 8.025, 4.6],
			"rotation": {"angle": -45, "axis": "x", "origin": [0, 0, 0.2]},
			"faces": {
				"north": {"uv": [2.5, 6, 3, 6.5], "texture": "#4"},
				"east": {"uv": [6.5, 4, 8, 4.5], "texture": "#4"},
				"south": {"uv": [3, 9, 3.5, 9.5], "texture": "#4"},
				"west": {"uv": [4.5, 6.5, 6, 7], "texture": "#4"},
				"up": {"uv": [6.5, 8, 6, 6.5], "texture": "#4"},
				"down": {"uv": [7, 6.5, 6.5, 8], "texture": "#4"}
			}
		},
		{
			"from": [7.25, 2.75, -15],
			"to": [8.75, 3.5, -12.45],
			"rotation": {"angle": 45, "axis": "x", "origin": [0, 0, -6.05]},
			"faces": {
				"north": {"uv": [9, 6, 10, 6.5], "texture": "#4"},
				"east": {"uv": [8, 0, 9.5, 0.5], "texture": "#4"},
				"south": {"uv": [7, 9, 8, 9.5], "texture": "#4"},
				"west": {"uv": [8, 0.5, 9.5, 1], "texture": "#4"},
				"up": {"uv": [6, 3.5, 5, 2], "texture": "#4"},
				"down": {"uv": [4, 5, 3, 6.5], "texture": "#4"}
			}
		},
		{
			"from": [7.35, 7.275, -4.175],
			"to": [8.65, 8.025, -1.65],
			"rotation": {"angle": -45, "axis": "x", "origin": [0, 0, -6.05]},
			"faces": {
				"north": {"uv": [9.5, 5.5, 10, 6], "texture": "#4"},
				"east": {"uv": [4, 7.5, 5.5, 8], "texture": "#4"},
				"south": {"uv": [6, 9.5, 6.5, 10], "texture": "#4"},
				"west": {"uv": [7.5, 6, 9, 6.5], "texture": "#4"},
				"up": {"uv": [6, 9, 5.5, 7.5], "texture": "#4"},
				"down": {"uv": [8, 6.5, 7.5, 8], "texture": "#4"}
			}
		},
		{
			"from": [7.25, 2.75, -12.9],
			"to": [8.75, 3.5, -10.35],
			"rotation": {"angle": 45, "axis": "x", "origin": [0, 0, -3.95]},
			"faces": {
				"north": {"uv": [9, 4.5, 10, 5], "texture": "#4"},
				"east": {"uv": [7.5, 3, 9, 3.5], "texture": "#4"},
				"south": {"uv": [9, 5, 10, 5.5], "texture": "#4"},
				"west": {"uv": [7.5, 3.5, 9, 4], "texture": "#4"},
				"up": {"uv": [2, 6, 1, 4.5], "texture": "#4"},
				"down": {"uv": [3, 4.5, 2, 6], "texture": "#4"}
			}
		},
		{
			"from": [7.35, 7.275, -2.075],
			"to": [8.65, 8.025, 0.45],
			"rotation": {"angle": -45, "axis": "x", "origin": [0, 0, -3.95]},
			"faces": {
				"north": {"uv": [5, 9.5, 5.5, 10], "texture": "#4"},
				"east": {"uv": [2.5, 7.5, 4, 8], "texture": "#4"},
				"south": {"uv": [5.5, 9.5, 6, 10], "texture": "#4"},
				"west": {"uv": [7.5, 2.5, 9, 3], "texture": "#4"},
				"up": {"uv": [1.5, 9, 1, 7.5], "texture": "#4"},
				"down": {"uv": [2, 7.5, 1.5, 9], "texture": "#4"}
			}
		},
		{
			"from": [7.25, 7.70442, -15.03898],
			"to": [8.75, 8.45442, -12.48898],
			"rotation": {"angle": 45, "axis": "x", "origin": [0, 7.5, -14.15]},
			"faces": {
				"north": {"uv": [9, 9, 10, 9.5], "texture": "#4"},
				"east": {"uv": [8, 7.5, 9.5, 8], "texture": "#4"},
				"south": {"uv": [9.5, 0, 10.5, 0.5], "texture": "#4"},
				"west": {"uv": [2, 8.5, 3.5, 9], "texture": "#4"},
				"up": {"uv": [6, 6.5, 5, 5], "texture": "#4"},
				"down": {"uv": [2, 6, 1, 7.5], "texture": "#4"}
			}
		},
		{
			"from": [7.35, 6.71398, -14.82058],
			"to": [8.65, 7.46398, -12.29558],
			"rotation": {"angle": -45, "axis": "x", "origin": [0, 7.5, -14.15]},
			"faces": {
				"north": {"uv": [7, 9.5, 7.5, 10], "texture": "#4"},
				"east": {"uv": [8, 7, 9.5, 7.5], "texture": "#4"},
				"south": {"uv": [9.5, 7, 10, 7.5], "texture": "#4"},
				"west": {"uv": [7.5, 8, 9, 8.5], "texture": "#4"},
				"up": {"uv": [5, 9.5, 4.5, 8], "texture": "#4"},
				"down": {"uv": [5.5, 8, 5, 9.5], "texture": "#4"}
			}
		},
		{
			"from": [7.25, 9.18934, -13.55406],
			"to": [8.75, 9.93934, -11.00406],
			"rotation": {"angle": 45, "axis": "x", "origin": [0, 7.5, -14.15]},
			"faces": {
				"north": {"uv": [9, 8, 10, 8.5], "texture": "#4"},
				"east": {"uv": [8, 4, 9.5, 4.5], "texture": "#4"},
				"south": {"uv": [9, 8.5, 10, 9], "texture": "#4"},
				"west": {"uv": [8, 6.5, 9.5, 7], "texture": "#4"},
				"up": {"uv": [6, 5, 5, 3.5], "texture": "#4"},
				"down": {"uv": [5, 5, 4, 6.5], "texture": "#4"}
			}
		},
		{
			"from": [7.35, 5.22906, -13.33566],
			"to": [8.65, 5.97906, -10.81066],
			"rotation": {"angle": -45, "axis": "x", "origin": [0, 7.5, -14.15]},
			"faces": {
				"north": {"uv": [6.5, 9.5, 7, 10], "texture": "#4"},
				"east": {"uv": [8, 1, 9.5, 1.5], "texture": "#4"},
				"south": {"uv": [9.5, 6.5, 10, 7], "texture": "#4"},
				"west": {"uv": [2.5, 8, 4, 8.5], "texture": "#4"},
				"up": {"uv": [7.5, 9, 7, 7.5], "texture": "#4"},
				"down": {"uv": [4.5, 8, 4, 9.5], "texture": "#4"}
			}
		},
		{
			"from": [7.25, 2.75, -10.85],
			"to": [8.75, 3.5, -8.3],
			"rotation": {"angle": 45, "axis": "x", "origin": [0, 0, -1.9]},
			"faces": {
				"north": {"uv": [9, 3, 10, 3.5], "texture": "#4"},
				"east": {"uv": [7.5, 1.5, 9, 2], "texture": "#4"},
				"south": {"uv": [9, 3.5, 10, 4], "texture": "#4"},
				"west": {"uv": [7.5, 2, 9, 2.5], "texture": "#4"},
				"up": {"uv": [5, 3.5, 4, 2], "texture": "#4"},
				"down": {"uv": [5, 3.5, 4, 5], "texture": "#4"}
			}
		},
		{
			"from": [7.35, 7.275, -0.025],
			"to": [8.65, 8.025, 2.5],
			"rotation": {"angle": -45, "axis": "x", "origin": [0, 0, -1.9]},
			"faces": {
				"north": {"uv": [5.5, 9, 6, 9.5], "texture": "#4"},
				"east": {"uv": [7, 5, 8.5, 5.5], "texture": "#4"},
				"south": {"uv": [8, 9, 8.5, 9.5], "texture": "#4"},
				"west": {"uv": [7, 5.5, 8.5, 6], "texture": "#4"},
				"up": {"uv": [7.5, 7.5, 7, 6], "texture": "#4"},
				"down": {"uv": [8, 0, 7.5, 1.5], "texture": "#4"}
			}
		},
		{
			"from": [7.25, 2.75, -8.75],
			"to": [8.75, 3.5, -6.2],
			"rotation": {"angle": 45, "axis": "x", "origin": [0, 0, 0.2]},
			"faces": {
				"north": {"uv": [2, 9, 3, 9.5], "texture": "#4"},
				"east": {"uv": [4.5, 7, 6, 7.5], "texture": "#4"},
				"south": {"uv": [9, 2.5, 10, 3], "texture": "#4"},
				"west": {"uv": [7, 4.5, 8.5, 5], "texture": "#4"},
				"up": {"uv": [4, 3.5, 3, 2], "texture": "#4"},
				"down": {"uv": [4, 3.5, 3, 5], "texture": "#4"}
			}
		},
		{
			"from": [7.15, 6.5, -16],
			"to": [8.85, 8.75, -14.45],
			"faces": {
				"north": {"uv": [6.5, 0, 7.5, 1], "texture": "#4"},
				"east": {"uv": [6.5, 1, 7.5, 2], "texture": "#4"},
				"south": {"uv": [6.5, 2, 7.5, 3], "texture": "#4"},
				"west": {"uv": [2.5, 6.5, 3.5, 7.5], "texture": "#4"},
				"up": {"uv": [7.5, 4, 6.5, 3], "texture": "#4"},
				"down": {"uv": [4.5, 6.5, 3.5, 7.5], "texture": "#4"}
			}
		},
		{
			"from": [7.6, 6.5, -1],
			"to": [8.4, 8.85, 0.5],
			"faces": {
				"north": {"uv": [8.5, 8.5, 9, 9.5], "texture": "#4"},
				"east": {"uv": [6, 4.5, 7, 5.5], "texture": "#4"},
				"south": {"uv": [1, 9, 1.5, 10], "texture": "#4"},
				"west": {"uv": [6, 5.5, 7, 6.5], "texture": "#4"},
				"up": {"uv": [2, 10, 1.5, 9], "texture": "#4"},
				"down": {"uv": [9.5, 1.5, 9, 2.5], "texture": "#4"}
			}
		},
		{
			"from": [7, 5.5, -2],
			"to": [9, 10, -1],
			"faces": {
				"north": {"uv": [1, 2, 2, 4.5], "texture": "#4"},
				"east": {"uv": [2, 6, 2.5, 8.5], "texture": "#4"},
				"south": {"uv": [2, 2, 3, 4.5], "texture": "#4"},
				"west": {"uv": [6, 2, 6.5, 4.5], "texture": "#4"},
				"up": {"uv": [9.5, 6, 8.5, 5.5], "texture": "#4"},
				"down": {"uv": [8.5, 8.5, 7.5, 9], "texture": "#4"}
			}
		},
		{
			"from": [9.25, 6.5, -2],
			"to": [9.75, 9, -1],
			"faces": {
				"north": {"uv": [6, 8, 6.5, 9.5], "texture": "#4"},
				"east": {"uv": [6.5, 8, 7, 9.5], "texture": "#4"},
				"south": {"uv": [0, 8.5, 0.5, 10], "texture": "#4"},
				"west": {"uv": [0.5, 8.5, 1, 10], "texture": "#4"},
				"up": {"uv": [8, 10, 7.5, 9.5], "texture": "#4"},
				"down": {"uv": [10, 7.5, 9.5, 8], "texture": "#4"}
			}
		},
		{
			"from": [6.25, 8.25, -2],
			"to": [6.75, 9, -1],
			"faces": {
				"north": {"uv": [6.5, 10, 7, 10.5], "texture": "#4"},
				"east": {"uv": [10, 6.5, 10.5, 7], "texture": "#4"},
				"south": {"uv": [7, 10, 7.5, 10.5], "texture": "#4"},
				"west": {"uv": [10, 7, 10.5, 7.5], "texture": "#4"},
				"up": {"uv": [8, 10.5, 7.5, 10], "texture": "#4"},
				"down": {"uv": [10.5, 7.5, 10, 8], "texture": "#4"}
			}
		},
		{
			"from": [6.25, 6.5, -2],
			"to": [6.75, 7.5, -1],
			"faces": {
				"north": {"uv": [8, 10, 8.5, 10.5], "texture": "#4"},
				"east": {"uv": [10, 8, 10.5, 8.5], "texture": "#4"},
				"south": {"uv": [8.5, 10, 9, 10.5], "texture": "#4"},
				"west": {"uv": [10, 8.5, 10.5, 9], "texture": "#4"},
				"up": {"uv": [9.5, 10.5, 9, 10], "texture": "#4"},
				"down": {"uv": [10.5, 9, 10, 9.5], "texture": "#4"}
			}
		},
		{
			"from": [4.99175, 17.98033, -1.975],
			"to": [6.24175, 18.53033, -1.025],
			"rotation": {"angle": -45, "axis": "z", "origin": [-3.50825, 9.53033, 0]},
			"faces": {
				"north": {"uv": [8, 9.5, 8.5, 10], "texture": "#4"},
				"east": {"uv": [8.5, 9.5, 9, 10], "texture": "#4"},
				"south": {"uv": [9, 9.5, 9.5, 10], "texture": "#4"},
				"west": {"uv": [9.5, 9.5, 10, 10], "texture": "#4"},
				"up": {"uv": [0.5, 10.5, 0, 10], "texture": "#4"},
				"down": {"uv": [1, 10, 0.5, 10.5], "texture": "#4"}
			}
		},
		{
			"from": [13.08812, 0.3233, -1.975],
			"to": [14.33812, 0.8733, -1.025],
			"rotation": {"angle": 45, "axis": "z", "origin": [4.58812, -2.1267, 0]},
			"faces": {
				"north": {"uv": [10, 3, 10.5, 3.5], "texture": "#4"},
				"east": {"uv": [3.5, 10, 4, 10.5], "texture": "#4"},
				"south": {"uv": [10, 3.5, 10.5, 4], "texture": "#4"},
				"west": {"uv": [4, 10, 4.5, 10.5], "texture": "#4"},
				"up": {"uv": [5, 10.5, 4.5, 10], "texture": "#4"},
				"down": {"uv": [10.5, 4.5, 10, 5], "texture": "#4"}
			}
		},
		{
			"from": [15.10355, 5.07563, -1.975],
			"to": [16.35355, 5.62563, -1.025],
			"rotation": {"angle": 45, "axis": "z", "origin": [6.60355, -3.37437, 0]},
			"faces": {
				"north": {"uv": [5, 10, 5.5, 10.5], "texture": "#4"},
				"east": {"uv": [10, 5, 10.5, 5.5], "texture": "#4"},
				"south": {"uv": [5.5, 10, 6, 10.5], "texture": "#4"},
				"west": {"uv": [10, 5.5, 10.5, 6], "texture": "#4"},
				"up": {"uv": [6.5, 10.5, 6, 10], "texture": "#4"},
				"down": {"uv": [10.5, 6, 10, 6.5], "texture": "#4"}
			}
		},
		{
			"from": [7.71429, 12.9351, -1.975],
			"to": [8.96429, 13.4851, -1.025],
			"rotation": {"angle": -45, "axis": "z", "origin": [-0.78571, 11.4851, 0]},
			"faces": {
				"north": {"uv": [1, 10, 1.5, 10.5], "texture": "#4"},
				"east": {"uv": [1.5, 10, 2, 10.5], "texture": "#4"},
				"south": {"uv": [2, 10, 2.5, 10.5], "texture": "#4"},
				"west": {"uv": [2.5, 10, 3, 10.5], "texture": "#4"},
				"up": {"uv": [10.5, 3, 10, 2.5], "texture": "#4"},
				"down": {"uv": [3.5, 10, 3, 10.5], "texture": "#4"}
			}
		},
		{
			"from": [8, 4.6, 0],
			"to": [8, 8.6, 32],
			"faces": {
				"north": {"uv": [0, 0, 0, 2], "texture": "#missing"},
				"east": {"uv": [16, 3.55556, 0, 12.03175], "texture": "#2"},
				"south": {"uv": [0, 0, 0, 2], "texture": "#missing"},
				"west": {"uv": [0, 3.55556, 16, 12.03175], "texture": "#2"},
				"up": {"uv": [0, 0, 0, 16], "texture": "#missing"},
				"down": {"uv": [0, 0, 0, 16], "texture": "#missing"}
			}
		},
		{
			"from": [7.4, 7.25, -6.5],
			"to": [8.6, 8, -5.75],
			"faces": {
				"north": {"uv": [9.5, 0.5, 10.5, 1], "texture": "#4"},
				"east": {"uv": [9.5, 10, 10, 10.5], "texture": "#4"},
				"south": {"uv": [9.5, 1, 10.5, 1.5], "texture": "#4"},
				"west": {"uv": [10, 9.5, 10.5, 10], "texture": "#4"},
				"up": {"uv": [10.5, 2, 9.5, 1.5], "texture": "#4"},
				"down": {"uv": [3, 9.5, 2, 10], "texture": "#4"}
			}
		},
		{
			"from": [7.4, 7.25, -8.575],
			"to": [8.6, 8, -7.825],
			"faces": {
				"north": {"uv": [9.5, 2, 10.5, 2.5], "texture": "#4"},
				"east": {"uv": [10, 10, 10.5, 10.5], "texture": "#4"},
				"south": {"uv": [3, 9.5, 4, 10], "texture": "#4"},
				"west": {"uv": [0, 10.5, 0.5, 11], "texture": "#4"},
				"up": {"uv": [5, 10, 4, 9.5], "texture": "#4"},
				"down": {"uv": [10.5, 4, 9.5, 4.5], "texture": "#4"}
			}
		}
	],
	"display": {
		"thirdperson_righthand": {
			"rotation": [-85, 0, 0],
			"translation": [0, 10.5, 2.25],
			"scale": [0.9, 0.9, 0.9]
		},
		"thirdperson_lefthand": {
			"rotation": [99, 0, 0],
			"translation": [-1.25, -7.25, 1.25],
			"scale": [0.9, 0.9, 0.9]
		},
		"firstperson_righthand": {
			"rotation": [-143.34, -7.68, 31.62],
			"translation": [3.75, 6.75, -25.25],
			"scale": [2, 2, 2]
		},
		"firstperson_lefthand": {
			"rotation": [75, 12, 0],
			"translation": [15, -26, -8.25],
			"scale": [2, 2, 2]
		},
		"ground": {
			"translation": [0, 1.75, 1]
		},
		"gui": {
			"rotation": [66.49, -41.22, -147.66],
			"translation": [0, -0.5, 0],
			"scale": [0.5, 0.5, 0.4]
		},
		"head": {
			"rotation": [90, -52.25, -90],
			"translation": [0, -16.25, 5.25]
		},
		"fixed": {
			"rotation": [0, 90, 0],
			"translation": [0, 0, -1.5],
			"scale": [1.5, 1.5, 1.5]
		}
	}
}