{
	"credit": "Made with Blockbench",
	"texture_size": [32, 32],
	"textures": {
		"0": "netc/iron_sword/stronger",
		"particle": "netc/iron_sword/stronger"
	},
	"elements": [
		{
			"from": [5.5, 8, 3],
			"to": [10.5, 13, 12],
			"faces": {
				"north": {"uv": [0, 5, 2.5, 7.5], "texture": "#0"},
				"east": {"uv": [0, 0, 4.5, 2.5], "texture": "#0"},
				"south": {"uv": [7, 0, 9.5, 2.5], "texture": "#0"},
				"west": {"uv": [0, 2.5, 4.5, 5], "texture": "#0"},
				"up": {"uv": [7, 4.5, 4.5, 0], "texture": "#0"},
				"down": {"uv": [7, 4.5, 4.5, 9], "texture": "#0"}
			}
		},
		{
			"from": [6.5, 4.70704, 5.45882],
			"to": [9.5, 5.45704, 6.95882],
			"rotation": {"angle": -22.5, "axis": "x", "origin": [-1, 6.20704, -1.54118]},
			"faces": {
				"north": {"uv": [9.5, 2.5, 11, 3], "texture": "#0"},
				"east": {"uv": [9.5, 3.5, 10.5, 4], "texture": "#0"},
				"south": {"uv": [9.5, 3, 11, 3.5], "texture": "#0"},
				"west": {"uv": [9.5, 4, 10.5, 4.5], "texture": "#0"},
				"up": {"uv": [2.5, 10.5, 1, 9.5], "texture": "#0"},
				"down": {"uv": [11, 1.5, 9.5, 2.5], "texture": "#0"}
			}
		},
		{
			"from": [7.25, 7.5, 4.25],
			"to": [8.75, 8.25, 5.5],
			"rotation": {"angle": 0, "axis": "y", "origin": [-1, 6, -1.5]},
			"faces": {
				"north": {"uv": [9.5, 4.5, 10.5, 5], "texture": "#0"},
				"east": {"uv": [10, 7, 10.5, 7.5], "texture": "#0"},
				"south": {"uv": [9.5, 5, 10.5, 5.5], "texture": "#0"},
				"west": {"uv": [10, 7.5, 10.5, 8], "texture": "#0"},
				"up": {"uv": [10.5, 6, 9.5, 5.5], "texture": "#0"},
				"down": {"uv": [10.5, 6, 9.5, 6.5], "texture": "#0"}
			}
		},
		{
			"from": [9.5, 7.5, 2.5],
			"to": [10.5, 7.75, 3.5],
			"faces": {
				"north": {"uv": [4, 5, 4.5, 5.5], "texture": "#0"},
				"east": {"uv": [4, 5.5, 4.5, 6], "texture": "#0"},
				"south": {"uv": [4, 6, 4.5, 6.5], "texture": "#0"},
				"west": {"uv": [4, 6.5, 4.5, 7], "texture": "#0"},
				"up": {"uv": [4.5, 7.5, 4, 7], "texture": "#0"},
				"down": {"uv": [4.5, 7.5, 4, 8], "texture": "#0"}
			}
		},
		{
			"from": [7.5, 7.25, 1.5],
			"to": [8.5, 7.5, 2.5],
			"faces": {
				"north": {"uv": [4, 8, 4.5, 8.5], "texture": "#0"},
				"east": {"uv": [4, 8.5, 4.5, 9], "texture": "#0"},
				"south": {"uv": [2.5, 9.5, 3, 10], "texture": "#0"},
				"west": {"uv": [9.5, 6.5, 10, 7], "texture": "#0"},
				"up": {"uv": [10, 7.5, 9.5, 7], "texture": "#0"},
				"down": {"uv": [10, 7.5, 9.5, 8], "texture": "#0"}
			}
		},
		{
			"from": [7.5, 7.75, 7],
			"to": [8.5, 8, 8],
			"faces": {
				"north": {"uv": [10.5, 5.5, 11, 6], "texture": "#0"},
				"east": {"uv": [6, 10.5, 6.5, 11], "texture": "#0"},
				"south": {"uv": [10.5, 6, 11, 6.5], "texture": "#0"},
				"west": {"uv": [6.5, 10.5, 7, 11], "texture": "#0"},
				"up": {"uv": [11, 7, 10.5, 6.5], "texture": "#0"},
				"down": {"uv": [7.5, 10.5, 7, 11], "texture": "#0"}
			}
		},
		{
			"from": [5.5, 7.5, 2.5],
			"to": [6.5, 7.75, 3.5],
			"faces": {
				"north": {"uv": [9.5, 8, 10, 8.5], "texture": "#0"},
				"east": {"uv": [9.5, 8.5, 10, 9], "texture": "#0"},
				"south": {"uv": [2.5, 10, 3, 10.5], "texture": "#0"},
				"west": {"uv": [3, 10, 3.5, 10.5], "texture": "#0"},
				"up": {"uv": [4, 10.5, 3.5, 10], "texture": "#0"},
				"down": {"uv": [10.5, 6.5, 10, 7], "texture": "#0"}
			}
		},
		{
			"from": [7.75, 7, 0.75],
			"to": [8.25, 8, 1.25],
			"faces": {
				"north": {"uv": [10, 8, 10.5, 8.5], "texture": "#0"},
				"east": {"uv": [10, 8.5, 10.5, 9], "texture": "#0"},
				"south": {"uv": [10, 9, 10.5, 9.5], "texture": "#0"},
				"west": {"uv": [10, 9.5, 10.5, 10], "texture": "#0"},
				"up": {"uv": [10.5, 10.5, 10, 10], "texture": "#0"},
				"down": {"uv": [11, 0, 10.5, 0.5], "texture": "#0"}
			}
		},
		{
			"from": [5.75, 7.25, 1.75],
			"to": [6.25, 8.25, 2.25],
			"faces": {
				"north": {"uv": [3, 10.5, 3.5, 11], "texture": "#0"},
				"east": {"uv": [3.5, 10.5, 4, 11], "texture": "#0"},
				"south": {"uv": [10.5, 3.5, 11, 4], "texture": "#0"},
				"west": {"uv": [10.5, 4, 11, 4.5], "texture": "#0"},
				"up": {"uv": [11, 5, 10.5, 4.5], "texture": "#0"},
				"down": {"uv": [11, 5, 10.5, 5.5], "texture": "#0"}
			}
		},
		{
			"from": [9.75, 7.25, 1.75],
			"to": [10.25, 8.25, 2.25],
			"faces": {
				"north": {"uv": [10.5, 0.5, 11, 1], "texture": "#0"},
				"east": {"uv": [1, 10.5, 1.5, 11], "texture": "#0"},
				"south": {"uv": [10.5, 1, 11, 1.5], "texture": "#0"},
				"west": {"uv": [1.5, 10.5, 2, 11], "texture": "#0"},
				"up": {"uv": [2.5, 11, 2, 10.5], "texture": "#0"},
				"down": {"uv": [3, 10.5, 2.5, 11], "texture": "#0"}
			}
		},
		{
			"from": [5, 7.75, 2],
			"to": [7, 11.75, 5],
			"faces": {
				"north": {"uv": [8.5, 5, 9.5, 7], "texture": "#0"},
				"east": {"uv": [7, 5, 8.5, 7], "texture": "#0"},
				"south": {"uv": [8.5, 7, 9.5, 9], "texture": "#0"},
				"west": {"uv": [7, 7, 8.5, 9], "texture": "#0"},
				"up": {"uv": [7, 10.5, 6, 9], "texture": "#0"},
				"down": {"uv": [8, 9, 7, 10.5], "texture": "#0"}
			}
		},
		{
			"from": [9, 7.75, 2],
			"to": [11, 11.75, 5],
			"faces": {
				"north": {"uv": [4, 9, 5, 11], "texture": "#0"},
				"east": {"uv": [0, 7.5, 1.5, 9.5], "texture": "#0"},
				"south": {"uv": [5, 9, 6, 11], "texture": "#0"},
				"west": {"uv": [1.5, 7.5, 3, 9.5], "texture": "#0"},
				"up": {"uv": [9, 10.5, 8, 9], "texture": "#0"},
				"down": {"uv": [10, 9, 9, 10.5], "texture": "#0"}
			}
		},
		{
			"from": [7, 7.5, 1],
			"to": [9, 12.5, 4],
			"faces": {
				"north": {"uv": [3, 7.5, 4, 10], "texture": "#0"},
				"east": {"uv": [2.5, 5, 4, 7.5], "texture": "#0"},
				"south": {"uv": [8.5, 2.5, 9.5, 5], "texture": "#0"},
				"west": {"uv": [7, 2.5, 8.5, 5], "texture": "#0"},
				"up": {"uv": [1, 11, 0, 9.5], "texture": "#0"},
				"down": {"uv": [10.5, 0, 9.5, 1.5], "texture": "#0"}
			}
		}
	],
	"display": {
		"thirdperson_righthand": {
			"rotation": [0, 0, -90],
			"translation": [-2.5, -2, 4.25]
		},
		"thirdperson_lefthand": {
			"rotation": [0, 0, -90],
			"translation": [-2.5, -2, 4.25]
		},
		"firstperson_righthand": {
			"rotation": [54, 28, -107],
			"translation": [-2.25, 2.75, 3.5]
		},
		"firstperson_lefthand": {
			"rotation": [34, 52, -83],
			"translation": [1, 0.5, 2.5]
		},
		"ground": {
			"translation": [0, 0, 1.25]
		},
		"gui": {
			"rotation": [90, -45, 180],
			"translation": [-2.25, -2, 0],
			"scale": [1.5, 1.5, 1.5]
		},
		"head": {
			"rotation": [90, 0, 0],
			"translation": [0, 7.75, -5],
			"scale": [2, 2, 2]
		},
		"fixed": {
			"rotation": [90, 0, 0],
			"translation": [0, -3, -9.75],
			"scale": [2, 2, 2]
		}
	}
}