{
	"credit": "Made with Blockbench",
	"texture_size": [32, 32],
	"textures": {
		"0": "nw/af/af001",
		"particle": "nw/af/af001"
	},
	"elements": [
		{
			"from": [6, 1, 6],
			"to": [10, 7, 10],
			"rotation": {"angle": 0, "axis": "y", "origin": [6, 0, 6]},
			"faces": {
				"north": {"uv": [8, 0, 10, 3], "texture": "#0", "tintindex": 1},
				"east": {"uv": [8, 0, 10, 3], "texture": "#0", "tintindex": 1},
				"south": {"uv": [8, 0, 10, 3], "texture": "#0", "tintindex": 1},
				"west": {"uv": [8, 0, 10, 3], "texture": "#0", "tintindex": 1},
				"up": {"uv": [2, 12, 0, 10], "texture": "#0", "tintindex": 1},
				"down": {"uv": [12, 0, 10, 2], "texture": "#0", "tintindex": 1}
			}
		},
		{
			"from": [6.5, 0, 6.5],
			"to": [9.5, 1, 9.5],
			"rotation": {"angle": 0, "axis": "y", "origin": [6, 0, 6]},
			"faces": {
				"north": {"uv": [5, 10, 6.5, 10.5], "texture": "#0", "tintindex": 1},
				"east": {"uv": [5, 10, 6.5, 10.5], "texture": "#0", "tintindex": 1},
				"south": {"uv": [5, 10, 6.5, 10.5], "texture": "#0", "tintindex": 1},
				"west": {"uv": [5, 10, 6.5, 10.5], "texture": "#0", "tintindex": 1},
				"up": {"uv": [3.5, 11.5, 2, 10], "texture": "#0", "tintindex": 1},
				"down": {"uv": [11.5, 2, 10, 3.5], "texture": "#0", "tintindex": 1}
			}
		},
		{
			"from": [6.5, 7, 6.5],
			"to": [9.5, 8, 9.5],
			"rotation": {"angle": 0, "axis": "y", "origin": [6, 7, 6]},
			"faces": {
				"north": {"uv": [6.5, 10, 8, 10.5], "texture": "#0", "tintindex": 1},
				"east": {"uv": [6.5, 10, 8, 10.5], "texture": "#0", "tintindex": 1},
				"south": {"uv": [6.5, 10, 8, 10.5], "texture": "#0", "tintindex": 1},
				"west": {"uv": [6.5, 10, 8, 10.5], "texture": "#0", "tintindex": 1},
				"up": {"uv": [5, 11.5, 3.5, 10], "texture": "#0", "tintindex": 1},
				"down": {"uv": [11.5, 3.5, 10, 5], "texture": "#0"}
			}
		},
		{
			"from": [-3, 7, 8],
			"to": [19, 17, 8],
			"rotation": {"angle": 45, "axis": "y", "origin": [8, 12, 8]},
			"faces": {
				"north": {"uv": [0, 0, 8, 5], "texture": "#0"},
				"east": {"uv": [0, 0, 0, 5], "texture": "#0"},
				"south": {"uv": [0, 0, 8, 5], "texture": "#0"},
				"west": {"uv": [0, 0, 0, 5], "texture": "#0"},
				"up": {"uv": [8, 0, 0, 0], "texture": "#0"},
				"down": {"uv": [8, 0, 0, 0], "texture": "#0"}
			}
		},
		{
			"from": [8, 7, -3],
			"to": [8, 17, 19],
			"rotation": {"angle": 45, "axis": "y", "origin": [8, 12, 8]},
			"faces": {
				"north": {"uv": [0, 0, 0, 5], "texture": "#0"},
				"east": {"uv": [0, 0, 8, 5], "texture": "#0"},
				"south": {"uv": [0, 0, 0, 5], "texture": "#0"},
				"west": {"uv": [0, 0, 8, 5], "texture": "#0"},
				"up": {"uv": [8, 0, 0, 0], "rotation": 90, "texture": "#0"},
				"down": {"uv": [8, 0, 0, 0], "rotation": 270, "texture": "#0"}
			}
		}
	],
	"display": {
		"thirdperson_righthand": {
			"rotation": [75, 45, 0],
			"translation": [0, 2.5, 0],
			"scale": [0.375, 0.375, 0.375]
		},
		"thirdperson_lefthand": {
			"rotation": [75, 45, 0],
			"translation": [0, 2.5, 0],
			"scale": [0.375, 0.375, 0.375]
		},
		"firstperson_righthand": {
			"rotation": [0, 135, 0],
			"translation": [0, 3.75, 0],
			"scale": [0.4, 0.4, 0.4]
		},
		"firstperson_lefthand": {
			"rotation": [0, 135, 0],
			"translation": [0, 3.75, 0],
			"scale": [0.4, 0.4, 0.4]
		},
		"ground": {
			"translation": [0, 3, 0],
			"scale": [0.25, 0.25, 0.25]
		},
		"gui": {
			"rotation": [30, 225, 0],
			"scale": [0.625, 0.625, 0.625]
		},
		"head": {
			"translation": [0, 15.25, 0]
		},
		"fixed": {
			"rotation": [-90, 0, 0],
			"translation": [0, 0, -16],
			"scale": [2, 2, 2]
		}
	}
}