{
	"credit": "Made with Blockbench",
	"texture_size": [32, 32],
	"textures": {
		"0": "nw/af/af005",
		"particle": "nw/af/af005"
	},
	"elements": [
		{
			"from": [5.5, 0.25, 5.5],
			"to": [10.5, 7.25, 10.5],
			"rotation": {"angle": 0, "axis": "y", "origin": [3, 0.25, 6.5]},
			"faces": {
				"north": {"uv": [0, 9.5, 2.5, 13], "texture": "#0", "tintindex": 1},
				"east": {"uv": [0, 9.5, 2.5, 13], "texture": "#0", "tintindex": 1},
				"south": {"uv": [0, 9.5, 2.5, 13], "texture": "#0", "tintindex": 1},
				"west": {"uv": [0, 9.5, 2.5, 13], "texture": "#0", "tintindex": 1},
				"up": {"uv": [2.5, 15.5, 0, 13], "texture": "#0", "tintindex": 1},
				"down": {"uv": [5, 13, 2.5, 15.5], "texture": "#0", "tintindex": 1}
			}
		},
		{
			"from": [6, 0, 6],
			"to": [10, 7, 10],
			"rotation": {"angle": 0, "axis": "y", "origin": [3, 0, 5.5]},
			"faces": {
				"north": {"uv": [10, 0, 12, 3.5], "texture": "#0"},
				"east": {"uv": [10, 0, 12, 3.5], "texture": "#0"},
				"south": {"uv": [10, 0, 12, 3.5], "texture": "#0"},
				"west": {"uv": [10, 0, 12, 3.5], "texture": "#0"},
				"up": {"uv": [14, 4, 12, 2], "texture": "#0"},
				"down": {"uv": [14, 0, 12, 2], "texture": "#0"}
			}
		},
		{
			"from": [1, 7, 8],
			"to": [15, 19, 8],
			"rotation": {"angle": 45, "axis": "y", "origin": [8, 13, 8]},
			"faces": {
				"north": {"uv": [0, 0, 5, 6], "texture": "#0"},
				"east": {"uv": [0, 0, 0, 6], "texture": "#0"},
				"south": {"uv": [0, 0, 5, 6], "texture": "#0"},
				"west": {"uv": [0, 0, 0, 6], "texture": "#0"},
				"up": {"uv": [5, 0, 0, 0], "texture": "#0"},
				"down": {"uv": [5, 0, 0, 0], "texture": "#0"}
			}
		},
		{
			"from": [8, 7, 1],
			"to": [8, 19, 15],
			"rotation": {"angle": 45, "axis": "y", "origin": [8, 13, 8]},
			"faces": {
				"north": {"uv": [0, 0, 0, 6], "texture": "#0"},
				"east": {"uv": [0, 0, 5, 6], "texture": "#0"},
				"south": {"uv": [0, 0, 0, 6], "texture": "#0"},
				"west": {"uv": [0, 0, 5, 6], "texture": "#0"},
				"up": {"uv": [5, 0, 0, 0], "rotation": 90, "texture": "#0"},
				"down": {"uv": [5, 0, 0, 0], "rotation": 270, "texture": "#0"}
			}
		}
	],
	"display": {
		"thirdperson_righthand": {
			"rotation": [75, 45, 0],
			"translation": [0, 2.5, 0],
			"scale": [0.375, 0.375, 0.375]
		},
		"thirdperson_lefthand": {
			"rotation": [75, 45, 0],
			"translation": [0, 2.5, 0],
			"scale": [0.375, 0.375, 0.375]
		},
		"firstperson_righthand": {
			"rotation": [0, 135, 0],
			"translation": [0, 3.75, 0],
			"scale": [0.4, 0.4, 0.4]
		},
		"firstperson_lefthand": {
			"rotation": [0, 135, 0],
			"translation": [0, 3.75, 0],
			"scale": [0.4, 0.4, 0.4]
		},
		"ground": {
			"translation": [0, 3, 0],
			"scale": [0.25, 0.25, 0.25]
		},
		"gui": {
			"rotation": [30, 225, 0],
			"scale": [0.625, 0.625, 0.625]
		},
		"head": {
			"translation": [0, 15.25, 0]
		},
		"fixed": {
			"rotation": [-90, 0, 0],
			"translation": [0, 0, -16],
			"scale": [2, 2, 2]
		}
	}
}