{
	"credit": "Made with Blockbench",
	"texture_size": [32, 32],
	"textures": {
		"0": "nw/af/af010",
		"particle": "nw/af/af010"
	},
	"elements": [
		{
			"from": [5.5, 0, 5.5],
			"to": [10.5, 2, 10.5],
			"rotation": {"angle": 0, "axis": "y", "origin": [7, 0, 7]},
			"faces": {
				"north": {"uv": [0, 12.5, 2.5, 13.5], "texture": "#0"},
				"east": {"uv": [0, 12.5, 2.5, 13.5], "texture": "#0"},
				"south": {"uv": [0, 12.5, 2.5, 13.5], "texture": "#0"},
				"west": {"uv": [0, 12.5, 2.5, 13.5], "texture": "#0"},
				"down": {"uv": [8.5, 9.5, 6, 12], "texture": "#0"}
			}
		},
		{
			"from": [6, 5, 6],
			"to": [10, 6, 10],
			"rotation": {"angle": 0, "axis": "y", "origin": [7, 4, 7]},
			"faces": {
				"north": {"uv": [13, 12.5, 15, 13], "texture": "#0", "tintindex": 1},
				"east": {"uv": [13, 12.5, 15, 13], "texture": "#0", "tintindex": 1},
				"south": {"uv": [13, 12.5, 15, 13], "texture": "#0", "tintindex": 1},
				"west": {"uv": [13, 12.5, 15, 13], "texture": "#0", "tintindex": 1},
				"up": {"uv": [8, 14, 6, 12], "texture": "#0", "tintindex": 0}
			}
		},
		{
			"from": [5, 2, 5],
			"to": [11, 5, 11],
			"rotation": {"angle": 0, "axis": "y", "origin": [7, 3, 7]},
			"faces": {
				"north": {"uv": [8.5, 9.5, 11.5, 11], "texture": "#0", "tintindex": 1},
				"east": {"uv": [8.5, 9.5, 11.5, 11], "texture": "#0", "tintindex": 1},
				"south": {"uv": [8.5, 9.5, 11.5, 11], "texture": "#0", "tintindex": 1},
				"west": {"uv": [8.5, 9.5, 11.5, 11], "texture": "#0", "tintindex": 1},
				"up": {"uv": [3, 12.5, 0, 9.5], "texture": "#0", "tintindex": 1},
				"down": {"uv": [6, 9.5, 3, 12.5], "texture": "#0", "tintindex": 1}
			}
		},
		{
			"from": [-3, 0, 8],
			"to": [19, 19, 8],
			"rotation": {"angle": 45, "axis": "y", "origin": [8, 9.5, 8]},
			"faces": {
				"north": {"uv": [0, 0, 8, 9.5], "texture": "#0"},
				"east": {"uv": [0, 0, 0, 9.5], "texture": "#0"},
				"south": {"uv": [0, 0, 8, 9.5], "texture": "#0"},
				"west": {"uv": [0, 0, 0, 9.5], "texture": "#0"},
				"up": {"uv": [8, 0, 0, 0], "texture": "#0"},
				"down": {"uv": [8, 0, 0, 0], "texture": "#0"}
			}
		},
		{
			"from": [8, 0, -3],
			"to": [8, 19, 19],
			"rotation": {"angle": 45, "axis": "y", "origin": [8, 9.5, 8]},
			"faces": {
				"north": {"uv": [0, 0, 0, 9.5], "texture": "#0"},
				"east": {"uv": [0, 0, 8, 9.5], "texture": "#0"},
				"south": {"uv": [0, 0, 0, 9.5], "texture": "#0"},
				"west": {"uv": [0, 0, 8, 9.5], "texture": "#0"},
				"up": {"uv": [8, 0, 0, 0], "rotation": 90, "texture": "#0"},
				"down": {"uv": [8, 0, 0, 0], "rotation": 270, "texture": "#0"}
			}
		}
	],
	"display": {
		"thirdperson_righthand": {
			"rotation": [75, 45, 0],
			"translation": [0, 2.5, 0],
			"scale": [0.375, 0.375, 0.375]
		},
		"thirdperson_lefthand": {
			"rotation": [75, 45, 0],
			"translation": [0, 2.5, 0],
			"scale": [0.375, 0.375, 0.375]
		},
		"firstperson_righthand": {
			"rotation": [0, 135, 0],
			"translation": [0, 3.75, 0],
			"scale": [0.4, 0.4, 0.4]
		},
		"firstperson_lefthand": {
			"rotation": [0, 135, 0],
			"translation": [0, 3.75, 0],
			"scale": [0.4, 0.4, 0.4]
		},
		"ground": {
			"translation": [0, 3, 0],
			"scale": [0.25, 0.25, 0.25]
		},
		"gui": {
			"rotation": [30, 225, 0],
			"scale": [0.625, 0.625, 0.625]
		},
		"head": {
			"translation": [0, 15.25, 0]
		},
		"fixed": {
			"rotation": [-90, 0, 0],
			"translation": [0, 0, -16],
			"scale": [2, 2, 2]
		}
	}
}