{
	"credit": "Made with Blockbench",
	"texture_size": [64, 64],
	"textures": {
		"0": "nw/af/af017",
		"particle": "nw/af/af017"
	},
	"elements": [
		{
			"from": [3, 1, 3],
			"to": [13, 7.5, 13],
			"rotation": {"angle": 0, "axis": "y", "origin": [3, 0, 3]},
			"faces": {
				"north": {"uv": [0, 5, 2.5, 6.5], "texture": "#0", "tintindex": 1},
				"east": {"uv": [0, 5, 2.5, 6.5], "texture": "#0", "tintindex": 1},
				"south": {"uv": [0, 5, 2.5, 6.5], "texture": "#0", "tintindex": 1},
				"west": {"uv": [0, 5, 2.5, 6.5], "texture": "#0", "tintindex": 1},
				"up": {"uv": [2.5, 2.5, 0, 0], "texture": "#0", "tintindex": 1},
				"down": {"uv": [2.5, 2.5, 0, 5], "texture": "#0", "tintindex": 1}
			}
		},
		{
			"from": [3.5, 0, 3.5],
			"to": [12.5, 1, 12.5],
			"rotation": {"angle": 0, "axis": "y", "origin": [3, 0, 3]},
			"faces": {
				"north": {"uv": [4.75, 1.5, 7, 1.75], "texture": "#0", "tintindex": 1},
				"east": {"uv": [4.75, 1.5, 7, 1.75], "texture": "#0", "tintindex": 1},
				"south": {"uv": [4.75, 1.5, 7, 1.75], "texture": "#0", "tintindex": 1},
				"west": {"uv": [4.75, 1.5, 7, 1.75], "texture": "#0", "tintindex": 1},
				"down": {"uv": [4.75, 0, 2.5, 2.25], "texture": "#0", "tintindex": 1}
			}
		},
		{
			"from": [3.5, 1, 3.5],
			"to": [12.5, 7, 12.5],
			"rotation": {"angle": 0, "axis": "y", "origin": [0, 0.5, 0]},
			"faces": {
				"north": {"uv": [2.5, 2.25, 4.75, 3.75], "texture": "#0"},
				"east": {"uv": [2.5, 2.25, 4.75, 3.75], "texture": "#0"},
				"south": {"uv": [2.5, 2.25, 4.75, 3.75], "texture": "#0"},
				"west": {"uv": [2.5, 2.25, 4.75, 3.75], "texture": "#0"},
				"up": {"uv": [2.5, 3.75, 4.75, 6], "texture": "#0"}
			}
		},
		{
			"from": [7, 7, 7],
			"to": [9, 12, 9],
			"rotation": {"angle": 0, "axis": "y", "origin": [7, 7, 7]},
			"faces": {
				"north": {"uv": [7.25, 0, 7.75, 1.25], "texture": "#0"},
				"east": {"uv": [7.25, 0, 7.75, 1.25], "texture": "#0"},
				"south": {"uv": [7.25, 0, 7.75, 1.25], "texture": "#0"},
				"west": {"uv": [7.25, 0, 7.75, 1.25], "texture": "#0"},
				"up": {"uv": [7.25, 0, 7.75, 0.5], "texture": "#0"},
				"down": {"uv": [7.25, 0, 7.75, 0.5], "texture": "#0"}
			}
		},
		{
			"from": [6.75, 7, 5],
			"to": [8.75, 10, 7],
			"rotation": {"angle": -22.5, "axis": "z", "origin": [6.75, 7, 5]},
			"faces": {
				"north": {"uv": [7.25, 0, 7.75, 0.75], "texture": "#0"},
				"east": {"uv": [7.25, 0, 7.75, 0.75], "texture": "#0"},
				"south": {"uv": [7.25, 0, 7.75, 0.75], "texture": "#0"},
				"west": {"uv": [7.25, 0, 7.75, 0.75], "texture": "#0"},
				"up": {"uv": [7.25, 0, 7.75, 0.5], "texture": "#0"},
				"down": {"uv": [7.25, 0, 7.75, 0.5], "texture": "#0"}
			}
		},
		{
			"from": [3.03666, 11.83351, 9.75],
			"to": [4.03666, 13.83351, 10.25],
			"rotation": {"angle": 22.5, "axis": "z", "origin": [5.17424, 9.48776, 10]},
			"faces": {
				"north": {"uv": [7.25, 0, 7.5, 0.5], "texture": "#0"},
				"east": {"uv": [7.25, 0, 7.5, 0.5], "texture": "#0"},
				"south": {"uv": [7.25, 0, 7.5, 0.5], "texture": "#0"},
				"west": {"uv": [7.25, 0, 7.5, 0.5], "texture": "#0"},
				"up": {"uv": [7, 0, 7.25, 0.25], "texture": "#0"},
				"down": {"uv": [7.25, 0, 7.5, 0.125], "texture": "#0"}
			}
		},
		{
			"from": [2.00405, 9.63496, 9.5],
			"to": [6.00405, 10.63496, 10.5],
			"rotation": {"angle": -22.5, "axis": "z", "origin": [5.17424, 9.48776, 10]},
			"faces": {
				"north": {"uv": [7.25, 0, 7.5, 1], "rotation": 90, "texture": "#0"},
				"east": {"uv": [7.25, 0, 7.5, 0.25], "rotation": 270, "texture": "#0"},
				"south": {"uv": [7.25, 0, 7.5, 1], "rotation": 270, "texture": "#0"},
				"west": {"uv": [7.25, 0, 7.5, 0.25], "rotation": 270, "texture": "#0"},
				"up": {"uv": [7.25, 0, 7.5, 1], "rotation": 270, "texture": "#0"},
				"down": {"uv": [7.25, 0, 7.5, 1], "rotation": 270, "texture": "#0"}
			}
		},
		{
			"from": [5.25738, 5.85051, 9.25],
			"to": [6.75738, 9.85051, 10.75],
			"rotation": {"angle": 22.5, "axis": "z", "origin": [5.17424, 9.48776, 10]},
			"faces": {
				"north": {"uv": [7.25, 0, 7.75, 1], "texture": "#0"},
				"east": {"uv": [7.25, 0, 7.75, 1], "texture": "#0"},
				"south": {"uv": [7.25, 0, 7.75, 1], "texture": "#0"},
				"west": {"uv": [7.25, 0, 7.75, 1], "texture": "#0"},
				"up": {"uv": [7.25, 0, 7.75, 0.5], "texture": "#0"},
				"down": {"uv": [7.25, 0, 7.625, 0.375], "texture": "#0"}
			}
		},
		{
			"from": [9.03073, 14.35613, 7.5],
			"to": [10.03073, 22.35613, 8.5],
			"rotation": {"angle": 22.5, "axis": "z", "origin": [8.53073, 14.35613, 7]},
			"faces": {
				"north": {"uv": [7.25, 0, 7.5, 2], "texture": "#0"},
				"east": {"uv": [7.25, 0, 7.5, 2], "texture": "#0"},
				"south": {"uv": [7.25, 0, 7.5, 2], "texture": "#0"},
				"west": {"uv": [7.25, 0, 7.5, 2], "texture": "#0"},
				"up": {"uv": [7, 0, 7.25, 0.25], "texture": "#0"},
				"down": {"uv": [7.25, 0, 7.5, 0.25], "texture": "#0"}
			}
		},
		{
			"from": [11.03073, 10.35613, 5.5],
			"to": [12.03073, 14.35613, 6.5],
			"rotation": {"angle": -22.5, "axis": "z", "origin": [10.53073, 10.35613, 5]},
			"faces": {
				"north": {"uv": [7.25, 0, 7.5, 1], "texture": "#0"},
				"east": {"uv": [7.25, 0, 7.5, 1], "texture": "#0"},
				"south": {"uv": [7.25, 0, 7.5, 1], "texture": "#0"},
				"west": {"uv": [7.25, 0, 7.5, 1], "texture": "#0"},
				"up": {"uv": [7.25, 0, 7.5, 0.25], "texture": "#0"},
				"down": {"uv": [7.25, 0, 7.5, 0.25], "texture": "#0"}
			}
		},
		{
			"from": [12.33207, 12.82224, 5.75],
			"to": [14.33207, 13.82224, 6.25],
			"rotation": {"angle": 22.5, "axis": "z", "origin": [12.33207, 14.32224, 5]},
			"faces": {
				"north": {"uv": [7.25, 0, 7.5, 0.5], "rotation": 270, "texture": "#0"},
				"east": {"uv": [7, 0, 7.25, 0.125], "rotation": 90, "texture": "#0"},
				"south": {"uv": [7.25, 0, 7.5, 0.5], "rotation": 90, "texture": "#0"},
				"west": {"uv": [7.25, 0, 7.5, 0.125], "rotation": 90, "texture": "#0"},
				"up": {"uv": [7.25, 0, 7.375, 0.5], "rotation": 90, "texture": "#0"},
				"down": {"uv": [7.25, 0, 7.375, 0.5], "rotation": 90, "texture": "#0"}
			}
		},
		{
			"from": [7.03073, 20.35613, 7.75],
			"to": [8.03073, 26.35613, 8.25],
			"rotation": {"angle": -22.5, "axis": "z", "origin": [6.53073, 20.35613, 7]},
			"faces": {
				"north": {"uv": [7.25, 0, 7.5, 1.5], "texture": "#0"},
				"east": {"uv": [7.25, 0, 7.375, 1.5], "texture": "#0"},
				"south": {"uv": [7.25, 0, 7.5, 1.5], "texture": "#0"},
				"west": {"uv": [7.25, 0, 7.375, 1.5], "texture": "#0"},
				"up": {"uv": [7, 0, 7.25, 0.25], "texture": "#0"},
				"down": {"uv": [7.25, 0, 7.5, 0.125], "texture": "#0"}
			}
		},
		{
			"from": [7.25, 12, 7.25],
			"to": [8.75, 16, 8.75],
			"rotation": {"angle": -22.5, "axis": "z", "origin": [7, 12, 7]},
			"faces": {
				"north": {"uv": [7.25, 0, 7.75, 1], "texture": "#0"},
				"east": {"uv": [7.25, 0, 7.75, 1], "texture": "#0"},
				"south": {"uv": [7.25, 0, 7.75, 1], "texture": "#0"},
				"west": {"uv": [7.25, 0, 7.75, 1], "texture": "#0"},
				"up": {"uv": [7.25, 0, 7.75, 0.5], "texture": "#0"},
				"down": {"uv": [6.75, 0, 7.25, 0.5], "texture": "#0"}
			}
		},
		{
			"from": [7.75, 8, 5.25],
			"to": [11.75, 9.5, 6.75],
			"rotation": {"angle": 22.5, "axis": "z", "origin": [7.75, 9.75, 5]},
			"faces": {
				"north": {"uv": [7.25, 0, 7.75, 1], "rotation": 270, "texture": "#0"},
				"east": {"uv": [7.25, 0, 7.75, 0.5], "rotation": 90, "texture": "#0"},
				"south": {"uv": [7.25, 0, 7.75, 1], "rotation": 90, "texture": "#0"},
				"west": {"uv": [7.25, 0, 7.625, 0.375], "rotation": 90, "texture": "#0"},
				"up": {"uv": [7.25, 0, 7.75, 1], "rotation": 90, "texture": "#0"},
				"down": {"uv": [7.25, 0, 7.75, 1], "rotation": 90, "texture": "#0"}
			}
		},
		{
			"from": [-1, 12, 9],
			"to": [5, 14, 15],
			"rotation": {"angle": 0, "axis": "y", "origin": [0, 12, 11]},
			"faces": {
				"north": {"uv": [12, 0, 13.5, 0.5], "texture": "#0"},
				"east": {"uv": [12, 0, 13.5, 0.5], "texture": "#0"},
				"south": {"uv": [12, 0, 13.5, 0.5], "texture": "#0"},
				"west": {"uv": [12, 0, 13.5, 0.5], "texture": "#0"},
				"up": {"uv": [12, 0, 13.5, 1.5], "texture": "#0"},
				"down": {"uv": [12, 0, 13.5, 1.5], "texture": "#0"}
			}
		},
		{
			"from": [3, 11, 12],
			"to": [7, 13, 16],
			"rotation": {"angle": 0, "axis": "y", "origin": [3, 11, 12]},
			"faces": {
				"north": {"uv": [12, 0, 13, 0.5], "texture": "#0"},
				"east": {"uv": [12, 0, 13, 0.5], "texture": "#0"},
				"south": {"uv": [12, 0, 13, 0.5], "texture": "#0"},
				"west": {"uv": [12, 0, 13, 0.5], "texture": "#0"},
				"up": {"uv": [12, 0, 13, 1], "texture": "#0"},
				"down": {"uv": [12, 0, 13, 1], "texture": "#0"}
			}
		},
		{
			"from": [10, 12, 0],
			"to": [14, 14, 4],
			"rotation": {"angle": 0, "axis": "y", "origin": [10, 12, 0]},
			"faces": {
				"north": {"uv": [12, 0, 13, 0.5], "texture": "#0"},
				"east": {"uv": [12, 0, 13, 0.5], "texture": "#0"},
				"south": {"uv": [12, 0, 13, 0.5], "texture": "#0"},
				"west": {"uv": [12, 0, 13, 0.5], "texture": "#0"},
				"up": {"uv": [12, 0, 13, 1], "texture": "#0"},
				"down": {"uv": [12, 0, 13, 1], "texture": "#0"}
			}
		},
		{
			"from": [0, 21, 5],
			"to": [4, 23, 9],
			"rotation": {"angle": 0, "axis": "y", "origin": [0, 21, 5]},
			"faces": {
				"north": {"uv": [12, 0, 13, 0.5], "texture": "#0"},
				"east": {"uv": [12, 0, 13, 0.5], "texture": "#0"},
				"south": {"uv": [12, 0, 13, 0.5], "texture": "#0"},
				"west": {"uv": [12, 0, 13, 0.5], "texture": "#0"},
				"up": {"uv": [12, 0, 13, 1], "texture": "#0"},
				"down": {"uv": [12, 0, 13, 1], "texture": "#0"}
			}
		},
		{
			"from": [11, 23, 8],
			"to": [15, 25, 12],
			"rotation": {"angle": 0, "axis": "y", "origin": [11, 23, 8]},
			"faces": {
				"north": {"uv": [12, 0, 13, 0.5], "texture": "#0"},
				"east": {"uv": [12, 0, 13, 0.5], "texture": "#0"},
				"south": {"uv": [12, 0, 13, 0.5], "texture": "#0"},
				"west": {"uv": [12, 0, 13, 0.5], "texture": "#0"},
				"up": {"uv": [12, 0, 13, 1], "texture": "#0"},
				"down": {"uv": [12, 0, 13, 1], "texture": "#0"}
			}
		},
		{
			"from": [1, 22, 6],
			"to": [8, 25, 13],
			"rotation": {"angle": 0, "axis": "y", "origin": [3, 22, 9]},
			"faces": {
				"north": {"uv": [12, 0, 13.75, 0.75], "texture": "#0"},
				"east": {"uv": [12, 0, 13.75, 0.75], "texture": "#0"},
				"south": {"uv": [12, 0, 13.75, 0.75], "texture": "#0"},
				"west": {"uv": [12, 0, 13.75, 0.75], "texture": "#0"},
				"up": {"uv": [12, 0, 13.75, 1.75], "texture": "#0"},
				"down": {"uv": [12, 0, 13.75, 1.75], "texture": "#0"}
			}
		},
		{
			"from": [7, 24, 4],
			"to": [14, 27, 11],
			"rotation": {"angle": 0, "axis": "y", "origin": [9, 25, 5]},
			"faces": {
				"north": {"uv": [12, 0, 13.75, 0.75], "texture": "#0"},
				"east": {"uv": [12, 0, 13.75, 0.75], "texture": "#0"},
				"south": {"uv": [12, 0, 13.75, 0.75], "texture": "#0"},
				"west": {"uv": [12, 0, 13.75, 0.75], "texture": "#0"},
				"up": {"uv": [12, 0, 13.75, 1.75], "texture": "#0"},
				"down": {"uv": [12, 0, 13.75, 1.75], "texture": "#0"}
			}
		},
		{
			"from": [11, 13, 1],
			"to": [17, 15, 7],
			"rotation": {"angle": 0, "axis": "y", "origin": [12, 13, 3]},
			"faces": {
				"north": {"uv": [12, 0, 13.5, 0.5], "texture": "#0"},
				"east": {"uv": [12, 0, 13.5, 0.5], "texture": "#0"},
				"south": {"uv": [12, 0, 13.5, 0.5], "texture": "#0"},
				"west": {"uv": [12, 0, 13.5, 0.5], "texture": "#0"},
				"up": {"uv": [12, 0, 13.5, 1.5], "texture": "#0"},
				"down": {"uv": [12, 0, 13.5, 1.5], "texture": "#0"}
			}
		}
	],
	"display": {
		"thirdperson_righthand": {
			"rotation": [75, 45, 0],
			"translation": [0, 2.5, 0],
			"scale": [0.375, 0.375, 0.375]
		},
		"thirdperson_lefthand": {
			"rotation": [75, 45, 0],
			"translation": [0, 2.5, 0],
			"scale": [0.375, 0.375, 0.375]
		},
		"firstperson_righthand": {
			"rotation": [0, 135, 0],
			"translation": [0, 3.75, 0],
			"scale": [0.4, 0.4, 0.4]
		},
		"firstperson_lefthand": {
			"rotation": [0, 135, 0],
			"translation": [0, 3.75, 0],
			"scale": [0.4, 0.4, 0.4]
		},
		"ground": {
			"translation": [0, 3, 0],
			"scale": [0.25, 0.25, 0.25]
		},
		"gui": {
			"rotation": [30, 225, 0],
			"translation": [0, -3.25, 0],
			"scale": [0.5, 0.5, 0.5]
		},
		"head": {
			"translation": [0, 15.25, 0]
		},
		"fixed": {
			"rotation": [-90, 0, 0],
			"translation": [0, 0, -16],
			"scale": [2, 2, 2]
		}
	}
}