{
	"credit": "Made with Blockbench",
	"texture_size": [64, 64],
	"textures": {
		"0": "nw/af/af024",
		"particle": "nw/af/af024"
	},
	"elements": [
		{
			"from": [2, 12, 2],
			"to": [14, 16, 14],
			"rotation": {"angle": 0, "axis": "y", "origin": [0, 6, 0]},
			"faces": {
				"north": {"uv": [7.5, 0, 10.5, 1], "texture": "#0"},
				"east": {"uv": [7.5, 0, 10.5, 1], "texture": "#0"},
				"south": {"uv": [7.5, 0, 10.5, 1], "texture": "#0"},
				"west": {"uv": [7.5, 0, 10.5, 1], "texture": "#0"},
				"up": {"uv": [7, 10, 4, 7], "texture": "#0"},
				"down": {"uv": [10, 7, 7, 10], "texture": "#0"}
			}
		},
		{
			"from": [1, 2, 1],
			"to": [15, 4, 15],
			"rotation": {"angle": 0, "axis": "y", "origin": [0, 6, 0]},
			"faces": {
				"north": {"uv": [10, 8, 13.5, 8.5], "texture": "#0"},
				"east": {"uv": [10, 8, 13.5, 8.5], "texture": "#0"},
				"south": {"uv": [10, 8, 13.5, 8.5], "texture": "#0"},
				"west": {"uv": [10, 8, 13.5, 8.5], "texture": "#0"},
				"up": {"uv": [7.5, 3.5, 4, 0], "texture": "#0"}
			}
		},
		{
			"from": [0, 0, 0],
			"to": [16, 2, 16],
			"rotation": {"angle": 0, "axis": "y", "origin": [0, 6, 0]},
			"faces": {
				"north": {"uv": [10, 7, 14, 7.5], "texture": "#0"},
				"east": {"uv": [10, 7, 14, 7.5], "texture": "#0"},
				"south": {"uv": [10, 7, 14, 7.5], "texture": "#0"},
				"west": {"uv": [10, 7, 14, 7.5], "texture": "#0"},
				"up": {"uv": [4, 4, 0, 0], "texture": "#0"},
				"down": {"uv": [4, 4, 0, 8], "texture": "#0"}
			}
		},
		{
			"from": [2, 9, 10],
			"to": [6, 15, 13],
			"rotation": {"angle": -22.5, "axis": "z", "origin": [2, 9, -3]},
			"faces": {
				"north": {"uv": [3, 8, 4, 9.5], "texture": "#0"},
				"east": {"uv": [11, 5.5, 11.75, 7], "texture": "#0"},
				"south": {"uv": [2, 10.5, 3, 12], "texture": "#0"},
				"west": {"uv": [11.5, 11.5, 12.25, 13], "texture": "#0"}
			}
		},
		{
			"from": [3, 10, 5],
			"to": [5, 16, 11],
			"rotation": {"angle": -22.5, "axis": "z", "origin": [2, 9, -1]},
			"faces": {
				"north": {"uv": [6.25, 12.25, 6.75, 13.75], "texture": "#0"},
				"east": {"uv": [0, 8, 1.5, 9.5], "texture": "#0"},
				"south": {"uv": [12.25, 11.25, 12.75, 12.75], "texture": "#0"},
				"west": {"uv": [1.5, 8, 3, 9.5], "texture": "#0"},
				"down": {"uv": [3.25, 12.75, 2.75, 14.25], "texture": "#0"}
			}
		},
		{
			"from": [2, 9, 3],
			"to": [6, 15, 6],
			"rotation": {"angle": -22.5, "axis": "z", "origin": [2, 9, 3]},
			"faces": {
				"north": {"uv": [3, 10.5, 2, 12], "texture": "#0"},
				"east": {"uv": [11.5, 0, 12.25, 1.5], "texture": "#0"},
				"south": {"uv": [10.5, 0, 11.5, 1.5], "texture": "#0"},
				"west": {"uv": [12.25, 11.5, 11.5, 13], "texture": "#0"}
			}
		},
		{
			"from": [10, 9, 10],
			"to": [14, 15, 13],
			"rotation": {"angle": 22.5, "axis": "z", "origin": [14, 9, -3]},
			"faces": {
				"north": {"uv": [1, 10.5, 2, 12], "texture": "#0"},
				"east": {"uv": [12.25, 11.5, 11.5, 13], "texture": "#0"},
				"south": {"uv": [3, 10.5, 2, 12], "texture": "#0"},
				"west": {"uv": [10.75, 11.5, 11.5, 13], "texture": "#0"}
			}
		},
		{
			"from": [11, 10, 5],
			"to": [13, 16, 11],
			"rotation": {"angle": 22.5, "axis": "z", "origin": [14, 9, -1]},
			"faces": {
				"north": {"uv": [3.25, 12, 3.75, 13.5], "texture": "#0"},
				"east": {"uv": [7.5, 4, 9, 5.5], "texture": "#0"},
				"south": {"uv": [4.75, 12.25, 5.25, 13.75], "texture": "#0"},
				"west": {"uv": [7.5, 5.5, 9, 7], "texture": "#0"},
				"down": {"uv": [6.25, 12.25, 5.75, 13.75], "texture": "#0"}
			}
		},
		{
			"from": [10, 9, 3],
			"to": [14, 15, 6],
			"rotation": {"angle": 22.5, "axis": "z", "origin": [14, 9, 3]},
			"faces": {
				"north": {"uv": [2, 10.5, 3, 12], "texture": "#0"},
				"east": {"uv": [11.5, 11.5, 12.25, 13], "texture": "#0"},
				"south": {"uv": [3, 10.5, 4, 12], "texture": "#0"},
				"west": {"uv": [4, 11.75, 4.75, 13.25], "texture": "#0"}
			}
		},
		{
			"from": [10, 4, 2.975],
			"to": [14, 9, 6.025],
			"rotation": {"angle": 0, "axis": "y", "origin": [-2, 6, 2]},
			"faces": {
				"north": {"uv": [4, 10.5, 5, 11.75], "texture": "#0"},
				"east": {"uv": [6.75, 11.75, 7.5, 13], "texture": "#0"},
				"south": {"uv": [5, 10.5, 6, 11.75], "texture": "#0"},
				"west": {"uv": [7.5, 11.75, 8.25, 13], "texture": "#0"}
			}
		},
		{
			"from": [2, 4, 2.975],
			"to": [6, 9, 6.025],
			"rotation": {"angle": 0, "axis": "y", "origin": [2, 6, 2]},
			"faces": {
				"north": {"uv": [5, 10.5, 4, 11.75], "texture": "#0"},
				"east": {"uv": [8.25, 11.75, 9, 13], "texture": "#0"},
				"south": {"uv": [7, 10.5, 8, 11.75], "texture": "#0"},
				"west": {"uv": [7.5, 11.75, 6.75, 13], "texture": "#0"}
			}
		},
		{
			"from": [10, 4, 9.975],
			"to": [14, 9, 13.025],
			"rotation": {"angle": 0, "axis": "y", "origin": [-2, 6, -2]},
			"faces": {
				"north": {"uv": [8, 10.5, 9, 11.75], "texture": "#0"},
				"east": {"uv": [7.5, 11.75, 6.75, 13], "texture": "#0"},
				"south": {"uv": [5, 10.5, 4, 11.75], "texture": "#0"},
				"west": {"uv": [0, 12, 0.75, 13.25], "texture": "#0"}
			}
		},
		{
			"from": [2, 4, 9.975],
			"to": [6, 9, 13.025],
			"rotation": {"angle": 0, "axis": "y", "origin": [2, 6, -2]},
			"faces": {
				"north": {"uv": [11, 3, 12, 4.25], "texture": "#0"},
				"east": {"uv": [0.75, 12, 1.5, 13.25], "texture": "#0"},
				"south": {"uv": [4, 10.5, 5, 11.75], "texture": "#0"},
				"west": {"uv": [6.75, 11.75, 7.5, 13], "texture": "#0"}
			}
		},
		{
			"from": [4, 9, 4],
			"to": [12, 13, 6],
			"rotation": {"angle": 0, "axis": "y", "origin": [1, 9, 0]},
			"faces": {
				"north": {"uv": [9, 4, 11, 5], "texture": "#0"},
				"east": {"uv": [10.5, 3, 11, 4], "texture": "#0"},
				"south": {"uv": [9, 5, 11, 6], "texture": "#0"},
				"west": {"uv": [7.75, 13, 8.25, 14], "texture": "#0"},
				"down": {"uv": [6.75, 11.75, 4.75, 12.25], "texture": "#0"}
			}
		},
		{
			"from": [4, 9, 10],
			"to": [12, 13, 12],
			"rotation": {"angle": 0, "axis": "y", "origin": [1, 9, 0]},
			"faces": {
				"north": {"uv": [9, 6, 11, 7], "texture": "#0"},
				"east": {"uv": [8.25, 13, 8.75, 14], "texture": "#0"},
				"south": {"uv": [0, 9.5, 2, 10.5], "texture": "#0"},
				"west": {"uv": [8.75, 13, 9.25, 14], "texture": "#0"},
				"down": {"uv": [13.75, 6, 11.75, 6.5], "texture": "#0"}
			}
		}
	],
	"display": {
		"thirdperson_righthand": {
			"rotation": [75, 45, 0],
			"translation": [0, 2.5, 0],
			"scale": [0.375, 0.375, 0.375]
		},
		"thirdperson_lefthand": {
			"rotation": [75, 45, 0],
			"translation": [0, 2.5, 0],
			"scale": [0.375, 0.375, 0.375]
		},
		"firstperson_righthand": {
			"rotation": [0, 135, 0],
			"translation": [0, 3.75, 0],
			"scale": [0.4, 0.4, 0.4]
		},
		"firstperson_lefthand": {
			"rotation": [0, 135, 0],
			"translation": [0, 3.75, 0],
			"scale": [0.4, 0.4, 0.4]
		},
		"ground": {
			"translation": [0, 3, 0],
			"scale": [0.25, 0.25, 0.25]
		},
		"gui": {
			"rotation": [30, 225, 0],
			"scale": [0.625, 0.625, 0.625]
		},
		"head": {
			"translation": [0, 15.25, 0]
		},
		"fixed": {
			"rotation": [-90, 0, 0],
			"translation": [0, 0, -16],
			"scale": [2, 2, 2]
		}
	}
}