{
	"credit": "Made with Blockbench",
	"textures": {
		"0": "nw/af/af027",
		"1": "nw/af/campfirefire",
		"particle": "nw/af/af027"
	},
	"elements": [
		{
			"from": [2, 4, 2],
			"to": [14, 6, 14],
			"rotation": {"angle": 0, "axis": "y", "origin": [0, -2, 0]},
			"faces": {
				"north": {"uv": [5.5, 0, 8.5, 0.5], "texture": "#0"},
				"east": {"uv": [5.5, 0, 8.5, 0.5], "texture": "#0"},
				"south": {"uv": [5.5, 0, 8.5, 0.5], "texture": "#0"},
				"west": {"uv": [5.5, 0, 8.5, 0.5], "texture": "#0"},
				"up": {"uv": [3, 3, 0, 0], "texture": "#0"},
				"down": {"uv": [3, 3, 0, 6], "texture": "#0"}
			}
		},
		{
			"from": [3, 6.25, 3],
			"to": [13, 6.25, 13],
			"rotation": {"angle": 0, "axis": "y", "origin": [0, -2, 0]},
			"faces": {
				"up": {"uv": [5.5, 2.5, 3, 0], "texture": "#0"}
			}
		},
		{
			"from": [0.875, 7.5, 7.5],
			"to": [2.875, 12.75, 9.5],
			"rotation": {"angle": -22.5, "axis": "z", "origin": [-0.625, -2, 0]},
			"faces": {
				"north": {"uv": [2.5, 6, 3, 7.25], "texture": "#0"},
				"east": {"uv": [2.5, 6, 3, 7.25], "texture": "#0"},
				"south": {"uv": [2.5, 6, 3, 7.25], "texture": "#0"},
				"west": {"uv": [2.5, 6, 3, 7.25], "texture": "#0"},
				"up": {"uv": [3, 7.75, 2.5, 7.25], "texture": "#0"},
				"down": {"uv": [7, 7.5, 6.5, 8], "texture": "#0"}
			}
		},
		{
			"from": [6.25316, 8.7961, 1.57856],
			"to": [8.25316, 14.0461, 3.57856],
			"rotation": {"angle": 22.5, "axis": "x", "origin": [4.75316, 0.2961, -6.92144]},
			"faces": {
				"north": {"uv": [2.5, 6, 3, 7.25], "texture": "#0"},
				"east": {"uv": [2.5, 6, 3, 7.25], "texture": "#0"},
				"south": {"uv": [2.5, 6, 3, 7.25], "texture": "#0"},
				"west": {"uv": [2.5, 6, 3, 7.25], "texture": "#0"},
				"up": {"uv": [3, 7.75, 2.5, 7.25], "texture": "#0"},
				"down": {"uv": [3, 7.75, 2.5, 8.25], "texture": "#0"}
			}
		},
		{
			"from": [6.4054, 2.05585, 13.71548],
			"to": [8.4054, 7.30585, 15.71548],
			"rotation": {"angle": -22.5, "axis": "x", "origin": [4.9054, -5.44415, 6.21548]},
			"faces": {
				"north": {"uv": [2.5, 6, 3, 7.25], "texture": "#0"},
				"east": {"uv": [2.5, 6, 3, 7.25], "texture": "#0"},
				"south": {"uv": [2.5, 6, 3, 7.25], "texture": "#0"},
				"west": {"uv": [2.5, 6, 3, 7.25], "texture": "#0"},
				"up": {"uv": [3, 7.75, 2.5, 7.25], "texture": "#0"},
				"down": {"uv": [3, 7.75, 2.5, 8.25], "texture": "#0"}
			}
		},
		{
			"from": [13.01192, 4.58658, 6.5],
			"to": [15.01192, 9.83658, 8.5],
			"rotation": {"angle": 22.5, "axis": "z", "origin": [12.51192, -3.91342, 0]},
			"faces": {
				"north": {"uv": [2.5, 6, 3, 7.25], "texture": "#0"},
				"east": {"uv": [2.5, 6, 3, 7.25], "texture": "#0"},
				"south": {"uv": [2.5, 6, 3, 7.25], "texture": "#0"},
				"west": {"uv": [2.5, 6, 3, 7.25], "texture": "#0"},
				"up": {"uv": [3, 7.75, 2.5, 7.25], "texture": "#0"},
				"down": {"uv": [3, 7.75, 2.5, 8.25], "texture": "#0"}
			}
		},
		{
			"from": [5, 3, 5],
			"to": [11, 4, 11],
			"rotation": {"angle": 0, "axis": "y", "origin": [0, -1, 0]},
			"faces": {
				"north": {"uv": [7, 5.25, 8.5, 5.5], "texture": "#0"},
				"east": {"uv": [7, 5.25, 8.5, 5.5], "texture": "#0"},
				"south": {"uv": [7, 5.25, 8.5, 5.5], "texture": "#0"},
				"west": {"uv": [7, 5.25, 8.5, 5.5], "texture": "#0"},
				"down": {"uv": [6, 5, 4.5, 6.5], "texture": "#0"}
			}
		},
		{
			"from": [7, -7.02082, 7.80761],
			"to": [9, -5.02082, 12.80761],
			"rotation": {"angle": -45, "axis": "x", "origin": [4.5, -9.02082, -2.19239]},
			"faces": {
				"north": {"uv": [8.25, 4.75, 8.75, 5.25], "texture": "#0", "tintindex": 1},
				"east": {"uv": [7, 4.75, 8.25, 5.25], "texture": "#0", "tintindex": 1},
				"west": {"uv": [7, 4.75, 8.25, 5.25], "texture": "#0", "tintindex": 1},
				"up": {"uv": [8.25, 5.25, 7, 4.75], "rotation": 90, "texture": "#0", "tintindex": 1},
				"down": {"uv": [6.75, 2.5, 8, 2], "rotation": 90, "texture": "#0", "tintindex": 1}
			}
		},
		{
			"from": [7, -7.02082, 3.19239],
			"to": [9, -5.02082, 8.19239],
			"rotation": {"angle": 45, "axis": "x", "origin": [4.5, -9.02082, 18.19239]},
			"faces": {
				"east": {"uv": [7, 4.75, 8.25, 5.25], "texture": "#0", "tintindex": 1},
				"south": {"uv": [8.25, 4.75, 8.75, 5.25], "texture": "#0", "tintindex": 1},
				"west": {"uv": [7, 4.75, 8.25, 5.25], "texture": "#0", "tintindex": 1},
				"up": {"uv": [8.25, 5.25, 7, 4.75], "rotation": 90, "texture": "#0", "tintindex": 1},
				"down": {"uv": [6.75, 2.5, 8, 2], "rotation": 90, "texture": "#0", "tintindex": 1}
			}
		},
		{
			"from": [8.97487, 0.93934, 7],
			"to": [13.97487, 2.93934, 9],
			"rotation": {"angle": -45, "axis": "z", "origin": [11.47487, 1.93934, 8]},
			"faces": {
				"north": {"uv": [7, 4.75, 8.25, 5.25], "texture": "#0", "tintindex": 1},
				"east": {"uv": [8.25, 4.75, 8.75, 5.25], "texture": "#0", "tintindex": 1},
				"south": {"uv": [7, 4.75, 8.25, 5.25], "texture": "#0", "tintindex": 1},
				"up": {"uv": [8.25, 5.25, 7, 4.75], "texture": "#0", "tintindex": 1},
				"down": {"uv": [8, 2, 6.75, 2.5], "texture": "#0", "tintindex": 1}
			}
		},
		{
			"from": [2.02513, 0.93934, 7],
			"to": [7.02513, 2.93934, 9],
			"rotation": {"angle": 45, "axis": "z", "origin": [4.52513, 1.93934, 8]},
			"faces": {
				"north": {"uv": [7, 4.75, 8.25, 5.25], "texture": "#0", "tintindex": 1},
				"south": {"uv": [7, 4.75, 8.25, 5.25], "texture": "#0", "tintindex": 1},
				"west": {"uv": [8.25, 4.75, 8.75, 5.25], "texture": "#0", "tintindex": 1},
				"up": {"uv": [8.25, 5.25, 7, 4.75], "texture": "#0", "tintindex": 1},
				"down": {"uv": [8, 2, 6.75, 2.5], "texture": "#0", "tintindex": 1}
			}
		},
		{
			"from": [1.5, 4.25, 1.5],
			"to": [14.5, 6.25, 14.5],
			"rotation": {"angle": 0, "axis": "y", "origin": [0, 4.25, 0]},
			"faces": {
				"north": {"uv": [12.75, 0, 16, 0.5], "texture": "#0"},
				"east": {"uv": [12.75, 0, 16, 0.5], "texture": "#0"},
				"south": {"uv": [12.75, 0, 16, 0.5], "texture": "#0"},
				"west": {"uv": [12.75, 0, 16, 0.5], "texture": "#0"},
				"up": {"uv": [12.75, 0.5, 16, 3.75], "texture": "#0"}
			}
		},
		{
			"from": [4, 6, 8],
			"to": [12, 14, 8],
			"rotation": {"angle": -45, "axis": "y", "origin": [8, 10, 8]},
			"faces": {
				"north": {"uv": [0, 0, 16, 16], "texture": "#1"},
				"south": {"uv": [0, 0, 16, 16], "texture": "#1"}
			}
		},
		{
			"from": [8, 6, 4],
			"to": [8, 14, 12],
			"rotation": {"angle": -45, "axis": "y", "origin": [8, 10, 8]},
			"faces": {
				"east": {"uv": [0, 0, 16, 16], "texture": "#1"},
				"west": {"uv": [0, 0, 16, 16], "texture": "#1"}
			}
		}
	],
	"display": {
		"thirdperson_righthand": {
			"rotation": [75, 45, 0],
			"translation": [0, 2.5, 0],
			"scale": [0.375, 0.375, 0.375]
		},
		"thirdperson_lefthand": {
			"rotation": [75, 45, 0],
			"translation": [0, 2.5, 0],
			"scale": [0.375, 0.375, 0.375]
		},
		"firstperson_righthand": {
			"rotation": [0, 135, 0],
			"translation": [0, 3.75, 0],
			"scale": [0.4, 0.4, 0.4]
		},
		"firstperson_lefthand": {
			"rotation": [0, 135, 0],
			"translation": [0, 3.75, 0],
			"scale": [0.4, 0.4, 0.4]
		},
		"ground": {
			"translation": [0, 3, 0],
			"scale": [0.25, 0.25, 0.25]
		},
		"gui": {
			"rotation": [30, 225, 0],
			"scale": [0.625, 0.625, 0.625]
		},
		"head": {
			"translation": [0, 15.25, 0]
		},
		"fixed": {
			"rotation": [-90, 0, 0],
			"translation": [0, 0, -16],
			"scale": [2, 2, 2]
		}
	}
}