{
	"credit": "Made with Blockbench",
	"texture_size": [64, 64],
	"textures": {
		"0": "nw/af/af022",
		"particle": "nw/af/af022"
	},
	"elements": [
		{
			"from": [0, 0, 0],
			"to": [16, 15.5, 16],
			"rotation": {"angle": 0, "axis": "y", "origin": [0, 1.5, 0]},
			"faces": {
				"north": {"uv": [0, 0, 4, 4], "texture": "#0", "tintindex": 1},
				"east": {"uv": [0, 4, 4, 8], "texture": "#0", "tintindex": 1},
				"south": {"uv": [0, 0, 4, 4], "texture": "#0", "tintindex": 1},
				"west": {"uv": [0, 4, 4, 8], "texture": "#0", "tintindex": 1},
				"up": {"uv": [4, 12, 0, 8], "texture": "#0"},
				"down": {"uv": [12, 0, 8, 4], "texture": "#0", "tintindex": 1}
			}
		},
		{
			"from": [5, 1, -0.25],
			"to": [15, 7.5, -0.25],
			"rotation": {"angle": 22.5, "axis": "z", "origin": [0, 1.5, 0]},
			"faces": {
				"north": {"uv": [8, 11, 10.5, 12.75], "texture": "#0"}
			}
		},
		{
			"from": [14.0037, 2.03608, 0],
			"to": [14.0037, 9.28608, 16],
			"rotation": {"angle": 22.5, "axis": "z", "origin": [-1.2463, 17.53608, 0]},
			"faces": {
				"east": {"uv": [4, 8, 8, 9.75], "texture": "#0", "tintindex": 1},
				"west": {"uv": [8, 4, 12, 5.75], "texture": "#0", "tintindex": 1}
			}
		},
		{
			"from": [-4.12663, 3.25401, 0],
			"to": [-4.12663, 10.50401, 16],
			"rotation": {"angle": -22.5, "axis": "z", "origin": [11.12337, 2.75401, 0]},
			"faces": {
				"east": {"uv": [8, 4, 12, 5.75], "texture": "#0", "tintindex": 1},
				"west": {"uv": [4, 8, 8, 9.75], "texture": "#0", "tintindex": 1}
			}
		},
		{
			"from": [0, 15, 9.25],
			"to": [16, 16, 16.25],
			"rotation": {"angle": 0, "axis": "y", "origin": [8, 1.5, 8.25]},
			"faces": {
				"south": {"uv": [4, 11.5, 8, 11.75], "texture": "#0", "tintindex": 1},
				"up": {"uv": [12, 5.75, 8, 7.5], "texture": "#0", "tintindex": 1}
			}
		},
		{
			"from": [0, 15, -0.25],
			"to": [16, 16, 6.75],
			"rotation": {"angle": 0, "axis": "y", "origin": [8, 1.5, 7.75]},
			"faces": {
				"north": {"uv": [4, 11.5, 8, 11.75], "texture": "#0", "tintindex": 1},
				"up": {"uv": [12, 7.5, 8, 5.75], "texture": "#0", "tintindex": 1}
			}
		}
	],
	"display": {
		"thirdperson_righthand": {
			"rotation": [75, 45, 0],
			"translation": [0, 2.5, 0],
			"scale": [0.375, 0.375, 0.375]
		},
		"thirdperson_lefthand": {
			"rotation": [75, 45, 0],
			"translation": [0, 2.5, 0],
			"scale": [0.375, 0.375, 0.375]
		},
		"firstperson_righthand": {
			"rotation": [0, 135, 0],
			"translation": [0, 3.75, 0],
			"scale": [0.4, 0.4, 0.4]
		},
		"firstperson_lefthand": {
			"rotation": [0, 135, 0],
			"translation": [0, 3.75, 0],
			"scale": [0.4, 0.4, 0.4]
		},
		"ground": {
			"translation": [0, 3, 0],
			"scale": [0.25, 0.25, 0.25]
		},
		"gui": {
			"rotation": [30, 225, 0],
			"scale": [0.625, 0.625, 0.625]
		},
		"head": {
			"translation": [0, 15.25, 0]
		},
		"fixed": {
			"rotation": [-90, 0, 0],
			"translation": [0, 0, -16],
			"scale": [2, 2, 2]
		}
	}
}