{
	"credit": "Made with Blockbench",
	"textures": {
		"0": "nw/af/af031",
		"particle": "nw/af/af031"
	},
	"elements": [
		{
			"from": [9, 14, 7],
			"to": [14, 16, 9],
			"rotation": {"angle": 0, "axis": "y", "origin": [0, 2, 0]},
			"faces": {
				"north": {"uv": [6, 0.25, 7.25, 0.75], "texture": "#0"},
				"south": {"uv": [6, 0.25, 7.25, 0.75], "texture": "#0"},
				"up": {"uv": [7.25, 0, 6, 0.5], "texture": "#0"},
				"down": {"uv": [1, 0, 1.5, 1.25], "rotation": 90, "texture": "#0"}
			}
		},
		{
			"from": [7, 0, 7],
			"to": [9, 16, 9],
			"rotation": {"angle": 0, "axis": "y", "origin": [0, 2, 0]},
			"faces": {
				"north": {"uv": [0.25, 0, 0.75, 4], "texture": "#0"},
				"east": {"uv": [0.25, 0, 0.75, 4], "texture": "#0"},
				"south": {"uv": [0.25, 0, 0.75, 4], "texture": "#0"},
				"west": {"uv": [0.25, 0, 0.75, 4], "texture": "#0"},
				"up": {"uv": [2.25, 0.25, 2.75, 0.75], "rotation": 270, "texture": "#0"},
				"down": {"uv": [1, 0, 1.5, 0.5], "rotation": 90, "texture": "#0"}
			}
		},
		{
			"from": [9, 0, 8],
			"to": [14, 14, 8],
			"faces": {
				"north": {"uv": [3, 0, 4.25, 3.5], "texture": "#0"},
				"south": {"uv": [3, 0, 4.25, 3.5], "texture": "#0"}
			}
		},
		{
			"from": [8, 0, 6.75],
			"to": [14, 16, 9.25],
			"rotation": {"angle": 0, "axis": "y", "origin": [0, 1, -1.25]},
			"faces": {
				"north": {"uv": [4.25, 0, 5.5, 4], "texture": "#0"},
				"south": {"uv": [4.25, 0, 5.5, 4], "texture": "#0"}
			}
		},
		{
			"from": [14, 0, 6],
			"to": [16, 16, 10],
			"faces": {
				"north": {"uv": [0.5, 0, 1, 4], "texture": "#0"},
				"east": {"uv": [0, 0, 1, 4], "texture": "#0"},
				"south": {"uv": [0, 0, 0.5, 4], "texture": "#0"},
				"west": {"uv": [0, 0, 1, 4], "texture": "#0"},
				"up": {"uv": [2, 0, 3, 0.5], "rotation": 270, "texture": "#0"},
				"down": {"uv": [1, 0, 2, 0.5], "rotation": 90, "texture": "#0"}
			}
		},
		{
			"from": [6.75, 0, 8],
			"to": [9.25, 16, 14],
			"rotation": {"angle": 0, "axis": "y", "origin": [8, 0, 8]},
			"faces": {
				"east": {"uv": [4.25, 0, 5.5, 4], "texture": "#0"},
				"west": {"uv": [4.25, 0, 5.5, 4], "texture": "#0"}
			}
		},
		{
			"from": [7, 14, 9],
			"to": [9, 16, 14],
			"rotation": {"angle": 0, "axis": "y", "origin": [8, 0, 8]},
			"faces": {
				"east": {"uv": [6, 0.25, 7.25, 0.75], "texture": "#0"},
				"west": {"uv": [6, 0.25, 7.25, 0.75], "texture": "#0"},
				"up": {"uv": [7.25, 0, 6, 0.5], "rotation": 90, "texture": "#0"},
				"down": {"uv": [1, 0, 1.5, 1.25], "texture": "#0"}
			}
		},
		{
			"from": [8, 0, 9],
			"to": [8, 14, 14],
			"rotation": {"angle": 0, "axis": "y", "origin": [8, 0, 8]},
			"faces": {
				"east": {"uv": [3, 0, 4.25, 3.5], "texture": "#0"},
				"west": {"uv": [3, 0, 4.25, 3.5], "texture": "#0"}
			}
		},
		{
			"from": [6, 0, 14],
			"to": [10, 16, 16],
			"rotation": {"angle": 0, "axis": "y", "origin": [8, 0, 8]},
			"faces": {
				"north": {"uv": [0, 0, 1, 4], "texture": "#0"},
				"east": {"uv": [0.5, 0, 1, 4], "texture": "#0"},
				"south": {"uv": [0, 0, 1, 4], "texture": "#0"},
				"west": {"uv": [0, 0, 0.5, 4], "texture": "#0"},
				"up": {"uv": [2, 0, 3, 0.5], "texture": "#0"},
				"down": {"uv": [1, 0, 2, 0.5], "texture": "#0"}
			}
		},
		{
			"from": [2, 0, 6.75],
			"to": [8, 16, 9.25],
			"rotation": {"angle": 0, "axis": "y", "origin": [8, 0, 8]},
			"faces": {
				"north": {"uv": [4.25, 0, 5.5, 4], "texture": "#0"},
				"south": {"uv": [4.25, 0, 5.5, 4], "texture": "#0"}
			}
		},
		{
			"from": [2, 14, 7],
			"to": [7, 16, 9],
			"rotation": {"angle": 0, "axis": "y", "origin": [8, 0, 8]},
			"faces": {
				"north": {"uv": [6, 0.25, 7.25, 0.75], "texture": "#0"},
				"south": {"uv": [6, 0.25, 7.25, 0.75], "texture": "#0"},
				"up": {"uv": [7.25, 0, 6, 0.5], "rotation": 180, "texture": "#0"},
				"down": {"uv": [1, 0, 1.5, 1.25], "rotation": 270, "texture": "#0"}
			}
		},
		{
			"from": [2, 0, 8],
			"to": [7, 14, 8],
			"rotation": {"angle": 0, "axis": "y", "origin": [8, 0, 8]},
			"faces": {
				"north": {"uv": [3, 0, 4.25, 3.5], "texture": "#0"},
				"south": {"uv": [3, 0, 4.25, 3.5], "texture": "#0"}
			}
		},
		{
			"from": [0, 0, 6],
			"to": [2, 16, 10],
			"rotation": {"angle": 0, "axis": "y", "origin": [8, 0, 8]},
			"faces": {
				"north": {"uv": [0, 0, 0.5, 4], "texture": "#0"},
				"east": {"uv": [0, 0, 1, 4], "texture": "#0"},
				"south": {"uv": [0.5, 0, 1, 4], "texture": "#0"},
				"west": {"uv": [0, 0, 1, 4], "texture": "#0"},
				"up": {"uv": [2, 0, 3, 0.5], "rotation": 90, "texture": "#0"},
				"down": {"uv": [1, 0, 2, 0.5], "rotation": 270, "texture": "#0"}
			}
		},
		{
			"from": [6.75, 0, 2],
			"to": [9.25, 16, 8],
			"rotation": {"angle": 0, "axis": "y", "origin": [8, 0, 8]},
			"faces": {
				"east": {"uv": [4.25, 0, 5.5, 4], "texture": "#0"},
				"west": {"uv": [4.25, 0, 5.5, 4], "texture": "#0"}
			}
		},
		{
			"from": [7, 14, 2],
			"to": [9, 16, 7],
			"rotation": {"angle": 0, "axis": "y", "origin": [8, 0, 8]},
			"faces": {
				"east": {"uv": [6, 0.25, 7.25, 0.75], "texture": "#0"},
				"west": {"uv": [6, 0.25, 7.25, 0.75], "texture": "#0"},
				"up": {"uv": [7.25, 0, 6, 0.5], "rotation": 270, "texture": "#0"},
				"down": {"uv": [1, 0, 1.5, 1.25], "rotation": 180, "texture": "#0"}
			}
		},
		{
			"from": [8, 0, 2],
			"to": [8, 14, 7],
			"rotation": {"angle": 0, "axis": "y", "origin": [8, 0, 8]},
			"faces": {
				"east": {"uv": [3, 0, 4.25, 3.5], "texture": "#0"},
				"west": {"uv": [3, 0, 4.25, 3.5], "texture": "#0"}
			}
		},
		{
			"from": [6, 0, 0],
			"to": [10, 16, 2],
			"rotation": {"angle": 0, "axis": "y", "origin": [8, 0, 8]},
			"faces": {
				"north": {"uv": [0, 0, 1, 4], "texture": "#0"},
				"east": {"uv": [0, 0, 0.5, 4], "texture": "#0"},
				"south": {"uv": [0, 0, 1, 4], "texture": "#0"},
				"west": {"uv": [0.5, 0, 1, 4], "texture": "#0"},
				"up": {"uv": [2, 0, 3, 0.5], "rotation": 180, "texture": "#0"},
				"down": {"uv": [1, 0, 2, 0.5], "rotation": 180, "texture": "#0"}
			}
		}
	],
	"display": {
		"thirdperson_righthand": {
			"rotation": [75, 45, 0],
			"translation": [0, 2.5, 0],
			"scale": [0.375, 0.375, 0.375]
		},
		"thirdperson_lefthand": {
			"rotation": [75, 45, 0],
			"translation": [0, 2.5, 0],
			"scale": [0.375, 0.375, 0.375]
		},
		"firstperson_righthand": {
			"rotation": [0, 135, 0],
			"translation": [0, 3.75, 0],
			"scale": [0.4, 0.4, 0.4]
		},
		"firstperson_lefthand": {
			"rotation": [0, 135, 0],
			"translation": [0, 3.75, 0],
			"scale": [0.4, 0.4, 0.4]
		},
		"ground": {
			"translation": [0, 3, 0],
			"scale": [0.25, 0.25, 0.25]
		},
		"gui": {
			"rotation": [30, 225, 0],
			"scale": [0.625, 0.625, 0.625]
		},
		"head": {
			"translation": [0, 15.25, 0]
		},
		"fixed": {
			"rotation": [-90, 0, 0],
			"translation": [0, 0, -16],
			"scale": [2, 2, 2]
		}
	}
}