{
	"credit": "Made with Blockbench",
	"textures": {
		"0": "nw/af/af031",
		"particle": "nw/af/af031"
	},
	"elements": [
		{
			"from": [14, 0, 6],
			"to": [16, 16, 10],
			"faces": {
				"north": {"uv": [0.5, 0, 1, 4], "texture": "#0"},
				"east": {"uv": [0, 0, 1, 4], "texture": "#0"},
				"south": {"uv": [0, 0, 0.5, 4], "texture": "#0"},
				"west": {"uv": [0, 0, 1, 4], "texture": "#0"},
				"up": {"uv": [3, 1, 2.5, 0], "texture": "#0"},
				"down": {"uv": [2, 0, 1.5, 1], "texture": "#0"}
			}
		},
		{
			"from": [0, 0, 6],
			"to": [2, 16, 10],
			"faces": {
				"north": {"uv": [0, 0, 0.5, 4], "texture": "#0"},
				"east": {"uv": [0, 0, 1, 4], "texture": "#0"},
				"south": {"uv": [0.5, 0, 1, 4], "texture": "#0"},
				"west": {"uv": [0, 0, 1, 4], "texture": "#0"},
				"up": {"uv": [2.5, 1, 2, 0], "texture": "#0"},
				"down": {"uv": [1.5, 0, 1, 1], "texture": "#0"}
			}
		},
		{
			"from": [0, 0, 5],
			"to": [3, 4, 5],
			"rotation": {"angle": 22.5, "axis": "x", "origin": [1.5, 2, 5]},
			"faces": {
				"north": {"uv": [3.5, 8, 4.25, 9], "texture": "#0"},
				"south": {"uv": [4.25, 8, 3.5, 9], "texture": "#0"}
			}
		},
		{
			"from": [11.625, 0, 10.125],
			"to": [15.625, 16, 14.125],
			"rotation": {"angle": 0, "axis": "y", "origin": [13.625, 8, 9]},
			"faces": {
				"north": {"uv": [0, 0, 1, 4], "texture": "#0"},
				"east": {"uv": [0, 0, 1, 4], "texture": "#0"},
				"south": {"uv": [0, 0, 1, 4], "texture": "#0"},
				"west": {"uv": [0, 0, 1, 4], "texture": "#0"},
				"up": {"uv": [3, 1, 2, 0], "rotation": 270, "texture": "#0"},
				"down": {"uv": [2, 0, 1, 1], "rotation": 90, "texture": "#0"}
			}
		},
		{
			"from": [11.625, 0, 16.125],
			"to": [15.625, 16, 20.125],
			"rotation": {"angle": 0, "axis": "y", "origin": [13.625, 8, 9]},
			"faces": {
				"north": {"uv": [0, 0, 1, 4], "texture": "#0"},
				"east": {"uv": [0, 0, 1, 4], "texture": "#0"},
				"south": {"uv": [0, 0, 1, 4], "texture": "#0"},
				"west": {"uv": [0, 0, 1, 4], "texture": "#0"},
				"up": {"uv": [3, 1, 2, 0], "rotation": 270, "texture": "#0"},
				"down": {"uv": [2, 0, 1, 1], "rotation": 90, "texture": "#0"}
			}
		},
		{
			"from": [11.375, 7, 18.125],
			"to": [11.375, 9, 21.625],
			"rotation": {"angle": 0, "axis": "y", "origin": [13.625, 8, 9]},
			"faces": {
				"east": {"uv": [2, 8.5, 3, 9], "texture": "#0"},
				"west": {"uv": [2, 8.5, 3, 9], "texture": "#0"}
			}
		},
		{
			"from": [12.625, 9, 9.125],
			"to": [14.625, 14, 16.125],
			"rotation": {"angle": 0, "axis": "y", "origin": [13.625, 8, 9]},
			"faces": {
				"north": {"uv": [0, 0, 0.5, 1.25], "texture": "#0"},
				"east": {"uv": [6, 0, 7.75, 1.25], "texture": "#0"},
				"south": {"uv": [8.25, 6.25, 8.75, 7.5], "texture": "#0"},
				"west": {"uv": [6, 0, 7.75, 1.25], "texture": "#0"},
				"up": {"uv": [1.75, 8.5, 0, 8], "rotation": 270, "texture": "#0"},
				"down": {"uv": [1, 1.75, 1.5, 0], "rotation": 180, "texture": "#0"}
			}
		},
		{
			"from": [12.625, 2, 9.125],
			"to": [14.625, 7, 16.125],
			"rotation": {"angle": 0, "axis": "y", "origin": [13.625, 8, 9]},
			"faces": {
				"north": {"uv": [0, 0, 0.5, 1.25], "texture": "#0"},
				"east": {"uv": [6, 0, 7.75, 1.25], "texture": "#0"},
				"south": {"uv": [8, 7.75, 8.5, 9], "texture": "#0"},
				"west": {"uv": [6, 0, 7.75, 1.25], "texture": "#0"},
				"up": {"uv": [1.75, 8.5, 0, 8], "rotation": 270, "texture": "#0"},
				"down": {"uv": [1, 1.75, 1.5, 0], "rotation": 180, "texture": "#0"}
			}
		}
	],
	"display": {
		"thirdperson_righthand": {
			"rotation": [75, 45, 0],
			"translation": [0, 2.5, 0],
			"scale": [0.375, 0.375, 0.375]
		},
		"thirdperson_lefthand": {
			"rotation": [75, 45, 0],
			"translation": [0, 2.5, 0],
			"scale": [0.375, 0.375, 0.375]
		},
		"firstperson_righthand": {
			"rotation": [0, 135, 0],
			"translation": [0, 3.75, 0],
			"scale": [0.4, 0.4, 0.4]
		},
		"firstperson_lefthand": {
			"rotation": [0, 135, 0],
			"translation": [0, 3.75, 0],
			"scale": [0.4, 0.4, 0.4]
		},
		"ground": {
			"translation": [0, 3, 0],
			"scale": [0.25, 0.25, 0.25]
		},
		"gui": {
			"rotation": [30, 225, 0],
			"scale": [0.625, 0.625, 0.625]
		},
		"head": {
			"translation": [0, 15.25, 0]
		},
		"fixed": {
			"rotation": [-90, 0, 0],
			"translation": [0, 0, -16],
			"scale": [2, 2, 2]
		}
	}
}