{
	"credit": "Made with Blockbench",
	"texture_size": [32, 32],
	"textures": {
		"0": "nw/af/af030",
		"1": "nw/af/af030a",
		"particle": "nw/af/af030"
	},
	"elements": [
		{
			"from": [3, 1, 7.975],
			"to": [13, 9, 15.975],
			"rotation": {"angle": 0, "axis": "y", "origin": [0, -2, -0.025]},
			"faces": {
				"north": {"uv": [8, 4.5, 10.5, 6.5], "texture": "#0"},
				"east": {"uv": [10.5, 0, 12.5, 2], "texture": "#0"},
				"south": {"uv": [8, 8.5, 10.5, 10.5], "texture": "#0"},
				"west": {"uv": [12.5, 0, 10.5, 2], "texture": "#0"}
			}
		},
		{
			"from": [4.5, 1.5, 7.75],
			"to": [11.5, 8.5, 7.75],
			"rotation": {"angle": 0, "axis": "y", "origin": [0, -2, 0]},
			"faces": {
				"north": {"uv": [10.5, 8.5, 12.25, 10.25], "texture": "#0"}
			}
		},
		{
			"from": [7.5, 4.5, 7.5],
			"to": [8.5, 7.5, 7.5],
			"rotation": {"angle": 0, "axis": "y", "origin": [0, -2, 0]},
			"faces": {
				"north": {"uv": [7.5, 2.75, 7.75, 3.5], "texture": "#0"}
			}
		},
		{
			"from": [6.5, 4.5, 7.4],
			"to": [8.5, 5.5, 7.4],
			"rotation": {"angle": -22.5, "axis": "z", "origin": [8, 5, 0]},
			"faces": {
				"north": {"uv": [2.5, 9.25, 3, 9.5], "texture": "#0"}
			}
		},
		{
			"from": [6, 9.5, 7.75],
			"to": [10, 12, 7.75],
			"rotation": {"angle": 0, "axis": "y", "origin": [0, -2, 0]},
			"faces": {
				"north": {"uv": [0.75, 11.25, 1.75, 12], "texture": "#0", "tintindex": 1}
			}
		},
		{
			"from": [9.77817, 10.80761, 7],
			"to": [19.67817, 12.80761, 16],
			"rotation": {"angle": 45, "axis": "z", "origin": [8.77817, -1.19239, 0]},
			"faces": {
				"north": {"uv": [11.5, 7.5, 14, 8], "texture": "#0", "tintindex": 1},
				"south": {"uv": [11.5, 7, 14, 7.5], "texture": "#0", "tintindex": 1},
				"west": {"uv": [11.75, 10.75, 14, 11.25], "texture": "#0", "tintindex": 1},
				"up": {"uv": [3, 10.75, 5.5, 8.5], "texture": "#0", "tintindex": 1},
				"down": {"uv": [8, 8.5, 5.5, 10.75], "texture": "#0", "tintindex": 1}
			}
		},
		{
			"from": [19.42817, 10.55761, 6.5],
			"to": [21.92817, 13.05761, 16.25],
			"rotation": {"angle": 45, "axis": "z", "origin": [8.77817, -1.19239, 0]},
			"faces": {
				"north": {"uv": [1.75, 11.25, 2.5, 12], "texture": "#0", "tintindex": 1},
				"east": {"uv": [5, 2.75, 7.5, 3.5], "texture": "#0", "tintindex": 1},
				"south": {"uv": [1.75, 12, 2.5, 12.75], "texture": "#0", "tintindex": 1},
				"west": {"uv": [5.5, 8.5, 8, 9.25], "texture": "#0", "tintindex": 1},
				"up": {"uv": [7.75, 13.25, 7, 10.75], "texture": "#0", "tintindex": 1},
				"down": {"uv": [5.5, 9.25, 8, 8.5], "rotation": 90, "texture": "#0", "tintindex": 1}
			}
		},
		{
			"from": [-7.87056, 16.68629, 7],
			"to": [2.02944, 18.68629, 16],
			"rotation": {"angle": -45, "axis": "z", "origin": [-1.97056, -3.31371, 0]},
			"faces": {
				"north": {"uv": [11.5, 7, 14, 7.5], "texture": "#0", "tintindex": 1},
				"east": {"uv": [11.75, 10.75, 14, 11.25], "texture": "#0", "tintindex": 1},
				"south": {"uv": [11.5, 7.5, 14, 8], "texture": "#0", "tintindex": 1},
				"up": {"uv": [5.5, 10.75, 3, 8.5], "texture": "#0", "tintindex": 1},
				"down": {"uv": [8, 8.5, 5.5, 10.75], "texture": "#0", "tintindex": 1}
			}
		},
		{
			"from": [2, 0, 5],
			"to": [14, 1, 16],
			"rotation": {"angle": 0, "axis": "y", "origin": [0, -2, 0]},
			"faces": {
				"north": {"uv": [12.25, 10, 15.25, 10.25], "texture": "#0", "tintindex": 1},
				"east": {"uv": [12.5, 0.75, 15.25, 1], "texture": "#0", "tintindex": 1},
				"south": {"uv": [12.5, 0.5, 15.5, 0.75], "texture": "#0", "tintindex": 1},
				"west": {"uv": [12.5, 1, 15.25, 1.25], "texture": "#0", "tintindex": 1},
				"up": {"uv": [8, 2.75, 5, 0], "texture": "#0", "tintindex": 1},
				"down": {"uv": [3, 6.5, 0, 9.25], "texture": "#0", "tintindex": 1}
			}
		},
		{
			"from": [3, -16, 11.25],
			"to": [13, 0, 11.25],
			"rotation": {"angle": 0, "axis": "y", "origin": [0, -2, 0]},
			"faces": {
				"north": {"uv": [2.5, 0, 5, 4], "texture": "#0"},
				"south": {"uv": [5, 0, 2.5, 4], "texture": "#0"}
			}
		},
		{
			"from": [3, -16, 11.25],
			"to": [13, 0, 11.25],
			"rotation": {"angle": 0, "axis": "y", "origin": [0, -2, 0]},
			"faces": {
				"north": {"uv": [0, 0, 2.5, 4], "texture": "#0", "tintindex": 1},
				"south": {"uv": [2.5, 0, 0, 4], "texture": "#0", "tintindex": 1}
			}
		},
		{
			"from": [2, 9, 7.975],
			"to": [14, 16, 15.975],
			"rotation": {"angle": 0, "axis": "y", "origin": [0, -2, -0.025]},
			"faces": {
				"north": {"uv": [10.5, 4.75, 13.5, 6.5], "texture": "#0"},
				"south": {"uv": [10.5, 4.75, 13.5, 6.5], "texture": "#0"},
				"down": {"uv": [9, 6.5, 6, 8.5], "texture": "#0"}
			}
		},
		{
			"from": [0, -16, 13.25],
			"to": [16, 0, 13.25],
			"rotation": {"angle": 0, "axis": "y", "origin": [0, 0, 13.25]},
			"faces": {
				"north": {"uv": [0, 0, 8, 8], "texture": "#1"},
				"south": {"uv": [8, 8, 0, 16], "texture": "#1"}
			}
		}
	],
	"display": {
		"thirdperson_righthand": {
			"rotation": [75, 45, 0],
			"translation": [0, 2.5, 0],
			"scale": [0.375, 0.375, 0.375]
		},
		"thirdperson_lefthand": {
			"rotation": [75, 45, 0],
			"translation": [0, 2.5, 0],
			"scale": [0.375, 0.375, 0.375]
		},
		"firstperson_righthand": {
			"rotation": [0, 135, 0],
			"translation": [0, 3.75, 0],
			"scale": [0.4, 0.4, 0.4]
		},
		"firstperson_lefthand": {
			"rotation": [0, 135, 0],
			"translation": [0, 3.75, 0],
			"scale": [0.4, 0.4, 0.4]
		},
		"ground": {
			"translation": [0, 3, 0],
			"scale": [0.25, 0.25, 0.25]
		},
		"gui": {
			"rotation": [30, 225, 0],
			"scale": [0.625, 0.625, 0.625]
		},
		"head": {
			"translation": [0, 15.25, 0]
		},
		"fixed": {
			"rotation": [-90, 0, 0],
			"translation": [0, 0, -16],
			"scale": [2, 2, 2]
		}
	}
}