{
	"credit": "Made with Blockbench",
	"texture_size": [32, 32],
	"textures": {
		"0": "nw/brush/brush01",
		"1": "nw/brush/brush02",
		"particle": "nw/brush/brush01"
	},
	"elements": [
		{
			"from": [7.08033, 3.13719, 7.025],
			"to": [14.08033, 4.13719, 8.975],
			"rotation": {"angle": 22.5, "axis": "z", "origin": [-0.91967, 9.63719, 0]},
			"faces": {
				"north": {"uv": [7, 6, 10.5, 6.5], "texture": "#1"},
				"east": {"uv": [7.5, 3.5, 8.5, 4], "texture": "#1"},
				"south": {"uv": [7, 6.5, 10.5, 7], "texture": "#1"},
				"west": {"uv": [0, 8.5, 1, 9], "texture": "#1"},
				"up": {"uv": [8.5, 5, 5, 4], "texture": "#1"},
				"down": {"uv": [8.5, 5, 5, 6], "texture": "#1"}
			}
		},
		{
			"from": [14.42596, 9.37222, 7],
			"to": [15.42596, 13.87222, 9],
			"rotation": {"angle": 0, "axis": "y", "origin": [8.92596, 1.37222, 0]},
			"faces": {
				"north": {"uv": [7.5, 1, 8, 3.5], "texture": "#1"},
				"east": {"uv": [5, 6, 6, 8.5], "texture": "#1"},
				"south": {"uv": [8, 1, 8.5, 3.5], "texture": "#1"},
				"west": {"uv": [6, 6, 7, 8.5], "texture": "#1"},
				"up": {"uv": [1.5, 9.5, 1, 8.5], "texture": "#1"},
				"down": {"uv": [9, 1, 8.5, 2], "texture": "#1"}
			}
		},
		{
			"from": [6.5, -1, 7],
			"to": [9.5, 8, 9],
			"faces": {
				"north": {"uv": [0, 4, 1.5, 8.5], "texture": "#1"},
				"east": {"uv": [3, 4, 4, 8.5], "texture": "#1"},
				"south": {"uv": [1.5, 4, 3, 8.5], "texture": "#1"},
				"west": {"uv": [4, 4, 5, 8.5], "texture": "#1"},
				"up": {"uv": [8.5, 8, 7, 7], "texture": "#1"},
				"down": {"uv": [9, 0, 7.5, 1], "texture": "#1"}
			}
		},
		{
			"from": [6, 0, 6.5],
			"to": [10, 5, 9.5],
			"faces": {
				"north": {"uv": [6, 0, 8, 2.5], "texture": "#0"},
				"east": {"uv": [0, 8, 1.5, 10.5], "texture": "#0"},
				"south": {"uv": [6, 2.5, 8, 5], "texture": "#0"},
				"west": {"uv": [8, 0, 9.5, 2.5], "texture": "#0"},
				"up": {"uv": [3.5, 9.5, 1.5, 8], "texture": "#0"},
				"down": {"uv": [10, 2.5, 8, 4], "texture": "#0"}
			}
		},
		{
			"from": [2, 10, 6.5],
			"to": [14, 14, 10.5],
			"faces": {
				"north": {"uv": [0, 0, 6, 2], "texture": "#0", "tintindex": 1},
				"east": {"uv": [6, 5, 8, 7], "texture": "#0", "tintindex": 1},
				"south": {"uv": [0, 2, 6, 4], "texture": "#0", "tintindex": 1},
				"west": {"uv": [6, 7, 8, 9], "texture": "#0", "tintindex": 1},
				"up": {"uv": [6, 6, 0, 4], "texture": "#0", "tintindex": 1},
				"down": {"uv": [6, 6, 0, 8], "texture": "#0", "tintindex": 1}
			}
		},
		{
			"from": [1, 11, 7.5],
			"to": [16, 13, 9.5],
			"faces": {
				"north": {"uv": [0, 0, 7.5, 1], "texture": "#1"},
				"east": {"uv": [7, 8, 8, 9], "texture": "#1"},
				"south": {"uv": [0, 1, 7.5, 2], "texture": "#1"},
				"west": {"uv": [8, 8, 9, 9], "texture": "#1"},
				"up": {"uv": [7.5, 3, 0, 2], "texture": "#1"},
				"down": {"uv": [7.5, 3, 0, 4], "texture": "#1"}
			}
		}
	],
	"display": {
		"thirdperson_righthand": {
			"rotation": [-54, 180, 0],
			"translation": [0, 1.5, -2.75],
			"scale": [0.7, 0.7, 0.7]
		},
		"thirdperson_lefthand": {
			"rotation": [-54, 180, 0],
			"translation": [0, 1.5, -2.75],
			"scale": [0.7, 0.7, 0.7]
		},
		"firstperson_righthand": {
			"rotation": [-30.33, 180, 3.98],
			"translation": [-0.12, 3.2, -0.37],
			"scale": [0.68, 0.68, 0.68]
		},
		"firstperson_lefthand": {
			"rotation": [-30.33, 180, 3.98],
			"translation": [-0.12, 3.2, -0.37],
			"scale": [0.68, 0.68, 0.68]
		},
		"ground": {
			"rotation": [60, 0, 60],
			"translation": [0, 1, 0],
			"scale": [0.8, 0.8, 0.8]
		},
		"gui": {
			"rotation": [125, 0, 45],
			"translation": [0.5, 0.25, 0],
			"scale": [0.8, 0.8, 0.8]
		},
		"head": {
			"rotation": [0, 180, 0],
			"translation": [0, 17.5, 0]
		},
		"fixed": {
			"rotation": [-8, 0, 0],
			"translation": [0, 1.25, -3.5],
			"scale": [1.5, 1.5, 1.5]
		}
	}
}