{
	"credit": "Made with Blockbench",
	"texture_size": [64, 64],
	"textures": {
		"2": "nw/block/f001",
		"3": "nw/block/side",
		"4": "nw/block/f004",
		"5": "nw/brush/howtobrush",
		"particle": "nw/brush/howtobrush"
	},
	"elements": [
		{
			"from": [0.25, 0, 0.25],
			"to": [15.75, 2, 15.75],
			"rotation": {"angle": 0, "axis": "y", "origin": [8.02291, 7.60707, 5.5]},
			"faces": {
				"north": {"uv": [8, 0, 16, 1], "texture": "#4"},
				"east": {"uv": [8, 0, 16, 1], "texture": "#4"},
				"south": {"uv": [8, 0, 16, 1], "texture": "#4"},
				"west": {"uv": [8, 0, 16, 1], "texture": "#4"},
				"up": {"uv": [8, 16, 0, 8], "texture": "#4"},
				"down": {"uv": [8, 0, 0, 8], "texture": "#4"}
			}
		},
		{
			"from": [3, 3, 1],
			"to": [13, 5, 6],
			"rotation": {"angle": 0, "axis": "y", "origin": [8.02291, 7.60707, 5.5]},
			"faces": {
				"north": {"uv": [8, 6, 13, 7], "texture": "#4"},
				"east": {"uv": [10.5, 7, 8, 8], "texture": "#4"},
				"south": {"uv": [8, 6, 13, 7], "texture": "#4"},
				"west": {"uv": [8, 7, 10.5, 8], "texture": "#4"},
				"up": {"uv": [13, 6, 8, 3.5], "texture": "#4"},
				"down": {"uv": [13, 1, 8, 3.5], "texture": "#4"}
			}
		},
		{
			"from": [13, -0.15973, 5.5],
			"to": [15, 7.84027, 8.5],
			"rotation": {"angle": -45, "axis": "x", "origin": [8.02291, 7.60707, 8.5]},
			"faces": {
				"north": {"uv": [16, 1, 15, 5], "texture": "#4"},
				"east": {"uv": [10.5, 9.5, 9, 13.5], "texture": "#4"},
				"south": {"uv": [15, 1, 16, 5], "texture": "#4"},
				"west": {"uv": [9, 9.5, 10.5, 13.5], "texture": "#4"},
				"up": {"uv": [8, 11, 9, 9.5], "texture": "#4"}
			}
		},
		{
			"from": [1, -0.15973, 5.5],
			"to": [3, 7.84027, 8.5],
			"rotation": {"angle": -45, "axis": "x", "origin": [8.02291, 7.60707, 8.5]},
			"faces": {
				"north": {"uv": [15, 1, 16, 5], "texture": "#4"},
				"east": {"uv": [10.5, 9.5, 9, 13.5], "texture": "#4"},
				"south": {"uv": [15, 1, 16, 5], "texture": "#4"},
				"west": {"uv": [9, 9.5, 10.5, 13.5], "texture": "#4"},
				"up": {"uv": [9, 11, 8, 9.5], "texture": "#4"}
			}
		},
		{
			"from": [12, -0.05467, 6.1],
			"to": [14, 13.94533, 10.1],
			"rotation": {"angle": 22.5, "axis": "x", "origin": [8.02291, 7.60707, 8.5]},
			"faces": {
				"north": {"uv": [15, 1, 16, 8], "texture": "#4"},
				"east": {"uv": [15, 1, 13, 8], "texture": "#4"},
				"south": {"uv": [15, 1, 16, 8], "texture": "#4"},
				"west": {"uv": [13, 1, 15, 8], "texture": "#4"},
				"up": {"uv": [9, 11.5, 8, 9.5], "texture": "#4"}
			}
		},
		{
			"from": [4, 4.94533, 7.1],
			"to": [12, 5.94533, 9.1],
			"rotation": {"angle": 22.5, "axis": "x", "origin": [8.02291, 7.60707, 8.5]},
			"faces": {
				"north": {"uv": [8, 9, 12, 9.5], "texture": "#4"},
				"south": {"uv": [8, 9, 12, 9.5], "texture": "#4"},
				"up": {"uv": [12, 9, 8, 8], "texture": "#4"},
				"down": {"uv": [12, 8, 8, 9], "texture": "#4"}
			}
		},
		{
			"from": [4, 11.94533, 7.6],
			"to": [12, 12.94533, 8.6],
			"rotation": {"angle": 22.5, "axis": "x", "origin": [8.02291, 7.60707, 8.5]},
			"faces": {
				"north": {"uv": [8, 9, 12, 9.5], "texture": "#4"},
				"south": {"uv": [8, 9, 12, 9.5], "texture": "#4"},
				"up": {"uv": [12, 9.5, 8, 9], "texture": "#4"},
				"down": {"uv": [12, 9, 8, 9.5], "texture": "#4"}
			}
		},
		{
			"from": [7, 5.94533, 7.1],
			"to": [9, 17.94533, 9.1],
			"rotation": {"angle": 22.5, "axis": "x", "origin": [8.02291, 7.60707, 8.5]},
			"faces": {
				"north": {"uv": [15, 1, 16, 7], "texture": "#4"},
				"east": {"uv": [15, 1, 16, 7], "texture": "#4"},
				"south": {"uv": [15, 1, 16, 7], "texture": "#4"},
				"west": {"uv": [16, 1, 15, 7], "texture": "#4"},
				"up": {"uv": [9, 11.5, 8, 10.5], "texture": "#4"}
			}
		},
		{
			"from": [2, -0.05467, 6.1],
			"to": [4, 13.94533, 10.1],
			"rotation": {"angle": 22.5, "axis": "x", "origin": [8.02291, 7.60707, 8.5]},
			"faces": {
				"north": {"uv": [15, 1, 16, 8], "texture": "#4"},
				"east": {"uv": [15, 1, 13, 8], "texture": "#4"},
				"south": {"uv": [15, 1, 16, 8], "texture": "#4"},
				"west": {"uv": [13, 1, 15, 8], "texture": "#4"},
				"up": {"uv": [9, 11.5, 8, 9.5], "texture": "#4"}
			}
		},
		{
			"from": [1.975, 8.94533, 6.075],
			"to": [4.025, 10.94533, 10.125],
			"rotation": {"angle": 22.5, "axis": "x", "origin": [8.02291, 7.60707, 8.5]},
			"faces": {
				"north": {"uv": [13, 8, 14, 9], "texture": "#4", "tintindex": 1},
				"east": {"uv": [15, 8, 13, 9], "texture": "#4", "tintindex": 1},
				"south": {"uv": [13, 8, 14, 9], "texture": "#4", "tintindex": 1},
				"west": {"uv": [13, 8, 15, 9], "texture": "#4", "tintindex": 1}
			}
		},
		{
			"from": [11.975, 8.94533, 6.075],
			"to": [14.025, 10.94533, 10.125],
			"rotation": {"angle": 22.5, "axis": "x", "origin": [8.02291, 7.60707, 8.5]},
			"faces": {
				"north": {"uv": [13, 8, 14, 9], "texture": "#4", "tintindex": 1},
				"east": {"uv": [15, 8, 13, 9], "texture": "#4", "tintindex": 1},
				"south": {"uv": [13, 8, 14, 9], "texture": "#4", "tintindex": 1},
				"west": {"uv": [13, 8, 15, 9], "texture": "#4", "tintindex": 1}
			}
		},
		{
			"from": [0, 0, 0],
			"to": [16, 2.25, 16],
			"faces": {
				"north": {"uv": [6, 4, 10, 4.5], "texture": "#2", "tintindex": 1},
				"east": {"uv": [6, 4, 10, 4.5], "texture": "#2", "tintindex": 1},
				"south": {"uv": [6, 4, 10, 4.5], "texture": "#2", "tintindex": 1},
				"west": {"uv": [6, 4, 10, 4.5], "texture": "#2", "tintindex": 1},
				"up": {"uv": [6, 0, 10, 4], "texture": "#2", "tintindex": 1},
				"down": {"uv": [6, 5.25, 10, 9.25], "texture": "#2", "tintindex": 1}
			}
		},
		{
			"from": [3.5, 7.5, -0.175],
			"to": [12.975, 19.5, 1.775],
			"rotation": {"angle": 22.5, "axis": "x", "origin": [0, 0, 0]},
			"faces": {
				"west": {"uv": [5.5, 13, 11.5, 14], "rotation": 90, "texture": "#5"},
				"up": {"uv": [16, 14, 11.5, 13], "texture": "#5"},
				"down": {"uv": [16, 13, 11.5, 14], "texture": "#5"}
			}
		},
		{
			"from": [3, 7, 1.8],
			"to": [13, 20, 1.8],
			"rotation": {"angle": 22.5, "axis": "x", "origin": [0, 0, 0]},
			"faces": {
				"north": {"uv": [11, 6.5, 16, 13], "texture": "#5", "tintindex": 1},
				"south": {"uv": [16, 0, 11, 6.5], "texture": "#5", "tintindex": 1}
			}
		},
		{
			"from": [4, 8, -0.225],
			"to": [12, 19, -0.225],
			"rotation": {"angle": 22.5, "axis": "x", "origin": [0, 0, 0]},
			"faces": {
				"north": {"uv": [0, 0, 10, 13], "texture": "#5"},
				"south": {"uv": [11, 0, 16, 6.5], "texture": "#5"}
			}
		},
		{
			"from": [3, 7, -0.2],
			"to": [13, 20, -0.2],
			"rotation": {"angle": 22.5, "axis": "x", "origin": [0, 0, 0]},
			"faces": {
				"north": {"uv": [11, 0, 16, 6.5], "texture": "#5", "tintindex": 1},
				"south": {"uv": [11, 6.5, 16, 13], "texture": "#5", "tintindex": 1}
			}
		},
		{
			"from": [2.5, 6.5, 2.3],
			"to": [13.5, 20.5, -0.7],
			"rotation": {"angle": 22.5, "axis": "x", "origin": [0, 0, 0]},
			"faces": {
				"north": {"uv": [11, 0, 16, 6.5], "texture": "#3"},
				"east": {"uv": [0, 0, 0, 3.25], "texture": "#3"},
				"south": {"uv": [11, 6.5, 16, 13], "texture": "#3"},
				"west": {"uv": [0, 0, 0, 3.25], "texture": "#3"},
				"up": {"uv": [2.5, 0, 0, 0], "texture": "#3"},
				"down": {"uv": [2.5, 0, 0, 0], "texture": "#3"}
			}
		},
		{
			"from": [2.975, 6.975, 1.775],
			"to": [4.975, 8.975, 1.825],
			"rotation": {"angle": 22.5, "axis": "x", "origin": [0, 0, 0]},
			"faces": {
				"north": {"uv": [15, 15, 16, 16], "rotation": 90, "texture": "#5", "tintindex": 1},
				"south": {"uv": [15, 16, 16, 15], "rotation": 90, "texture": "#5", "tintindex": 1},
				"west": {"uv": [15.5, 15, 16, 16], "texture": "#5"},
				"down": {"uv": [15.5, 16, 16, 15], "rotation": 90, "texture": "#5", "tintindex": 1}
			}
		},
		{
			"from": [11.025, 6.975, 1.775],
			"to": [13.025, 8.975, 1.825],
			"rotation": {"angle": 22.5, "axis": "x", "origin": [0, 0, 0]},
			"faces": {
				"north": {"uv": [15, 16, 16, 15], "rotation": 90, "texture": "#5", "tintindex": 1},
				"south": {"uv": [15, 15, 16, 16], "rotation": 90, "texture": "#5", "tintindex": 1},
				"down": {"uv": [16, 15.5, 15.5, 16], "texture": "#5", "tintindex": 1}
			}
		},
		{
			"from": [2.975, 18.025, 1.775],
			"to": [4.975, 20.025, 1.825],
			"rotation": {"angle": 22.5, "axis": "x", "origin": [0, 0, 0]},
			"faces": {
				"north": {"uv": [15, 15, 16, 16], "texture": "#5", "tintindex": 1},
				"south": {"uv": [16, 15, 15, 16], "texture": "#5", "tintindex": 1},
				"west": {"uv": [15.5, 15, 16, 16], "texture": "#5", "tintindex": 1},
				"up": {"uv": [16, 15, 15, 15.5], "texture": "#5", "tintindex": 1}
			}
		},
		{
			"from": [11.025, 18.025, 1.775],
			"to": [13.025, 20.025, 1.825],
			"rotation": {"angle": 22.5, "axis": "x", "origin": [0, 0, 0]},
			"faces": {
				"north": {"uv": [16, 15, 15, 16], "texture": "#5", "tintindex": 1},
				"south": {"uv": [15, 15, 16, 16], "texture": "#5", "tintindex": 1},
				"up": {"uv": [15, 15.5, 16, 15], "texture": "#5", "tintindex": 1}
			}
		},
		{
			"from": [11.025, 6.975, -0.225],
			"to": [13.025, 8.975, -0.175],
			"rotation": {"angle": 22.5, "axis": "x", "origin": [0, 0, 0]},
			"faces": {
				"north": {"uv": [15, 16, 16, 15], "rotation": 90, "texture": "#5", "tintindex": 1},
				"south": {"uv": [15, 15, 16, 16], "rotation": 90, "texture": "#5", "tintindex": 1},
				"down": {"uv": [15.5, 16, 16, 15.5], "rotation": 90, "texture": "#5", "tintindex": 1}
			}
		},
		{
			"from": [2.975, 6.975, -0.225],
			"to": [4.975, 8.975, -0.175],
			"rotation": {"angle": 22.5, "axis": "x", "origin": [0, 0, 0]},
			"faces": {
				"north": {"uv": [15, 15, 16, 16], "rotation": 90, "texture": "#5", "tintindex": 1},
				"south": {"uv": [15, 16, 16, 15], "rotation": 90, "texture": "#5", "tintindex": 1},
				"west": {"uv": [15.5, 15, 16, 16], "texture": "#5"},
				"down": {"uv": [15.5, 16, 16, 15], "rotation": 90, "texture": "#5", "tintindex": 1}
			}
		},
		{
			"from": [2.975, 18.025, -0.225],
			"to": [4.975, 20.025, -0.175],
			"rotation": {"angle": 22.5, "axis": "x", "origin": [0, 0, 0]},
			"faces": {
				"north": {"uv": [15, 15, 16, 16], "texture": "#5", "tintindex": 1},
				"south": {"uv": [16, 15, 15, 16], "texture": "#5", "tintindex": 1},
				"west": {"uv": [15.5, 15, 16, 16], "texture": "#5", "tintindex": 1},
				"up": {"uv": [16, 15, 15, 15.5], "texture": "#5", "tintindex": 1}
			}
		},
		{
			"from": [11.025, 18.025, -0.225],
			"to": [13.025, 20.025, -0.175],
			"rotation": {"angle": 22.5, "axis": "x", "origin": [0, 0, 0]},
			"faces": {
				"north": {"uv": [16, 15, 15, 16], "texture": "#5", "tintindex": 1},
				"south": {"uv": [15, 15, 16, 16], "texture": "#5", "tintindex": 1},
				"up": {"uv": [15, 15.5, 16, 15], "texture": "#5", "tintindex": 1}
			}
		},
		{
			"from": [12.975, 18.025, -0.225],
			"to": [13.025, 20.025, 1.825],
			"rotation": {"angle": 22.5, "axis": "x", "origin": [0, 0, 0]},
			"faces": {
				"east": {"uv": [15.5, 15, 16, 16], "texture": "#5", "tintindex": 1},
				"west": {"uv": [15.5, 15, 16, 16], "texture": "#5", "tintindex": 1},
				"up": {"uv": [16, 15, 15.5, 15.5], "texture": "#5", "tintindex": 1}
			}
		},
		{
			"from": [12.975, 6.975, -0.225],
			"to": [13.025, 8.975, 1.825],
			"rotation": {"angle": 22.5, "axis": "x", "origin": [0, 0, 0]},
			"faces": {
				"east": {"uv": [15.5, 15, 16, 16], "texture": "#5", "tintindex": 1},
				"west": {"uv": [15.5, 15, 16, 16], "texture": "#5", "tintindex": 1},
				"down": {"uv": [16, 15.5, 15.5, 16], "texture": "#5", "tintindex": 1}
			}
		},
		{
			"from": [13, 7, -0.2],
			"to": [13, 20, 1.8],
			"rotation": {"angle": 22.5, "axis": "x", "origin": [0, 0, 0]},
			"faces": {
				"east": {"uv": [10, 0, 11, 6.5], "texture": "#5", "tintindex": 1},
				"west": {"uv": [10, 6.5, 11, 13], "texture": "#5", "tintindex": 1}
			}
		}
	],
	"display": {
		"thirdperson_righthand": {
			"rotation": [75, 45, 0],
			"translation": [0, 2.5, 0],
			"scale": [0.375, 0.375, 0.375]
		},
		"thirdperson_lefthand": {
			"rotation": [75, 45, 0],
			"translation": [0, 2.5, 0],
			"scale": [0.375, 0.375, 0.375]
		},
		"firstperson_righthand": {
			"rotation": [0, 45, 0],
			"scale": [0.4, 0.4, 0.4]
		},
		"firstperson_lefthand": {
			"rotation": [0, 225, 0],
			"scale": [0.4, 0.4, 0.4]
		},
		"ground": {
			"translation": [0, 3, 0],
			"scale": [0.25, 0.25, 0.25]
		},
		"gui": {
			"rotation": [30, 225, 0],
			"scale": [0.625, 0.625, 0.625]
		},
		"head": {
			"translation": [0, 15.25, 0]
		},
		"fixed": {
			"rotation": [-90, 0, 0],
			"translation": [0, 0, -16],
			"scale": [2, 2, 2]
		}
	}
}