{
  "parent": "minecraft:item/generated",
  "textures": {
    "layer0": "minecraft:item/enchanted_book"
  },
   "overrides": [
    {
        "predicate": {
            "custom_model_data": 1
        },
        "model": "item/netc/tickets/ticket_gongjv"
    },
    {
      "predicate": {
          "custom_model_data": 2
      },
      "model": "item/netc/tickets/ticket_psfun"
  },
  {
    "predicate": {
        "custom_model_data": 3
    },
    "model": "item/netc/tickets/ticket_mmzfun"
},
{
  "predicate": {
      "custom_model_data": 4
  },
  "model": "item/netc/tickets/ticket_af"
},
{
  "predicate": {
      "custom_model_data": 5
  },
  "model": "item/netc/tickets/ticket_lyyfun"
},
{
  "predicate": {
      "custom_model_data": 6
  },
  "model": "item/netc/tickets/ticket_nyaa_tea_pack"
},
{
  "predicate": {
      "custom_model_data": 7
  },
  "model": "item/netc/tickets/ticket_zh"
},
{
  "predicate": {
      "custom_model_data": 8
  },
  "model": "item/netc/tickets/ticket_yinyou"
},
{
  "predicate": {
      "custom_model_data": 9
  },
  "model": "item/netc/tickets/ticket_chess"
},
{
  "predicate": {
      "custom_model_data": 10
  },
  "model": "item/netc/tickets/ticket_appliance"
},
{
  "predicate": {
      "custom_model_data": 11
  },
  "model": "item/netc/tickets/ticket_signs"
}
]
}