{
  "parent": "minecraft:block/end_rod",
  "overrides":[
  {"predicate": {"custom_model_data":110000}, "model": "custom/missing"},
  {"predicate": {"custom_model_data":110001}, "model": "custom/helmet/survivor"},
  {"predicate": {"custom_model_data":110002}, "model": "custom/helmet/mercury"},
  {"predicate": {"custom_model_data":110003}, "model": "custom/helmet/fighter"},
  {"predicate": {"custom_model_data":110004}, "model": "custom/helmet/knight"},
  {"predicate": {"custom_model_data":110005}, "model": "custom/helmet/prometheus"},
  {"predicate": {"custom_model_data":110006}, "model": "custom/helmet/artemis"},
  {"predicate": {"custom_model_data":110007}, "model": "custom/helmet/vein"},
  {"predicate": {"custom_model_data":110008}, "model": "custom/helmet/berserker"},
  {"predicate": {"custom_model_data":110009}, "model": "custom/helmet/altas"},
  {"predicate": {"custom_model_data":110010}, "model": "custom/helmet/hades"},
  {"predicate": {"custom_model_data":110011}, "model": "custom/helmet/hunter"},
  {"predicate": {"custom_model_data":110012}, "model": "custom/helmet/assassin"},
  {"predicate": {"custom_model_data":110013}, "model": "custom/helmet/heimdall"},
  {"predicate": {"custom_model_data":110014}, "model": "custom/helmet/surt"},
  {"predicate": {"custom_model_data":110015}, "model": "custom/helmet/caster"},
  {"predicate": {"custom_model_data":110016}, "model": "custom/helmet/darkseeker"},
  {"predicate": {"custom_model_data":110017}, "model": "custom/helmet/harmonia"},
  {"predicate": {"custom_model_data":110018}, "model": "custom/helmet/queen"},
  {"predicate": {"custom_model_data":110019}, "model": "custom/helmet/eos"},
  {"predicate": {"custom_model_data":110020}, "model": "custom/helmet/demeter"},
  {"predicate": {"custom_model_data":110021}, "model": "custom/missing"},
  {"predicate": {"custom_model_data":110022}, "model": "custom/missing"},
  {"predicate": {"custom_model_data":110023}, "model": "custom/missing"},
  {"predicate": {"custom_model_data":110024}, "model": "custom/missing"},
  {"predicate": {"custom_model_data":110025}, "model": "custom/missing"},
  {"predicate": {"custom_model_data":110026}, "model": "custom/missing"},
  {"predicate": {"custom_model_data":110027}, "model": "custom/missing"},
  {"predicate": {"custom_model_data":110028}, "model": "custom/missing"},
  {"predicate": {"custom_model_data":110029}, "model": "custom/missing"},
  {"predicate": {"custom_model_data":110030}, "model": "custom/missing"} 
  ]
}