{
  "parent": "item/generated",
  "textures": {
    "layer0": "item/feather"
  },
  "display": {
      "head": {
          "rotation": [ 0, 0, 45 ],
          "translation": [ -1, 13, 7],
          "scale":[ 1, 1, 1]
      }
  },
  "overrides":[
  {"predicate": {"custom_model_data":110000}, "model": "custom/missing"},
  {"predicate": {"custom_model_data":110001}, "model": "custom/equipment/band_of_regeneration"},
  {"predicate": {"custom_model_data":110002}, "model": "custom/equipment/blood_bead"},
  {"predicate": {"custom_model_data":110003}, "model": "custom/equipment/foulblood_barrier"},
  {"predicate": {"custom_model_data":110004}, "model": "custom/equipment/cursed_heart"},
  {"predicate": {"custom_model_data":110005}, "model": "custom/equipment/charm_of_myths"},
  {"predicate": {"custom_model_data":110006}, "model": "custom/equipment/obsidian_shield"},
  {"predicate": {"custom_model_data":110007}, "model": "custom/equipment/iron_will"},
  {"predicate": {"custom_model_data":110008}, "model": "custom/equipment/bracelet_of_braveness"},
  {"predicate": {"custom_model_data":110009}, "model": "custom/equipment/spirit_of_greatheart"},
  {"predicate": {"custom_model_data":110010}, "model": "custom/equipment/vitality_capsule"},
  {"predicate": {"custom_model_data":110011}, "model": "custom/equipment/poorly_brewed_vodka"},
  {"predicate": {"custom_model_data":110012}, "model": "custom/equipment/dew_in_a_jar"},
  {"predicate": {"custom_model_data":110013}, "model": "custom/equipment/anklet_of_the_wind"},
  {"predicate": {"custom_model_data":110014}, "model": "custom/equipment/robotic_skeleton"},
  {"predicate": {"custom_model_data":110015}, "model": "custom/equipment/monster_energy_drink"},
  {"predicate": {"custom_model_data":110016}, "model": "custom/equipment/shifting_hollow"},
  {"predicate": {"custom_model_data":110017}, "model": "custom/equipment/misty_shadow"},
  {"predicate": {"custom_model_data":110018}, "model": "custom/equipment/specter_cape"},
  {"predicate": {"custom_model_data":110019}, "model": "custom/equipment/starry_cloak"},
  {"predicate": {"custom_model_data":110020}, "model": "custom/equipment/warrior_emblem"},
  {"predicate": {"custom_model_data":110021}, "model": "custom/equipment/broken_reaper"},
  {"predicate": {"custom_model_data":110022}, "model": "custom/equipment/shattering_justice"},
  {"predicate": {"custom_model_data":110023}, "model": "custom/equipment/flashing_fang"},
  {"predicate": {"custom_model_data":110024}, "model": "custom/equipment/swift_destruction"},
  {"predicate": {"custom_model_data":110025}, "model": "custom/equipment/blade_dance"},
  {"predicate": {"custom_model_data":110026}, "model": "custom/equipment/delicate_lancet"},
  {"predicate": {"custom_model_data":110027}, "model": "custom/equipment/giant_lotus"},
  {"predicate": {"custom_model_data":110028}, "model": "custom/equipment/tungsten_shield"},
  {"predicate": {"custom_model_data":110029}, "model": "custom/equipment/ice_barrier"},
  {"predicate": {"custom_model_data":110030}, "model": "custom/equipment/insulation_circlet"},
  {"predicate": {"custom_model_data":110031}, "model": "custom/equipment/inactivated_antibody"},
  {"predicate": {"custom_model_data":110032}, "model": "custom/equipment/magical_chime"},
  {"predicate": {"custom_model_data":110033}, "model": "custom/equipment/cinder_blossom"},
  {"predicate": {"custom_model_data":110034}, "model": "custom/equipment/frost_crystal"},
  {"predicate": {"custom_model_data":110035}, "model": "custom/equipment/thunder_glyph"},
  {"predicate": {"custom_model_data":110036}, "model": "custom/equipment/venomous_fang"},
  {"predicate": {"custom_model_data":110037}, "model": "custom/equipment/nature_blessing"},
  {"predicate": {"custom_model_data":110038}, "model": "custom/equipment/dark_shout"},
  {"predicate": {"custom_model_data":110039}, "model": "custom/equipment/ethereal_talisman"},
  {"predicate": {"custom_model_data":110040}, "model": "custom/equipment/blood_awakening"},
  {"predicate": {"custom_model_data":110041}, "model": "custom/equipment/cleansing_light"},
  {"predicate": {"custom_model_data":110042}, "model": "custom/equipment/activated_ooze"},
  {"predicate": {"custom_model_data":110043}, "model": "custom/equipment/rage_shield"},
  {"predicate": {"custom_model_data":110044}, "model": "custom/equipment/thorn_amaryllis"},
  {"predicate": {"custom_model_data":110045}, "model": "custom/equipment/crystal_nautilus"},
  {"predicate": {"custom_model_data":110046}, "model": "custom/equipment/resurrection_butterfly"},
  {"predicate": {"custom_model_data":110047}, "model": "custom/equipment/ablative_blood"},
  {"predicate": {"custom_model_data":110048}, "model": "custom/equipment/solarflare_shield"},
  {"predicate": {"custom_model_data":110049}, "model": "custom/equipment/prism_melody"},
  {"predicate": {"custom_model_data":110050}, "model": "custom/equipment/bloody_blade"},
  {"predicate": {"custom_model_data":110051}, "model": "custom/missing"},
  {"predicate": {"custom_model_data":110052}, "model": "custom/missing"},
  {"predicate": {"custom_model_data":110053}, "model": "custom/missing"},
  {"predicate": {"custom_model_data":110054}, "model": "custom/missing"},
  {"predicate": {"custom_model_data":110055}, "model": "custom/missing"},
  {"predicate": {"custom_model_data":110056}, "model": "custom/missing"},
  {"predicate": {"custom_model_data":110057}, "model": "custom/missing"},
  {"predicate": {"custom_model_data":110058}, "model": "custom/missing"},
  {"predicate": {"custom_model_data":110059}, "model": "custom/missing"},
  {"predicate": {"custom_model_data":110060}, "model": "custom/missing"},
  {"predicate": {"custom_model_data":110061}, "model": "custom/missing"},
  {"predicate": {"custom_model_data":110062}, "model": "custom/missing"},
  {"predicate": {"custom_model_data":110063}, "model": "custom/missing"},
  {"predicate": {"custom_model_data":110064}, "model": "custom/missing"},
  {"predicate": {"custom_model_data":110065}, "model": "custom/missing"},
  {"predicate": {"custom_model_data":110066}, "model": "custom/missing"},
  {"predicate": {"custom_model_data":110067}, "model": "custom/missing"},
  {"predicate": {"custom_model_data":110068}, "model": "custom/missing"},
  {"predicate": {"custom_model_data":110069}, "model": "custom/missing"},
  {"predicate": {"custom_model_data":110070}, "model": "custom/missing"}
  ]
}
