{
    "parent": "item/generated",
    "textures": {
        "layer0": "item/heart_of_the_sea"
    },
    "overrides": [
        {
            "predicate": {
                "custom_model_data": 5001
            },
            "model": "item/netc/heart_of_the_sea/archer"
        },
        {
            "predicate": {
                "custom_model_data": 5002
            },
            "model": "item/netc/heart_of_the_sea/wizard"
        },
        {
            "predicate": {
                "custom_model_data": 5003
            },
            "model": "item/netc/heart_of_the_sea/summoner"
        },
        {
            "predicate": {
                "custom_model_data": 5004
            },
            "model": "item/netc/heart_of_the_sea/priest"
        },
        {
            "predicate": {
                "custom_model_data": 5005
            },
            "model": "item/netc/heart_of_the_sea/turkey"
        },
        {
            "predicate": {
                "custom_model_data": 5006
            },
            "model": "item/netc/heart_of_the_sea/guard"
        },
        {
            "predicate": {
                "custom_model_data": 5007
            },
            "model": "item/netc/heart_of_the_sea/headred"
        },
        {
            "predicate": {
                "custom_model_data": 5008
            },
            "model": "item/netc/heart_of_the_sea/solderhelment"
        },
        {
            "predicate": {
                "custom_model_data": 5009
            },
            "model": "item/netc/heart_of_the_sea/strongerhat"
        },
        {
            "predicate": {
                "custom_model_data": 5010
            },
            "model": "item/netc/heart_of_the_sea/wood_pro_boat"
        },
        {
            "predicate": {
                "custom_model_data": 5011
            },
            "model": "item/netc/heart_of_the_sea/helment6"
        },
        {
            "predicate": {
                "custom_model_data": 5012
            },
            "model": "item/netc/heart_of_the_sea/speederhat"
        },
        {
            "predicate": {
                "custom_model_data": 5013
            },
            "model": "item/netc/heart_of_the_sea/bath_boat"
        },
        {
            "predicate": {
                "custom_model_data": 5014
            },
            "model": "item/netc/heart_of_the_sea/h001"
        },
        {
            "predicate": {
                "custom_model_data": 5015
            },
            "model": "item/netc/heart_of_the_sea/zhanglang003"
        }
    ]
}
