{
  "parent": "minecraft:item/handheld",
  "textures": {
    "layer0": "minecraft:item/iron_pickaxe"
  },
  "overrides": [
      {
          "predicate": {
              "custom_model_data": 6001
          },
          "model": "item/netc/toolskins/pink_crystal_pickaxe"
      },
      {
          "predicate": {
              "custom_model_data": 6002
          },
          "model": "item/netc/toolskins/leaf_pickaxe"
      },
      {
          "predicate": {
              "custom_model_data": 6003
          },
          "model": "item/netc/toolskins/bone_pickaxe"
      },
      {
          "predicate": {
              "custom_model_data": 6004
          },
          "model": "item/netc/toolskins/soul_pickaxe"
      },
      {
          "predicate": {
              "custom_model_data": 6005
          },
          "model": "item/netc/toolskins/fantastic_pickaxe"
      }
  ]
}