{
  "parent": "minecraft:item/generated",
  "textures": {
    "layer0": "minecraft:item/iron_nugget"
  },
  "overrides":[
  {"predicate": {"custom_model_data":110000}, "model": "custom/missing"},
  {"predicate": {"custom_model_data":110001}, "model": "custom/consume/potion_of_healing"},
  {"predicate": {"custom_model_data":110002}, "model": "custom/consume/potion_of_mana"},
  {"predicate": {"custom_model_data":110003}, "model": "custom/consume/potion_of_hare"},
  {"predicate": {"custom_model_data":110004}, "model": "custom/consume/potion_of_ironskin"},
  {"predicate": {"custom_model_data":110005}, "model": "custom/consume/potion_of_fire_resistance"},
  {"predicate": {"custom_model_data":110006}, "model": "custom/consume/potion_of_invisibility"},
  {"predicate": {"custom_model_data":110007}, "model": "custom/consume/potion_of_lifeforce"},
  {"predicate": {"custom_model_data":110008}, "model": "custom/consume/potion_of_feather_falling"},
  {"predicate": {"custom_model_data":110009}, "model": "custom/consume/potion_of_deepsea"},
  {"predicate": {"custom_model_data":110010}, "model": "custom/consume/transform_chroma_1"},
  {"predicate": {"custom_model_data":110011}, "model": "custom/consume/transform_chroma_2"},
  {"predicate": {"custom_model_data":110012}, "model": "custom/consume/socket_gem_1"},
  {"predicate": {"custom_model_data":110013}, "model": "custom/consume/socket_gem_wind"},
  {"predicate": {"custom_model_data":110014}, "model": "custom/consume/socket_gem_fire"},
  {"predicate": {"custom_model_data":110015}, "model": "custom/consume/socket_gem_ice"},
  {"predicate": {"custom_model_data":110016}, "model": "custom/consume/socket_gem_lightning"},
  {"predicate": {"custom_model_data":110017}, "model": "custom/consume/socket_gem_venom"},
  {"predicate": {"custom_model_data":110018}, "model": "custom/consume/socket_gem_light"},
  {"predicate": {"custom_model_data":110019}, "model": "custom/consume/socket_gem_dark"},
  {"predicate": {"custom_model_data":110020}, "model": "custom/missing"},
  {"predicate": {"custom_model_data":110021}, "model": "custom/missing"},
  {"predicate": {"custom_model_data":110022}, "model": "custom/missing"},
  {"predicate": {"custom_model_data":110023}, "model": "custom/missing"},
  {"predicate": {"custom_model_data":110024}, "model": "custom/missing"},
  {"predicate": {"custom_model_data":110025}, "model": "custom/missing"},
  {"predicate": {"custom_model_data":110026}, "model": "custom/missing"},
  {"predicate": {"custom_model_data":110027}, "model": "custom/missing"},
  {"predicate": {"custom_model_data":110028}, "model": "custom/missing"},
  {"predicate": {"custom_model_data":110029}, "model": "custom/missing"},
  {"predicate": {"custom_model_data":110030}, "model": "custom/missing"},
  {"predicate": {"custom_model_data":110031}, "model": "custom/missing"},
  {"predicate": {"custom_model_data":110032}, "model": "custom/missing"},
  {"predicate": {"custom_model_data":110033}, "model": "custom/missing"},
  {"predicate": {"custom_model_data":110034}, "model": "custom/missing"},
  {"predicate": {"custom_model_data":110035}, "model": "custom/missing"},
  {"predicate": {"custom_model_data":110036}, "model": "custom/missing"},
  {"predicate": {"custom_model_data":110037}, "model": "custom/missing"},
  {"predicate": {"custom_model_data":110038}, "model": "custom/missing"},
  {"predicate": {"custom_model_data":110039}, "model": "custom/missing"},
  {"predicate": {"custom_model_data":110040}, "model": "custom/missing"}
  ]
}