{
    "parent": "item/generated",
    "textures": {
        "layer0": "item/leather_leggings"
    },
    "overrides": [
        {
            "predicate": {
                "custom_model_data": 5001
            },
            "model": "item/netc/armor/manleg"
        },
        {
            "predicate": {
                "custom_model_data": 5002
            },
            "model": "item/netc/armor/catleg"
        },
        {
            "predicate": {
                "custom_model_data": 5003
            },
            "model": "item/netc/armor/samuraileg"
        }
    ]
}
