{
    "parent": "item/generated",
    "textures": {
        "layer0": "item/leather_chestplate"
    },
    "overrides": [
        {
            "predicate": {
                "custom_model_data": 5001
            },
            "model": "item/netc/armor/manbody"
        },
        {
            "predicate": {
                "custom_model_data": 5002
            },
            "model": "item/netc/armor/catbody"
        },
        {
            "predicate": {
                "custom_model_data": 5003
            },
            "model": "item/netc/armor/samuraibody"
        }
    ]
}
