{
    "parent": "item/generated",
    "textures": {
        "layer0": "item/leather_boots"
    },
    "overrides": [
        {
            "predicate": {
                "custom_model_data": 5001
            },
            "model": "item/netc/armor/manboots"
        },
        {
            "predicate": {
                "custom_model_data": 5002
            },
            "model": "item/netc/armor/catboots"
        },
        {
            "predicate": {
                "custom_model_data": 5003
            },
            "model": "item/netc/armor/samuraiboots"
        }
    ]
}
