{
    "parent": "item/generated",
    "textures": {
        "layer0": "item/magma_cream"
    },
    "overrides": [
        {
            "predicate": {
                "custom_model_data": 5001
            },
            "model": "item/netc/magma_cream/lmg"
        },
        {
            "predicate": {
                "custom_model_data": 5002
            },
            "model": "item/netc/magma_cream/sr"
        },
        {
            "predicate": {
                "custom_model_data": 5003
            },
            "model": "item/netc/magma_cream/hairball"
        },
        {
            "predicate": {
                "custom_model_data": 5004
            },
            "model": "item/netc/magma_cream/money100"
        },
        {
            "predicate": {
                "custom_model_data": 5005
            },
            "model": "item/netc/magma_cream/bait2"
        },
        {
            "predicate": {
                "custom_model_data": 5006
            },
            "model": "item/netc/magma_cream/seafood19"
        },
        {
            "predicate": {
                "custom_model_data": 5007
            },
            "model": "item/netc/magma_cream/insect13"
        },
        {
            "predicate": {
                "custom_model_data": 5008
            },
            "model": "item/netc/magma_cream/fish34"
        },
        {
            "predicate": {
                "custom_model_data": 5009
            },
            "model": "item/netc/magma_cream/fish79"
        },
        {
            "predicate": {
                "custom_model_data": 5010
            },
            "model": "item/netc/magma_cream/buddha"
        },
        {
            "predicate": {
                "custom_model_data": 5011
            },
            "model": "item/netc/magma_cream/linker"
        }

    ]
}
