{
	"credit": "Made with Blockbench",
	"texture_size": [32, 32],
	"textures": {
		"0": "block/ft001",
		"particle": "block/ft001"
	},
	"elements": [
		{
			"from": [2, 4, 3],
			"to": [14, 6, 15],
			"rotation": {"angle": 0, "axis": "y", "origin": [8, 2.75, 9]},
			"faces": {
				"north": {"uv": [0, 6, 6, 7], "texture": "#0"},
				"east": {"uv": [0, 6, 6, 7], "texture": "#0"},
				"south": {"uv": [0, 6, 6, 7], "texture": "#0"},
				"west": {"uv": [0, 6, 6, 7], "texture": "#0"},
				"up": {"uv": [6, 6, 0, 0], "rotation": 180, "texture": "#0"},
				"down": {"uv": [6, 0, 0, 6], "rotation": 180, "texture": "#0"}
			}
		},
		{
			"from": [3, 1, 4],
			"to": [13, 4, 14],
			"rotation": {"angle": 0, "axis": "y", "origin": [8, 2.75, 9]},
			"faces": {
				"north": {"uv": [6, 0, 11, 1.5], "texture": "#0"},
				"east": {"uv": [6, 0, 11, 1.5], "texture": "#0"},
				"south": {"uv": [6, 0, 11, 1.5], "texture": "#0"},
				"west": {"uv": [6, 0, 11, 1.5], "texture": "#0"},
				"up": {"uv": [11, 5, 6, 0], "rotation": 180, "texture": "#0"},
				"down": {"uv": [11, 1.5, 6, 6.5], "rotation": 180, "texture": "#0"}
			}
		},
		{
			"from": [3, 0, 4],
			"to": [5, 1, 6],
			"rotation": {"angle": 0, "axis": "y", "origin": [8, 2.75, 9]},
			"faces": {
				"north": {"uv": [2, 7, 1, 7.5], "texture": "#0"},
				"east": {"uv": [2, 7.5, 1, 8], "texture": "#0"},
				"south": {"uv": [1, 7.5, 2, 8], "texture": "#0"},
				"west": {"uv": [1, 7, 2, 7.5], "texture": "#0"},
				"up": {"uv": [1, 13, 0, 12], "rotation": 180, "texture": "#0"},
				"down": {"uv": [1, 7, 0, 8], "rotation": 180, "texture": "#0"}
			}
		},
		{
			"from": [3, 0, 12],
			"to": [5, 1, 14],
			"rotation": {"angle": 0, "axis": "y", "origin": [8, 2.75, 9]},
			"faces": {
				"north": {"uv": [2, 7.5, 1, 8], "texture": "#0"},
				"east": {"uv": [1, 7.5, 2, 8], "texture": "#0"},
				"south": {"uv": [1, 7, 2, 7.5], "texture": "#0"},
				"west": {"uv": [2, 7, 1, 7.5], "texture": "#0"},
				"up": {"uv": [1, 13, 0, 12], "rotation": 90, "texture": "#0"},
				"down": {"uv": [1, 7, 0, 8], "rotation": 270, "texture": "#0"}
			}
		},
		{
			"from": [11, 0, 12],
			"to": [13, 1, 14],
			"rotation": {"angle": 0, "axis": "y", "origin": [8, 2.75, 9]},
			"faces": {
				"north": {"uv": [1, 7.5, 2, 8], "texture": "#0"},
				"east": {"uv": [1, 7, 2, 7.5], "texture": "#0"},
				"south": {"uv": [2, 7, 1, 7.5], "texture": "#0"},
				"west": {"uv": [2, 7.5, 1, 8], "texture": "#0"},
				"up": {"uv": [1, 13, 0, 12], "texture": "#0"},
				"down": {"uv": [1, 7, 0, 8], "texture": "#0"}
			}
		},
		{
			"from": [11, 0, 4],
			"to": [13, 1, 6],
			"rotation": {"angle": 0, "axis": "y", "origin": [8, 2.75, 9]},
			"faces": {
				"north": {"uv": [1, 7, 2, 7.5], "texture": "#0"},
				"east": {"uv": [2, 7, 1, 7.5], "texture": "#0"},
				"south": {"uv": [2, 7.5, 1, 8], "texture": "#0"},
				"west": {"uv": [1, 7.5, 2, 8], "texture": "#0"},
				"up": {"uv": [1, 13, 0, 12], "rotation": 270, "texture": "#0"},
				"down": {"uv": [1, 7, 0, 8], "rotation": 90, "texture": "#0"}
			}
		},
		{
			"from": [3, 0.375, 0.5],
			"to": [7, 7.375, 0.5],
			"rotation": {"angle": 22.5, "axis": "x", "origin": [3, 0.375, -0.5]},
			"faces": {
				"north": {"uv": [13, 2.5, 15, 6], "texture": "#0"},
				"east": {"uv": [0, 0, 0, 3.5], "texture": "#missing"},
				"south": {"uv": [11, 2.5, 13, 6], "texture": "#0"},
				"west": {"uv": [0, 0, 0, 3.5], "texture": "#missing"},
				"up": {"uv": [0, 0, 2, 0], "texture": "#missing"},
				"down": {"uv": [0, 0, 2, 0], "texture": "#missing"}
			}
		},
		{
			"from": [-1, 6, 9],
			"to": [17, 18, 9],
			"rotation": {"angle": 45, "axis": "y", "origin": [8, 12.25, 9]},
			"faces": {
				"north": {"uv": [0, 8, 6, 16], "rotation": 90, "texture": "#0"},
				"east": {"uv": [0, 0, 6, 0], "rotation": 270, "texture": "#missing"},
				"south": {"uv": [6, 8, 0, 16], "rotation": 270, "texture": "#0"},
				"west": {"uv": [0, 0, 6, 0], "rotation": 270, "texture": "#missing"},
				"up": {"uv": [0, 0, 0, 7.5], "rotation": 270, "texture": "#missing"},
				"down": {"uv": [0, 0, 0, 7.5], "rotation": 270, "texture": "#missing"}
			}
		},
		{
			"from": [7.975, 6, -2],
			"to": [8.025, 19, 20],
			"rotation": {"angle": 45, "axis": "y", "origin": [8, 12.25, 9]},
			"faces": {
				"east": {"uv": [6, 6.5, 16, 13], "rotation": 180, "texture": "#0", "tintindex": 1},
				"west": {"uv": [6, 6.5, 16, 13], "rotation": 180, "texture": "#0", "tintindex": 1}
			}
		},
		{
			"from": [8, 6, 0],
			"to": [8, 18, 18],
			"rotation": {"angle": 45, "axis": "y", "origin": [8, 12.25, 9]},
			"faces": {
				"north": {"uv": [0, 0, 6, 0], "rotation": 270, "texture": "#missing"},
				"east": {"uv": [0, 8, 6, 16], "rotation": 90, "texture": "#0"},
				"south": {"uv": [0, 0, 6, 0], "rotation": 270, "texture": "#missing"},
				"west": {"uv": [6, 8, 0, 16], "rotation": 270, "texture": "#0"},
				"up": {"uv": [0, 0, 0, 7.5], "texture": "#missing"},
				"down": {"uv": [0, 0, 0, 7.5], "rotation": 180, "texture": "#missing"}
			}
		},
		{
			"from": [-3, 6, 8.975],
			"to": [19, 19, 9.025],
			"rotation": {"angle": 45, "axis": "y", "origin": [8, 12.25, 9]},
			"faces": {
				"north": {"uv": [6, 6.5, 16, 13], "rotation": 180, "texture": "#0", "tintindex": 1},
				"south": {"uv": [6, 6.5, 16, 13], "rotation": 180, "texture": "#0", "tintindex": 1}
			}
		}
	],
	"display": {
		"thirdperson_righthand": {
			"rotation": [75, 45, 0],
			"translation": [0, 2.5, 0],
			"scale": [0.375, 0.375, 0.375]
		},
		"thirdperson_lefthand": {
			"rotation": [75, 45, 0],
			"translation": [0, 2.5, 0],
			"scale": [0.375, 0.375, 0.375]
		},
		"firstperson_righthand": {
			"rotation": [0, 135, 0],
			"translation": [0, 3.75, 0],
			"scale": [0.4, 0.4, 0.4]
		},
		"firstperson_lefthand": {
			"rotation": [0, 135, 0],
			"translation": [0, 3.75, 0],
			"scale": [0.4, 0.4, 0.4]
		},
		"ground": {
			"translation": [0, 3, 0],
			"scale": [0.25, 0.25, 0.25]
		},
		"gui": {
			"rotation": [30, 225, 0],
			"scale": [0.625, 0.625, 0.625]
		},
		"head": {
			"translation": [0, 15.25, 0]
		},
		"fixed": {
			"rotation": [-90, 0, 0],
			"translation": [0, 0, -16],
			"scale": [2, 2, 2]
		}
	}
}