{
	"credit": "Made with Blockbench",
	"texture_size": [32, 32],
	"textures": {
		"0": "netc/tickets/ticket_nyaa_tea_pack",
		"particle": "netc/tickets/ticket_nyaa_tea_pack"
	},
	"elements": [
		{
			"name": "tag",
			"from": [7.5, 4.5, 5.7],
			"to": [10.5, 10.5, 5.7],
			"rotation": {"angle": 22.5, "axis": "x", "origin": [8.5, 9.5, 6.2]},
			"faces": {
				"north": {"uv": [10, 0, 11.5, 3], "texture": "#0"},
				"east": {"uv": [0, 0, 0, 3], "texture": "#0"},
				"south": {"uv": [10, 3, 11.5, 6], "texture": "#0"},
				"west": {"uv": [0, 0, 0, 3], "texture": "#0"},
				"up": {"uv": [1.5, 0, 0, 0], "texture": "#0"},
				"down": {"uv": [1.5, 0, 0, 0], "texture": "#0"}
			}
		},
		{
			"from": [6, 8.8, 6],
			"to": [10, 12.8, 6],
			"rotation": {"angle": 22.5, "axis": "x", "origin": [9.5, 11.3, 5.5]},
			"faces": {
				"north": {"uv": [4, 11, 6, 13], "texture": "#0"},
				"east": {"uv": [0, 0, 0, 2], "texture": "#0"},
				"south": {"uv": [11.5, 0, 13.5, 2], "texture": "#0"},
				"west": {"uv": [0, 0, 0, 2], "texture": "#0"},
				"up": {"uv": [2, 0, 0, 0], "texture": "#0"},
				"down": {"uv": [2, 0, 0, 0], "texture": "#0"}
			}
		},
		{
			"from": [6, 8.8, 10],
			"to": [10, 12.8, 10],
			"rotation": {"angle": -22.5, "axis": "x", "origin": [9.5, 11.3, 10.5]},
			"faces": {
				"north": {"uv": [0, 11, 2, 13], "texture": "#0"},
				"east": {"uv": [0, 0, 0, 2], "texture": "#0"},
				"south": {"uv": [2, 11, 4, 13], "texture": "#0"},
				"west": {"uv": [0, 0, 0, 2], "texture": "#0"},
				"up": {"uv": [2, 0, 0, 0], "texture": "#0"},
				"down": {"uv": [2, 0, 0, 0], "texture": "#0"}
			}
		},
		{
			"from": [5.2, 0.2, 6],
			"to": [10.8, 1, 10],
			"rotation": {"angle": 0, "axis": "y", "origin": [7, 0, 7]},
			"faces": {
				"north": {"uv": [8, 11.5, 11, 12], "texture": "#0"},
				"east": {"uv": [11, 13, 13, 13.5], "texture": "#0"},
				"south": {"uv": [11, 11.5, 14, 12], "texture": "#0"},
				"west": {"uv": [13, 13, 15, 13.5], "texture": "#0"},
				"up": {"uv": [3, 11, 0, 9], "texture": "#0"},
				"down": {"uv": [6, 9, 3, 11], "texture": "#0"}
			}
		},
		{
			"from": [5, 0, 5.5],
			"to": [11, 9, 6.5],
			"rotation": {"angle": 0, "axis": "y", "origin": [7, 0, 5.5]},
			"faces": {
				"north": {"uv": [0, 0, 3, 4.5], "texture": "#0"},
				"east": {"uv": [6, 11.5, 6.5, 16], "texture": "#0"},
				"south": {"uv": [3, 0, 6, 4.5], "texture": "#0"},
				"west": {"uv": [6.5, 11.5, 7, 16], "texture": "#0"},
				"up": {"uv": [11, 12.5, 8, 12], "texture": "#0"},
				"down": {"uv": [15, 10, 12, 10.5], "texture": "#0"}
			}
		},
		{
			"from": [5, 0, 9.5],
			"to": [11, 9, 10.5],
			"rotation": {"angle": 0, "axis": "y", "origin": [7, 0, 9.5]},
			"faces": {
				"north": {"uv": [0, 4.5, 3, 9], "texture": "#0"},
				"east": {"uv": [7, 11.5, 7.5, 16], "texture": "#0"},
				"south": {"uv": [3, 4.5, 6, 9], "texture": "#0"},
				"west": {"uv": [7.5, 11.5, 8, 16], "texture": "#0"},
				"up": {"uv": [15, 11, 12, 10.5], "texture": "#0"},
				"down": {"uv": [14, 12, 11, 12.5], "texture": "#0"}
			}
		},
		{
			"from": [5, 8.9, 5.9],
			"to": [11, 11.9, 6.8],
			"rotation": {"angle": 22.5, "axis": "x", "origin": [8, 9.9, 5.9]},
			"faces": {
				"north": {"uv": [6, 10, 9, 11.5], "texture": "#0"},
				"east": {"uv": [0, 13.5, 0.5, 15], "texture": "#0"},
				"south": {"uv": [10, 6, 13, 7.5], "texture": "#0"},
				"west": {"uv": [13.5, 0, 14, 1.5], "texture": "#0"},
				"up": {"uv": [15, 11.5, 12, 11], "texture": "#0"},
				"down": {"uv": [11, 12.5, 8, 13], "texture": "#0"}
			}
		},
		{
			"from": [5, 8.9, 9.2],
			"to": [11, 11.9, 10.1],
			"rotation": {"angle": -22.5, "axis": "x", "origin": [8, 9.9, 10.1]},
			"faces": {
				"north": {"uv": [10, 7.5, 13, 9], "texture": "#0"},
				"east": {"uv": [0.5, 13.5, 1, 15], "texture": "#0"},
				"south": {"uv": [9, 10, 12, 11.5], "texture": "#0"},
				"west": {"uv": [1, 13.5, 1.5, 15], "texture": "#0"},
				"up": {"uv": [15.5, 9.5, 12.5, 9], "texture": "#0"},
				"down": {"uv": [15.5, 9.5, 12.5, 10], "texture": "#0"}
			}
		},
		{
			"from": [5, 11.4, 6.5],
			"to": [11, 12.4, 7.5],
			"rotation": {"angle": 0, "axis": "y", "origin": [7, 11.4, 6.5]},
			"faces": {
				"north": {"uv": [11, 12.5, 14, 13], "texture": "#0"},
				"east": {"uv": [2.5, 13.5, 3, 14], "texture": "#0"},
				"south": {"uv": [0, 13, 3, 13.5], "texture": "#0"},
				"west": {"uv": [3, 13.5, 3.5, 14], "texture": "#0"},
				"up": {"uv": [6, 13.5, 3, 13], "texture": "#0"},
				"down": {"uv": [16, 6, 13, 6.5], "texture": "#0"}
			}
		},
		{
			"from": [5, 11.4, 8.5],
			"to": [11, 12.4, 9.5],
			"rotation": {"angle": 0, "axis": "y", "origin": [7, 11.4, 8.5]},
			"faces": {
				"north": {"uv": [13, 6.5, 16, 7], "texture": "#0"},
				"east": {"uv": [3.5, 13.5, 4, 14], "texture": "#0"},
				"south": {"uv": [13, 7, 16, 7.5], "texture": "#0"},
				"west": {"uv": [4, 13.5, 4.5, 14], "texture": "#0"},
				"up": {"uv": [16, 8, 13, 7.5], "texture": "#0"},
				"down": {"uv": [11, 13, 8, 13.5], "texture": "#0"}
			}
		},
		{
			"from": [5.4, 1, 6.5],
			"to": [10.6, 11.3, 9.5],
			"rotation": {"angle": 0, "axis": "y", "origin": [7, 0, 7]},
			"faces": {
				"north": {"uv": [6, 0, 8.5, 5], "texture": "#0"},
				"east": {"uv": [8.5, 0, 10, 5], "texture": "#0"},
				"south": {"uv": [6, 5, 8.5, 10], "texture": "#0"},
				"west": {"uv": [8.5, 5, 10, 10], "texture": "#0"},
				"up": {"uv": [14, 3.5, 11.5, 2], "texture": "#0"},
				"down": {"uv": [14, 3.5, 11.5, 5], "texture": "#0"}
			}
		},
		{
			"from": [5.4, 11.3, 7],
			"to": [10.6, 12.1, 9],
			"rotation": {"angle": 0, "axis": "y", "origin": [7, 10.3, 7]},
			"faces": {
				"north": {"uv": [13, 8, 15.5, 8.5], "texture": "#0"},
				"east": {"uv": [1.5, 13.5, 2.5, 14], "texture": "#0"},
				"south": {"uv": [13, 8.5, 15.5, 9], "texture": "#0"},
				"west": {"uv": [13.5, 1.5, 14.5, 2], "texture": "#0"},
				"up": {"uv": [12.5, 10, 10, 9], "texture": "#0"},
				"down": {"uv": [14, 5, 11.5, 6], "texture": "#0"}
			}
		}
	],
	"display": {
		"thirdperson_righthand": {
			"rotation": [-113, -90, 180],
			"translation": [0.5, -3, -2.75],
			"scale": [0.75, 0.75, 0.75]
		},
		"thirdperson_lefthand": {
			"rotation": [-113, -90, 180],
			"translation": [0.5, -3, -2.75],
			"scale": [0.75, 0.75, 0.75]
		},
		"firstperson_righthand": {
			"rotation": [0, 110, 0],
			"translation": [0, 3.75, -1],
			"scale": [0.75, 0.75, 0.75]
		},
		"firstperson_lefthand": {
			"rotation": [0, 110, 0],
			"translation": [0, 3.75, -1],
			"scale": [0.75, 0.75, 0.75]
		},
		"ground": {
			"translation": [0, 2.75, 0],
			"scale": [0.75, 0.75, 0.75]
		},
		"gui": {
			"rotation": [30, 135, 0],
			"translation": [0, 1.5, 0]
		},
		"head": {
			"translation": [0, 14.25, 0]
		},
		"fixed": {
			"rotation": [-90, 0, 0],
			"translation": [0, 0, -16],
			"scale": [2, 2, 2]
		}
	}
}