{
	"credit": "Made with Blockbench",
	"texture_size": [32, 32],
	"textures": {
		"0": "netc/gold_nugget/orange",
		"particle": "netc/gold_nugget/orange"
	},
	"elements": [
		{
			"from": [4, 0, 5],
			"to": [12, 1, 11],
			"rotation": {"angle": 0, "axis": "y", "origin": [7, 0, 7]},
			"faces": {
				"north": {"uv": [0, 7.5, 4, 8], "texture": "#0"},
				"east": {"uv": [7.5, 4, 10.5, 4.5], "texture": "#0"},
				"south": {"uv": [4, 7.5, 8, 8], "texture": "#0"},
				"west": {"uv": [7.5, 4.5, 10.5, 5], "texture": "#0"},
				"up": {"uv": [4, 3, 0, 0], "texture": "#0"},
				"down": {"uv": [4, 3, 0, 6], "texture": "#0"}
			}
		},
		{
			"from": [3, 0, 5],
			"to": [4, 2, 12],
			"rotation": {"angle": 0, "axis": "y", "origin": [3, 0, 0]},
			"faces": {
				"north": {"uv": [7, 8, 7.5, 9], "texture": "#0"},
				"east": {"uv": [4, 4, 7.5, 5], "texture": "#0"},
				"south": {"uv": [7.5, 8, 8, 9], "texture": "#0"},
				"west": {"uv": [4, 5, 7.5, 6], "texture": "#0"},
				"up": {"uv": [0.5, 11.5, 0, 8], "texture": "#0"},
				"down": {"uv": [1, 8, 0.5, 11.5], "texture": "#0"}
			}
		},
		{
			"from": [12, 0, 4],
			"to": [13, 2, 11],
			"rotation": {"angle": 0, "axis": "y", "origin": [12, 0, -1]},
			"faces": {
				"north": {"uv": [8, 7.5, 8.5, 8.5], "texture": "#0"},
				"east": {"uv": [0, 6, 3.5, 7], "texture": "#0"},
				"south": {"uv": [8.5, 0, 9, 1], "texture": "#0"},
				"west": {"uv": [3.5, 6, 7, 7], "texture": "#0"},
				"up": {"uv": [1.5, 11.5, 1, 8], "texture": "#0"},
				"down": {"uv": [2, 8, 1.5, 11.5], "texture": "#0"}
			}
		},
		{
			"from": [3, 0, 4],
			"to": [12, 2, 5],
			"rotation": {"angle": 0, "axis": "y", "origin": [6, 0, 3]},
			"faces": {
				"north": {"uv": [4, 0, 8.5, 1], "texture": "#0"},
				"east": {"uv": [8.5, 1, 9, 2], "texture": "#0"},
				"south": {"uv": [4, 1, 8.5, 2], "texture": "#0"},
				"west": {"uv": [8.5, 2, 9, 3], "texture": "#0"},
				"up": {"uv": [4.5, 7.5, 0, 7], "texture": "#0"},
				"down": {"uv": [9, 7, 4.5, 7.5], "texture": "#0"}
			}
		},
		{
			"from": [4, 0, 11],
			"to": [13, 2, 12],
			"rotation": {"angle": 0, "axis": "y", "origin": [7, 0, 10]},
			"faces": {
				"north": {"uv": [4, 2, 8.5, 3], "texture": "#0"},
				"east": {"uv": [8.5, 3, 9, 4], "texture": "#0"},
				"south": {"uv": [4, 3, 8.5, 4], "texture": "#0"},
				"west": {"uv": [8.5, 5, 9, 6], "texture": "#0"},
				"up": {"uv": [11.5, 6.5, 7, 6], "texture": "#0"},
				"down": {"uv": [11.5, 6.5, 7, 7], "texture": "#0"}
			}
		},
		{
			"from": [4.25, 1, 5.5],
			"to": [11.25, 3, 7.5],
			"rotation": {"angle": 0, "axis": "y", "origin": [5.25, 1, 5.5]},
			"faces": {
				"north": {"uv": [0, 12.5, 3.5, 13.5], "texture": "#0"},
				"east": {"uv": [2, 8, 3, 9], "texture": "#0"},
				"south": {"uv": [0, 13.5, 3.5, 14.5], "texture": "#0"},
				"west": {"uv": [3, 8, 4, 9], "texture": "#0"},
				"up": {"uv": [0, 11.5, 3.5, 12.5], "texture": "#0"},
				"down": {"uv": [0, 14.5, 3.5, 15.5], "texture": "#0"}
			}
		},
		{
			"from": [11, 2.41351, 6.41351],
			"to": [12, 4.41351, 6.41351],
			"rotation": {"angle": -45, "axis": "x", "origin": [11, 2.41351, 8.41351]},
			"faces": {
				"north": {"uv": [5.5, 8, 6, 9], "rotation": 180, "texture": "#0"},
				"east": {"uv": [0, 0, 1, 0], "rotation": 90, "texture": "#0"},
				"south": {"uv": [5, 8, 5.5, 9], "texture": "#0"},
				"west": {"uv": [0, 0, 1, 0], "rotation": 270, "texture": "#0"},
				"up": {"uv": [0, 0, 0.5, 0], "texture": "#0"},
				"down": {"uv": [0, 0, 0.5, 0], "rotation": 180, "texture": "#0"}
			}
		},
		{
			"from": [11, 2.17087, 7.00071],
			"to": [12, 2.17087, 9.00071],
			"rotation": {"angle": -45, "axis": "x", "origin": [11, 0.17087, 7.00071]},
			"faces": {
				"north": {"uv": [0, 0, 0.5, 0], "texture": "#0"},
				"east": {"uv": [0, 0, 1, 0], "texture": "#0"},
				"south": {"uv": [0, 0, 0.5, 0], "texture": "#0"},
				"west": {"uv": [0, 0, 1, 0], "texture": "#0"},
				"up": {"uv": [4.5, 8, 5, 9], "texture": "#0"},
				"down": {"uv": [4, 8, 4.5, 9], "texture": "#0"}
			}
		},
		{
			"from": [5, 1, 8.5],
			"to": [12, 3, 10.5],
			"rotation": {"angle": 0, "axis": "y", "origin": [6, 1, 8.5]},
			"faces": {
				"north": {"uv": [0, 12.5, 3.5, 13.5], "texture": "#0"},
				"east": {"uv": [2, 8, 3, 9], "texture": "#0"},
				"south": {"uv": [0, 13.5, 3.5, 14.5], "texture": "#0"},
				"west": {"uv": [3, 8, 4, 9], "texture": "#0"},
				"up": {"uv": [0, 11.5, 3.5, 12.5], "texture": "#0"},
				"down": {"uv": [0, 14.5, 3.5, 15.5], "texture": "#0"}
			}
		},
		{
			"from": [12, 2.41351, 9.41351],
			"to": [13, 4.41351, 9.41351],
			"rotation": {"angle": -45, "axis": "x", "origin": [12, 2.41351, 11.41351]},
			"faces": {
				"north": {"uv": [5.5, 8, 6, 9], "rotation": 180, "texture": "#0"},
				"east": {"uv": [0, 0, 1, 0], "rotation": 90, "texture": "#0"},
				"south": {"uv": [5, 8, 5.5, 9], "texture": "#0"},
				"west": {"uv": [0, 0, 1, 0], "rotation": 270, "texture": "#0"},
				"up": {"uv": [0, 0, 0.5, 0], "texture": "#0"},
				"down": {"uv": [0, 0, 0.5, 0], "rotation": 180, "texture": "#0"}
			}
		},
		{
			"from": [12, 2.17087, 10.00071],
			"to": [13, 2.17087, 12.00071],
			"rotation": {"angle": -45, "axis": "x", "origin": [12, 0.17087, 10.00071]},
			"faces": {
				"north": {"uv": [0, 0, 0.5, 0], "texture": "#0"},
				"east": {"uv": [0, 0, 1, 0], "texture": "#0"},
				"south": {"uv": [0, 0, 0.5, 0], "texture": "#0"},
				"west": {"uv": [0, 0, 1, 0], "texture": "#0"},
				"up": {"uv": [4.5, 8, 5, 9], "texture": "#0"},
				"down": {"uv": [4, 8, 4.5, 9], "texture": "#0"}
			}
		},
		{
			"from": [3.75, 3, 7.5],
			"to": [10.75, 5, 9.5],
			"rotation": {"angle": 0, "axis": "y", "origin": [4.75, 3, 7.5]},
			"faces": {
				"north": {"uv": [0, 12.5, 3.5, 13.5], "texture": "#0"},
				"east": {"uv": [2, 8, 3, 9], "texture": "#0"},
				"south": {"uv": [0, 13.5, 3.5, 14.5], "texture": "#0"},
				"west": {"uv": [3, 8, 4, 9], "texture": "#0"},
				"up": {"uv": [0, 11.5, 3.5, 12.5], "texture": "#0"},
				"down": {"uv": [0, 14.5, 3.5, 15.5], "texture": "#0"}
			}
		},
		{
			"from": [11, 4.41351, 8.41351],
			"to": [12, 6.41351, 8.41351],
			"rotation": {"angle": -45, "axis": "x", "origin": [11, 4.41351, 10.41351]},
			"faces": {
				"north": {"uv": [5.5, 8, 6, 9], "rotation": 180, "texture": "#0"},
				"east": {"uv": [0, 0, 1, 0], "rotation": 90, "texture": "#0"},
				"south": {"uv": [5, 8, 5.5, 9], "texture": "#0"},
				"west": {"uv": [0, 0, 1, 0], "rotation": 270, "texture": "#0"},
				"up": {"uv": [0, 0, 0.5, 0], "texture": "#0"},
				"down": {"uv": [0, 0, 0.5, 0], "rotation": 180, "texture": "#0"}
			}
		},
		{
			"from": [11, 4.17087, 9.00071],
			"to": [12, 4.17087, 11.00071],
			"rotation": {"angle": -45, "axis": "x", "origin": [11, 2.17087, 9.00071]},
			"faces": {
				"north": {"uv": [0, 0, 0.5, 0], "texture": "#0"},
				"east": {"uv": [0, 0, 1, 0], "texture": "#0"},
				"south": {"uv": [0, 0, 0.5, 0], "texture": "#0"},
				"west": {"uv": [0, 0, 1, 0], "texture": "#0"},
				"up": {"uv": [4.5, 8, 5, 9], "texture": "#0"},
				"down": {"uv": [4, 8, 4.5, 9], "texture": "#0"}
			}
		}
	],
	"display": {
		"thirdperson_righthand": {
			"rotation": [94, 0, 0],
			"translation": [0, 1.25, 3.75],
			"scale": [0.5, 0.5, 0.5]
		},
		"thirdperson_lefthand": {
			"rotation": [83, 0, 0],
			"translation": [0, 2, 3.5],
			"scale": [0.5, 0.5, 0.5]
		},
		"firstperson_righthand": {
			"rotation": [21, 0, 0],
			"translation": [0.75, 6.25, 0]
		},
		"firstperson_lefthand": {
			"rotation": [17, 0, 0],
			"translation": [1.25, 6.25, 0]
		},
		"ground": {
			"translation": [0, 3, 0],
			"scale": [0.5, 0.5, 0.5]
		},
		"gui": {
			"rotation": [34, -29, 0],
			"translation": [0, 5.5, 0]
		},
		"head": {
			"translation": [0, 14.5, 0]
		},
		"fixed": {
			"rotation": [-90, 0, 0],
			"translation": [0, 0, -16],
			"scale": [2, 2, 2]
		}
	},
	"groups": [
		{
			"name": "group",
			"origin": [7, 0, 7],
			"color": 0,
			"children": [0, 1, 2, 3, 4]
		},
		{
			"name": "group",
			"origin": [8, 8, 8],
			"color": 0,
			"children": [
				5,
				6,
				7,
				{
					"name": "group",
					"origin": [8, 8, 8],
					"color": 0,
					"children": [8, 9, 10]
				},
				{
					"name": "group",
					"origin": [8, 8, 8],
					"color": 0,
					"children": [11, 12, 13]
				}
			]
		}
	]
}