{
	"credit": "Made with Blockbench",
	"texture_size": [64, 64],
	"textures": {
		"0": "nw/bench_addon/gongyuanchangyi2",
		"particle": "nw/bench_addon/gongyuanchangyi2"
	},
	"elements": [
		{
			"from": [0, 0, 0],
			"to": [16, 8, 15],
			"rotation": {"angle": 0, "axis": "y", "origin": [16, 3, 0]},
			"faces": {
				"north": {"uv": [8, 0, 4, 2.5], "texture": "#0"},
				"east": {"uv": [7.75, 7.5, 4, 10], "texture": "#0"},
				"south": {"uv": [8, 5, 4, 7], "texture": "#0"},
				"west": {"uv": [8, 2.5, 4, 5], "texture": "#0"},
				"up": {"uv": [0, 4, 4, 0.25], "texture": "#0"},
				"down": {"uv": [0, 4, 4, 8], "texture": "#0"}
			}
		},
		{
			"from": [0, 0, 15],
			"to": [16, 8, 0],
			"rotation": {"angle": 0, "axis": "y", "origin": [16, 3, 31]},
			"faces": {
				"north": {"uv": [4, 5, 8, 7], "texture": "#0"},
				"east": {"uv": [4, 7.5, 7.75, 10], "texture": "#0"},
				"south": {"uv": [4, 0, 8, 2], "texture": "#0"},
				"west": {"uv": [4, 2.5, 8, 5], "texture": "#0"},
				"up": {"uv": [0, 0.25, 4, 4], "texture": "#0"},
				"down": {"uv": [0, 8, 4, 4], "texture": "#0"}
			}
		}
	],
	"display": {
		"thirdperson_righthand": {
			"rotation": [75, 45, 0],
			"translation": [0, 1.25, 0],
			"scale": [0.375, 0.375, 0.375]
		},
		"thirdperson_lefthand": {
			"rotation": [75, 45, 0],
			"translation": [0, 1.25, 0],
			"scale": [0.375, 0.375, 0.375]
		},
		"firstperson_righthand": {
			"rotation": [0, 225, 0],
			"translation": [0, 2, 0],
			"scale": [0.4, 0.4, 0.4]
		},
		"firstperson_lefthand": {
			"rotation": [0, 225, 0],
			"translation": [0, 2, 0],
			"scale": [0.4, 0.4, 0.4]
		},
		"ground": {
			"translation": [0, 3, 0],
			"scale": [0.25, 0.25, 0.25]
		},
		"gui": {
			"rotation": [30, -135, 0],
			"translation": [0, 2, 0],
			"scale": [0.625, 0.625, 0.625]
		},
		"head": {
			"rotation": [0, 180, 0],
			"translation": [0, 13, -0.75]
		},
		"fixed": {
			"rotation": [-90, 0, 0],
			"translation": [0, 0, -16],
			"scale": [2, 2, 2]
		}
	}
}