{
	"credit": "Made with Blockbench",
	"texture_size": [128, 128],
	"textures": {
		"0": "netc/magma_cream/buddha",
		"particle": "netc/magma_cream/buddha"
	},
	"elements": [
		{
			"from": [-16, -4, 14],
			"to": [32, 32, 14],
			"rotation": {"angle": 0, "axis": "y", "origin": [-5, -4, 7]},
			"faces": {
				"north": {"uv": [0, 11.51563, 6, 15.98438], "texture": "#0"},
				"east": {"uv": [0, 0, 0, 4.5], "texture": "#0"},
				"south": {"uv": [0.01563, 0, 5.98438, 4.48438], "texture": "#0"},
				"west": {"uv": [0, 0, 0, 4.5], "texture": "#0"},
				"up": {"uv": [3, 0, 0, 0], "texture": "#0"},
				"down": {"uv": [3, 0, 0, 0], "texture": "#0"}
			}
		},
		{
			"from": [4, 5.01671, 4.97069],
			"to": [12, 11.01671, 11.97069],
			"rotation": {"angle": 0, "axis": "y", "origin": [7, -13.98329, 5.97069]},
			"faces": {
				"north": {"uv": [4.625, 7.625, 5.625, 8.375], "texture": "#0"},
				"east": {"uv": [2.625, 8, 3.5, 8.75], "texture": "#0"},
				"south": {"uv": [0, 7.75, 1, 8.5], "texture": "#0"},
				"west": {"uv": [3.5, 8, 4.375, 8.75], "texture": "#0"},
				"up": {"uv": [8.5, 3.5, 7.5, 2.625], "texture": "#0"},
				"down": {"uv": [8.5, 3.5, 7.5, 4.375], "texture": "#0"}
			}
		},
		{
			"from": [15.14214, 11.8035, 5.97069],
			"to": [23.14214, 14.8035, 8.97069],
			"rotation": {"angle": 45, "axis": "z", "origin": [18.14214, -10.1965, 5.97069]},
			"faces": {
				"north": {"uv": [10.25, 1, 11.25, 1.375], "texture": "#0"},
				"east": {"uv": [6.75, 11, 7.125, 11.375], "texture": "#0"},
				"south": {"uv": [10.25, 1.375, 11.25, 1.75], "texture": "#0"},
				"west": {"uv": [7.875, 11, 8.25, 11.375], "texture": "#0"},
				"up": {"uv": [11.25, 2.125, 10.25, 1.75], "texture": "#0"},
				"down": {"uv": [11.25, 2.125, 10.25, 2.5], "texture": "#0"}
			}
		},
		{
			"from": [-3.57843, 5.34208, 8.47069],
			"to": [6.42157, 8.34208, 11.47069],
			"rotation": {"angle": 22.5, "axis": "z", "origin": [6, 11.42051, 9.97069]},
			"faces": {
				"north": {"uv": [9.25, 4.75, 10.5, 5.125], "texture": "#0"},
				"east": {"uv": [10.5, 11, 10.875, 11.375], "texture": "#0"},
				"south": {"uv": [9.25, 5.125, 10.5, 5.5], "texture": "#0"},
				"west": {"uv": [1, 11.125, 1.375, 11.5], "texture": "#0"},
				"up": {"uv": [10.5, 5.875, 9.25, 5.5], "texture": "#0"},
				"down": {"uv": [6.375, 9.375, 5.125, 9.75], "texture": "#0"}
			}
		},
		{
			"from": [-8.165, 1.83791, 8.97069],
			"to": [1.835, 4.83791, 10.97069],
			"rotation": {"angle": -22.5, "axis": "z", "origin": [1.41343, 7.91634, 9.97069]},
			"faces": {
				"north": {"uv": [2.5, 9.875, 3.75, 10.25], "texture": "#0"},
				"east": {"uv": [5.75, 6.5, 6, 6.875], "texture": "#0"},
				"south": {"uv": [9.875, 8.25, 11.125, 8.625], "texture": "#0"},
				"west": {"uv": [4.375, 8, 4.625, 8.375], "texture": "#0"},
				"up": {"uv": [11.25, 4.125, 10, 3.875], "texture": "#0"},
				"down": {"uv": [11.75, 4.75, 10.5, 5], "texture": "#0"}
			}
		},
		{
			"from": [-10.11748, 19.42592, 8.22069],
			"to": [-4.11748, 20.42592, 11.22069],
			"rotation": {"angle": -22.5, "axis": "z", "origin": [-8.11748, 19.92592, 9.22069]},
			"faces": {
				"north": {"uv": [12, 9.625, 11.25, 9.75], "texture": "#0"},
				"east": {"uv": [6.375, 11.375, 6, 11.5], "texture": "#0"},
				"south": {"uv": [12, 9.75, 11.25, 9.875], "texture": "#0"},
				"west": {"uv": [11.75, 5.875, 11.375, 6], "texture": "#0"},
				"up": {"uv": [9.375, 11, 10.125, 10.625], "texture": "#0"},
				"down": {"uv": [10.125, 10.625, 10.875, 11], "texture": "#0"}
			}
		},
		{
			"from": [-14.61394, 7.73774, 7.97069],
			"to": [-8.61394, 8.73774, 10.97069],
			"rotation": {"angle": 0, "axis": "y", "origin": [-12.61394, 8.23774, 8.97069]},
			"faces": {
				"north": {"uv": [12, 9.625, 11.25, 9.75], "texture": "#0"},
				"east": {"uv": [6.375, 11.375, 6, 11.5], "texture": "#0"},
				"south": {"uv": [12, 9.75, 11.25, 9.875], "texture": "#0"},
				"west": {"uv": [11.75, 5.875, 11.375, 6], "texture": "#0"},
				"up": {"uv": [9.375, 11, 10.125, 10.625], "texture": "#0"},
				"down": {"uv": [10.125, 10.625, 10.875, 11], "texture": "#0"}
			}
		},
		{
			"from": [9.68277, 22.03446, 7.97069],
			"to": [10.68277, 28.03446, 10.97069],
			"rotation": {"angle": 0, "axis": "y", "origin": [10.18277, 26.03446, 8.97069]},
			"faces": {
				"north": {"uv": [11.25, 9.625, 12, 9.75], "rotation": 90, "texture": "#0"},
				"east": {"uv": [10.875, 10.625, 10.125, 11], "rotation": 270, "texture": "#0"},
				"south": {"uv": [11.25, 9.75, 12, 9.875], "rotation": 270, "texture": "#0"},
				"west": {"uv": [10.125, 11, 9.375, 10.625], "rotation": 270, "texture": "#0"},
				"up": {"uv": [11.375, 5.875, 11.75, 6], "rotation": 270, "texture": "#0"},
				"down": {"uv": [6, 11.375, 6.375, 11.5], "rotation": 270, "texture": "#0"}
			}
		},
		{
			"from": [13.5826, 11.58551, 8.97069],
			"to": [16.5826, 21.58551, 10.97069],
			"rotation": {"angle": 22.5, "axis": "z", "origin": [10.50418, 12.00708, 9.97069]},
			"faces": {
				"north": {"uv": [6.375, 9.75, 6, 11], "texture": "#0"},
				"east": {"uv": [3.25, 10.25, 3, 11.5], "texture": "#0"},
				"south": {"uv": [10.125, 9, 9.75, 10.25], "texture": "#0"},
				"west": {"uv": [6, 10.125, 5.75, 11.375], "texture": "#0"},
				"up": {"uv": [4.75, 9.75, 5.125, 9.5], "texture": "#0"},
				"down": {"uv": [11, 4.5, 11.375, 4.75], "texture": "#0"}
			}
		},
		{
			"from": [10.07843, 6.99894, 8.47069],
			"to": [13.07843, 16.99894, 11.47069],
			"rotation": {"angle": -22.5, "axis": "z", "origin": [7, 7.42051, 9.97069]},
			"faces": {
				"north": {"uv": [9.75, 5.875, 9.375, 7.125], "texture": "#0"},
				"east": {"uv": [8.5, 9.375, 8.125, 10.625], "texture": "#0"},
				"south": {"uv": [7.125, 9.375, 6.75, 10.625], "texture": "#0"},
				"west": {"uv": [6.75, 9.375, 6.375, 10.625], "texture": "#0"},
				"up": {"uv": [1.375, 11.5, 1.75, 11.125], "texture": "#0"},
				"down": {"uv": [1.75, 11.125, 2.125, 11.5], "texture": "#0"}
			}
		},
		{
			"from": [20.11748, 19.42592, 8.22069],
			"to": [26.11748, 20.42592, 11.22069],
			"rotation": {"angle": 22.5, "axis": "z", "origin": [24.11748, 19.92592, 9.22069]},
			"faces": {
				"north": {"uv": [11.25, 9.625, 12, 9.75], "texture": "#0"},
				"east": {"uv": [11.375, 5.875, 11.75, 6], "texture": "#0"},
				"south": {"uv": [11.25, 9.75, 12, 9.875], "texture": "#0"},
				"west": {"uv": [6, 11.375, 6.375, 11.5], "texture": "#0"},
				"up": {"uv": [10.125, 11, 9.375, 10.625], "texture": "#0"},
				"down": {"uv": [10.875, 10.625, 10.125, 11], "texture": "#0"}
			}
		},
		{
			"from": [16.79945, 10.76431, 9.22069],
			"to": [19.79945, 20.76431, 11.22069],
			"rotation": {"angle": -22.5, "axis": "z", "origin": [13.72102, 11.18588, 10.22069]},
			"faces": {
				"north": {"uv": [1.375, 9.875, 1, 11.125], "texture": "#0"},
				"east": {"uv": [3.75, 10.25, 3.5, 11.5], "texture": "#0"},
				"south": {"uv": [1.75, 9.875, 1.375, 11.125], "texture": "#0"},
				"west": {"uv": [3.5, 10.25, 3.25, 11.5], "texture": "#0"},
				"up": {"uv": [11.125, 9.625, 11.5, 9.375], "texture": "#0"},
				"down": {"uv": [11.25, 3, 11.625, 3.25], "texture": "#0"}
			}
		},
		{
			"from": [7.57843, 4.34208, 8.72069],
			"to": [17.57843, 7.34208, 11.72069],
			"rotation": {"angle": 22.5, "axis": "z", "origin": [8, 10.42051, 10.22069]},
			"faces": {
				"north": {"uv": [10.75, 4.125, 9.5, 4.5], "texture": "#0"},
				"east": {"uv": [11.5, 7.875, 11.125, 8.25], "texture": "#0"},
				"south": {"uv": [10.875, 8.625, 9.625, 9], "texture": "#0"},
				"west": {"uv": [11.5, 7.5, 11.125, 7.875], "texture": "#0"},
				"up": {"uv": [9.75, 0.75, 11, 0.375], "texture": "#0"},
				"down": {"uv": [4.75, 9.75, 6, 10.125], "texture": "#0"}
			}
		},
		{
			"from": [9.57843, 5.34208, 8.47069],
			"to": [19.57843, 8.34208, 11.47069],
			"rotation": {"angle": -22.5, "axis": "z", "origin": [10, 11.42051, 9.97069]},
			"faces": {
				"north": {"uv": [10.5, 4.75, 9.25, 5.125], "texture": "#0"},
				"east": {"uv": [1.375, 11.125, 1, 11.5], "texture": "#0"},
				"south": {"uv": [10.5, 5.125, 9.25, 5.5], "texture": "#0"},
				"west": {"uv": [10.875, 11, 10.5, 11.375], "texture": "#0"},
				"up": {"uv": [9.25, 5.875, 10.5, 5.5], "texture": "#0"},
				"down": {"uv": [5.125, 9.375, 6.375, 9.75], "texture": "#0"}
			}
		},
		{
			"from": [14.165, 1.83791, 8.97069],
			"to": [24.165, 4.83791, 10.97069],
			"rotation": {"angle": 22.5, "axis": "z", "origin": [14.58657, 7.91634, 9.97069]},
			"faces": {
				"north": {"uv": [3.75, 9.875, 2.5, 10.25], "texture": "#0"},
				"east": {"uv": [4.625, 8, 4.375, 8.375], "texture": "#0"},
				"south": {"uv": [11.125, 8.25, 9.875, 8.625], "texture": "#0"},
				"west": {"uv": [6, 6.5, 5.75, 6.875], "texture": "#0"},
				"up": {"uv": [10, 4.125, 11.25, 3.875], "texture": "#0"},
				"down": {"uv": [10.5, 4.75, 11.75, 5], "texture": "#0"}
			}
		},
		{
			"from": [24.61394, 7.73774, 7.97069],
			"to": [30.61394, 8.73774, 10.97069],
			"rotation": {"angle": 0, "axis": "y", "origin": [28.61394, 8.23774, 8.97069]},
			"faces": {
				"north": {"uv": [11.25, 9.625, 12, 9.75], "texture": "#0"},
				"east": {"uv": [11.375, 5.875, 11.75, 6], "texture": "#0"},
				"south": {"uv": [11.25, 9.75, 12, 9.875], "texture": "#0"},
				"west": {"uv": [6, 11.375, 6.375, 11.5], "texture": "#0"},
				"up": {"uv": [10.125, 11, 9.375, 10.625], "texture": "#0"},
				"down": {"uv": [10.875, 10.625, 10.125, 11], "texture": "#0"}
			}
		},
		{
			"from": [5.31723, 22.03446, 7.97069],
			"to": [6.31723, 28.03446, 10.97069],
			"rotation": {"angle": 0, "axis": "y", "origin": [5.81723, 26.03446, 8.97069]},
			"faces": {
				"north": {"uv": [11.25, 9.75, 12, 9.625], "rotation": 90, "texture": "#0"},
				"east": {"uv": [10.125, 10.625, 9.375, 11], "rotation": 270, "texture": "#0"},
				"south": {"uv": [11.25, 9.875, 12, 9.75], "rotation": 270, "texture": "#0"},
				"west": {"uv": [10.875, 11, 10.125, 10.625], "rotation": 270, "texture": "#0"},
				"up": {"uv": [11.375, 6, 11.75, 5.875], "rotation": 270, "texture": "#0"},
				"down": {"uv": [6, 11.5, 6.375, 11.375], "rotation": 270, "texture": "#0"}
			}
		},
		{
			"from": [2.92157, 6.99894, 8.47069],
			"to": [5.92157, 16.99894, 11.47069],
			"rotation": {"angle": 22.5, "axis": "z", "origin": [9, 7.42051, 9.97069]},
			"faces": {
				"north": {"uv": [9.375, 5.875, 9.75, 7.125], "texture": "#0"},
				"east": {"uv": [6.375, 9.375, 6.75, 10.625], "texture": "#0"},
				"south": {"uv": [6.75, 9.375, 7.125, 10.625], "texture": "#0"},
				"west": {"uv": [8.125, 9.375, 8.5, 10.625], "texture": "#0"},
				"up": {"uv": [1.75, 11.5, 1.375, 11.125], "texture": "#0"},
				"down": {"uv": [2.125, 11.125, 1.75, 11.5], "texture": "#0"}
			}
		},
		{
			"from": [-0.5826, 11.58551, 8.97069],
			"to": [2.4174, 21.58551, 10.97069],
			"rotation": {"angle": -22.5, "axis": "z", "origin": [5.49582, 12.00708, 9.97069]},
			"faces": {
				"north": {"uv": [6, 9.75, 6.375, 11], "texture": "#0"},
				"east": {"uv": [5.75, 10.125, 6, 11.375], "texture": "#0"},
				"south": {"uv": [9.75, 9, 10.125, 10.25], "texture": "#0"},
				"west": {"uv": [3, 10.25, 3.25, 11.5], "texture": "#0"},
				"up": {"uv": [5.125, 9.75, 4.75, 9.5], "texture": "#0"},
				"down": {"uv": [11.375, 4.5, 11, 4.75], "texture": "#0"}
			}
		},
		{
			"from": [-1.57843, 4.34208, 8.72069],
			"to": [8.42157, 7.34208, 11.72069],
			"rotation": {"angle": -22.5, "axis": "z", "origin": [8, 10.42051, 10.22069]},
			"faces": {
				"north": {"uv": [9.5, 4.125, 10.75, 4.5], "texture": "#0"},
				"east": {"uv": [11.125, 7.5, 11.5, 7.875], "texture": "#0"},
				"south": {"uv": [9.625, 8.625, 10.875, 9], "texture": "#0"},
				"west": {"uv": [11.125, 7.875, 11.5, 8.25], "texture": "#0"},
				"up": {"uv": [11, 0.75, 9.75, 0.375], "texture": "#0"},
				"down": {"uv": [6, 9.75, 4.75, 10.125], "texture": "#0"}
			}
		},
		{
			"from": [-3.79945, 10.76431, 9.22069],
			"to": [-0.79945, 20.76431, 11.22069],
			"rotation": {"angle": 22.5, "axis": "z", "origin": [2.27898, 11.18588, 10.22069]},
			"faces": {
				"north": {"uv": [1, 9.875, 1.375, 11.125], "texture": "#0"},
				"east": {"uv": [3.25, 10.25, 3.5, 11.5], "texture": "#0"},
				"south": {"uv": [1.375, 9.875, 1.75, 11.125], "texture": "#0"},
				"west": {"uv": [3.5, 10.25, 3.75, 11.5], "texture": "#0"},
				"up": {"uv": [11.5, 9.625, 11.125, 9.375], "texture": "#0"},
				"down": {"uv": [11.625, 3, 11.25, 3.25], "texture": "#0"}
			}
		},
		{
			"from": [-6.55635, 13.21772, 5.97069],
			"to": [3.44365, 16.21772, 8.97069],
			"rotation": {"angle": -45, "axis": "z", "origin": [-3.55635, -8.78228, 5.97069]},
			"faces": {
				"north": {"uv": [8.75, 7.5, 10, 7.875], "texture": "#0"},
				"east": {"uv": [8.25, 11, 8.625, 11.375], "texture": "#0"},
				"south": {"uv": [9, 1, 10.25, 1.375], "texture": "#0"},
				"west": {"uv": [8.625, 11, 9, 11.375], "texture": "#0"},
				"up": {"uv": [10.25, 1.75, 9, 1.375], "texture": "#0"},
				"down": {"uv": [10.25, 1.75, 9, 2.125], "texture": "#0"}
			}
		},
		{
			"from": [12.62132, 0.65274, -0.65063],
			"to": [15.62132, 3.65274, 9.34937],
			"rotation": {"angle": 45, "axis": "y", "origin": [14.12132, 2.15274, 3.84937]},
			"faces": {
				"north": {"uv": [10.875, 11.125, 11.25, 11.5], "texture": "#0"},
				"east": {"uv": [10, 2.875, 11.25, 3.25], "texture": "#0"},
				"south": {"uv": [11.25, 0, 11.625, 0.375], "texture": "#0"},
				"west": {"uv": [10, 3.25, 11.25, 3.625], "texture": "#0"},
				"up": {"uv": [4.125, 11.125, 3.75, 9.875], "texture": "#0"},
				"down": {"uv": [4.5, 9.875, 4.125, 11.125], "texture": "#0"}
			}
		},
		{
			"from": [7.83343, 0.65274, 1.21463],
			"to": [11.08343, 3.90274, 4.21463],
			"rotation": {"angle": -22.5, "axis": "y", "origin": [15.58343, 2.15274, 2.71463]},
			"faces": {
				"north": {"uv": [11.25, 0.75, 11.625, 1.125], "texture": "#0"},
				"east": {"uv": [11.25, 1.125, 11.625, 1.5], "texture": "#0"},
				"south": {"uv": [11.25, 1.5, 11.625, 1.875], "texture": "#0"},
				"west": {"uv": [11.25, 1.875, 11.625, 2.25], "texture": "#0"},
				"up": {"uv": [11.625, 2.625, 11.25, 2.25], "texture": "#0"},
				"down": {"uv": [11.625, 2.625, 11.25, 3], "texture": "#0"}
			}
		},
		{
			"from": [0.37868, 2.65274, -0.65063],
			"to": [3.37868, 5.65274, 9.34937],
			"rotation": {"angle": -45, "axis": "y", "origin": [1.87868, 4.15274, 3.84937]},
			"faces": {
				"north": {"uv": [9, 11, 9.375, 11.375], "texture": "#0"},
				"east": {"uv": [9, 2.125, 10.25, 2.5], "texture": "#0"},
				"south": {"uv": [9.375, 11, 9.75, 11.375], "texture": "#0"},
				"west": {"uv": [6.125, 9, 7.375, 9.375], "texture": "#0"},
				"up": {"uv": [7.75, 10.25, 7.375, 9], "texture": "#0"},
				"down": {"uv": [8.125, 9, 7.75, 10.25], "texture": "#0"}
			}
		},
		{
			"from": [0.37868, 2.65274, -1.65063],
			"to": [3.37868, 7.65274, -0.65063],
			"rotation": {"angle": -45, "axis": "y", "origin": [1.87868, 4.15274, 3.84937]},
			"faces": {
				"north": {"uv": [0.625, 10.75, 1, 11.375], "texture": "#0"},
				"east": {"uv": [2.875, 10.875, 3, 11.5], "texture": "#0"},
				"south": {"uv": [10.75, 7.5, 11.125, 8.125], "texture": "#0"},
				"west": {"uv": [7.125, 11.25, 7.25, 11.875], "texture": "#0"},
				"up": {"uv": [11.625, 10.625, 11.25, 10.5], "texture": "#0"},
				"down": {"uv": [11.625, 10.625, 11.25, 10.75], "texture": "#0"}
			}
		},
		{
			"from": [4, -4, 6],
			"to": [12, 2, 13],
			"rotation": {"angle": 0, "axis": "y", "origin": [7, -9, 8]},
			"faces": {
				"north": {"uv": [8, 0.375, 9, 1.125], "texture": "#0"},
				"east": {"uv": [6.625, 8.25, 7.5, 9], "texture": "#0"},
				"south": {"uv": [8, 1.125, 9, 1.875], "texture": "#0"},
				"west": {"uv": [7.5, 8.25, 8.375, 9], "texture": "#0"},
				"up": {"uv": [6.625, 8.375, 5.625, 7.5], "texture": "#0"},
				"down": {"uv": [2.625, 7.625, 1.625, 8.5], "texture": "#0"}
			}
		},
		{
			"from": [5, 2, 13.44139],
			"to": [11, 7, 17.44139],
			"rotation": {"angle": -22.5, "axis": "x", "origin": [7, -9, 15.44139]},
			"faces": {
				"north": {"uv": [0.625, 8.875, 1.375, 9.5], "texture": "#0"},
				"east": {"uv": [6.125, 8.375, 6.625, 9], "texture": "#0"},
				"south": {"uv": [9, 0.375, 9.75, 1], "texture": "#0"},
				"west": {"uv": [2.5, 10.25, 3, 10.875], "texture": "#0"},
				"up": {"uv": [10.875, 10.125, 10.125, 9.625], "texture": "#0"},
				"down": {"uv": [10.875, 10.125, 10.125, 10.625], "texture": "#0"}
			}
		},
		{
			"from": [-4, -4, 3.92893],
			"to": [9, 1, 8.92893],
			"rotation": {"angle": -45, "axis": "y", "origin": [4, -9, 5.92893]},
			"faces": {
				"north": {"uv": [0, 6.5, 1.625, 7.125], "texture": "#0"},
				"east": {"uv": [10.125, 5.875, 10.75, 6.5], "texture": "#0"},
				"south": {"uv": [1.625, 6.5, 3.25, 7.125], "texture": "#0"},
				"west": {"uv": [10.125, 6.5, 10.75, 7.125], "texture": "#0"},
				"up": {"uv": [4.875, 7.125, 3.25, 6.5], "texture": "#0"},
				"down": {"uv": [1.625, 7.125, 0, 7.75], "texture": "#0"}
			}
		},
		{
			"from": [7.58579, -4, 5.34315],
			"to": [19.58579, 1, 10.34315],
			"rotation": {"angle": 45, "axis": "y", "origin": [10.58579, -9, 7.34315]},
			"faces": {
				"north": {"uv": [7.25, 6, 8.75, 6.625], "texture": "#0"},
				"east": {"uv": [10.125, 7.5, 10.75, 8.125], "texture": "#0"},
				"south": {"uv": [7.25, 6.625, 8.75, 7.25], "texture": "#0"},
				"west": {"uv": [10.125, 9, 10.75, 9.625], "texture": "#0"},
				"up": {"uv": [8.75, 7.875, 7.25, 7.25], "texture": "#0"},
				"down": {"uv": [9, 2, 7.5, 2.625], "texture": "#0"}
			}
		},
		{
			"from": [3.53553, -2, -0.43503],
			"to": [15.53553, 1.025, 2.56497],
			"rotation": {"angle": 0, "axis": "y", "origin": [6.53553, -9, 1.56497]},
			"faces": {
				"north": {"uv": [4.375, 8.375, 5.875, 8.75], "texture": "#0"},
				"east": {"uv": [5.625, 7.125, 6, 7.5], "texture": "#0"},
				"south": {"uv": [8.375, 8.25, 9.875, 8.625], "texture": "#0"},
				"west": {"uv": [11, 0.375, 11.375, 0.75], "texture": "#0"},
				"up": {"uv": [1.5, 8.875, 0, 8.5], "texture": "#0"},
				"down": {"uv": [10, 2.625, 8.5, 3], "texture": "#0"}
			}
		},
		{
			"from": [2.92449, -2, -3.50696],
			"to": [3.92449, 1, 1.49304],
			"rotation": {"angle": 22.5, "axis": "y", "origin": [5.92449, -9, 0.49304]},
			"faces": {
				"north": {"uv": [10, 7.5, 10.125, 7.875], "texture": "#0"},
				"east": {"uv": [6.625, 7.5, 7.25, 7.875], "texture": "#0"},
				"south": {"uv": [10, 10.25, 10.125, 10.625], "texture": "#0"},
				"west": {"uv": [10.75, 4.125, 11.375, 4.5], "texture": "#0"},
				"up": {"uv": [9.375, 10, 9.25, 9.375], "texture": "#0"},
				"down": {"uv": [7.25, 10.625, 7.125, 11.25], "texture": "#0"}
			}
		},
		{
			"from": [10.9878, -4, -2.30065],
			"to": [11.9878, -1, 2.69935],
			"rotation": {"angle": -22.5, "axis": "y", "origin": [13.9878, -11, 1.69935]},
			"faces": {
				"north": {"uv": [5.5, 10.75, 5.625, 11.125], "texture": "#0"},
				"east": {"uv": [10.75, 5.875, 11.375, 6.25], "texture": "#0"},
				"south": {"uv": [11.375, 0.375, 11.5, 0.75], "texture": "#0"},
				"west": {"uv": [10.75, 6.25, 11.375, 6.625], "texture": "#0"},
				"up": {"uv": [7.375, 11.25, 7.25, 10.625], "texture": "#0"},
				"down": {"uv": [5.75, 10.75, 5.625, 11.375], "texture": "#0"}
			}
		},
		{
			"from": [-0.24264, -4, -1.14214],
			"to": [11.75736, -0.975, 1.85786],
			"rotation": {"angle": 0, "axis": "y", "origin": [-2.24264, -9, 0.85786]},
			"faces": {
				"north": {"uv": [8.5, 3, 10, 3.375], "texture": "#0"},
				"east": {"uv": [6, 11, 6.375, 11.375], "texture": "#0"},
				"south": {"uv": [8.5, 3.375, 10, 3.75], "texture": "#0"},
				"west": {"uv": [6.375, 11, 6.75, 11.375], "texture": "#0"},
				"up": {"uv": [10, 4.125, 8.5, 3.75], "texture": "#0"},
				"down": {"uv": [10.125, 7.875, 8.625, 8.25], "texture": "#0"}
			}
		},
		{
			"from": [5.75, 11.68886, 0.62462],
			"to": [10.25, 17.68886, 5.62462],
			"rotation": {"angle": -45, "axis": "x", "origin": [8, 15.18886, 3.12462]},
			"faces": {
				"north": {"uv": [1, 7.75, 1.625, 8.5], "texture": "#0"},
				"east": {"uv": [8.75, 6, 9.375, 6.75], "texture": "#0"},
				"south": {"uv": [8.75, 6.75, 9.375, 7.5], "texture": "#0"},
				"west": {"uv": [0, 8.875, 0.625, 9.625], "texture": "#0"},
				"up": {"uv": [5.125, 10.75, 4.5, 10.125], "texture": "#0"},
				"down": {"uv": [5.75, 10.125, 5.125, 10.75], "texture": "#0"}
			}
		},
		{
			"from": [4.75, 11.68886, 2.62462],
			"to": [11.25, 16.68886, 3.62462],
			"rotation": {"angle": -45, "axis": "x", "origin": [8, 15.18886, 3.12462]},
			"faces": {
				"north": {"uv": [4.875, 6.5, 5.75, 7.125], "texture": "#0"},
				"east": {"uv": [0.375, 10.875, 0.5, 11.5], "texture": "#0"},
				"south": {"uv": [1.5, 8.5, 2.375, 9.125], "texture": "#0"},
				"west": {"uv": [0.5, 10.875, 0.625, 11.5], "texture": "#0"},
				"up": {"uv": [8.875, 2, 8, 1.875], "texture": "#0"},
				"down": {"uv": [9.375, 4.125, 8.5, 4.25], "texture": "#0"}
			}
		},
		{
			"from": [6.75, 17.68886, 1.62462],
			"to": [9.25, 19.68886, 4.62462],
			"rotation": {"angle": -45, "axis": "x", "origin": [8, 15.18886, 3.12462]},
			"faces": {
				"north": {"uv": [4.5, 11.25, 4.875, 11.5], "texture": "#0"},
				"east": {"uv": [4.875, 11.25, 5.25, 11.5], "texture": "#0"},
				"south": {"uv": [5.25, 11.25, 5.625, 11.5], "texture": "#0"},
				"west": {"uv": [11.25, 5.5, 11.625, 5.75], "texture": "#0"},
				"up": {"uv": [11.5, 8.625, 11.125, 8.25], "texture": "#0"},
				"down": {"uv": [11.5, 9, 11.125, 9.375], "texture": "#0"}
			}
		},
		{
			"from": [6, 12.99165, 18.98535],
			"to": [10, 16.99165, 21.98535],
			"rotation": {"angle": -22.5, "axis": "x", "origin": [7, -21.00835, 20.98535]},
			"faces": {
				"north": {"uv": [4.5, 10.75, 5, 11.25], "texture": "#0"},
				"east": {"uv": [10.75, 6.625, 11.125, 7.125], "texture": "#0"},
				"south": {"uv": [5, 10.75, 5.5, 11.25], "texture": "#0"},
				"west": {"uv": [10.875, 10.25, 11.25, 10.75], "texture": "#0"},
				"up": {"uv": [11.375, 9, 10.875, 8.625], "texture": "#0"},
				"down": {"uv": [11.375, 10.75, 10.875, 11.125], "texture": "#0"}
			}
		},
		{
			"from": [0, -8, 0],
			"to": [16, -4, 16],
			"rotation": {"angle": 0, "axis": "y", "origin": [7, -8, 7]},
			"faces": {
				"north": {"uv": [1.625, 7.125, 3.625, 7.625], "texture": "#0"},
				"east": {"uv": [3.625, 7.125, 5.625, 7.625], "texture": "#0"},
				"south": {"uv": [7.25, 5, 9.25, 5.5], "texture": "#0"},
				"west": {"uv": [7.25, 5.5, 9.25, 6], "texture": "#0"},
				"up": {"uv": [6, 6.5, 4, 4.5], "texture": "#0"},
				"down": {"uv": [8, 0, 6, 2], "texture": "#0"}
			}
		},
		{
			"from": [3, -11, 3],
			"to": [13, -8, 13],
			"rotation": {"angle": 0, "axis": "y", "origin": [7, -12, 7]},
			"faces": {
				"north": {"uv": [8.375, 8.625, 9.625, 9], "texture": "#0"},
				"east": {"uv": [2.375, 8.75, 3.625, 9.125], "texture": "#0"},
				"south": {"uv": [3.625, 8.75, 4.875, 9.125], "texture": "#0"},
				"west": {"uv": [4.875, 8.75, 6.125, 9.125], "texture": "#0"},
				"up": {"uv": [7.25, 6.25, 6, 5], "texture": "#0"},
				"down": {"uv": [7.25, 6.25, 6, 7.5], "texture": "#0"}
			}
		},
		{
			"from": [2, -13, 2],
			"to": [14, -11, 14],
			"rotation": {"angle": 0, "axis": "y", "origin": [7, -18, 7]},
			"faces": {
				"north": {"uv": [7.5, 4.75, 9, 5], "texture": "#0"},
				"east": {"uv": [9.5, 4.5, 11, 4.75], "texture": "#0"},
				"south": {"uv": [9.75, 0.75, 11.25, 1], "texture": "#0"},
				"west": {"uv": [10, 3.625, 11.5, 3.875], "texture": "#0"},
				"up": {"uv": [7.5, 3.5, 6, 2], "texture": "#0"},
				"down": {"uv": [7.5, 3.5, 6, 5], "texture": "#0"}
			}
		},
		{
			"from": [0, -16, 0],
			"to": [16, -13, 16],
			"rotation": {"angle": 0, "axis": "y", "origin": [7, -16, 7]},
			"faces": {
				"north": {"uv": [7.5, 4.375, 9.5, 4.75], "texture": "#0"},
				"east": {"uv": [2.625, 7.625, 4.625, 8], "texture": "#0"},
				"south": {"uv": [6.625, 7.875, 8.625, 8.25], "texture": "#0"},
				"west": {"uv": [8, 0, 10, 0.375], "texture": "#0"},
				"up": {"uv": [2, 6.5, 0, 4.5], "texture": "#0"},
				"down": {"uv": [4, 4.5, 2, 6.5], "texture": "#0"}
			}
		}
	],
	"display": {
		"thirdperson_righthand": {
			"rotation": [75, 45, 0],
			"translation": [0, 2.5, 0],
			"scale": [0.375, 0.375, 0.375]
		},
		"thirdperson_lefthand": {
			"rotation": [75, 45, 0],
			"translation": [0, 2.5, 0],
			"scale": [0.375, 0.375, 0.375]
		},
		"firstperson_righthand": {
			"rotation": [167, 44.5, -180],
			"translation": [0, 4, 0],
			"scale": [0.4, 0.4, 0.4]
		},
		"firstperson_lefthand": {
			"rotation": [167, 44.5, -180],
			"translation": [0, 4, 0],
			"scale": [0.4, 0.4, 0.4]
		},
		"ground": {
			"translation": [0, 3, 0],
			"scale": [0.25, 0.25, 0.25]
		},
		"gui": {
			"rotation": [30, 225, 0],
			"translation": [0, 0.25, 0],
			"scale": [0.3, 0.3, 0.3]
		},
		"head": {
			"rotation": [-166.75, 0, -180],
			"translation": [0, -5, 14]
		},
		"fixed": {
			"rotation": [-90, 0, 0],
			"translation": [0, 0, -48],
			"scale": [2, 2, 2]
		}
	}
}