{
	"credit": "16_BIT_SAMURAI",
	"textures": {
		"0": "netc/magma_cream/fish34",
		"particle": "netc/magma_cream/fish34"
	},
	"elements": [
		{
			"from": [6.65, 5.5, -1.5],
			"to": [9.35, 10.75, 1],
			"rotation": {"angle": 0, "axis": "y", "origin": [7, 0, 0]},
			"faces": {
				"north": {"uv": [6.75, 5.5, 7.5, 6.75], "texture": "#0"},
				"east": {"uv": [6.75, 6.75, 7.5, 8], "texture": "#0"},
				"south": {"uv": [2.75, 7, 3.5, 8.25], "texture": "#0"},
				"west": {"uv": [3.5, 7, 4.25, 8.25], "texture": "#0"},
				"up": {"uv": [9.5, 3.25, 8.75, 2.5], "texture": "#0"},
				"down": {"uv": [4.5, 8.75, 3.75, 9.5], "texture": "#0"}
			}
		},
		{
			"from": [6.5, 4.60986, -4.4982],
			"to": [9.5, 8.75986, -1.4982],
			"rotation": {"angle": 0, "axis": "y", "origin": [7.5, 0.05986, -2.2982]},
			"faces": {
				"north": {"uv": [8.25, 5, 9, 6], "texture": "#0"},
				"east": {"uv": [5.25, 8.25, 6, 9.25], "texture": "#0"},
				"south": {"uv": [8.25, 6, 9, 7], "texture": "#0"},
				"west": {"uv": [8.25, 7, 9, 8], "texture": "#0"},
				"up": {"uv": [5.25, 9.5, 4.5, 8.75], "texture": "#0"},
				"down": {"uv": [9.75, 3.25, 9, 4], "texture": "#0"}
			}
		},
		{
			"from": [6.35, 8.18784, -5.28107],
			"to": [9.65, 12.83784, 0.96893],
			"rotation": {"angle": -22.5, "axis": "x", "origin": [7, 6.08784, 2.46893]},
			"faces": {
				"north": {"uv": [5.75, 7, 6.5, 8.25], "texture": "#0"},
				"east": {"uv": [4.75, 4.5, 6.25, 5.75], "texture": "#0"},
				"south": {"uv": [7.5, 3.5, 8.25, 4.75], "texture": "#0"},
				"west": {"uv": [1.75, 5, 3.25, 6.25], "texture": "#0"},
				"up": {"uv": [0.75, 8, 0, 6.5], "texture": "#0"},
				"down": {"uv": [1.5, 6.5, 0.75, 8], "texture": "#0"}
			}
		},
		{
			"from": [7.1, 8.18546, 0.92826],
			"to": [8.9, 12.83546, 3.67826],
			"rotation": {"angle": -22.5, "axis": "x", "origin": [6.9, 6.08546, 2.42826]},
			"faces": {
				"north": {"uv": [2, 8.5, 2.5, 9.75], "texture": "#0"},
				"east": {"uv": [7.5, 7.25, 8.25, 8.5], "texture": "#0"},
				"south": {"uv": [7.5, 8.5, 8, 9.75], "texture": "#0"},
				"west": {"uv": [0, 8, 0.75, 9.25], "texture": "#0"},
				"up": {"uv": [6.25, 10.25, 5.75, 9.5], "texture": "#0"},
				"down": {"uv": [10, 6, 9.5, 6.75], "texture": "#0"}
			}
		},
		{
			"from": [6.375, 8.09592, -4.74062],
			"to": [9.625, 12.39592, -2.94062],
			"rotation": {"angle": -45, "axis": "x", "origin": [7, 5.64592, -1.44062]},
			"faces": {
				"north": {"uv": [8.25, 8, 9, 9], "texture": "#0"},
				"east": {"uv": [8.5, 9, 9, 10], "texture": "#0"},
				"south": {"uv": [0.75, 8.5, 1.5, 9.5], "texture": "#0"},
				"west": {"uv": [9, 8.5, 9.5, 9.5], "texture": "#0"},
				"up": {"uv": [10.25, 5.5, 9.5, 5], "texture": "#0"},
				"down": {"uv": [10.25, 5.5, 9.5, 6], "texture": "#0"}
			}
		},
		{
			"from": [6.6, 4.56972, -10.79639],
			"to": [9.4, 6.56972, -6.29639],
			"rotation": {"angle": 22.5, "axis": "x", "origin": [6.8, 0.06972, -5.29639]},
			"faces": {
				"north": {"uv": [3.75, 9.5, 4.5, 10], "texture": "#0"},
				"east": {"uv": [5.5, 2, 6.75, 2.5], "texture": "#0"},
				"south": {"uv": [4.5, 9.5, 5.25, 10], "texture": "#0"},
				"west": {"uv": [8.75, 2, 10, 2.5], "texture": "#0"},
				"up": {"uv": [8.25, 6, 7.5, 4.75], "texture": "#0"},
				"down": {"uv": [8.25, 6, 7.5, 7.25], "texture": "#0"}
			}
		},
		{
			"from": [9.68343, 5.5, 4.3417],
			"to": [9.68343, 8.75, 9.5917],
			"rotation": {"angle": 45, "axis": "y", "origin": [5.68343, -0.75, 2.5917]},
			"faces": {
				"north": {"uv": [0, 0, 0, 0.75], "texture": "#0"},
				"east": {"uv": [7, 0, 8.25, 0.75], "texture": "#0"},
				"south": {"uv": [0, 0, 0, 0.75], "texture": "#0"},
				"west": {"uv": [1.5, 7.25, 2.75, 8], "texture": "#0"},
				"up": {"uv": [0, 1.25, 0, 0], "texture": "#0"},
				"down": {"uv": [0, 0, 0, 1.25], "texture": "#0"}
			}
		},
		{
			"from": [5.19454, 5.5, 3.0481],
			"to": [5.19454, 8.75, 8.2981],
			"rotation": {"angle": -45, "axis": "y", "origin": [8.19454, -0.75, 3.2981]},
			"faces": {
				"north": {"uv": [0, 0, 0, 0.75], "texture": "#0"},
				"east": {"uv": [7.5, 2, 8.75, 2.75], "texture": "#0"},
				"south": {"uv": [0, 0, 0, 0.75], "texture": "#0"},
				"west": {"uv": [7.5, 2.75, 8.75, 3.5], "texture": "#0"},
				"up": {"uv": [0, 1.25, 0, 0], "texture": "#0"},
				"down": {"uv": [0, 0, 0, 1.25], "texture": "#0"}
			}
		},
		{
			"from": [7, 4.6, -1.5],
			"to": [9, 5.5, 1],
			"rotation": {"angle": 0, "axis": "y", "origin": [7, 0, 0]},
			"faces": {
				"north": {"uv": [1.75, 4.75, 2.25, 5], "texture": "#0"},
				"east": {"uv": [9.5, 6.75, 10.25, 7], "texture": "#0"},
				"south": {"uv": [6.25, 5.5, 6.75, 5.75], "texture": "#0"},
				"west": {"uv": [9.5, 9.5, 10.25, 9.75], "texture": "#0"},
				"up": {"uv": [3.25, 7, 2.75, 6.25], "texture": "#0"},
				"down": {"uv": [5.75, 9.25, 5.25, 10], "texture": "#0"}
			}
		},
		{
			"from": [6.75, 10.75, 1],
			"to": [9.25, 12.8, 11],
			"rotation": {"angle": 0, "axis": "y", "origin": [7, 0, 0]},
			"faces": {
				"north": {"uv": [0, 9.25, 0.75, 9.75], "texture": "#0"},
				"east": {"uv": [5.5, 1, 8, 1.5], "texture": "#0"},
				"south": {"uv": [3, 9.25, 3.75, 9.75], "texture": "#0"},
				"west": {"uv": [5.5, 1.5, 8, 2], "texture": "#0"},
				"up": {"uv": [1.75, 5.5, 1, 3], "texture": "#0"},
				"down": {"uv": [4, 4.5, 3.25, 7], "texture": "#0"}
			}
		},
		{
			"from": [6.25, 5.5, 1],
			"to": [9.75, 10.75, 11],
			"rotation": {"angle": 0, "axis": "y", "origin": [7, 0, 0]},
			"faces": {
				"north": {"uv": [4.75, 5.75, 5.75, 7], "texture": "#0"},
				"east": {"uv": [2.25, 0, 4.75, 1.25], "texture": "#0"},
				"south": {"uv": [5.75, 5.75, 6.75, 7], "texture": "#0"},
				"west": {"uv": [2.25, 1.25, 4.75, 2.5], "texture": "#0"},
				"up": {"uv": [3.25, 5, 2.25, 2.5], "texture": "#0"},
				"down": {"uv": [1, 3, 0, 5.5], "texture": "#0"}
			}
		},
		{
			"from": [6.75, 4.5, 1],
			"to": [9.25, 5.5, 11],
			"rotation": {"angle": 0, "axis": "y", "origin": [7, 0, 0]},
			"faces": {
				"north": {"uv": [7, 0.75, 7.75, 1], "texture": "#0"},
				"east": {"uv": [8, 1.75, 10.5, 2], "texture": "#0"},
				"south": {"uv": [9.5, 3, 10.25, 3.25], "texture": "#0"},
				"west": {"uv": [8.25, 0.5, 10.75, 0.75], "texture": "#0"},
				"up": {"uv": [4.75, 7, 4, 4.5], "texture": "#0"},
				"down": {"uv": [5.5, 0, 4.75, 2.5], "texture": "#0"}
			}
		},
		{
			"from": [8, 12.8, 4],
			"to": [8, 13.75, 11],
			"rotation": {"angle": 0, "axis": "y", "origin": [7, 0, 2]},
			"faces": {
				"north": {"uv": [0, 0, 0, 0.25], "texture": "#0"},
				"east": {"uv": [9.5, 1.25, 11.25, 1.5], "texture": "#0"},
				"south": {"uv": [0, 0, 0, 0.25], "texture": "#0"},
				"west": {"uv": [9.5, 1.5, 11.25, 1.75], "texture": "#0"},
				"up": {"uv": [0, 1.75, 0, 0], "texture": "#0"},
				"down": {"uv": [0, 0, 0, 1.75], "texture": "#0"}
			}
		},
		{
			"from": [6.65, 4.25, -0.25],
			"to": [6.65, 5.75, 5.25],
			"rotation": {"angle": 22.5, "axis": "x", "origin": [7, 0, 0]},
			"faces": {
				"north": {"uv": [0, 0, 0, 0.5], "texture": "#0"},
				"east": {"uv": [8, 1.25, 9.5, 1.75], "texture": "#0"},
				"south": {"uv": [0, 0, 0, 0.5], "texture": "#0"},
				"west": {"uv": [8.25, 0, 9.75, 0.5], "texture": "#0"},
				"up": {"uv": [0, 1.5, 0, 0], "texture": "#0"},
				"down": {"uv": [0, 0, 0, 1.5], "texture": "#0"}
			}
		},
		{
			"from": [9.35, 4.25, -0.25],
			"to": [9.35, 5.75, 5.25],
			"rotation": {"angle": 22.5, "axis": "x", "origin": [7, 0, 0]},
			"faces": {
				"north": {"uv": [0, 0, 0, 0.5], "texture": "#0"},
				"east": {"uv": [3.75, 8.25, 5.25, 8.75], "texture": "#0"},
				"south": {"uv": [0, 0, 0, 0.5], "texture": "#0"},
				"west": {"uv": [8.25, 4.5, 9.75, 5], "texture": "#0"},
				"up": {"uv": [0, 1.5, 0, 0], "texture": "#0"},
				"down": {"uv": [0, 0, 0, 1.5], "texture": "#0"}
			}
		},
		{
			"from": [6.5, 5.5, 11],
			"to": [9.5, 10.75, 13.025],
			"rotation": {"angle": 0, "axis": "y", "origin": [7, 0, 2]},
			"faces": {
				"north": {"uv": [4.25, 7, 5, 8.25], "texture": "#0"},
				"east": {"uv": [6, 8.25, 6.5, 9.5], "texture": "#0"},
				"south": {"uv": [5, 7, 5.75, 8.25], "texture": "#0"},
				"west": {"uv": [1.5, 8.5, 2, 9.75], "texture": "#0"},
				"up": {"uv": [1.5, 10, 0.75, 9.5], "texture": "#0"},
				"down": {"uv": [10.25, 2.5, 9.5, 3], "texture": "#0"}
			}
		},
		{
			"from": [7.25, 11.19682, 6.30504],
			"to": [8.75, 13.19682, 13.40504],
			"rotation": {"angle": 22.5, "axis": "x", "origin": [6.5, 1.19682, 7.65504]},
			"faces": {
				"north": {"uv": [9.5, 8, 10, 8.5], "texture": "#0"},
				"east": {"uv": [0.75, 8, 2.5, 8.5], "texture": "#0"},
				"south": {"uv": [9.5, 8.5, 10, 9], "texture": "#0"},
				"west": {"uv": [8, 0.75, 9.75, 1.25], "texture": "#0"},
				"up": {"uv": [2.25, 4.75, 1.75, 3], "texture": "#0"},
				"down": {"uv": [7, 8, 6.5, 9.75], "texture": "#0"}
			}
		},
		{
			"from": [7, 4.5, 11],
			"to": [9, 5.5, 13],
			"rotation": {"angle": 0, "axis": "y", "origin": [7, 0, 4]},
			"faces": {
				"north": {"uv": [0, 9.75, 0.5, 10], "texture": "#0"},
				"east": {"uv": [9.75, 0, 10.25, 0.25], "texture": "#0"},
				"south": {"uv": [9.75, 0.25, 10.25, 0.5], "texture": "#0"},
				"west": {"uv": [9.75, 0.75, 10.25, 1], "texture": "#0"},
				"up": {"uv": [9.5, 10, 9, 9.5], "texture": "#0"},
				"down": {"uv": [10, 9, 9.5, 9.5], "texture": "#0"}
			}
		},
		{
			"from": [7.25, 4.45986, 14.7982],
			"to": [8.75, 6.20986, 18.7982],
			"rotation": {"angle": -22.5, "axis": "x", "origin": [7, -0.04014, 13.7982]},
			"faces": {
				"north": {"uv": [7, 9.5, 7.5, 10], "texture": "#0"},
				"east": {"uv": [9, 4, 10, 4.5], "texture": "#0"},
				"south": {"uv": [9.5, 7.5, 10, 8], "texture": "#0"},
				"west": {"uv": [9, 7, 10, 7.5], "texture": "#0"},
				"up": {"uv": [9.5, 8.5, 9, 7.5], "texture": "#0"},
				"down": {"uv": [8.5, 9, 8, 10], "texture": "#0"}
			}
		},
		{
			"from": [8, 7.5, 9.75],
			"to": [8, 11.25, 15.7],
			"rotation": {"angle": 22.5, "axis": "x", "origin": [7, 0, 4]},
			"faces": {
				"north": {"uv": [0, 0, 0, 1], "texture": "#0"},
				"east": {"uv": [0, 5.5, 1.5, 6.5], "texture": "#0"},
				"south": {"uv": [0, 0, 0, 1], "texture": "#0"},
				"west": {"uv": [5.5, 0, 7, 1], "texture": "#0"},
				"up": {"uv": [0, 1.5, 0, 0], "texture": "#0"},
				"down": {"uv": [0, 0, 0, 1.5], "texture": "#0"}
			}
		},
		{
			"from": [8, 10, 11],
			"to": [8, 13.75, 19.2],
			"rotation": {"angle": 0, "axis": "y", "origin": [7, 0, 4]},
			"faces": {
				"north": {"uv": [0, 0, 0, 1], "texture": "#0"},
				"east": {"uv": [3.25, 2.5, 5.25, 3.5], "texture": "#0"},
				"south": {"uv": [0, 0, 0, 1], "texture": "#0"},
				"west": {"uv": [3.25, 3.5, 5.25, 4.5], "texture": "#0"},
				"up": {"uv": [0, 2, 0, 0], "texture": "#0"},
				"down": {"uv": [0, 0, 0, 2], "texture": "#0"}
			}
		},
		{
			"from": [7, 6, 18],
			"to": [9, 10, 23.7],
			"rotation": {"angle": 0, "axis": "y", "origin": [7, 0, 2]},
			"faces": {
				"north": {"uv": [9, 5, 9.5, 6], "texture": "#0"},
				"east": {"uv": [5.25, 2.5, 6.75, 3.5], "texture": "#0"},
				"south": {"uv": [9, 6, 9.5, 7], "texture": "#0"},
				"west": {"uv": [5.25, 3.5, 6.75, 4.5], "texture": "#0"},
				"up": {"uv": [7.5, 9.5, 7, 8], "texture": "#0"},
				"down": {"uv": [3, 8.25, 2.5, 9.75], "texture": "#0"}
			}
		},
		{
			"from": [6.75, 6, 13],
			"to": [9.25, 10, 18],
			"rotation": {"angle": 0, "axis": "y", "origin": [7, 0, 0]},
			"faces": {
				"north": {"uv": [3, 8.25, 3.75, 9.25], "texture": "#0"},
				"east": {"uv": [1.5, 6.25, 2.75, 7.25], "texture": "#0"},
				"south": {"uv": [8.25, 3.5, 9, 4.5], "texture": "#0"},
				"west": {"uv": [6.25, 4.5, 7.5, 5.5], "texture": "#0"},
				"up": {"uv": [7.5, 3.25, 6.75, 2], "texture": "#0"},
				"down": {"uv": [7.5, 3.25, 6.75, 4.5], "texture": "#0"}
			}
		},
		{
			"from": [8, 5, 22],
			"to": [8, 11, 30.7],
			"rotation": {"angle": 0, "axis": "y", "origin": [7, 0, 2]},
			"faces": {
				"north": {"uv": [0, 0, 0, 1.5], "texture": "#0"},
				"east": {"uv": [0, 0, 2.25, 1.5], "texture": "#0"},
				"south": {"uv": [0, 0, 0, 1.5], "texture": "#0"},
				"west": {"uv": [0, 1.5, 2.25, 3], "texture": "#0"},
				"up": {"uv": [0, 2.25, 0, 0], "texture": "#0"},
				"down": {"uv": [0, 0, 0, 2.25], "texture": "#0"}
			}
		}
	],
	"gui_light": "front",
	"display": {
		"thirdperson_righthand": {
			"rotation": [-30, 0, -90],
			"translation": [0, -0.75, -1],
			"scale": [0.5, 0.5, 0.5]
		},
		"thirdperson_lefthand": {
			"rotation": [-30, 0, -90],
			"translation": [0, -0.75, -1],
			"scale": [0.5, 0.5, 0.5]
		},
		"firstperson_righthand": {
			"rotation": [42, 73, -66],
			"translation": [-7.25, -2.25, -5.75]
		},
		"firstperson_lefthand": {
			"rotation": [42, 73, -66],
			"translation": [-7.25, -2.25, -5.75]
		},
		"ground": {
			"translation": [0, 2, 0],
			"scale": [0.5, 0.5, 0.5]
		},
		"gui": {
			"rotation": [-161.66, 26.97, -176.73],
			"translation": [-0.54533, -0.61458, 0],
			"scale": [0.8, 0.8, 0.8]
		},
		"head": {
			"translation": [0, 11.25, 0]
		},
		"fixed": {
			"rotation": [90, -60, 90],
			"translation": [2.29533, 1.38542, -1],
			"scale": [0.76792, 0.76792, 0.76792]
		}
	}
}