{
	"credit": "16_BIT_SAMURAI",
	"textures": {
		"0": "netc/magma_cream/fish79",
		"particle": "netc/magma_cream/fish79"
	},
	"elements": [
		{
			"name": "Head",
			"from": [4, 11, 4],
			"to": [12, 19, 12],
			"rotation": {"angle": 0, "axis": "y", "origin": [7.875, 20.225, 5.86025]},
			"faces": {
				"north": {"uv": [4, 4.75, 6, 6.75], "texture": "#0"},
				"east": {"uv": [6, 4.75, 8, 6.75], "texture": "#0"},
				"south": {"uv": [6.25, 2.25, 8.25, 4.25], "texture": "#0"},
				"west": {"uv": [0, 6.75, 2, 8.75], "texture": "#0"},
				"up": {"uv": [8.75, 2, 6.75, 0], "texture": "#0"},
				"down": {"uv": [6, 6.75, 4, 8.75], "texture": "#0"}
			}
		},
		{
			"name": "Hat Layer",
			"from": [3.5, 10.5, 3.4],
			"to": [12.5, 19.5, 12.4],
			"rotation": {"angle": 0, "axis": "y", "origin": [7.875, 20.225, 5.86025]},
			"faces": {
				"north": {"uv": [0, 0, 2.25, 2.25], "texture": "#0"},
				"east": {"uv": [0, 2.25, 2.25, 4.5], "texture": "#0"},
				"south": {"uv": [2.25, 0, 4.5, 2.25], "texture": "#0"},
				"west": {"uv": [2.25, 2.25, 4.5, 4.5], "texture": "#0"},
				"up": {"uv": [2.25, 6.75, 0, 4.5], "texture": "#0"},
				"down": {"uv": [6.75, 0, 4.5, 2.25], "texture": "#0"}
			}
		},
		{
			"name": "Body",
			"from": [5, 2, 6],
			"to": [11, 11, 9],
			"rotation": {"angle": 0, "axis": "y", "origin": [7.875, 8.225, 5.86025]},
			"faces": {
				"north": {"uv": [6, 6.75, 7.5, 9], "texture": "#0"},
				"east": {"uv": [2, 9.25, 2.75, 11.5], "texture": "#0"},
				"south": {"uv": [2, 7, 3.5, 9.25], "texture": "#0"},
				"west": {"uv": [2.75, 9.25, 3.5, 11.5], "texture": "#0"},
				"up": {"uv": [9, 11.75, 7.5, 11], "texture": "#0"},
				"down": {"uv": [12.75, 0, 11.25, 0.75], "texture": "#0"}
			}
		},
		{
			"name": "Body Layer",
			"from": [4.75, 1.75, 5.65],
			"to": [11.25, 11.25, 9.15],
			"rotation": {"angle": 0, "axis": "y", "origin": [7.875, 8.225, 5.86025]},
			"faces": {
				"north": {"uv": [2.25, 4.5, 4, 7], "texture": "#0"},
				"east": {"uv": [7.5, 6.75, 8.5, 9.25], "texture": "#0"},
				"south": {"uv": [4.5, 2.25, 6.25, 4.75], "texture": "#0"},
				"west": {"uv": [8, 4.25, 9, 6.75], "texture": "#0"},
				"up": {"uv": [10.75, 10.25, 9, 9.25], "texture": "#0"},
				"down": {"uv": [11.25, 6, 9.5, 7], "texture": "#0"}
			}
		},
		{
			"name": "Right Arm",
			"from": [10.75, 10.06175, -7.25987],
			"to": [13, 13.06175, 0.74013],
			"rotation": {"angle": -45, "axis": "x", "origin": [7.875, 20.225, 5.86025]},
			"faces": {
				"north": {"uv": [3.5, 7, 4, 7.75], "texture": "#0"},
				"east": {"uv": [10.75, 2, 12.75, 2.75], "texture": "#0"},
				"south": {"uv": [3.5, 7.75, 4, 8.5], "texture": "#0"},
				"west": {"uv": [10.75, 2.75, 12.75, 3.5], "texture": "#0"},
				"up": {"uv": [4, 13.25, 3.5, 11.25], "texture": "#0"},
				"down": {"uv": [11.75, 3.5, 11.25, 5.5], "texture": "#0"}
			}
		},
		{
			"name": "Right Arm Layer",
			"from": [10.5, 9.81175, -7.50987],
			"to": [13.25, 13.31175, 0.99013],
			"rotation": {"angle": -45, "axis": "x", "origin": [7.875, 20.225, 5.86025]},
			"faces": {
				"north": {"uv": [11.75, 4.5, 12.5, 5.5], "texture": "#0"},
				"east": {"uv": [9, 4, 11.25, 5], "texture": "#0"},
				"south": {"uv": [7.5, 11.75, 8.25, 12.75], "texture": "#0"},
				"west": {"uv": [4.5, 9, 6.75, 10], "texture": "#0"},
				"up": {"uv": [10.25, 9.25, 9.5, 7], "texture": "#0"},
				"down": {"uv": [5.25, 10, 4.5, 12.25], "texture": "#0"}
			}
		},
		{
			"name": "Left Arm",
			"from": [3, 10.06175, -7.25987],
			"to": [5.25, 13.06175, 0.74013],
			"rotation": {"angle": -45, "axis": "x", "origin": [7.875, 20.225, 5.86025]},
			"faces": {
				"north": {"uv": [9, 6, 9.5, 6.75], "texture": "#0"},
				"east": {"uv": [10.75, 9.25, 12.75, 10], "texture": "#0"},
				"south": {"uv": [3, 11.5, 3.5, 12.25], "texture": "#0"},
				"west": {"uv": [0, 11.25, 2, 12], "texture": "#0"},
				"up": {"uv": [4.5, 13.25, 4, 11.25], "texture": "#0"},
				"down": {"uv": [11.75, 10, 11.25, 12], "texture": "#0"}
			}
		},
		{
			"name": "Left Arm Layer",
			"from": [2.75, 9.81175, -7.50987],
			"to": [5.5, 13.31175, 0.99013],
			"rotation": {"angle": -45, "axis": "x", "origin": [7.875, 20.225, 5.86025]},
			"faces": {
				"north": {"uv": [8.25, 11.75, 9, 12.75], "texture": "#0"},
				"east": {"uv": [9, 5, 11.25, 6], "texture": "#0"},
				"south": {"uv": [11.75, 10, 12.5, 11], "texture": "#0"},
				"west": {"uv": [6.75, 9.25, 9, 10.25], "texture": "#0"},
				"up": {"uv": [6, 12.25, 5.25, 10], "texture": "#0"},
				"down": {"uv": [6.75, 10, 6, 12.25], "texture": "#0"}
			}
		},
		{
			"name": "Left Leg",
			"from": [4.48868, -0.05, -1.73714],
			"to": [7.48868, 2.95, 7.26286],
			"rotation": {"angle": 22.5, "axis": "y", "origin": [7.875, 20.225, 5.86025]},
			"faces": {
				"north": {"uv": [11.75, 11, 12.5, 11.75], "texture": "#0"},
				"east": {"uv": [6.75, 10.25, 9, 11], "texture": "#0"},
				"south": {"uv": [11.75, 11.75, 12.5, 12.5], "texture": "#0"},
				"west": {"uv": [10.25, 7, 12.5, 7.75], "texture": "#0"},
				"up": {"uv": [9.75, 12.5, 9, 10.25], "texture": "#0"},
				"down": {"uv": [10.5, 10.25, 9.75, 12.5], "texture": "#0"}
			}
		},
		{
			"name": "Left Leg Layer",
			"from": [4.23868, -0.2, -1.98714],
			"to": [7.73868, 3.3, 7.51286],
			"rotation": {"angle": 22.5, "axis": "y", "origin": [7.875, 20.225, 5.86025]},
			"faces": {
				"north": {"uv": [11.25, 0.75, 12.25, 1.75], "texture": "#0"},
				"east": {"uv": [8.25, 2, 10.75, 3], "texture": "#0"},
				"south": {"uv": [11.25, 5.5, 12.25, 6.5], "texture": "#0"},
				"west": {"uv": [8.25, 3, 10.75, 4], "texture": "#0"},
				"up": {"uv": [9.5, 9.25, 8.5, 6.75], "texture": "#0"},
				"down": {"uv": [1, 8.75, 0, 11.25], "texture": "#0"}
			}
		},
		{
			"name": "Right Leg",
			"from": [8.49229, -0.05, -1.83281],
			"to": [11.49229, 2.95, 7.16719],
			"rotation": {"angle": -22.5, "axis": "y", "origin": [7.875, 20.225, 5.86025]},
			"faces": {
				"north": {"uv": [0, 12, 0.75, 12.75], "texture": "#0"},
				"east": {"uv": [10.25, 7.75, 12.5, 8.5], "texture": "#0"},
				"south": {"uv": [0.75, 12, 1.5, 12.75], "texture": "#0"},
				"west": {"uv": [10.25, 8.5, 12.5, 9.25], "texture": "#0"},
				"up": {"uv": [11.25, 12.5, 10.5, 10.25], "texture": "#0"},
				"down": {"uv": [7.5, 11, 6.75, 13.25], "texture": "#0"}
			}
		},
		{
			"name": "Right Leg Layer",
			"from": [8.24229, -0.2, -2.08281],
			"to": [11.74229, 3.3, 7.41719],
			"rotation": {"angle": -22.5, "axis": "y", "origin": [7.875, 20.225, 5.86025]},
			"faces": {
				"north": {"uv": [2, 11.5, 3, 12.5], "texture": "#0"},
				"east": {"uv": [8.75, 0, 11.25, 1], "texture": "#0"},
				"south": {"uv": [11.75, 3.5, 12.75, 4.5], "texture": "#0"},
				"west": {"uv": [8.75, 1, 11.25, 2], "texture": "#0"},
				"up": {"uv": [2, 11.25, 1, 8.75], "texture": "#0"},
				"down": {"uv": [4.5, 8.75, 3.5, 11.25], "texture": "#0"}
			}
		}
	],
	"gui_light": "front",
	"display": {
		"thirdperson_righthand": {
			"rotation": [36.75, 0, 0],
			"translation": [0, -0.75, 0],
			"scale": [0.5, 0.5, 0.5]
		},
		"thirdperson_lefthand": {
			"rotation": [36.75, 0, 0],
			"translation": [0, -0.75, 0],
			"scale": [0.5, 0.5, 0.5]
		},
		"firstperson_righthand": {
			"rotation": [0, 180, 0],
			"translation": [2.5, -0.75, -5.75]
		},
		"firstperson_lefthand": {
			"rotation": [0, 180, 0],
			"translation": [2.5, -0.75, -5.75]
		},
		"ground": {
			"rotation": [-180, 0, 0],
			"translation": [0, 2, 0],
			"scale": [0.5, 0.5, 0.5]
		},
		"gui": {
			"rotation": [-165.83, 11.37, 180],
			"translation": [0.25, -0.5, 0],
			"scale": [0.65, 0.65, 0.65]
		},
		"head": {
			"translation": [0, 14.75, 3]
		},
		"fixed": {
			"translation": [0, 0, -0.5]
		}
	}
}