{
	"credit": "Made with Blockbench",
	"texture_size": [32, 32],
	"textures": {
		"4": "netc/magma_cream/hairball",
		"particle": "netc/magma_cream/hairball"
	},
	"elements": [
		{
			"from": [5.5, 8, 3],
			"to": [10.5, 13, 12],
			"faces": {
				"north": {"uv": [0, 5, 2.5, 7.5], "texture": "#4"},
				"east": {"uv": [0, 0, 4.5, 2.5], "texture": "#4"},
				"south": {"uv": [7, 0, 9.5, 2.5], "texture": "#4"},
				"west": {"uv": [0, 2.5, 4.5, 5], "texture": "#4"},
				"up": {"uv": [7, 4.5, 4.5, 0], "texture": "#4"},
				"down": {"uv": [7, 4.5, 4.5, 9], "texture": "#4"}
			}
		},
		{
			"from": [6.5, 4.70704, 5.45882],
			"to": [9.5, 5.45704, 6.95882],
			"rotation": {"angle": -22.5, "axis": "x", "origin": [-1, 6.20704, -1.54118]},
			"faces": {
				"north": {"uv": [12.5, 5.5, 14, 6], "texture": "#4"},
				"east": {"uv": [8.5, 10, 9.5, 10.5], "texture": "#4"},
				"south": {"uv": [12.5, 6, 14, 6.5], "texture": "#4"},
				"west": {"uv": [8.5, 10.5, 9.5, 11], "texture": "#4"},
				"up": {"uv": [14, 4.5, 12.5, 3.5], "texture": "#4"},
				"down": {"uv": [14, 4.5, 12.5, 5.5], "texture": "#4"}
			}
		},
		{
			"from": [7.25, 7.5, 4.25],
			"to": [8.75, 8.25, 5.5],
			"rotation": {"angle": 0, "axis": "z", "origin": [-1, 6, -1.5]},
			"faces": {
				"north": {"uv": [12.5, 6.5, 13.5, 7], "texture": "#4"},
				"east": {"uv": [1, 13, 1.5, 13.5], "texture": "#4"},
				"south": {"uv": [12.5, 7, 13.5, 7.5], "texture": "#4"},
				"west": {"uv": [13, 1, 13.5, 1.5], "texture": "#4"},
				"up": {"uv": [13.5, 8, 12.5, 7.5], "texture": "#4"},
				"down": {"uv": [13.5, 8, 12.5, 8.5], "texture": "#4"}
			}
		},
		{
			"from": [9.5, 7.5, 2.5],
			"to": [10.5, 7.75, 3.5],
			"faces": {
				"north": {"uv": [6.5, 11, 7, 11.5], "texture": "#4"},
				"east": {"uv": [11, 10.5, 11.5, 11], "texture": "#4"},
				"south": {"uv": [6.5, 11.5, 7, 12], "texture": "#4"},
				"west": {"uv": [12, 2, 12.5, 2.5], "texture": "#4"},
				"up": {"uv": [1.5, 13, 1, 12.5], "texture": "#4"},
				"down": {"uv": [13, 8.5, 12.5, 9], "texture": "#4"}
			}
		},
		{
			"from": [7.5, 7.25, 1.5],
			"to": [8.5, 7.5, 2.5],
			"faces": {
				"north": {"uv": [12.5, 9, 13, 9.5], "texture": "#4"},
				"east": {"uv": [12.5, 9.5, 13, 10], "texture": "#4"},
				"south": {"uv": [12.5, 10, 13, 10.5], "texture": "#4"},
				"west": {"uv": [12.5, 10.5, 13, 11], "texture": "#4"},
				"up": {"uv": [13, 11.5, 12.5, 11], "texture": "#4"},
				"down": {"uv": [12, 12.5, 11.5, 13], "texture": "#4"}
			}
		},
		{
			"from": [7.5, 7.75, 7],
			"to": [8.5, 8, 8],
			"faces": {
				"north": {"uv": [12, 13, 12.5, 13.5], "texture": "#4"},
				"east": {"uv": [13, 12, 13.5, 12.5], "texture": "#4"},
				"south": {"uv": [12.5, 13, 13, 13.5], "texture": "#4"},
				"west": {"uv": [13, 12.5, 13.5, 13], "texture": "#4"},
				"up": {"uv": [13.5, 13.5, 13, 13], "texture": "#4"},
				"down": {"uv": [14, 0, 13.5, 0.5], "texture": "#4"}
			}
		},
		{
			"from": [5.5, 7.5, 2.5],
			"to": [6.5, 7.75, 3.5],
			"faces": {
				"north": {"uv": [12.5, 11.5, 13, 12], "texture": "#4"},
				"east": {"uv": [12, 12.5, 12.5, 13], "texture": "#4"},
				"south": {"uv": [12.5, 12, 13, 12.5], "texture": "#4"},
				"west": {"uv": [12.5, 12.5, 13, 13], "texture": "#4"},
				"up": {"uv": [13.5, 0.5, 13, 0], "texture": "#4"},
				"down": {"uv": [13.5, 0.5, 13, 1], "texture": "#4"}
			}
		},
		{
			"from": [7.75, 7, 0.75],
			"to": [8.25, 8, 1.25],
			"faces": {
				"north": {"uv": [13, 1.5, 13.5, 2], "texture": "#4"},
				"east": {"uv": [5, 13, 5.5, 13.5], "texture": "#4"},
				"south": {"uv": [5.5, 13, 6, 13.5], "texture": "#4"},
				"west": {"uv": [6, 13, 6.5, 13.5], "texture": "#4"},
				"up": {"uv": [9, 13.5, 8.5, 13], "texture": "#4"},
				"down": {"uv": [13.5, 8.5, 13, 9], "texture": "#4"}
			}
		},
		{
			"from": [5.75, 7.25, 1.75],
			"to": [6.25, 8.25, 2.25],
			"faces": {
				"north": {"uv": [10.5, 13, 11, 13.5], "texture": "#4"},
				"east": {"uv": [13, 10.5, 13.5, 11], "texture": "#4"},
				"south": {"uv": [11, 13, 11.5, 13.5], "texture": "#4"},
				"west": {"uv": [13, 11, 13.5, 11.5], "texture": "#4"},
				"up": {"uv": [12, 13.5, 11.5, 13], "texture": "#4"},
				"down": {"uv": [13.5, 11.5, 13, 12], "texture": "#4"}
			}
		},
		{
			"from": [9.75, 7.25, 1.75],
			"to": [10.25, 8.25, 2.25],
			"faces": {
				"north": {"uv": [9, 13, 9.5, 13.5], "texture": "#4"},
				"east": {"uv": [13, 9, 13.5, 9.5], "texture": "#4"},
				"south": {"uv": [9.5, 13, 10, 13.5], "texture": "#4"},
				"west": {"uv": [13, 9.5, 13.5, 10], "texture": "#4"},
				"up": {"uv": [10.5, 13.5, 10, 13], "texture": "#4"},
				"down": {"uv": [13.5, 10, 13, 10.5], "texture": "#4"}
			}
		},
		{
			"from": [5, 7.75, 2],
			"to": [7, 11.75, 5],
			"faces": {
				"north": {"uv": [4, 11.5, 5, 13.5], "texture": "#4"},
				"east": {"uv": [7, 10, 8.5, 12], "texture": "#4"},
				"south": {"uv": [11.5, 5, 12.5, 7], "texture": "#4"},
				"west": {"uv": [5, 11, 6.5, 13], "texture": "#4"},
				"up": {"uv": [2.5, 11.5, 1.5, 10], "texture": "#4"},
				"down": {"uv": [12.5, 7, 11.5, 8.5], "texture": "#4"}
			}
		},
		{
			"from": [9, 7.75, 2],
			"to": [11, 11.75, 5],
			"faces": {
				"north": {"uv": [11.5, 10.5, 12.5, 12.5], "texture": "#4"},
				"east": {"uv": [8.5, 11, 10, 13], "texture": "#4"},
				"south": {"uv": [12, 0, 13, 2], "texture": "#4"},
				"west": {"uv": [11, 8.5, 12.5, 10.5], "texture": "#4"},
				"up": {"uv": [7.5, 13.5, 6.5, 12], "texture": "#4"},
				"down": {"uv": [8.5, 12, 7.5, 13.5], "texture": "#4"}
			}
		},
		{
			"from": [7, 7.5, 1],
			"to": [9, 12.5, 4],
			"faces": {
				"north": {"uv": [11.5, 2.5, 12.5, 5], "texture": "#4"},
				"east": {"uv": [9.5, 8.5, 11, 11], "texture": "#4"},
				"south": {"uv": [3, 11.5, 4, 14], "texture": "#4"},
				"west": {"uv": [0, 10, 1.5, 12.5], "texture": "#4"},
				"up": {"uv": [1, 14, 0, 12.5], "texture": "#4"},
				"down": {"uv": [13.5, 2, 12.5, 3.5], "texture": "#4"}
			}
		},
		{
			"from": [6.02238, 4, 3.06913],
			"to": [10.02238, 8, 7.06913],
			"rotation": {"angle": 45, "axis": "y", "origin": [8, 0, 5]},
			"faces": {
				"north": {"uv": [2.5, 5, 4.5, 7], "texture": "#4"},
				"east": {"uv": [2.5, 7, 4.5, 9], "texture": "#4"},
				"south": {"uv": [5, 9, 7, 11], "texture": "#4"},
				"west": {"uv": [9.5, 2.5, 11.5, 4.5], "texture": "#4"},
				"up": {"uv": [11.5, 6.5, 9.5, 4.5], "texture": "#4"},
				"down": {"uv": [11.5, 6.5, 9.5, 8.5], "texture": "#4"}
			}
		},
		{
			"from": [5.77238, 3.75, 2.81913],
			"to": [10.27238, 8.25, 7.31913],
			"rotation": {"angle": 45, "axis": "y", "origin": [8, 0, 5]},
			"faces": {
				"north": {"uv": [7, 2.5, 9.5, 5], "texture": "#4"},
				"east": {"uv": [7, 5, 9.5, 7.5], "texture": "#4"},
				"south": {"uv": [0, 7.5, 2.5, 10], "texture": "#4"},
				"west": {"uv": [7, 7.5, 9.5, 10], "texture": "#4"},
				"up": {"uv": [5, 11.5, 2.5, 9], "texture": "#4"},
				"down": {"uv": [12, 0, 9.5, 2.5], "texture": "#4"}
			}
		},
		{
			"from": [7.3, 7.45, 3.075],
			"to": [10.8, 7.45, 5.975],
			"rotation": {"angle": -22.5, "axis": "y", "origin": [0, 0, 0]},
			"faces": {
				"north": {"uv": [0, 0, 2, 0], "texture": "#4"},
				"east": {"uv": [0, 0, 1.5, 0], "texture": "#4"},
				"south": {"uv": [0, 0, 2, 0], "texture": "#4"},
				"west": {"uv": [0, 0, 1.5, 0], "texture": "#4"},
				"up": {"uv": [11.5, 13, 10, 11], "rotation": 90, "texture": "#4"},
				"down": {"uv": [3, 11.5, 1.5, 13.5], "rotation": 270, "texture": "#4"}
			}
		}
	],
	"display": {
		"thirdperson_righthand": {
			"rotation": [0, 0, -90],
			"translation": [-2.5, -2, 4.25]
		},
		"thirdperson_lefthand": {
			"rotation": [0, 0, -90],
			"translation": [-2.5, -2, 4.25]
		},
		"firstperson_righthand": {
			"rotation": [19, -24, -140],
			"translation": [-2.25, 2.75, 3.5]
		},
		"firstperson_lefthand": {
			"rotation": [19, -24, -140],
			"translation": [-2.25, 2.75, 3.5]
		},
		"ground": {
			"translation": [0, 0, 1.25]
		},
		"gui": {
			"rotation": [90, -45, 180],
			"translation": [-2.25, -2, 0],
			"scale": [1.5, 1.5, 1.5]
		},
		"head": {
			"rotation": [90, 0, 0],
			"translation": [0, 7.75, -5],
			"scale": [2, 2, 2]
		},
		"fixed": {
			"rotation": [90, 0, 0],
			"translation": [0, -3, -9.75],
			"scale": [2, 2, 2]
		}
	}
}