{
	"credit": "16_BIT_SAMURAI",
	"textures": {
		"0": "netc/magma_cream/insect13",
		"particle": "netc/magma_cream/insect13"
	},
	"elements": [
		{
			"from": [7.5, 10.32104, 5.8],
			"to": [8.5, 11.82104, 7.55],
			"rotation": {"angle": 22.5, "axis": "x", "origin": [0, 7.07104, -1.2]},
			"faces": {
				"north": {"uv": [9, 2, 9.5, 3], "texture": "#0"},
				"east": {"uv": [9, 0, 10, 1], "texture": "#0"},
				"south": {"uv": [9, 3, 9.5, 4], "texture": "#0"},
				"west": {"uv": [9, 1, 10, 2], "texture": "#0"},
				"up": {"uv": [9.5, 5, 9, 4], "texture": "#0"},
				"down": {"uv": [9.5, 5, 9, 6], "texture": "#0"}
			}
		},
		{
			"from": [-1.40783, 10.99504, 0.5849],
			"to": [7.59217, 10.99504, 15.3349],
			"rotation": {"angle": -22.5, "axis": "z", "origin": [0.09217, 9.74504, -1.4151]},
			"faces": {
				"north": {"uv": [0, 0, 4.5, 0], "texture": "#0"},
				"east": {"uv": [0, 0, 7.5, 0], "texture": "#0"},
				"south": {"uv": [0, 0, 4.5, 0], "texture": "#0"},
				"west": {"uv": [0, 0, 7.5, 0], "texture": "#0"},
				"up": {"uv": [4.5, 7.5, 0, 0], "texture": "#0"},
				"down": {"uv": [4.5, 0, 0, 7.5], "texture": "#0"}
			}
		},
		{
			"from": [9.62576, 4.8721, 0.5849],
			"to": [18.62576, 4.8721, 15.3349],
			"rotation": {"angle": 22.5, "axis": "z", "origin": [1.12576, 3.6221, -1.4151]},
			"faces": {
				"north": {"uv": [0, 0, 4.5, 0], "texture": "#0"},
				"east": {"uv": [0, 0, 7.5, 0], "texture": "#0"},
				"south": {"uv": [0, 0, 4.5, 0], "texture": "#0"},
				"west": {"uv": [0, 0, 7.5, 0], "texture": "#0"},
				"up": {"uv": [4.5, 15, 0, 7.5], "texture": "#0"},
				"down": {"uv": [4.5, 7.5, 0, 15], "texture": "#0"}
			}
		},
		{
			"from": [7.6, 4.57104, 5.55],
			"to": [8.4, 5.57104, 6.55],
			"rotation": {"angle": -22.5, "axis": "x", "origin": [0, 7.07104, -1.2]},
			"faces": {
				"north": {"uv": [10, 9, 10.5, 9.5], "texture": "#0"},
				"east": {"uv": [9.5, 10, 10, 10.5], "texture": "#0"},
				"south": {"uv": [10, 9.5, 10.5, 10], "texture": "#0"},
				"west": {"uv": [10, 10, 10.5, 10.5], "texture": "#0"},
				"up": {"uv": [11, 0.5, 10.5, 0], "texture": "#0"},
				"down": {"uv": [11, 0.5, 10.5, 1], "texture": "#0"}
			}
		},
		{
			"from": [8.2, 10.58727, 6.39805],
			"to": [8.3, 10.73727, 6.89805],
			"rotation": {"angle": 22.5, "axis": "x", "origin": [-0.2, 12.23727, -0.05195]},
			"faces": {
				"north": {"uv": [11.5, 7.5, 12, 8], "texture": "#0"},
				"east": {"uv": [11.5, 8, 12, 8.5], "texture": "#0"},
				"south": {"uv": [11.5, 8.5, 12, 9], "texture": "#0"},
				"west": {"uv": [9, 11.5, 9.5, 12], "texture": "#0"},
				"up": {"uv": [12, 9.5, 11.5, 9], "texture": "#0"},
				"down": {"uv": [10, 11.5, 9.5, 12], "texture": "#0"}
			}
		},
		{
			"from": [7.675, 7.58393, -0.605],
			"to": [7.775, 7.68393, 0.445],
			"rotation": {"angle": -45, "axis": "x", "origin": [-0.2, 13.93393, 2.045]},
			"faces": {
				"north": {"uv": [12, 2, 12.5, 2.5], "texture": "#0"},
				"east": {"uv": [12, 2.5, 12.5, 3], "texture": "#0"},
				"south": {"uv": [12, 3, 12.5, 3.5], "texture": "#0"},
				"west": {"uv": [12, 3.5, 12.5, 4], "texture": "#0"},
				"up": {"uv": [12.5, 4.5, 12, 4], "texture": "#0"},
				"down": {"uv": [12.5, 4.5, 12, 5], "texture": "#0"}
			}
		},
		{
			"from": [8.225, 7.58393, -0.605],
			"to": [8.325, 7.68393, 0.445],
			"rotation": {"angle": -45, "axis": "x", "origin": [-0.2, 13.93393, 2.045]},
			"faces": {
				"north": {"uv": [11.5, 11, 12, 11.5], "texture": "#0"},
				"east": {"uv": [11.5, 11.5, 12, 12], "texture": "#0"},
				"south": {"uv": [12, 0, 12.5, 0.5], "texture": "#0"},
				"west": {"uv": [12, 0.5, 12.5, 1], "texture": "#0"},
				"up": {"uv": [12.5, 1.5, 12, 1], "texture": "#0"},
				"down": {"uv": [12.5, 1.5, 12, 2], "texture": "#0"}
			}
		},
		{
			"from": [7.65, 7.68393, -0.605],
			"to": [7.75, 7.88393, -0.455],
			"rotation": {"angle": -45, "axis": "x", "origin": [-0.2, 13.93393, 2.045]},
			"faces": {
				"north": {"uv": [12, 8, 12.5, 8.5], "texture": "#0"},
				"east": {"uv": [12, 8.5, 12.5, 9], "texture": "#0"},
				"south": {"uv": [9, 12, 9.5, 12.5], "texture": "#0"},
				"west": {"uv": [12, 9, 12.5, 9.5], "texture": "#0"},
				"up": {"uv": [10, 12.5, 9.5, 12], "texture": "#0"},
				"down": {"uv": [12.5, 9.5, 12, 10], "texture": "#0"}
			}
		},
		{
			"from": [8.25, 7.68393, -0.605],
			"to": [8.35, 7.88393, -0.455],
			"rotation": {"angle": -45, "axis": "x", "origin": [-0.2, 13.93393, 2.045]},
			"faces": {
				"north": {"uv": [12, 5, 12.5, 5.5], "texture": "#0"},
				"east": {"uv": [12, 5.5, 12.5, 6], "texture": "#0"},
				"south": {"uv": [12, 6, 12.5, 6.5], "texture": "#0"},
				"west": {"uv": [12, 6.5, 12.5, 7], "texture": "#0"},
				"up": {"uv": [12.5, 7.5, 12, 7], "texture": "#0"},
				"down": {"uv": [12.5, 7.5, 12, 8], "texture": "#0"}
			}
		},
		{
			"from": [7.7, 10.58727, 6.39805],
			"to": [7.8, 10.73727, 6.89805],
			"rotation": {"angle": 22.5, "axis": "x", "origin": [-0.2, 12.23727, -0.05195]},
			"faces": {
				"north": {"uv": [11.5, 9.5, 12, 10], "texture": "#0"},
				"east": {"uv": [10, 11.5, 10.5, 12], "texture": "#0"},
				"south": {"uv": [11.5, 10, 12, 10.5], "texture": "#0"},
				"west": {"uv": [10.5, 11.5, 11, 12], "texture": "#0"},
				"up": {"uv": [12, 11, 11.5, 10.5], "texture": "#0"},
				"down": {"uv": [11.5, 11.5, 11, 12], "texture": "#0"}
			}
		},
		{
			"from": [7.7, 7.57104, 6.3],
			"to": [8.3, 8.42104, 7],
			"rotation": {"angle": 0, "axis": "y", "origin": [0, 7.07104, -1.2]},
			"faces": {
				"north": {"uv": [11.5, 2.5, 12, 3], "texture": "#0"},
				"east": {"uv": [11.5, 3, 12, 3.5], "texture": "#0"},
				"south": {"uv": [11.5, 3.5, 12, 4], "texture": "#0"},
				"west": {"uv": [11.5, 4, 12, 4.5], "texture": "#0"},
				"up": {"uv": [12, 5, 11.5, 4.5], "texture": "#0"},
				"down": {"uv": [12, 5, 11.5, 5.5], "texture": "#0"}
			}
		},
		{
			"from": [7.7, 6.82104, 8.05],
			"to": [8.3, 7.92104, 10],
			"rotation": {"angle": 0, "axis": "y", "origin": [0, 7.07104, -1.2]},
			"faces": {
				"north": {"uv": [11.5, 6.5, 12, 7], "texture": "#0"},
				"east": {"uv": [10, 7, 11, 7.5], "texture": "#0"},
				"south": {"uv": [11.5, 7, 12, 7.5], "texture": "#0"},
				"west": {"uv": [10, 7.5, 11, 8], "texture": "#0"},
				"up": {"uv": [10.5, 9, 10, 8], "texture": "#0"},
				"down": {"uv": [9.5, 10, 9, 11], "texture": "#0"}
			}
		},
		{
			"from": [7.45, 11.07104, 7.8],
			"to": [8.55, 12.17104, 10],
			"rotation": {"angle": 22.5, "axis": "x", "origin": [0, 7.07104, -1.2]},
			"faces": {
				"north": {"uv": [11.5, 5.5, 12, 6], "texture": "#0"},
				"east": {"uv": [10, 3.5, 11, 4], "texture": "#0"},
				"south": {"uv": [11.5, 6, 12, 6.5], "texture": "#0"},
				"west": {"uv": [10, 4, 11, 4.5], "texture": "#0"},
				"up": {"uv": [10.5, 5.5, 10, 4.5], "texture": "#0"},
				"down": {"uv": [10.5, 6, 10, 7], "texture": "#0"}
			}
		},
		{
			"from": [7.125, 6.82104, 7.3],
			"to": [8.9, 7.07104, 7.55],
			"rotation": {"angle": 0, "axis": "y", "origin": [0, 7.07104, -3.2]},
			"faces": {
				"north": {"uv": [9, 6, 10, 6.5], "texture": "#0"},
				"east": {"uv": [10.5, 1, 11, 1.5], "texture": "#0"},
				"south": {"uv": [9, 6.5, 10, 7], "texture": "#0"},
				"west": {"uv": [10.5, 1.5, 11, 2], "texture": "#0"},
				"up": {"uv": [10, 7.5, 9, 7], "texture": "#0"},
				"down": {"uv": [10, 7.5, 9, 8], "texture": "#0"}
			}
		},
		{
			"from": [9.20393, -0.20861, 7.4],
			"to": [9.95393, 0.04139, 7.65],
			"rotation": {"angle": 45, "axis": "z", "origin": [0.05393, 0.14139, -3.3]},
			"faces": {
				"north": {"uv": [10.5, 3, 11, 3.5], "texture": "#0"},
				"east": {"uv": [10.5, 4.5, 11, 5], "texture": "#0"},
				"south": {"uv": [10.5, 5, 11, 5.5], "texture": "#0"},
				"west": {"uv": [10.5, 5.5, 11, 6], "texture": "#0"},
				"up": {"uv": [11, 6.5, 10.5, 6], "texture": "#0"},
				"down": {"uv": [11, 6.5, 10.5, 7], "texture": "#0"}
			}
		},
		{
			"from": [11.50424, 12.90822, 7.4],
			"to": [12.25424, 13.15822, 7.65],
			"rotation": {"angle": -45, "axis": "z", "origin": [2.85424, 13.25822, -3.3]},
			"faces": {
				"north": {"uv": [11, 11, 11.5, 11.5], "texture": "#0"},
				"east": {"uv": [11.5, 0, 12, 0.5], "texture": "#0"},
				"south": {"uv": [11.5, 0.5, 12, 1], "texture": "#0"},
				"west": {"uv": [11.5, 1, 12, 1.5], "texture": "#0"},
				"up": {"uv": [12, 2, 11.5, 1.5], "texture": "#0"},
				"down": {"uv": [12, 2, 11.5, 2.5], "texture": "#0"}
			}
		},
		{
			"from": [13.02991, 6.32104, 13.02339],
			"to": [13.27991, 6.32104, 14.02339],
			"rotation": {"angle": 22.5, "axis": "y", "origin": [1.27991, 6.57104, 22.52339]},
			"faces": {
				"north": {"uv": [0, 0, 0.5, 0], "texture": "#0"},
				"east": {"uv": [0, 0, 0.5, 0], "texture": "#0"},
				"south": {"uv": [0, 0, 0.5, 0], "texture": "#0"},
				"west": {"uv": [0, 0, 0.5, 0], "texture": "#0"},
				"up": {"uv": [11, 11.5, 10.5, 11], "texture": "#0"},
				"down": {"uv": [11.5, 10.5, 11, 11], "texture": "#0"}
			}
		},
		{
			"from": [8.5, 2.94832, 7.51945],
			"to": [8.75, 3.19832, 8.76945],
			"rotation": {"angle": 22.5, "axis": "x", "origin": [-1.5, 3.29832, 17.41945]},
			"faces": {
				"north": {"uv": [9, 11, 9.5, 11.5], "texture": "#0"},
				"east": {"uv": [11, 9, 11.5, 9.5], "texture": "#0"},
				"south": {"uv": [9.5, 11, 10, 11.5], "texture": "#0"},
				"west": {"uv": [11, 9.5, 11.5, 10], "texture": "#0"},
				"up": {"uv": [10.5, 11.5, 10, 11], "texture": "#0"},
				"down": {"uv": [11.5, 10, 11, 10.5], "texture": "#0"}
			}
		},
		{
			"from": [7.375, 6.82104, 8.05],
			"to": [8.65, 7.07104, 8.3],
			"rotation": {"angle": 0, "axis": "y", "origin": [0, 7.07104, -2.45]},
			"faces": {
				"north": {"uv": [11, 6, 11.5, 6.5], "texture": "#0"},
				"east": {"uv": [11, 6.5, 11.5, 7], "texture": "#0"},
				"south": {"uv": [11, 7, 11.5, 7.5], "texture": "#0"},
				"west": {"uv": [11, 7.5, 11.5, 8], "texture": "#0"},
				"up": {"uv": [11.5, 8.5, 11, 8], "texture": "#0"},
				"down": {"uv": [11.5, 8.5, 11, 9], "texture": "#0"}
			}
		},
		{
			"from": [4.66116, 6.32104, 3.26496],
			"to": [4.91116, 6.32104, 4.26496],
			"rotation": {"angle": -22.5, "axis": "y", "origin": [-8.83884, 6.57104, 12.76496]},
			"faces": {
				"north": {"uv": [0, 0, 0.5, 0], "texture": "#0"},
				"east": {"uv": [0, 0, 0.5, 0], "texture": "#0"},
				"south": {"uv": [0, 0, 0.5, 0], "texture": "#0"},
				"west": {"uv": [0, 0, 0.5, 0], "texture": "#0"},
				"up": {"uv": [11.5, 5.5, 11, 5], "texture": "#0"},
				"down": {"uv": [11.5, 5.5, 11, 6], "texture": "#0"}
			}
		},
		{
			"from": [7.25, 2.94832, 7.51945],
			"to": [7.5, 3.19832, 8.76945],
			"rotation": {"angle": 22.5, "axis": "x", "origin": [-3.45, 3.29832, 17.41945]},
			"faces": {
				"north": {"uv": [11, 2, 11.5, 2.5], "texture": "#0"},
				"east": {"uv": [11, 2.5, 11.5, 3], "texture": "#0"},
				"south": {"uv": [11, 3, 11.5, 3.5], "texture": "#0"},
				"west": {"uv": [11, 3.5, 11.5, 4], "texture": "#0"},
				"up": {"uv": [11.5, 4.5, 11, 4], "texture": "#0"},
				"down": {"uv": [11.5, 4.5, 11, 5], "texture": "#0"}
			}
		},
		{
			"from": [7.125, 11.42591, 4.04344],
			"to": [7.375, 11.67591, 6.04344],
			"rotation": {"angle": -22.5, "axis": "x", "origin": [-3.725, 11.52591, 17.59344]},
			"faces": {
				"north": {"uv": [10.5, 10, 11, 10.5], "texture": "#0"},
				"east": {"uv": [9.5, 5.5, 10.5, 6], "texture": "#0"},
				"south": {"uv": [10.5, 10.5, 11, 11], "texture": "#0"},
				"west": {"uv": [9, 9.5, 10, 10], "texture": "#0"},
				"up": {"uv": [10.5, 1, 10, 0], "texture": "#0"},
				"down": {"uv": [10.5, 1, 10, 2], "texture": "#0"}
			}
		},
		{
			"from": [8.65, 11.42591, 4.04344],
			"to": [8.9, 11.67591, 6.04344],
			"rotation": {"angle": -22.5, "axis": "x", "origin": [-1.5, 11.52591, 17.59344]},
			"faces": {
				"north": {"uv": [10.5, 9.5, 11, 10], "texture": "#0"},
				"east": {"uv": [9.5, 2.5, 10.5, 3], "texture": "#0"},
				"south": {"uv": [10, 10.5, 10.5, 11], "texture": "#0"},
				"west": {"uv": [9.5, 3, 10.5, 3.5], "texture": "#0"},
				"up": {"uv": [10, 4.5, 9.5, 3.5], "texture": "#0"},
				"down": {"uv": [10, 4.5, 9.5, 5.5], "texture": "#0"}
			}
		},
		{
			"from": [7.25, 7.07104, 6.8],
			"to": [8.75, 7.32104, 7.05],
			"rotation": {"angle": 0, "axis": "y", "origin": [0, 7.07104, -2.45]},
			"faces": {
				"north": {"uv": [9, 8, 10, 8.5], "texture": "#0"},
				"east": {"uv": [10.5, 2, 11, 2.5], "texture": "#0"},
				"south": {"uv": [9, 8.5, 10, 9], "texture": "#0"},
				"west": {"uv": [10.5, 2.5, 11, 3], "texture": "#0"},
				"up": {"uv": [10, 9.5, 9, 9], "texture": "#0"},
				"down": {"uv": [10.5, 2, 9.5, 2.5], "texture": "#0"}
			}
		},
		{
			"from": [10.6877, 6.36293, 10.34518],
			"to": [10.9377, 6.36293, 11.34518],
			"rotation": {"angle": 22.5, "axis": "y", "origin": [-1.0623, 6.61293, 19.84518]},
			"faces": {
				"north": {"uv": [0, 0, 0.5, 0], "texture": "#0"},
				"east": {"uv": [0, 0, 0.5, 0], "texture": "#0"},
				"south": {"uv": [0, 0, 0.5, 0], "texture": "#0"},
				"west": {"uv": [0, 0, 0.5, 0], "texture": "#0"},
				"up": {"uv": [11, 9.5, 10.5, 9], "texture": "#0"},
				"down": {"uv": [10, 10.5, 9.5, 11], "texture": "#0"}
			}
		},
		{
			"from": [13.5384, 6.24817, 6.85546],
			"to": [13.7884, 6.24817, 7.85546],
			"rotation": {"angle": 22.5, "axis": "y", "origin": [3.6884, 6.49817, 22.60546]},
			"faces": {
				"north": {"uv": [0, 0, 0.5, 0], "texture": "#0"},
				"east": {"uv": [0, 0, 0.5, 0], "texture": "#0"},
				"south": {"uv": [0, 0, 0.5, 0], "texture": "#0"},
				"west": {"uv": [0, 0, 0.5, 0], "texture": "#0"},
				"up": {"uv": [11.5, 0.5, 11, 0], "texture": "#0"},
				"down": {"uv": [11.5, 0.5, 11, 1], "texture": "#0"}
			}
		},
		{
			"from": [7.02837, 6.36293, 0.58675],
			"to": [7.27837, 6.36293, 1.58675],
			"rotation": {"angle": -22.5, "axis": "y", "origin": [-6.47163, 6.61293, 10.08675]},
			"faces": {
				"north": {"uv": [0, 0, 0.5, 0], "texture": "#0"},
				"east": {"uv": [0, 0, 0.5, 0], "texture": "#0"},
				"south": {"uv": [0, 0, 0.5, 0], "texture": "#0"},
				"west": {"uv": [0, 0, 0.5, 0], "texture": "#0"},
				"up": {"uv": [11, 8.5, 10.5, 8], "texture": "#0"},
				"down": {"uv": [11, 8.5, 10.5, 9], "texture": "#0"}
			}
		},
		{
			"from": [4.12663, 6.24817, -4.14637],
			"to": [4.37663, 6.24817, -3.14637],
			"rotation": {"angle": -22.5, "axis": "y", "origin": [-14.37337, 6.49817, 12.35363]},
			"faces": {
				"north": {"uv": [0, 0, 0.5, 0], "texture": "#0"},
				"east": {"uv": [0, 0, 0.5, 0], "texture": "#0"},
				"south": {"uv": [0, 0, 0.5, 0], "texture": "#0"},
				"west": {"uv": [0, 0, 0.5, 0], "texture": "#0"},
				"up": {"uv": [11.5, 1.5, 11, 1], "texture": "#0"},
				"down": {"uv": [11.5, 1.5, 11, 2], "texture": "#0"}
			}
		}
	],
	"gui_light": "front",
	"display": {
		"thirdperson_righthand": {
			"rotation": [114.5, 0, 0],
			"translation": [0, 1.25, 0],
			"scale": [0.7, 0.7, 0.7]
		},
		"thirdperson_lefthand": {
			"rotation": [114.5, 0, 0],
			"translation": [0, 1.25, 0],
			"scale": [0.7, 0.7, 0.7]
		},
		"firstperson_righthand": {
			"rotation": [37, 0, 0],
			"translation": [0, 1.75, 0]
		},
		"firstperson_lefthand": {
			"rotation": [37, 0, 0],
			"translation": [0, 1.75, 0]
		},
		"ground": {
			"translation": [0, -1.75, 0]
		},
		"gui": {
			"rotation": [-140.5, 35, 180],
			"translation": [1.20467, -1.61458, 0]
		},
		"head": {
			"translation": [-0.14149, 8.16831, -1]
		},
		"fixed": {
			"rotation": [90, 0, -180],
			"translation": [-0.14149, -0.08169, -1]
		}
	}
}