{
	"credit": "Made with Blockbench",
	"texture_size": [32, 32],
	"textures": {
		"0": "netc/magma_cream/linker",
		"particle": "netc/magma_cream/linker"
	},
	"elements": [
		{
			"from": [7, 0, 7],
			"to": [11, 1, 10],
			"rotation": {"angle": 0, "axis": "y", "origin": [6, 0, 7]},
			"faces": {
				"north": {"uv": [5, 3.5, 7, 4], "texture": "#0"},
				"east": {"uv": [7, 2, 8.5, 2.5], "texture": "#0"},
				"south": {"uv": [6, 4, 8, 4.5], "texture": "#0"},
				"west": {"uv": [7, 2.5, 8.5, 3], "texture": "#0"},
				"up": {"uv": [6, 5.5, 4, 4], "texture": "#0"},
				"down": {"uv": [7, 0, 5, 1.5], "texture": "#0"}
			}
		},
		{
			"from": [8.9, 0.2, 7.4],
			"to": [10.9, 8, 9.6],
			"rotation": {"angle": 0, "axis": "y", "origin": [8.9, 0, 7.5]},
			"faces": {
				"north": {"uv": [0, 4, 1, 8], "texture": "#0"},
				"east": {"uv": [1, 4, 2, 8], "texture": "#0"},
				"south": {"uv": [2, 4, 3, 8], "texture": "#0"},
				"west": {"uv": [3, 4, 4, 8], "texture": "#0"},
				"up": {"uv": [7, 5.5, 6, 4.5], "texture": "#0"},
				"down": {"uv": [7, 5.5, 6, 6.5], "texture": "#0"}
			}
		},
		{
			"from": [9, 3, 7.6],
			"to": [10, 5, 9.4],
			"rotation": {"angle": 45, "axis": "z", "origin": [9, 3, 7.5]},
			"faces": {
				"north": {"uv": [7, 3, 7.5, 4], "texture": "#0"},
				"east": {"uv": [6, 6.5, 7, 7.5], "texture": "#0"},
				"south": {"uv": [7, 4.5, 7.5, 5.5], "texture": "#0"},
				"west": {"uv": [7, 0, 8, 1], "texture": "#0"},
				"up": {"uv": [7.5, 6.5, 7, 5.5], "texture": "#0"},
				"down": {"uv": [7.5, 6.5, 7, 7.5], "texture": "#0"}
			}
		},
		{
			"from": [5.58579, 4.41421, 7.5],
			"to": [9.58579, 5.41421, 9.5],
			"rotation": {"angle": 0, "axis": "z", "origin": [7.58579, 4.41421, 7.5]},
			"faces": {
				"north": {"uv": [7, 1, 9, 1.5], "texture": "#0"},
				"east": {"uv": [7.5, 3, 8.5, 3.5], "texture": "#0"},
				"south": {"uv": [7, 1.5, 9, 2], "texture": "#0"},
				"west": {"uv": [7.5, 3.5, 8.5, 4], "texture": "#0"},
				"up": {"uv": [7, 2.5, 5, 1.5], "texture": "#0"},
				"down": {"uv": [7, 2.5, 5, 3.5], "texture": "#0"}
			}
		},
		{
			"from": [9.58579, 6.41421, 8.25],
			"to": [10.58579, 12.41421, 9.25],
			"rotation": {"angle": 0, "axis": "z", "origin": [9.58579, 8.41421, 7.75]},
			"faces": {
				"north": {"uv": [4, 5.5, 4.5, 8.5], "texture": "#0"},
				"east": {"uv": [4.5, 5.5, 5, 8.5], "texture": "#0"},
				"south": {"uv": [5, 5.5, 5.5, 8.5], "texture": "#0"},
				"west": {"uv": [5.5, 5.5, 6, 8.5], "texture": "#0"},
				"up": {"uv": [8, 5, 7.5, 4.5], "texture": "#0"},
				"down": {"uv": [8, 5, 7.5, 5.5], "texture": "#0"}
			}
		},
		{
			"from": [5, 5, 8.5],
			"to": [10, 13, 8.5],
			"rotation": {"angle": 0, "axis": "y", "origin": [3, 5, 6.5]},
			"faces": {
				"north": {"uv": [0, 0, 2.5, 4], "texture": "#0"},
				"east": {"uv": [0, 0, 0, 4], "texture": "#0"},
				"south": {"uv": [2.5, 0, 5, 4], "texture": "#0"},
				"west": {"uv": [0, 0, 0, 4], "texture": "#0"},
				"up": {"uv": [2.5, 0, 0, 0], "texture": "#0"},
				"down": {"uv": [2.5, 0, 0, 0], "texture": "#0"}
			}
		}
	],
	"display": {
		"thirdperson_righthand": {
			"rotation": [38, -1, 0],
			"translation": [-1.75, 2.75, 3.25]
		},
		"thirdperson_lefthand": {
			"rotation": [17, 180, 0],
			"translation": [-1, 3, 3.25]
		},
		"firstperson_righthand": {
			"rotation": [-18, 0, 0],
			"translation": [0, 4.75, 0.75]
		},
		"firstperson_lefthand": {
			"rotation": [-21, 0, 0],
			"translation": [0, 4, 1]
		},
		"ground": {
			"translation": [0, 4, 0]
		},
		"gui": {
			"translation": [0, 1.25, 0]
		},
		"head": {
			"translation": [0, 14.25, 0]
		}
	},
	"groups": [
		{
			"name": "group",
			"origin": [7, 0, 7],
			"color": 0,
			"children": [0, 1, 2, 3, 4, 5]
		}
	]
}