{
	"credit": "Made with Blockbench",
	"texture_size": [64, 64],
	"textures": {
		"2": "netc/magma_cream/lmg",
		"particle": "netc/magma_cream/lmg"
	},
	"elements": [
		{
			"from": [6.75, 7, -3.25],
			"to": [9.25, 12, -1],
			"faces": {
				"north": {"uv": [8.25, 8, 8.875, 9.25], "texture": "#2"},
				"east": {"uv": [0, 8.5, 0.625, 9.75], "texture": "#2"},
				"south": {"uv": [2.5, 8.5, 3.125, 9.75], "texture": "#2"},
				"west": {"uv": [4.5, 8.5, 5.125, 9.75], "texture": "#2"},
				"up": {"uv": [0.625, 11.875, 0, 11.25], "texture": "#2"},
				"down": {"uv": [3.375, 11.25, 2.75, 11.875], "texture": "#2"}
			}
		},
		{
			"from": [6.75, 7, 1.75],
			"to": [9.25, 9.5, 9.05],
			"rotation": {"angle": 0, "axis": "y", "origin": [0, 0, 2.75]},
			"faces": {
				"north": {"uv": [11, 6.75, 11.625, 7.375], "texture": "#2"},
				"east": {"uv": [6.5, 3, 8.375, 3.625], "texture": "#2"},
				"south": {"uv": [11, 7.5, 11.625, 8.125], "texture": "#2"},
				"west": {"uv": [6.75, 3.75, 8.625, 4.375], "texture": "#2"},
				"up": {"uv": [3.125, 8.375, 2.5, 6.5], "texture": "#2"},
				"down": {"uv": [5.125, 6.5, 4.5, 8.375], "texture": "#2"}
			}
		},
		{
			"from": [5.75, 7.5, 5.75],
			"to": [10.25, 9.75, 8.05],
			"rotation": {"angle": 0, "axis": "y", "origin": [0, 0, 2.75]},
			"faces": {
				"north": {"uv": [9.25, 0, 10.375, 0.625], "texture": "#2"},
				"east": {"uv": [11, 8.25, 11.625, 8.875], "texture": "#2"},
				"south": {"uv": [9.25, 0.75, 10.375, 1.375], "texture": "#2"},
				"west": {"uv": [11, 10.5, 11.625, 11.125], "texture": "#2"},
				"up": {"uv": [1.125, 10.375, 0, 9.75], "texture": "#2"},
				"down": {"uv": [10.875, 3, 9.75, 3.625], "texture": "#2"}
			}
		},
		{
			"from": [6.75, 9.5, 3],
			"to": [9.25, 14.5, 10],
			"faces": {
				"north": {"uv": [8.25, 5.5, 8.875, 6.75], "texture": "#2"},
				"east": {"uv": [0, 0, 1.75, 1.25], "texture": "#2"},
				"south": {"uv": [8.25, 6.75, 8.875, 8], "texture": "#2"},
				"west": {"uv": [0, 1.25, 1.75, 2.5], "texture": "#2"},
				"up": {"uv": [8.125, 7, 7.5, 5.25], "texture": "#2"},
				"down": {"uv": [8.125, 7, 7.5, 8.75], "texture": "#2"}
			}
		},
		{
			"from": [7.25, 14, -10.025],
			"to": [8.75, 15, -1.975],
			"rotation": {"angle": 0, "axis": "y", "origin": [0, 0.25, 0]},
			"faces": {
				"north": {"uv": [1, 13, 1.375, 13.25], "texture": "#2"},
				"east": {"uv": [2.25, 10.5, 4.25, 10.75], "texture": "#2"},
				"south": {"uv": [13, 1, 13.375, 1.25], "texture": "#2"},
				"west": {"uv": [10.5, 3.75, 12.5, 4], "texture": "#2"},
				"up": {"uv": [9.875, 6, 9.5, 4], "texture": "#2"},
				"down": {"uv": [9.875, 6, 9.5, 8], "texture": "#2"}
			}
		},
		{
			"from": [7.25334, 8.67166, -11.025],
			"to": [8.75334, 10.49666, -3.25],
			"rotation": {"angle": 0, "axis": "y", "origin": [0.00334, 0.17166, 0]},
			"faces": {
				"north": {"uv": [2.75, 12, 3.125, 12.5], "texture": "#2"},
				"east": {"uv": [8, 1.5, 10, 2], "texture": "#2"},
				"south": {"uv": [3.25, 12, 3.625, 12.5], "texture": "#2"},
				"west": {"uv": [8, 2, 10, 2.5], "texture": "#2"},
				"up": {"uv": [9.875, 10, 9.5, 8], "texture": "#2"},
				"down": {"uv": [9.375, 9.5, 9, 11.5], "texture": "#2"}
			}
		},
		{
			"from": [7.00334, 15.24666, -4.775],
			"to": [9.00334, 16.04666, -4],
			"rotation": {"angle": 0, "axis": "y", "origin": [0.00334, 0.17166, 0]},
			"faces": {
				"north": {"uv": [10.25, 12.25, 10.75, 12.5], "texture": "#2"},
				"east": {"uv": [2.25, 9.5, 2.5, 9.75], "texture": "#2"},
				"south": {"uv": [12.25, 10.5, 12.75, 10.75], "texture": "#2"},
				"west": {"uv": [9.75, 3.75, 10, 4], "texture": "#2"},
				"up": {"uv": [11.25, 12.5, 10.75, 12.25], "texture": "#2"},
				"down": {"uv": [12.75, 10.75, 12.25, 11], "texture": "#2"}
			}
		},
		{
			"from": [7.00334, 15.24666, -5.775],
			"to": [9.00334, 16.04666, -5],
			"rotation": {"angle": 0, "axis": "y", "origin": [0.00334, 0.17166, 0]},
			"faces": {
				"north": {"uv": [12.25, 8.75, 12.75, 9], "texture": "#2"},
				"east": {"uv": [6.5, 3.75, 6.75, 4], "texture": "#2"},
				"south": {"uv": [12.25, 9, 12.75, 9.25], "texture": "#2"},
				"west": {"uv": [0.75, 8.5, 1, 8.75], "texture": "#2"},
				"up": {"uv": [9.75, 12.5, 9.25, 12.25], "texture": "#2"},
				"down": {"uv": [10.25, 12.25, 9.75, 12.5], "texture": "#2"}
			}
		},
		{
			"from": [7.25334, 14.99666, -10.025],
			"to": [8.75334, 15.74666, -2.25],
			"rotation": {"angle": 0, "axis": "y", "origin": [0.00334, 0.17166, 0]},
			"faces": {
				"north": {"uv": [13, 8, 13.375, 8.125], "texture": "#2"},
				"east": {"uv": [11.75, 9.25, 13.75, 9.375], "texture": "#2"},
				"south": {"uv": [8.25, 13, 8.625, 13.125], "texture": "#2"},
				"west": {"uv": [10.5, 11.75, 12.5, 11.875], "texture": "#2"},
				"up": {"uv": [8.875, 11.25, 8.5, 9.25], "texture": "#2"},
				"down": {"uv": [2.125, 9.5, 1.75, 11.5], "texture": "#2"}
			}
		},
		{
			"from": [7.00334, 15.24666, 4.225],
			"to": [9.00334, 16.04666, 5],
			"rotation": {"angle": 0, "axis": "y", "origin": [0.00334, 0.17166, 0]},
			"faces": {
				"north": {"uv": [6.75, 12.75, 7.25, 13], "texture": "#2"},
				"east": {"uv": [13, 7.75, 13.25, 8], "texture": "#2"},
				"south": {"uv": [7.25, 12.75, 7.75, 13], "texture": "#2"},
				"west": {"uv": [8, 13, 8.25, 13.25], "texture": "#2"},
				"up": {"uv": [8.25, 13, 7.75, 12.75], "texture": "#2"},
				"down": {"uv": [8.75, 12.75, 8.25, 13], "texture": "#2"}
			}
		},
		{
			"from": [7.00334, 15.24666, 7.225],
			"to": [9.00334, 16.04666, 8],
			"rotation": {"angle": 0, "axis": "y", "origin": [0.00334, 0.17166, 0]},
			"faces": {
				"north": {"uv": [6, 12.75, 6.5, 13], "texture": "#2"},
				"east": {"uv": [13, 7.5, 13.25, 7.75], "texture": "#2"},
				"south": {"uv": [12.75, 6, 13.25, 6.25], "texture": "#2"},
				"west": {"uv": [7.75, 13, 8, 13.25], "texture": "#2"},
				"up": {"uv": [13.25, 6.5, 12.75, 6.25], "texture": "#2"},
				"down": {"uv": [13.25, 6.5, 12.75, 6.75], "texture": "#2"}
			}
		},
		{
			"from": [7.00334, 15.24666, 6.225],
			"to": [9.00334, 16.04666, 7],
			"rotation": {"angle": 0, "axis": "y", "origin": [0.00334, 0.17166, 0]},
			"faces": {
				"north": {"uv": [12.75, 5, 13.25, 5.25], "texture": "#2"},
				"east": {"uv": [13, 7.25, 13.25, 7.5], "texture": "#2"},
				"south": {"uv": [12.75, 5.25, 13.25, 5.5], "texture": "#2"},
				"west": {"uv": [7.5, 13, 7.75, 13.25], "texture": "#2"},
				"up": {"uv": [6, 13, 5.5, 12.75], "texture": "#2"},
				"down": {"uv": [13.25, 5.75, 12.75, 6], "texture": "#2"}
			}
		},
		{
			"from": [7.00334, 15.24666, 5.225],
			"to": [9.00334, 16.04666, 6],
			"rotation": {"angle": 0, "axis": "y", "origin": [0.00334, 0.17166, 0]},
			"faces": {
				"north": {"uv": [12.75, 2.5, 13.25, 2.75], "texture": "#2"},
				"east": {"uv": [13, 7, 13.25, 7.25], "texture": "#2"},
				"south": {"uv": [2.75, 12.75, 3.25, 13], "texture": "#2"},
				"west": {"uv": [7.25, 13, 7.5, 13.25], "texture": "#2"},
				"up": {"uv": [13.25, 3, 12.75, 2.75], "texture": "#2"},
				"down": {"uv": [3.75, 12.75, 3.25, 13], "texture": "#2"}
			}
		},
		{
			"from": [7.25334, 14.99666, 3.725],
			"to": [8.75334, 15.74666, 8.75],
			"rotation": {"angle": 0, "axis": "y", "origin": [0.00334, 0.17166, 0]},
			"faces": {
				"north": {"uv": [13, 8.25, 13.375, 8.375], "texture": "#2"},
				"east": {"uv": [12.25, 3.25, 13.5, 3.375], "texture": "#2"},
				"south": {"uv": [13, 8.5, 13.375, 8.625], "texture": "#2"},
				"west": {"uv": [12.25, 4.75, 13.5, 4.875], "texture": "#2"},
				"up": {"uv": [5.625, 12.25, 5.25, 11], "texture": "#2"},
				"down": {"uv": [11.375, 5.5, 11, 6.75], "texture": "#2"}
			}
		},
		{
			"from": [7.00334, 8.42166, -9.775],
			"to": [9.00334, 9.17166, -9],
			"rotation": {"angle": 0, "axis": "y", "origin": [0.00334, 0.17166, 0]},
			"faces": {
				"north": {"uv": [0.75, 12.5, 1.25, 12.75], "texture": "#2"},
				"east": {"uv": [5.5, 12.25, 5.75, 12.5], "texture": "#2"},
				"south": {"uv": [12.5, 0.75, 13, 1], "texture": "#2"},
				"west": {"uv": [1.5, 13, 1.75, 13.25], "texture": "#2"},
				"up": {"uv": [13, 1.25, 12.5, 1], "texture": "#2"},
				"down": {"uv": [13, 1.25, 12.5, 1.5], "texture": "#2"}
			}
		},
		{
			"from": [7.00334, 8.42166, -8.775],
			"to": [9.00334, 9.17166, -8],
			"rotation": {"angle": 0, "axis": "y", "origin": [0.00334, 0.17166, 0]},
			"faces": {
				"north": {"uv": [2.75, 12.5, 3.25, 12.75], "texture": "#2"},
				"east": {"uv": [13, 1.75, 13.25, 2], "texture": "#2"},
				"south": {"uv": [3.25, 12.5, 3.75, 12.75], "texture": "#2"},
				"west": {"uv": [13, 2, 13.25, 2.25], "texture": "#2"},
				"up": {"uv": [13, 3.75, 12.5, 3.5], "texture": "#2"},
				"down": {"uv": [13, 3.75, 12.5, 4], "texture": "#2"}
			}
		},
		{
			"from": [7.00334, 8.42166, -7.775],
			"to": [9.00334, 9.17166, -7],
			"rotation": {"angle": 0, "axis": "y", "origin": [0.00334, 0.17166, 0]},
			"faces": {
				"north": {"uv": [12.5, 4, 13, 4.25], "texture": "#2"},
				"east": {"uv": [13, 2.25, 13.25, 2.5], "texture": "#2"},
				"south": {"uv": [12.5, 4.25, 13, 4.5], "texture": "#2"},
				"west": {"uv": [2.5, 13, 2.75, 13.25], "texture": "#2"},
				"up": {"uv": [13, 4.75, 12.5, 4.5], "texture": "#2"},
				"down": {"uv": [6, 12.5, 5.5, 12.75], "texture": "#2"}
			}
		},
		{
			"from": [7.00334, 8.42166, -6.775],
			"to": [9.00334, 9.17166, -6],
			"rotation": {"angle": 0, "axis": "y", "origin": [0.00334, 0.17166, 0]},
			"faces": {
				"north": {"uv": [6, 12.5, 6.5, 12.75], "texture": "#2"},
				"east": {"uv": [2.75, 13, 3, 13.25], "texture": "#2"},
				"south": {"uv": [12.5, 7.25, 13, 7.5], "texture": "#2"},
				"west": {"uv": [3, 13, 3.25, 13.25], "texture": "#2"},
				"up": {"uv": [13, 7.75, 12.5, 7.5], "texture": "#2"},
				"down": {"uv": [13, 7.75, 12.5, 8], "texture": "#2"}
			}
		},
		{
			"from": [7.00334, 15.24666, -6.775],
			"to": [9.00334, 16.04666, -6],
			"rotation": {"angle": 0, "axis": "y", "origin": [0.00334, 0.17166, 0]},
			"faces": {
				"north": {"uv": [0, 12.5, 0.5, 12.75], "texture": "#2"},
				"east": {"uv": [7.5, 11.5, 7.75, 11.75], "texture": "#2"},
				"south": {"uv": [12.5, 0, 13, 0.25], "texture": "#2"},
				"west": {"uv": [9.75, 11.5, 10, 11.75], "texture": "#2"},
				"up": {"uv": [13, 0.5, 12.5, 0.25], "texture": "#2"},
				"down": {"uv": [13, 0.5, 12.5, 0.75], "texture": "#2"}
			}
		},
		{
			"from": [7.00334, 8.42166, -5.775],
			"to": [9.00334, 9.17166, -5],
			"rotation": {"angle": 0, "axis": "y", "origin": [0.00334, 0.17166, 0]},
			"faces": {
				"north": {"uv": [12.5, 8, 13, 8.25], "texture": "#2"},
				"east": {"uv": [13, 3, 13.25, 3.25], "texture": "#2"},
				"south": {"uv": [8.25, 12.5, 8.75, 12.75], "texture": "#2"},
				"west": {"uv": [3.25, 13, 3.5, 13.25], "texture": "#2"},
				"up": {"uv": [13, 8.5, 12.5, 8.25], "texture": "#2"},
				"down": {"uv": [13, 8.5, 12.5, 8.75], "texture": "#2"}
			}
		},
		{
			"from": [7.00334, 8.42166, -4.775],
			"to": [9.00334, 9.17166, -4],
			"rotation": {"angle": 0, "axis": "y", "origin": [0.00334, 0.17166, 0]},
			"faces": {
				"north": {"uv": [8.75, 12.5, 9.25, 12.75], "texture": "#2"},
				"east": {"uv": [3.5, 13, 3.75, 13.25], "texture": "#2"},
				"south": {"uv": [9.25, 12.5, 9.75, 12.75], "texture": "#2"},
				"west": {"uv": [13, 3.5, 13.25, 3.75], "texture": "#2"},
				"up": {"uv": [10.25, 12.75, 9.75, 12.5], "texture": "#2"},
				"down": {"uv": [10.75, 12.5, 10.25, 12.75], "texture": "#2"}
			}
		},
		{
			"from": [7.00334, 8.42166, -3.775],
			"to": [9.00334, 9.17166, -3],
			"rotation": {"angle": 0, "axis": "y", "origin": [0.00334, 0.17166, 0]},
			"faces": {
				"north": {"uv": [10.75, 12.5, 11.25, 12.75], "texture": "#2"},
				"east": {"uv": [13, 3.75, 13.25, 4], "texture": "#2"},
				"south": {"uv": [12.5, 11, 13, 11.25], "texture": "#2"},
				"west": {"uv": [4, 13, 4.25, 13.25], "texture": "#2"},
				"up": {"uv": [11.75, 12.75, 11.25, 12.5], "texture": "#2"},
				"down": {"uv": [13, 11.25, 12.5, 11.5], "texture": "#2"}
			}
		},
		{
			"from": [7.00334, 15.24666, -3.775],
			"to": [9.00334, 16.04666, -3],
			"rotation": {"angle": 0, "axis": "y", "origin": [0.00334, 0.17166, 0]},
			"faces": {
				"north": {"uv": [11.25, 12.25, 11.75, 12.5], "texture": "#2"},
				"east": {"uv": [10.5, 9.5, 10.75, 9.75], "texture": "#2"},
				"south": {"uv": [12.25, 11.5, 12.75, 11.75], "texture": "#2"},
				"west": {"uv": [1.5, 11.25, 1.75, 11.5], "texture": "#2"},
				"up": {"uv": [12.25, 12.5, 11.75, 12.25], "texture": "#2"},
				"down": {"uv": [12.75, 12.25, 12.25, 12.5], "texture": "#2"}
			}
		},
		{
			"from": [0.43633, 22.92902, -2],
			"to": [1.71133, 23.92902, 3],
			"rotation": {"angle": -45, "axis": "z", "origin": [-6.78867, 9.17902, 5]},
			"faces": {
				"north": {"uv": [12.75, 10.5, 13.125, 10.75], "texture": "#2"},
				"east": {"uv": [11.5, 6.5, 12.75, 6.75], "texture": "#2"},
				"south": {"uv": [12.75, 10.75, 13.125, 11], "texture": "#2"},
				"west": {"uv": [8.5, 11.5, 9.75, 11.75], "texture": "#2"},
				"up": {"uv": [10.875, 6.5, 10.5, 5.25], "texture": "#2"},
				"down": {"uv": [10.875, 6.5, 10.5, 7.75], "texture": "#2"}
			}
		},
		{
			"from": [18.96764, 11.63299, -2],
			"to": [20.24264, 12.63299, 3],
			"rotation": {"angle": 45, "axis": "z", "origin": [11.49264, -2.11701, 5]},
			"faces": {
				"north": {"uv": [12.75, 10.25, 13.125, 10.5], "texture": "#2"},
				"east": {"uv": [6.25, 11.5, 7.5, 11.75], "texture": "#2"},
				"south": {"uv": [10.5, 12.75, 10.875, 13], "texture": "#2"},
				"west": {"uv": [11.5, 6.25, 12.75, 6.5], "texture": "#2"},
				"up": {"uv": [4.625, 11.75, 4.25, 10.5], "texture": "#2"},
				"down": {"uv": [5.125, 10.5, 4.75, 11.75], "texture": "#2"}
			}
		},
		{
			"from": [17.56764, 13.73299, -1.75],
			"to": [18.36764, 14.53299, 0.25],
			"rotation": {"angle": 45, "axis": "z", "origin": [11.49264, -2.11701, 5]},
			"faces": {
				"north": {"uv": [13, 4.5, 13.25, 4.75], "texture": "#2"},
				"east": {"uv": [11.75, 12.5, 12.25, 12.75], "texture": "#2"},
				"south": {"uv": [4.75, 13, 5, 13.25], "texture": "#2"},
				"west": {"uv": [12.5, 11.75, 13, 12], "texture": "#2"},
				"up": {"uv": [2, 6.5, 1.75, 6], "texture": "#2"},
				"down": {"uv": [3.5, 6.5, 3.25, 7], "texture": "#2"}
			}
		},
		{
			"from": [6.50455, 14.29178, 0.25],
			"to": [7.50455, 15.29178, 2.75],
			"rotation": {"angle": 0, "axis": "y", "origin": [6.02955, -2.75822, 5]},
			"faces": {
				"north": {"uv": [13, 6.75, 13.25, 7], "texture": "#2"},
				"east": {"uv": [12, 12, 12.625, 12.25], "texture": "#2"},
				"south": {"uv": [7, 13, 7.25, 13.25], "texture": "#2"},
				"west": {"uv": [12.25, 3, 12.875, 3.25], "texture": "#2"},
				"up": {"uv": [4.25, 12.875, 4, 12.25], "texture": "#2"},
				"down": {"uv": [12.5, 4, 12.25, 4.625], "texture": "#2"}
			}
		},
		{
			"from": [11.9862, 15.29264, 0.25],
			"to": [12.9862, 16.29264, 2.75],
			"rotation": {"angle": 22.5, "axis": "z", "origin": [12.0112, -1.75736, 5]},
			"faces": {
				"north": {"uv": [6.5, 13, 6.75, 13.25], "texture": "#2"},
				"east": {"uv": [10.5, 12, 11.125, 12.25], "texture": "#2"},
				"south": {"uv": [6.75, 13, 7, 13.25], "texture": "#2"},
				"west": {"uv": [11.25, 12, 11.875, 12.25], "texture": "#2"},
				"up": {"uv": [7, 9.625, 6.75, 9], "texture": "#2"},
				"down": {"uv": [4, 12, 3.75, 12.625], "texture": "#2"}
			}
		},
		{
			"from": [17.46764, 13.63299, 0.25],
			"to": [18.46764, 14.63299, 2.75],
			"rotation": {"angle": 45, "axis": "z", "origin": [11.49264, -2.11701, 5]},
			"faces": {
				"north": {"uv": [6, 13, 6.25, 13.25], "texture": "#2"},
				"east": {"uv": [12, 10, 12.625, 10.25], "texture": "#2"},
				"south": {"uv": [6.25, 13, 6.5, 13.25], "texture": "#2"},
				"west": {"uv": [12, 10.25, 12.625, 10.5], "texture": "#2"},
				"up": {"uv": [8.75, 3.625, 8.5, 3], "texture": "#2"},
				"down": {"uv": [2, 8.75, 1.75, 9.375], "texture": "#2"}
			}
		},
		{
			"from": [12.0862, 15.39264, -1.75],
			"to": [12.8862, 16.19264, 0.25],
			"rotation": {"angle": 22.5, "axis": "z", "origin": [12.0112, -1.75736, 5]},
			"faces": {
				"north": {"uv": [5.25, 13, 5.5, 13.25], "texture": "#2"},
				"east": {"uv": [12.25, 12.5, 12.75, 12.75], "texture": "#2"},
				"south": {"uv": [5.5, 13, 5.75, 13.25], "texture": "#2"},
				"west": {"uv": [0, 12.75, 0.5, 13], "texture": "#2"},
				"up": {"uv": [8.25, 9.25, 8, 8.75], "texture": "#2"},
				"down": {"uv": [6.75, 12.5, 6.5, 13], "texture": "#2"}
			}
		},
		{
			"from": [6.60455, 14.39178, -1.75],
			"to": [7.40455, 15.19178, 0.25],
			"rotation": {"angle": 0, "axis": "y", "origin": [6.02955, -2.75822, 5]},
			"faces": {
				"north": {"uv": [13, 5.5, 13.25, 5.75], "texture": "#2"},
				"east": {"uv": [0.75, 12.75, 1.25, 13], "texture": "#2"},
				"south": {"uv": [5.75, 13, 6, 13.25], "texture": "#2"},
				"west": {"uv": [1.25, 12.75, 1.75, 13], "texture": "#2"},
				"up": {"uv": [2, 13.25, 1.75, 12.75], "texture": "#2"},
				"down": {"uv": [2.25, 12.75, 2, 13.25], "texture": "#2"}
			}
		},
		{
			"from": [7.25, 13.5, -2],
			"to": [8.75, 14.5, 3],
			"rotation": {"angle": 0, "axis": "y", "origin": [0, -0.25, 5]},
			"faces": {
				"north": {"uv": [10, 12.75, 10.375, 13], "texture": "#2"},
				"east": {"uv": [11.5, 5.75, 12.75, 6], "texture": "#2"},
				"south": {"uv": [12.75, 10, 13.125, 10.25], "texture": "#2"},
				"west": {"uv": [11.5, 6, 12.75, 6.25], "texture": "#2"},
				"up": {"uv": [1.125, 11.75, 0.75, 10.5], "texture": "#2"},
				"down": {"uv": [10.875, 4, 10.5, 5.25], "texture": "#2"}
			}
		},
		{
			"from": [18.71764, 12.13299, -10],
			"to": [20.24264, 13.13299, -2],
			"rotation": {"angle": 45, "axis": "z", "origin": [11.49264, -1.61701, 0]},
			"faces": {
				"north": {"uv": [12.75, 8.75, 13.125, 9], "texture": "#2"},
				"east": {"uv": [10.5, 0, 12.5, 0.25], "texture": "#2"},
				"south": {"uv": [9, 12.75, 9.375, 13], "texture": "#2"},
				"west": {"uv": [10.5, 0.25, 12.5, 0.5], "texture": "#2"},
				"up": {"uv": [5.625, 11, 5.25, 9], "texture": "#2"},
				"down": {"uv": [9.375, 5.5, 9, 7.5], "texture": "#2"}
			}
		},
		{
			"from": [-1.43156, 19.63613, -10],
			"to": [0.09344, 20.63613, -2],
			"rotation": {"angle": -45, "axis": "z", "origin": [-8.65656, 5.88613, -10]},
			"faces": {
				"north": {"uv": [12.75, 11.5, 13.125, 11.75], "texture": "#2"},
				"east": {"uv": [10.5, 1, 12.5, 1.25], "texture": "#2"},
				"south": {"uv": [12, 12.75, 12.375, 13], "texture": "#2"},
				"west": {"uv": [10.5, 1.25, 12.5, 1.5], "texture": "#2"},
				"up": {"uv": [9.375, 9.5, 9, 7.5], "texture": "#2"},
				"down": {"uv": [8.375, 9.25, 8, 11.25], "texture": "#2"}
			}
		},
		{
			"from": [-1.43156, 18.63613, -1.975],
			"to": [0.09344, 19.63613, 2.975],
			"rotation": {"angle": -45, "axis": "z", "origin": [-8.65656, 4.88613, -2]},
			"faces": {
				"north": {"uv": [0, 13, 0.375, 13.25], "texture": "#2"},
				"east": {"uv": [11, 11.5, 12.25, 11.75], "texture": "#2"},
				"south": {"uv": [13, 0, 13.375, 0.25], "texture": "#2"},
				"west": {"uv": [6.25, 11.75, 7.5, 12], "texture": "#2"},
				"up": {"uv": [10.875, 9, 10.5, 7.75], "texture": "#2"},
				"down": {"uv": [10.375, 10.5, 10, 11.75], "texture": "#2"}
			}
		},
		{
			"from": [20.83553, 8.3401, 3],
			"to": [22.11053, 9.3401, 8.975],
			"rotation": {"angle": 45, "axis": "z", "origin": [13.36053, -5.4099, 11]},
			"faces": {
				"north": {"uv": [12.5, 12.75, 12.875, 13], "texture": "#2"},
				"east": {"uv": [11, 11.25, 12.5, 11.5], "texture": "#2"},
				"south": {"uv": [12.75, 12.5, 13.125, 12.75], "texture": "#2"},
				"west": {"uv": [11.5, 1.5, 13, 1.75], "texture": "#2"},
				"up": {"uv": [10.375, 6.75, 10, 5.25], "texture": "#2"},
				"down": {"uv": [10.375, 6.75, 10, 8.25], "texture": "#2"}
			}
		},
		{
			"from": [-1.43156, 19.63613, 3],
			"to": [-0.15656, 20.63613, 8.975],
			"rotation": {"angle": -45, "axis": "z", "origin": [-8.65656, 5.88613, 1]},
			"faces": {
				"north": {"uv": [12.75, 12, 13.125, 12.25], "texture": "#2"},
				"east": {"uv": [11.25, 2.75, 12.75, 3], "texture": "#2"},
				"south": {"uv": [12.75, 12.25, 13.125, 12.5], "texture": "#2"},
				"west": {"uv": [6.25, 11.25, 7.75, 11.5], "texture": "#2"},
				"up": {"uv": [7.625, 11.25, 7.25, 9.75], "texture": "#2"},
				"down": {"uv": [10.375, 3.75, 10, 5.25], "texture": "#2"}
			}
		},
		{
			"from": [20.58553, 8.3401, -10],
			"to": [22.11053, 9.3401, -2],
			"rotation": {"angle": 45, "axis": "z", "origin": [13.36053, -5.4099, 0]},
			"faces": {
				"north": {"uv": [11, 12.75, 11.375, 13], "texture": "#2"},
				"east": {"uv": [10.5, 0.5, 12.5, 0.75], "texture": "#2"},
				"south": {"uv": [11.5, 12.75, 11.875, 13], "texture": "#2"},
				"west": {"uv": [10.5, 0.75, 12.5, 1], "texture": "#2"},
				"up": {"uv": [6.125, 11, 5.75, 9], "texture": "#2"},
				"down": {"uv": [6.625, 9, 6.25, 11], "texture": "#2"}
			}
		},
		{
			"from": [20.58553, 7.3401, -1.975],
			"to": [22.11053, 8.3401, 2.975],
			"rotation": {"angle": 45, "axis": "z", "origin": [13.36053, -6.4099, 8]},
			"faces": {
				"north": {"uv": [13, 0.25, 13.375, 0.5], "texture": "#2"},
				"east": {"uv": [11.75, 6.75, 13, 7], "texture": "#2"},
				"south": {"uv": [0.5, 13, 0.875, 13.25], "texture": "#2"},
				"west": {"uv": [11.75, 7, 13, 7.25], "texture": "#2"},
				"up": {"uv": [10.875, 11.75, 10.5, 10.5], "texture": "#2"},
				"down": {"uv": [2.625, 10.75, 2.25, 12], "texture": "#2"}
			}
		},
		{
			"from": [20.58553, 3.8401, -1],
			"to": [22.11053, 4.8401, 1.75],
			"rotation": {"angle": 45, "axis": "z", "origin": [13.36053, -9.9099, 8.95]},
			"faces": {
				"north": {"uv": [13, 1.25, 13.375, 1.5], "texture": "#2"},
				"east": {"uv": [12, 9.5, 12.625, 9.75], "texture": "#2"},
				"south": {"uv": [13, 1.5, 13.375, 1.75], "texture": "#2"},
				"west": {"uv": [12, 9.75, 12.625, 10], "texture": "#2"},
				"up": {"uv": [1.875, 12.625, 1.5, 12], "texture": "#2"},
				"down": {"uv": [2.375, 12, 2, 12.625], "texture": "#2"}
			}
		},
		{
			"from": [0.43633, 23.42902, -10],
			"to": [1.96133, 24.42902, 8.975],
			"rotation": {"angle": -45, "axis": "z", "origin": [-6.78867, 9.67902, 0]},
			"faces": {
				"north": {"uv": [12.75, 9, 13.125, 9.25], "texture": "#2"},
				"east": {"uv": [6.5, 2.5, 11.25, 2.75], "texture": "#2"},
				"south": {"uv": [9.5, 12.75, 9.875, 13], "texture": "#2"},
				"west": {"uv": [6.5, 2.75, 11.25, 3], "texture": "#2"},
				"up": {"uv": [0.375, 7.25, 0, 2.5], "texture": "#2"},
				"down": {"uv": [0.875, 2.5, 0.5, 7.25], "texture": "#2"}
			}
		},
		{
			"from": [6.175, 10.5, -10.025],
			"to": [9.825, 13.925, -2],
			"rotation": {"angle": 0, "axis": "y", "origin": [0, 0.25, 0]},
			"faces": {
				"north": {"uv": [0.75, 8.75, 1.625, 9.625], "texture": "#2"},
				"east": {"uv": [1, 3, 3, 3.875], "texture": "#2"},
				"south": {"uv": [8.75, 3, 9.625, 3.875], "texture": "#2"},
				"west": {"uv": [3, 3, 5, 3.875], "texture": "#2"},
				"up": {"uv": [4.125, 2, 3.25, 0], "texture": "#2"},
				"down": {"uv": [1.875, 4, 1, 6], "texture": "#2"}
			}
		},
		{
			"from": [-1.71266, 5.83039, -2.25],
			"to": [2.03734, 9.35539, 3.25],
			"rotation": {"angle": -22.5, "axis": "z", "origin": [13.03734, -1.39461, 4.75]},
			"faces": {
				"north": {"uv": [3.25, 2, 4.25, 2.875], "texture": "#2"},
				"east": {"uv": [1, 6.5, 2.375, 7.375], "texture": "#2"},
				"south": {"uv": [8.25, 4.5, 9.25, 5.375], "texture": "#2"},
				"west": {"uv": [6.5, 1.5, 7.875, 2.375], "texture": "#2"},
				"up": {"uv": [6.5, 1.375, 5.5, 0], "texture": "#2"},
				"down": {"uv": [6.5, 1.5, 5.5, 2.875], "texture": "#2"}
			}
		},
		{
			"from": [2.925, 4.925, -1.025],
			"to": [8.75, 6, 1.775],
			"rotation": {"angle": 0, "axis": "y", "origin": [-4, -3.75, 5]},
			"faces": {
				"north": {"uv": [11.5, 2.25, 13, 2.5], "texture": "#2"},
				"east": {"uv": [6.75, 5.25, 7.5, 5.5], "texture": "#2"},
				"south": {"uv": [11.5, 5.5, 13, 5.75], "texture": "#2"},
				"west": {"uv": [4.5, 9.75, 5.25, 10], "texture": "#2"},
				"up": {"uv": [8.25, 5.25, 6.75, 4.5], "texture": "#2"},
				"down": {"uv": [7.5, 7, 6, 7.75], "texture": "#2"}
			}
		},
		{
			"from": [2.925, 6, -1.025],
			"to": [9.825, 8.925, 1.775],
			"rotation": {"angle": 0, "axis": "y", "origin": [-4, -3.75, 5]},
			"faces": {
				"north": {"uv": [5.75, 5.5, 7.5, 6.25], "texture": "#2"},
				"east": {"uv": [10, 9.75, 10.75, 10.5], "texture": "#2"},
				"south": {"uv": [5.75, 6.25, 7.5, 7], "texture": "#2"},
				"west": {"uv": [0, 10.5, 0.75, 11.25], "texture": "#2"},
				"up": {"uv": [8.25, 0.75, 6.5, 0], "texture": "#2"},
				"down": {"uv": [8.25, 0.75, 6.5, 1.5], "texture": "#2"}
			}
		},
		{
			"from": [2.175, 5.5, -2.275],
			"to": [7.175, 10.925, 3.275],
			"rotation": {"angle": 0, "axis": "y", "origin": [-4, -3.75, 5]},
			"faces": {
				"north": {"uv": [2, 4, 3.25, 5.375], "texture": "#2"},
				"east": {"uv": [1.75, 0, 3.125, 1.375], "texture": "#2"},
				"south": {"uv": [3.25, 4, 4.5, 5.375], "texture": "#2"},
				"west": {"uv": [1.75, 1.5, 3.125, 2.875], "texture": "#2"},
				"up": {"uv": [5.5, 1.375, 4.25, 0], "texture": "#2"},
				"down": {"uv": [5.5, 1.5, 4.25, 2.875], "texture": "#2"}
			}
		},
		{
			"from": [5.675, 13, -8.525],
			"to": [7.325, 14.925, -5.75],
			"rotation": {"angle": 0, "axis": "y", "origin": [0, 0.25, 0]},
			"faces": {
				"north": {"uv": [5.75, 12, 6.125, 12.5], "texture": "#2"},
				"east": {"uv": [1, 2.5, 1.75, 3], "texture": "#2"},
				"south": {"uv": [6.25, 12, 6.625, 12.5], "texture": "#2"},
				"west": {"uv": [1, 6, 1.75, 6.5], "texture": "#2"},
				"up": {"uv": [3.875, 12, 3.5, 11.25], "texture": "#2"},
				"down": {"uv": [1.125, 11.75, 0.75, 12.5], "texture": "#2"}
			}
		},
		{
			"from": [6.425, 14, -9.025],
			"to": [7.325, 15.175, -5.25],
			"rotation": {"angle": 0, "axis": "y", "origin": [0, 0.25, 0]},
			"faces": {
				"north": {"uv": [13, 4.25, 13.25, 4.5], "texture": "#2"},
				"east": {"uv": [8.25, 1.25, 9.25, 1.5], "texture": "#2"},
				"south": {"uv": [4.5, 13, 4.75, 13.25], "texture": "#2"},
				"west": {"uv": [2.25, 9.75, 3.25, 10], "texture": "#2"},
				"up": {"uv": [4.5, 10, 4.25, 9], "texture": "#2"},
				"down": {"uv": [5.25, 11.75, 5, 12.75], "texture": "#2"}
			}
		},
		{
			"from": [7.25, 14, 2.95],
			"to": [8.75, 15, 9],
			"rotation": {"angle": 0, "axis": "y", "origin": [0, 0.25, 12]},
			"faces": {
				"north": {"uv": [12.75, 9.5, 13.125, 9.75], "texture": "#2"},
				"east": {"uv": [11, 3.5, 12.5, 3.75], "texture": "#2"},
				"south": {"uv": [12.75, 9.75, 13.125, 10], "texture": "#2"},
				"west": {"uv": [11.25, 2.5, 12.75, 2.75], "texture": "#2"},
				"up": {"uv": [1.625, 11.25, 1.25, 9.75], "texture": "#2"},
				"down": {"uv": [7.125, 9.75, 6.75, 11.25], "texture": "#2"}
			}
		},
		{
			"from": [18.71764, 12.13299, 2.975],
			"to": [20.24264, 13.13299, 8.975],
			"rotation": {"angle": 45, "axis": "z", "origin": [11.49264, -1.61701, 12]},
			"faces": {
				"north": {"uv": [13, 0.5, 13.375, 0.75], "texture": "#2"},
				"east": {"uv": [11.5, 1.75, 13, 2], "texture": "#2"},
				"south": {"uv": [13, 0.75, 13.375, 1], "texture": "#2"},
				"west": {"uv": [11.5, 2, 13, 2.25], "texture": "#2"},
				"up": {"uv": [10.375, 9.75, 10, 8.25], "texture": "#2"},
				"down": {"uv": [9.875, 10, 9.5, 11.5], "texture": "#2"}
			}
		},
		{
			"from": [6.175, 10.5, 3],
			"to": [9.825, 13.925, 9],
			"rotation": {"angle": 0, "axis": "y", "origin": [0, 0.25, 12]},
			"faces": {
				"north": {"uv": [7, 8.75, 7.875, 9.625], "texture": "#2"},
				"east": {"uv": [5, 3, 6.5, 3.875], "texture": "#2"},
				"south": {"uv": [3.25, 9, 4.125, 9.875], "texture": "#2"},
				"west": {"uv": [2, 5.5, 3.5, 6.375], "texture": "#2"},
				"up": {"uv": [4.375, 7, 3.5, 5.5], "texture": "#2"},
				"down": {"uv": [6.625, 4, 5.75, 5.5], "texture": "#2"}
			}
		},
		{
			"from": [9.925, 9.5, 0.25],
			"to": [10.925, 15.425, 1.25],
			"rotation": {"angle": 22.5, "axis": "x", "origin": [0, 0.25, 12]},
			"faces": {
				"north": {"uv": [9.25, 4, 9.5, 5.5], "texture": "#2"},
				"east": {"uv": [7.75, 9.75, 8, 11.25], "texture": "#2"},
				"south": {"uv": [4, 10.75, 4.25, 12.25], "texture": "#2"},
				"west": {"uv": [1.25, 11.25, 1.5, 12.75], "texture": "#2"},
				"up": {"uv": [13.25, 4.25, 13, 4], "texture": "#2"},
				"down": {"uv": [4.5, 13, 4.25, 13.25], "texture": "#2"}
			}
		},
		{
			"from": [5.75, 12.75, 4.25],
			"to": [11.25, 14.675, 6.25],
			"rotation": {"angle": 0, "axis": "y", "origin": [0, 0.25, 12]},
			"faces": {
				"north": {"uv": [10, 1.5, 11.375, 2], "texture": "#2"},
				"east": {"uv": [11.75, 10.5, 12.25, 11], "texture": "#2"},
				"south": {"uv": [10, 2, 11.375, 2.5], "texture": "#2"},
				"west": {"uv": [0, 12, 0.5, 12.5], "texture": "#2"},
				"up": {"uv": [3.625, 10.5, 2.25, 10], "texture": "#2"},
				"down": {"uv": [5.125, 10, 3.75, 10.5], "texture": "#2"}
			}
		},
		{
			"from": [9, 12.75, 4],
			"to": [9.75, 14.925, 6.5],
			"rotation": {"angle": 0, "axis": "y", "origin": [0, 0.25, 12]},
			"faces": {
				"north": {"uv": [2.25, 12.75, 2.5, 13.25], "texture": "#2"},
				"east": {"uv": [7.5, 11.75, 8.125, 12.25], "texture": "#2"},
				"south": {"uv": [3.75, 12.75, 4, 13.25], "texture": "#2"},
				"west": {"uv": [11.75, 7.75, 12.375, 8.25], "texture": "#2"},
				"up": {"uv": [4.5, 12.875, 4.25, 12.25], "texture": "#2"},
				"down": {"uv": [4.75, 12.25, 4.5, 12.875], "texture": "#2"}
			}
		},
		{
			"from": [6.25, 12.75, 4],
			"to": [7, 14.925, 6.5],
			"rotation": {"angle": 0, "axis": "y", "origin": [0, 0.25, 12]},
			"faces": {
				"north": {"uv": [5, 12.75, 5.25, 13.25], "texture": "#2"},
				"east": {"uv": [8.25, 11.75, 8.875, 12.25], "texture": "#2"},
				"south": {"uv": [8.75, 12.75, 9, 13.25], "texture": "#2"},
				"west": {"uv": [11.75, 8.25, 12.375, 8.75], "texture": "#2"},
				"up": {"uv": [5, 12.875, 4.75, 12.25], "texture": "#2"},
				"down": {"uv": [5.5, 12.25, 5.25, 12.875], "texture": "#2"}
			}
		},
		{
			"from": [4.925, 14.5, 0],
			"to": [9.925, 15.925, 1.5],
			"rotation": {"angle": 22.5, "axis": "x", "origin": [0, 0.25, 12]},
			"faces": {
				"north": {"uv": [10.5, 9, 11.75, 9.375], "texture": "#2"},
				"east": {"uv": [12.25, 5, 12.625, 5.375], "texture": "#2"},
				"south": {"uv": [2.75, 10.75, 4, 11.125], "texture": "#2"},
				"west": {"uv": [6.75, 12.25, 7.125, 12.625], "texture": "#2"},
				"up": {"uv": [12, 9.875, 10.75, 9.5], "texture": "#2"},
				"down": {"uv": [12, 10, 10.75, 10.375], "texture": "#2"}
			}
		},
		{
			"from": [8.175, 13.25, -4.25],
			"to": [13.175, 14.675, -2.75],
			"rotation": {"angle": 22.5, "axis": "y", "origin": [0, 0.25, 12]},
			"faces": {
				"north": {"uv": [11, 3, 12.25, 3.375], "texture": "#2"},
				"east": {"uv": [7.25, 12.25, 7.625, 12.625], "texture": "#2"},
				"south": {"uv": [11, 4, 12.25, 4.375], "texture": "#2"},
				"west": {"uv": [7.75, 12.25, 8.125, 12.625], "texture": "#2"},
				"up": {"uv": [12.25, 4.875, 11, 4.5], "texture": "#2"},
				"down": {"uv": [12.25, 5, 11, 5.375], "texture": "#2"}
			}
		},
		{
			"from": [6.175, 9.5, -2],
			"to": [9.825, 13.925, 3],
			"faces": {
				"north": {"uv": [6, 7.75, 6.875, 8.875], "texture": "#2"},
				"east": {"uv": [4.5, 4, 5.75, 5.125], "texture": "#2"},
				"south": {"uv": [8.25, 0, 9.125, 1.125], "texture": "#2"},
				"west": {"uv": [4.5, 5.25, 5.75, 6.375], "texture": "#2"},
				"up": {"uv": [0.875, 8.5, 0, 7.25], "texture": "#2"},
				"down": {"uv": [1.875, 7.5, 1, 8.75], "texture": "#2"}
			}
		},
		{
			"from": [9.175, 11.95, -5],
			"to": [11.775, 12.925, -3],
			"faces": {
				"north": {"uv": [11.75, 11, 12.375, 11.25], "texture": "#2"},
				"east": {"uv": [8.25, 12.25, 8.75, 12.5], "texture": "#2"},
				"south": {"uv": [6.75, 12, 7.375, 12.25], "texture": "#2"},
				"west": {"uv": [8.75, 12.25, 9.25, 12.5], "texture": "#2"},
				"up": {"uv": [4.875, 12.25, 4.25, 11.75], "texture": "#2"},
				"down": {"uv": [12.375, 7.25, 11.75, 7.75], "texture": "#2"}
			}
		},
		{
			"from": [7, 12.25, -12],
			"to": [9, 14.25, -10],
			"faces": {
				"north": {"uv": [5.25, 6.5, 5.75, 7], "texture": "#2"},
				"east": {"uv": [8.75, 4, 9.25, 4.5], "texture": "#2"},
				"south": {"uv": [11.75, 8.75, 12.25, 9.25], "texture": "#2"},
				"west": {"uv": [9, 11.75, 9.5, 12.25], "texture": "#2"},
				"up": {"uv": [10, 12.25, 9.5, 11.75], "texture": "#2"},
				"down": {"uv": [10.5, 11.75, 10, 12.25], "texture": "#2"}
			}
		},
		{
			"from": [6.775, 17.13047, 6.20186],
			"to": [9.225, 24.40547, 8.20186],
			"rotation": {"angle": 22.5, "axis": "x", "origin": [-0.25, 9.90547, -16.79814]},
			"faces": {
				"north": {"uv": [3.25, 7, 3.875, 8.875], "texture": "#2"},
				"east": {"uv": [4, 7, 4.5, 8.875], "texture": "#2"},
				"south": {"uv": [5.25, 7, 5.875, 8.875], "texture": "#2"},
				"west": {"uv": [2, 7.5, 2.5, 9.375], "texture": "#2"},
				"up": {"uv": [8.375, 11.75, 7.75, 11.25], "texture": "#2"},
				"down": {"uv": [2.125, 11.5, 1.5, 12], "texture": "#2"}
			}
		},
		{
			"from": [7.075, 19.63047, 8.20186],
			"to": [8.925, 22.90547, 9.20186],
			"rotation": {"angle": 22.5, "axis": "x", "origin": [-0.25, 9.90547, -16.79814]},
			"faces": {
				"north": {"uv": [7, 7.75, 7.5, 8.625], "texture": "#2"},
				"east": {"uv": [0.5, 12, 0.75, 12.875], "texture": "#2"},
				"south": {"uv": [5.75, 11, 6.25, 11.875], "texture": "#2"},
				"west": {"uv": [2.5, 12, 2.75, 12.875], "texture": "#2"},
				"up": {"uv": [6.75, 11.25, 6.25, 11], "texture": "#2"},
				"down": {"uv": [9, 11.25, 8.5, 11.5], "texture": "#2"}
			}
		}
	],
	"display": {
		"thirdperson_righthand": {
			"rotation": [66, 0, 0],
			"translation": [-0.25, -6.25, -7]
		},
		"thirdperson_lefthand": {
			"rotation": [66, 0, 0],
			"translation": [-0.25, -6.25, -7]
		},
		"firstperson_righthand": {
			"translation": [1.75, -4.25, 0.5],
			"scale": [1.5, 1.5, 1.5]
		},
		"firstperson_lefthand": {
			"translation": [1.75, -4.25, 0.5],
			"scale": [1.5, 1.5, 1.5]
		},
		"ground": {
			"rotation": [0, 0, 90],
			"translation": [4.75, 5.75, 12.75],
			"scale": [1.8, 1.8, 1.8]
		},
		"gui": {
			"rotation": [90, 60, -90],
			"translation": [3.75, -5.25, 0],
			"scale": [0.75, 0.75, 0.75]
		},
		"head": {
			"rotation": [90, -111, 90],
			"translation": [-18.5, -14.75, 14],
			"scale": [2, 2, 2]
		},
		"fixed": {
			"rotation": [0, 90, 0],
			"translation": [14.75, -6.25, -1.75],
			"scale": [2, 2, 2]
		}
	}
}