{
	"credit": "Made with Blockbench",
	"texture_size": [64, 64],
	"textures": {
		"1": "netc/magma_cream/sr",
		"particle": "netc/magma_cream/sr"
	},
	"elements": [
		{
			"from": [6.75, 7, 3],
			"to": [9.25, 10.5, 6],
			"faces": {
				"north": {"uv": [9.75, 5.5, 10.375, 6.375], "texture": "#1"},
				"east": {"uv": [6.75, 0, 7.5, 0.875], "texture": "#1"},
				"south": {"uv": [9.75, 6.5, 10.375, 7.375], "texture": "#1"},
				"west": {"uv": [7, 3, 7.75, 3.875], "texture": "#1"},
				"up": {"uv": [10.875, 4.5, 10.25, 3.75], "texture": "#1"},
				"down": {"uv": [2.125, 10.5, 1.5, 11.25], "texture": "#1"}
			}
		},
		{
			"from": [6.75, 9.5, 6],
			"to": [9.25, 14.5, 10],
			"faces": {
				"north": {"uv": [4, 5.5, 4.625, 6.75], "texture": "#1"},
				"east": {"uv": [1.5, 5, 2.5, 6.25], "texture": "#1"},
				"south": {"uv": [5.75, 5.5, 6.375, 6.75], "texture": "#1"},
				"west": {"uv": [5, 3, 6, 4.25], "texture": "#1"},
				"up": {"uv": [8.375, 4, 7.75, 3], "texture": "#1"},
				"down": {"uv": [9.125, 3, 8.5, 4], "texture": "#1"}
			}
		},
		{
			"from": [7.25, 13.925, -7],
			"to": [8.75, 15, -4.975],
			"rotation": {"angle": 0, "axis": "y", "origin": [0, 0.25, 0]},
			"faces": {
				"north": {"uv": [11.75, 12.75, 12.125, 13], "texture": "#1"},
				"east": {"uv": [12.75, 0.25, 13.25, 0.5], "texture": "#1"},
				"south": {"uv": [12.25, 12.75, 12.625, 13], "texture": "#1"},
				"west": {"uv": [12.75, 0.5, 13.25, 0.75], "texture": "#1"},
				"up": {"uv": [12.625, 2.25, 12.25, 1.75], "texture": "#1"},
				"down": {"uv": [12.625, 8, 12.25, 8.5], "texture": "#1"}
			}
		},
		{
			"from": [7.25334, 9.42166, -7],
			"to": [8.75334, 10.49666, 9],
			"rotation": {"angle": 0, "axis": "y", "origin": [0.00334, 0.17166, 0]},
			"faces": {
				"north": {"uv": [8.75, 12.75, 9.125, 13], "texture": "#1"},
				"east": {"uv": [5.25, 1.75, 9.25, 2], "texture": "#1"},
				"south": {"uv": [12.75, 8.75, 13.125, 9], "texture": "#1"},
				"west": {"uv": [5.25, 2, 9.25, 2.25], "texture": "#1"},
				"up": {"uv": [2.125, 4, 1.75, 0], "texture": "#1"},
				"down": {"uv": [0.375, 2, 0, 6], "texture": "#1"}
			}
		},
		{
			"from": [0.43633, 23.17902, -5],
			"to": [1.71133, 23.92902, 3],
			"rotation": {"angle": -45, "axis": "z", "origin": [-6.78867, 9.17902, 5]},
			"faces": {
				"north": {"uv": [4.25, 12.75, 4.625, 13], "texture": "#1"},
				"east": {"uv": [10, 0.75, 12, 1], "texture": "#1"},
				"south": {"uv": [12.75, 4.25, 13.125, 4.5], "texture": "#1"},
				"west": {"uv": [10, 1, 12, 1.25], "texture": "#1"},
				"up": {"uv": [4.875, 9, 4.5, 7], "texture": "#1"},
				"down": {"uv": [5.375, 7, 5, 9], "texture": "#1"}
			}
		},
		{
			"from": [18.96764, 11.88299, -5],
			"to": [20.24264, 12.63299, 3],
			"rotation": {"angle": 45, "axis": "z", "origin": [11.49264, -2.11701, 5]},
			"faces": {
				"north": {"uv": [12.75, 3.75, 13.125, 4], "texture": "#1"},
				"east": {"uv": [10, 0.25, 12, 0.5], "texture": "#1"},
				"south": {"uv": [12.75, 4, 13.125, 4.25], "texture": "#1"},
				"west": {"uv": [10, 0.5, 12, 0.75], "texture": "#1"},
				"up": {"uv": [4.375, 8.75, 4, 6.75], "texture": "#1"},
				"down": {"uv": [6.125, 6.75, 5.75, 8.75], "texture": "#1"}
			}
		},
		{
			"from": [7.25, 13.5, -5],
			"to": [8.75, 14.5, 3],
			"rotation": {"angle": 0, "axis": "y", "origin": [0, -0.25, 5]},
			"faces": {
				"north": {"uv": [12.75, 3.25, 13.125, 3.5], "texture": "#1"},
				"east": {"uv": [6, 4, 8, 4.25], "texture": "#1"},
				"south": {"uv": [12.75, 3.5, 13.125, 3.75], "texture": "#1"},
				"west": {"uv": [10, 0, 12, 0.25], "texture": "#1"},
				"up": {"uv": [2.125, 8.25, 1.75, 6.25], "texture": "#1"},
				"down": {"uv": [6.875, 6.5, 6.5, 8.5], "texture": "#1"}
			}
		},
		{
			"from": [18.71764, 12.13299, -6.975],
			"to": [20.24264, 13.13299, -5],
			"rotation": {"angle": 45, "axis": "z", "origin": [11.49264, -1.61701, 0]},
			"faces": {
				"north": {"uv": [12.75, 12.5, 13.125, 12.75], "texture": "#1"},
				"east": {"uv": [12.75, 1.25, 13.25, 1.5], "texture": "#1"},
				"south": {"uv": [12.75, 12.75, 13.125, 13], "texture": "#1"},
				"west": {"uv": [12.75, 1.5, 13.25, 1.75], "texture": "#1"},
				"up": {"uv": [10.125, 12.75, 9.75, 12.25], "texture": "#1"},
				"down": {"uv": [12.625, 10, 12.25, 10.5], "texture": "#1"}
			}
		},
		{
			"from": [-1.65656, 17.38613, -4.725],
			"to": [-1.40656, 20.13613, 2.725],
			"rotation": {"angle": -45, "axis": "z", "origin": [-8.65656, 5.88613, -10]},
			"faces": {
				"north": {"uv": [2, 8.25, 2.125, 9], "texture": "#1"},
				"east": {"uv": [3.25, 1.5, 5.125, 2.25], "texture": "#1"},
				"south": {"uv": [5.25, 9, 5.375, 9.75], "texture": "#1"},
				"west": {"uv": [3.25, 2.25, 5.125, 3], "texture": "#1"},
				"up": {"uv": [2.875, 13.875, 2.75, 12], "texture": "#1"},
				"down": {"uv": [3.125, 12, 3, 13.875], "texture": "#1"}
			}
		},
		{
			"from": [20.58553, 8.3401, -6.975],
			"to": [22.11053, 9.0901, 8.975],
			"rotation": {"angle": 45, "axis": "z", "origin": [13.36053, -5.4099, 0]},
			"faces": {
				"north": {"uv": [9.75, 13, 10.125, 13.25], "texture": "#1"},
				"east": {"uv": [5.25, 2.75, 9.25, 3], "texture": "#1"},
				"south": {"uv": [13, 9.75, 13.375, 10], "texture": "#1"},
				"west": {"uv": [5.75, 4.25, 9.75, 4.5], "texture": "#1"},
				"up": {"uv": [2.625, 4, 2.25, 0], "texture": "#1"},
				"down": {"uv": [3.125, 0, 2.75, 4], "texture": "#1"}
			}
		},
		{
			"from": [-1.43156, 19.63613, -6.975],
			"to": [0.09344, 20.38613, 8.975],
			"rotation": {"angle": -45, "axis": "z", "origin": [-8.65656, 5.88613, -10]},
			"faces": {
				"north": {"uv": [8.75, 13, 9.125, 13.25], "texture": "#1"},
				"east": {"uv": [5.25, 2.25, 9.25, 2.5], "texture": "#1"},
				"south": {"uv": [9.25, 13, 9.625, 13.25], "texture": "#1"},
				"west": {"uv": [5.25, 2.5, 9.25, 2.75], "texture": "#1"},
				"up": {"uv": [0.875, 6, 0.5, 2], "texture": "#1"},
				"down": {"uv": [1.375, 2, 1, 6], "texture": "#1"}
			}
		},
		{
			"from": [20.58553, 7.3401, -3.725],
			"to": [22.11053, 8.0901, 2.25],
			"rotation": {"angle": 45, "axis": "z", "origin": [13.36053, -6.4099, 0.25]},
			"faces": {
				"north": {"uv": [7.75, 13, 8.125, 13.25], "texture": "#1"},
				"east": {"uv": [11.75, 7.25, 13.25, 7.5], "texture": "#1"},
				"south": {"uv": [8.25, 13, 8.625, 13.25], "texture": "#1"},
				"west": {"uv": [11.75, 7.5, 13.25, 7.75], "texture": "#1"},
				"up": {"uv": [10.125, 4.5, 9.75, 3], "texture": "#1"},
				"down": {"uv": [4.125, 9.75, 3.75, 11.25], "texture": "#1"}
			}
		},
		{
			"from": [7.25334, 8.42166, -3.75],
			"to": [8.75334, 9.49666, 2.275],
			"rotation": {"angle": 0, "axis": "y", "origin": [0.00334, -0.82834, 0.25]},
			"faces": {
				"north": {"uv": [13, 6.75, 13.375, 7], "texture": "#1"},
				"east": {"uv": [11.75, 7, 13.25, 7.25], "texture": "#1"},
				"south": {"uv": [7.25, 13, 7.625, 13.25], "texture": "#1"},
				"west": {"uv": [7.25, 11.75, 8.75, 12], "texture": "#1"},
				"up": {"uv": [9.875, 10.5, 9.5, 9], "texture": "#1"},
				"down": {"uv": [10.125, 1.5, 9.75, 3], "texture": "#1"}
			}
		},
		{
			"from": [-1.43156, 18.63613, -3.725],
			"to": [0.09344, 19.38613, 2.25],
			"rotation": {"angle": -45, "axis": "z", "origin": [-8.65656, 4.88613, -9.75]},
			"faces": {
				"north": {"uv": [13, 6.5, 13.375, 6.75], "texture": "#1"},
				"east": {"uv": [2.75, 11.75, 4.25, 12], "texture": "#1"},
				"south": {"uv": [6.75, 13, 7.125, 13.25], "texture": "#1"},
				"west": {"uv": [5.75, 11.75, 7.25, 12], "texture": "#1"},
				"up": {"uv": [9.625, 9, 9.25, 7.5], "texture": "#1"},
				"down": {"uv": [6.625, 9.5, 6.25, 11], "texture": "#1"}
			}
		},
		{
			"from": [22.11053, 6.0901, -4.725],
			"to": [22.36053, 8.8401, 2.725],
			"rotation": {"angle": 45, "axis": "z", "origin": [13.36053, -5.4099, 0]},
			"faces": {
				"north": {"uv": [1.5, 7.25, 1.625, 8], "texture": "#1"},
				"east": {"uv": [3.25, 0, 5.125, 0.75], "texture": "#1"},
				"south": {"uv": [7.75, 4.5, 7.875, 5.25], "texture": "#1"},
				"west": {"uv": [3.25, 0.75, 5.125, 1.5], "texture": "#1"},
				"up": {"uv": [1.625, 13.875, 1.5, 12], "texture": "#1"},
				"down": {"uv": [2.625, 12, 2.5, 13.875], "texture": "#1"}
			}
		},
		{
			"from": [0.43633, 23.42902, 2.975],
			"to": [1.96133, 24.42902, 8.975],
			"rotation": {"angle": -45, "axis": "z", "origin": [-6.78867, 9.67902, 0]},
			"faces": {
				"north": {"uv": [12.75, 2.25, 13.125, 2.5], "texture": "#1"},
				"east": {"uv": [11, 7.75, 12.5, 8], "texture": "#1"},
				"south": {"uv": [12.75, 2.5, 13.125, 2.75], "texture": "#1"},
				"west": {"uv": [11.25, 8.5, 12.75, 8.75], "texture": "#1"},
				"up": {"uv": [5.125, 10.5, 4.75, 9], "texture": "#1"},
				"down": {"uv": [7.875, 9, 7.5, 10.5], "texture": "#1"}
			}
		},
		{
			"from": [0.43633, 23.42902, -6.975],
			"to": [1.96133, 24.42902, -5],
			"rotation": {"angle": -45, "axis": "z", "origin": [-6.78867, 9.67902, 0]},
			"faces": {
				"north": {"uv": [12.75, 11, 13.125, 11.25], "texture": "#1"},
				"east": {"uv": [12.5, 12.25, 13, 12.5], "texture": "#1"},
				"south": {"uv": [11.25, 12.75, 11.625, 13], "texture": "#1"},
				"west": {"uv": [0, 12.75, 0.5, 13], "texture": "#1"},
				"up": {"uv": [12.375, 12.5, 12, 12], "texture": "#1"},
				"down": {"uv": [12.625, 1.25, 12.25, 1.75], "texture": "#1"}
			}
		},
		{
			"from": [7.25334, 9.42166, -16],
			"to": [8.75334, 10.42166, -8],
			"rotation": {"angle": 0, "axis": "y", "origin": [0.00334, 0.17166, -6]},
			"faces": {
				"north": {"uv": [13, 4.75, 13.375, 5], "texture": "#1"},
				"east": {"uv": [10, 1.25, 12, 1.5], "texture": "#1"},
				"south": {"uv": [13, 5, 13.375, 5.25], "texture": "#1"},
				"west": {"uv": [10.25, 1.5, 12.25, 1.75], "texture": "#1"},
				"up": {"uv": [7.375, 8.5, 7, 6.5], "texture": "#1"},
				"down": {"uv": [0.375, 7.25, 0, 9.25], "texture": "#1"}
			}
		},
		{
			"from": [7.25334, 8.42166, -11],
			"to": [8.75334, 9.49666, -9],
			"rotation": {"angle": 0, "axis": "y", "origin": [0.00334, 0.17166, -6]},
			"faces": {
				"north": {"uv": [9.25, 12.75, 9.625, 13], "texture": "#1"},
				"east": {"uv": [11.25, 12.5, 11.75, 12.75], "texture": "#1"},
				"south": {"uv": [9.75, 12.75, 10.125, 13], "texture": "#1"},
				"west": {"uv": [11.75, 12.5, 12.25, 12.75], "texture": "#1"},
				"up": {"uv": [7.875, 12.5, 7.5, 12], "texture": "#1"},
				"down": {"uv": [8.375, 12, 8, 12.5], "texture": "#1"}
			}
		},
		{
			"from": [7.25334, 8.42166, -6.5],
			"to": [8.75334, 9.49666, -4.5],
			"rotation": {"angle": 0, "axis": "y", "origin": [0.00334, 0.17166, -6]},
			"faces": {
				"north": {"uv": [12.75, 10.25, 13.125, 10.5], "texture": "#1"},
				"east": {"uv": [12.5, 12, 13, 12.25], "texture": "#1"},
				"south": {"uv": [10.75, 12.75, 11.125, 13], "texture": "#1"},
				"west": {"uv": [12.25, 12.5, 12.75, 12.75], "texture": "#1"},
				"up": {"uv": [11.375, 12.5, 11, 12], "texture": "#1"},
				"down": {"uv": [11.875, 12, 11.5, 12.5], "texture": "#1"}
			}
		},
		{
			"from": [5.25334, 4.42166, -10.75],
			"to": [10.75334, 5.49666, -9.25],
			"rotation": {"angle": 0, "axis": "y", "origin": [0.00334, 0.17166, -6]},
			"faces": {
				"north": {"uv": [11.75, 9, 13.125, 9.25], "texture": "#1"},
				"east": {"uv": [12.75, 10, 13.125, 10.25], "texture": "#1"},
				"south": {"uv": [11.75, 9.25, 13.125, 9.5], "texture": "#1"},
				"west": {"uv": [10.25, 12.75, 10.625, 13], "texture": "#1"},
				"up": {"uv": [7.375, 1.625, 6, 1.25], "texture": "#1"},
				"down": {"uv": [11.125, 8.5, 9.75, 8.875], "texture": "#1"}
			}
		},
		{
			"from": [7.50334, 5.69666, -5.25],
			"to": [8.50334, 6.77166, 1.25],
			"rotation": {"angle": -45, "axis": "x", "origin": [0.00334, 0.17166, -6]},
			"faces": {
				"north": {"uv": [5, 10.5, 5.25, 10.75], "texture": "#1"},
				"east": {"uv": [11, 4, 12.625, 4.25], "texture": "#1"},
				"south": {"uv": [10.75, 11, 11, 11.25], "texture": "#1"},
				"west": {"uv": [11, 4.25, 12.625, 4.5], "texture": "#1"},
				"up": {"uv": [6.5, 8.375, 6.25, 6.75], "texture": "#1"},
				"down": {"uv": [5.75, 7, 5.5, 8.625], "texture": "#1"}
			}
		},
		{
			"from": [4.25624, 2.25423, -10.5],
			"to": [5.25624, 12.07923, -9.5],
			"rotation": {"angle": -22.5, "axis": "z", "origin": [-1.99376, 3.00423, -6]},
			"faces": {
				"north": {"uv": [7, 8.5, 7.25, 11], "texture": "#1"},
				"east": {"uv": [7.25, 8.5, 7.5, 11], "texture": "#1"},
				"south": {"uv": [2.75, 9, 3, 11.5], "texture": "#1"},
				"west": {"uv": [3, 9, 3.25, 11.5], "texture": "#1"},
				"up": {"uv": [4.75, 7, 4.5, 6.75], "texture": "#1"},
				"down": {"uv": [8, 5.25, 7.75, 5.5], "texture": "#1"}
			}
		},
		{
			"from": [4.00624, 2.00423, -10.75],
			"to": [5.50624, 2.25423, -9.25],
			"rotation": {"angle": -22.5, "axis": "z", "origin": [-1.99376, 3.00423, -6]},
			"faces": {
				"north": {"uv": [13.25, 1.5, 13.625, 1.625], "texture": "#1"},
				"east": {"uv": [1.75, 13.25, 2.125, 13.375], "texture": "#1"},
				"south": {"uv": [13.25, 1.75, 13.625, 1.875], "texture": "#1"},
				"west": {"uv": [13.25, 2, 13.625, 2.125], "texture": "#1"},
				"up": {"uv": [3.625, 12.875, 3.25, 12.5], "texture": "#1"},
				"down": {"uv": [4.125, 12.5, 3.75, 12.875], "texture": "#1"}
			}
		},
		{
			"from": [7.5646, 1.62052, -10.5],
			"to": [8.5646, 11.44552, -9.5],
			"rotation": {"angle": 22.5, "axis": "z", "origin": [14.8146, 10.69552, -6]},
			"faces": {
				"north": {"uv": [3.25, 9, 3.5, 11.5], "texture": "#1"},
				"east": {"uv": [3.5, 9, 3.75, 11.5], "texture": "#1"},
				"south": {"uv": [4.5, 9, 4.75, 11.5], "texture": "#1"},
				"west": {"uv": [9, 4.5, 9.25, 7], "texture": "#1"},
				"up": {"uv": [1.75, 8.25, 1.5, 8], "texture": "#1"},
				"down": {"uv": [9.25, 1.5, 9, 1.75], "texture": "#1"}
			}
		},
		{
			"from": [7.3146, 1.37052, -10.75],
			"to": [8.8146, 1.62052, -9.25],
			"rotation": {"angle": 22.5, "axis": "z", "origin": [14.8146, 10.69552, -6]},
			"faces": {
				"north": {"uv": [13.25, 2.25, 13.625, 2.375], "texture": "#1"},
				"east": {"uv": [13.25, 2.5, 13.625, 2.625], "texture": "#1"},
				"south": {"uv": [13.25, 2.75, 13.625, 2.875], "texture": "#1"},
				"west": {"uv": [13.25, 3, 13.625, 3.125], "texture": "#1"},
				"up": {"uv": [12.875, 4.875, 12.5, 4.5], "texture": "#1"},
				"down": {"uv": [5.125, 12.5, 4.75, 12.875], "texture": "#1"}
			}
		},
		{
			"from": [7.25, 14, -16],
			"to": [8.75, 15, -7.975],
			"rotation": {"angle": 0, "axis": "y", "origin": [0, 0.25, -6]},
			"faces": {
				"north": {"uv": [5.25, 13, 5.625, 13.25], "texture": "#1"},
				"east": {"uv": [10.25, 1.75, 12.25, 2], "texture": "#1"},
				"south": {"uv": [13, 5.25, 13.375, 5.5], "texture": "#1"},
				"west": {"uv": [10.25, 2, 12.25, 2.25], "texture": "#1"},
				"up": {"uv": [0.875, 9.25, 0.5, 7.25], "texture": "#1"},
				"down": {"uv": [1.375, 7.25, 1, 9.25], "texture": "#1"}
			}
		},
		{
			"from": [-1.43156, 19.63613, -15],
			"to": [0.09344, 20.63613, -8.025],
			"rotation": {"angle": -45, "axis": "z", "origin": [-8.65656, 5.88613, -16]},
			"faces": {
				"north": {"uv": [13, 5.75, 13.375, 6], "texture": "#1"},
				"east": {"uv": [11, 3, 12.75, 3.25], "texture": "#1"},
				"south": {"uv": [13, 6, 13.375, 6.25], "texture": "#1"},
				"west": {"uv": [11, 3.25, 12.75, 3.5], "texture": "#1"},
				"up": {"uv": [8.375, 8, 8, 6.25], "texture": "#1"},
				"down": {"uv": [8.375, 8, 8, 9.75], "texture": "#1"}
			}
		},
		{
			"from": [18.71764, 12.13299, -15],
			"to": [20.24264, 13.13299, -8],
			"rotation": {"angle": 45, "axis": "z", "origin": [11.49264, -1.61701, -6]},
			"faces": {
				"north": {"uv": [13, 5.5, 13.375, 5.75], "texture": "#1"},
				"east": {"uv": [11, 2.5, 12.75, 2.75], "texture": "#1"},
				"south": {"uv": [5.75, 13, 6.125, 13.25], "texture": "#1"},
				"west": {"uv": [11, 2.75, 12.75, 3], "texture": "#1"},
				"up": {"uv": [8.375, 1.75, 8, 0], "texture": "#1"},
				"down": {"uv": [8.375, 4.5, 8, 6.25], "texture": "#1"}
			}
		},
		{
			"from": [20.58553, 8.3401, -15],
			"to": [22.11053, 9.3401, -8.025],
			"rotation": {"angle": 45, "axis": "z", "origin": [13.36053, -5.4099, -6]},
			"faces": {
				"north": {"uv": [6.25, 13, 6.625, 13.25], "texture": "#1"},
				"east": {"uv": [11, 3.5, 12.75, 3.75], "texture": "#1"},
				"south": {"uv": [13, 6.25, 13.375, 6.5], "texture": "#1"},
				"west": {"uv": [11, 3.75, 12.75, 4], "texture": "#1"},
				"up": {"uv": [1.875, 10, 1.5, 8.25], "texture": "#1"},
				"down": {"uv": [8.875, 0, 8.5, 1.75], "texture": "#1"}
			}
		},
		{
			"from": [8.925, 10.5, -15.025],
			"to": [9.825, 11.5, -7.75],
			"rotation": {"angle": 0, "axis": "y", "origin": [0, 0.25, -6]},
			"faces": {
				"north": {"uv": [12, 1.25, 12.25, 1.5], "texture": "#1"},
				"east": {"uv": [10.5, 5, 12.375, 5.25], "texture": "#1"},
				"south": {"uv": [10.25, 12.25, 10.5, 12.5], "texture": "#1"},
				"west": {"uv": [10.5, 5.25, 12.375, 5.5], "texture": "#1"},
				"up": {"uv": [1.75, 3.875, 1.5, 2], "texture": "#1"},
				"down": {"uv": [7, 9.5, 6.75, 11.375], "texture": "#1"}
			}
		},
		{
			"from": [8.925, 12.925, -15.025],
			"to": [9.825, 13.925, -7.75],
			"rotation": {"angle": 0, "axis": "y", "origin": [0, 0.25, -6]},
			"faces": {
				"north": {"uv": [13, 12.25, 13.25, 12.5], "texture": "#1"},
				"east": {"uv": [10.5, 6, 12.375, 6.25], "texture": "#1"},
				"south": {"uv": [12.5, 13, 12.75, 13.25], "texture": "#1"},
				"west": {"uv": [10.5, 6.25, 12.375, 6.5], "texture": "#1"},
				"up": {"uv": [1, 11.875, 0.75, 10], "texture": "#1"},
				"down": {"uv": [2.75, 10, 2.5, 11.875], "texture": "#1"}
			}
		},
		{
			"from": [6.175, 10.5, -15.025],
			"to": [7.075, 11.5, -7.75],
			"rotation": {"angle": 0, "axis": "y", "origin": [0, 0.25, -6]},
			"faces": {
				"north": {"uv": [12, 13, 12.25, 13.25], "texture": "#1"},
				"east": {"uv": [10.5, 5.5, 12.375, 5.75], "texture": "#1"},
				"south": {"uv": [12.25, 13, 12.5, 13.25], "texture": "#1"},
				"west": {"uv": [10.5, 5.75, 12.375, 6], "texture": "#1"},
				"up": {"uv": [4.5, 11.625, 4.25, 9.75], "texture": "#1"},
				"down": {"uv": [6.25, 9.75, 6, 11.625], "texture": "#1"}
			}
		},
		{
			"from": [6.175, 12.925, -15.025],
			"to": [7.075, 13.925, -7.75],
			"rotation": {"angle": 0, "axis": "y", "origin": [0, 0.25, -6]},
			"faces": {
				"north": {"uv": [12.75, 13, 13, 13.25], "texture": "#1"},
				"east": {"uv": [10.5, 6.5, 12.375, 6.75], "texture": "#1"},
				"south": {"uv": [13, 13, 13.25, 13.25], "texture": "#1"},
				"west": {"uv": [10.5, 6.75, 12.375, 7], "texture": "#1"},
				"up": {"uv": [2.5, 12.375, 2.25, 10.5], "texture": "#1"},
				"down": {"uv": [5, 10.5, 4.75, 12.375], "texture": "#1"}
			}
		},
		{
			"from": [0.43633, 23.42902, -15],
			"to": [1.96133, 24.42902, -8],
			"rotation": {"angle": -45, "axis": "z", "origin": [-6.78867, 9.67902, -6]},
			"faces": {
				"north": {"uv": [13, 4.5, 13.375, 4.75], "texture": "#1"},
				"east": {"uv": [10.5, 8.25, 12.25, 8.5], "texture": "#1"},
				"south": {"uv": [4.75, 13, 5.125, 13.25], "texture": "#1"},
				"west": {"uv": [11, 2.25, 12.75, 2.5], "texture": "#1"},
				"up": {"uv": [7.875, 7.25, 7.5, 5.5], "texture": "#1"},
				"down": {"uv": [7.875, 7.25, 7.5, 9], "texture": "#1"}
			}
		},
		{
			"from": [6.175, 10.5, 3],
			"to": [9.825, 13.925, 9],
			"rotation": {"angle": 0, "axis": "y", "origin": [0, 0.25, 0]},
			"faces": {
				"north": {"uv": [6, 3, 6.875, 3.875], "texture": "#1"},
				"east": {"uv": [3.25, 3, 4.75, 3.875], "texture": "#1"},
				"south": {"uv": [4.75, 6, 5.625, 6.875], "texture": "#1"},
				"west": {"uv": [1.5, 4, 3, 4.875], "texture": "#1"},
				"up": {"uv": [3.875, 5.5, 3, 4], "texture": "#1"},
				"down": {"uv": [4.875, 4, 4, 5.5], "texture": "#1"}
			}
		},
		{
			"from": [13.475, 2.425, -4],
			"to": [14.625, 3.575, 2],
			"rotation": {"angle": 45, "axis": "z", "origin": [0, 0.25, 0]},
			"faces": {
				"north": {"uv": [4.5, 11.5, 4.75, 11.75], "texture": "#1"},
				"east": {"uv": [7.75, 11.5, 9.25, 11.75], "texture": "#1"},
				"south": {"uv": [9.75, 11.5, 10, 11.75], "texture": "#1"},
				"west": {"uv": [10.75, 11.5, 12.25, 11.75], "texture": "#1"},
				"up": {"uv": [4, 8.75, 3.75, 7.25], "texture": "#1"},
				"down": {"uv": [2, 11.25, 1.75, 12.75], "texture": "#1"}
			}
		},
		{
			"from": [13.225, 2.175, -3],
			"to": [14.875, 3.825, -2.25],
			"rotation": {"angle": 45, "axis": "z", "origin": [0, 0.25, 0]},
			"faces": {
				"north": {"uv": [12.5, 5, 12.875, 5.375], "texture": "#1"},
				"east": {"uv": [4.75, 5.5, 5, 5.875], "texture": "#1"},
				"south": {"uv": [5.25, 12.5, 5.625, 12.875], "texture": "#1"},
				"west": {"uv": [5.75, 11.25, 6, 11.625], "texture": "#1"},
				"up": {"uv": [0.375, 13.25, 0, 13], "texture": "#1"},
				"down": {"uv": [13.375, 0, 13, 0.25], "texture": "#1"}
			}
		},
		{
			"from": [13.225, 2.175, -5],
			"to": [14.875, 3.825, -4.25],
			"rotation": {"angle": 45, "axis": "z", "origin": [0, 0.25, 0]},
			"faces": {
				"north": {"uv": [12.5, 6.5, 12.875, 6.875], "texture": "#1"},
				"east": {"uv": [1.25, 13, 1.5, 13.375], "texture": "#1"},
				"south": {"uv": [6.75, 12.5, 7.125, 12.875], "texture": "#1"},
				"west": {"uv": [2.25, 13, 2.5, 13.375], "texture": "#1"},
				"up": {"uv": [4.125, 13.25, 3.75, 13], "texture": "#1"},
				"down": {"uv": [4.625, 13, 4.25, 13.25], "texture": "#1"}
			}
		},
		{
			"from": [13.225, 2.175, 0.25],
			"to": [14.875, 3.825, 1],
			"rotation": {"angle": 45, "axis": "z", "origin": [0, 0.25, 0]},
			"faces": {
				"north": {"uv": [12.5, 5.5, 12.875, 5.875], "texture": "#1"},
				"east": {"uv": [8.5, 12, 8.75, 12.375], "texture": "#1"},
				"south": {"uv": [5.75, 12.5, 6.125, 12.875], "texture": "#1"},
				"west": {"uv": [1.25, 12.5, 1.5, 12.875], "texture": "#1"},
				"up": {"uv": [1.125, 13.25, 0.75, 13], "texture": "#1"},
				"down": {"uv": [13.375, 0.75, 13, 1], "texture": "#1"}
			}
		},
		{
			"from": [13.225, 2.175, 2.25],
			"to": [14.875, 3.825, 3],
			"rotation": {"angle": 45, "axis": "z", "origin": [0, 0.25, 0]},
			"faces": {
				"north": {"uv": [12.5, 6, 12.875, 6.375], "texture": "#1"},
				"east": {"uv": [2.25, 12.5, 2.5, 12.875], "texture": "#1"},
				"south": {"uv": [6.25, 12.5, 6.625, 12.875], "texture": "#1"},
				"west": {"uv": [1.75, 12.75, 2, 13.125], "texture": "#1"},
				"up": {"uv": [13.375, 1.25, 13, 1], "texture": "#1"},
				"down": {"uv": [3.625, 13, 3.25, 13.25], "texture": "#1"}
			}
		},
		{
			"from": [13.725, 2.675, -5],
			"to": [14.375, 3.325, 3],
			"rotation": {"angle": 45, "axis": "z", "origin": [0, 0.25, 0]},
			"faces": {
				"north": {"uv": [3.25, 13.25, 3.375, 13.375], "texture": "#1"},
				"east": {"uv": [11.75, 10.75, 13.75, 10.875], "texture": "#1"},
				"south": {"uv": [13.25, 3.25, 13.375, 3.375], "texture": "#1"},
				"west": {"uv": [11, 11.75, 13, 11.875], "texture": "#1"},
				"up": {"uv": [2.125, 13.25, 2, 11.25], "texture": "#1"},
				"down": {"uv": [0.625, 11.75, 0.5, 13.75], "texture": "#1"}
			}
		},
		{
			"from": [6.175, 10.5, -7],
			"to": [9.825, 13.925, -5],
			"rotation": {"angle": 0, "axis": "y", "origin": [0, 0.25, 0]},
			"faces": {
				"north": {"uv": [0.75, 6.25, 1.625, 7.125], "texture": "#1"},
				"east": {"uv": [9.5, 10.5, 10, 11.375], "texture": "#1"},
				"south": {"uv": [6.5, 5.5, 7.375, 6.375], "texture": "#1"},
				"west": {"uv": [10.5, 9.5, 11, 10.375], "texture": "#1"},
				"up": {"uv": [10.875, 11, 10, 10.5], "texture": "#1"},
				"down": {"uv": [5.875, 10.75, 5, 11.25], "texture": "#1"}
			}
		},
		{
			"from": [5.925, 11.75, -7.5],
			"to": [10.075, 12.675, -5.25],
			"rotation": {"angle": 0, "axis": "y", "origin": [0, 0.25, 0]},
			"faces": {
				"north": {"uv": [11.75, 11, 12.75, 11.25], "texture": "#1"},
				"east": {"uv": [12.25, 10.5, 12.875, 10.75], "texture": "#1"},
				"south": {"uv": [12, 0, 13, 0.25], "texture": "#1"},
				"west": {"uv": [12.25, 11.25, 12.875, 11.5], "texture": "#1"},
				"up": {"uv": [9.5, 9.625, 8.5, 9], "texture": "#1"},
				"down": {"uv": [1, 9.25, 0, 9.875], "texture": "#1"}
			}
		},
		{
			"from": [7.175, 10.25, -14],
			"to": [8.825, 14.175, -7],
			"rotation": {"angle": 0, "axis": "y", "origin": [0, 0.25, 0]},
			"faces": {
				"north": {"uv": [9.25, 11.5, 9.625, 12.5], "texture": "#1"},
				"east": {"uv": [0, 0, 1.75, 1], "texture": "#1"},
				"south": {"uv": [0, 11.75, 0.375, 12.75], "texture": "#1"},
				"west": {"uv": [0, 1, 1.75, 2], "texture": "#1"},
				"up": {"uv": [3.625, 9, 3.25, 7.25], "texture": "#1"},
				"down": {"uv": [7.875, 0, 7.5, 1.75], "texture": "#1"}
			}
		},
		{
			"from": [7.25, 14, 2.95],
			"to": [8.75, 15, 9],
			"rotation": {"angle": 0, "axis": "y", "origin": [0, 0.25, 12]},
			"faces": {
				"north": {"uv": [12.75, 2.75, 13.125, 3], "texture": "#1"},
				"east": {"uv": [11.25, 8.75, 12.75, 9], "texture": "#1"},
				"south": {"uv": [12.75, 3, 13.125, 3.25], "texture": "#1"},
				"west": {"uv": [10.75, 11.25, 12.25, 11.5], "texture": "#1"},
				"up": {"uv": [1.375, 10.75, 1, 9.25], "texture": "#1"},
				"down": {"uv": [9.625, 1.5, 9.25, 3], "texture": "#1"}
			}
		},
		{
			"from": [18.71764, 12.13299, 2.975],
			"to": [20.24264, 13.13299, 8.975],
			"rotation": {"angle": 45, "axis": "z", "origin": [11.49264, -1.61701, 12]},
			"faces": {
				"north": {"uv": [7.25, 12.75, 7.625, 13], "texture": "#1"},
				"east": {"uv": [2.75, 11.5, 4.25, 11.75], "texture": "#1"},
				"south": {"uv": [7.75, 12.75, 8.125, 13], "texture": "#1"},
				"west": {"uv": [6.25, 11.5, 7.75, 11.75], "texture": "#1"},
				"up": {"uv": [9.625, 6, 9.25, 4.5], "texture": "#1"},
				"down": {"uv": [9.625, 6, 9.25, 7.5], "texture": "#1"}
			}
		},
		{
			"from": [4.175, 11.975, 4],
			"to": [11.775, 12.95, 6],
			"faces": {
				"north": {"uv": [10.5, 4.5, 12.375, 4.75], "texture": "#1"},
				"east": {"uv": [9.25, 12.5, 9.75, 12.75], "texture": "#1"},
				"south": {"uv": [10.5, 4.75, 12.375, 5], "texture": "#1"},
				"west": {"uv": [12.5, 9.75, 13, 10], "texture": "#1"},
				"up": {"uv": [7.625, 5, 5.75, 4.5], "texture": "#1"},
				"down": {"uv": [7.625, 5, 5.75, 5.5], "texture": "#1"}
			}
		},
		{
			"from": [7.25, 15, 6],
			"to": [8.75, 15.75, 9],
			"faces": {
				"north": {"uv": [12.75, 1.75, 13.125, 2], "texture": "#1"},
				"east": {"uv": [0.75, 6, 1.5, 6.25], "texture": "#1"},
				"south": {"uv": [12.75, 2, 13.125, 2.25], "texture": "#1"},
				"west": {"uv": [6.75, 1, 7.5, 1.25], "texture": "#1"},
				"up": {"uv": [12.125, 10.75, 11.75, 10], "texture": "#1"},
				"down": {"uv": [10.875, 11.75, 10.5, 12.5], "texture": "#1"}
			}
		},
		{
			"from": [6.75, 16.5, 4],
			"to": [9.25, 19, 8.2],
			"faces": {
				"north": {"uv": [8, 10.75, 8.625, 11.375], "texture": "#1"},
				"east": {"uv": [9, 0, 10, 0.625], "texture": "#1"},
				"south": {"uv": [8.75, 10.75, 9.375, 11.375], "texture": "#1"},
				"west": {"uv": [9, 0.75, 10, 1.375], "texture": "#1"},
				"up": {"uv": [6.125, 9.75, 5.5, 8.75], "texture": "#1"},
				"down": {"uv": [2.625, 9, 2, 10], "texture": "#1"}
			}
		},
		{
			"from": [7, 16.75, -0.05],
			"to": [9, 18.75, 4],
			"faces": {
				"north": {"uv": [6.25, 11, 6.75, 11.5], "texture": "#1"},
				"east": {"uv": [1.5, 10, 2.5, 10.5], "texture": "#1"},
				"south": {"uv": [7, 11, 7.5, 11.5], "texture": "#1"},
				"west": {"uv": [10, 9, 11, 9.5], "texture": "#1"},
				"up": {"uv": [9.75, 4, 9.25, 3], "texture": "#1"},
				"down": {"uv": [10.5, 9.5, 10, 10.5], "texture": "#1"}
			}
		},
		{
			"from": [6.75, 15.725, 0.7],
			"to": [9.25, 18.975, 3],
			"faces": {
				"north": {"uv": [9.75, 7.5, 10.375, 8.375], "texture": "#1"},
				"east": {"uv": [8, 9.75, 8.625, 10.625], "texture": "#1"},
				"south": {"uv": [8.75, 9.75, 9.375, 10.625], "texture": "#1"},
				"west": {"uv": [0, 10, 0.625, 10.875], "texture": "#1"},
				"up": {"uv": [1.625, 11.875, 1, 11.25], "texture": "#1"},
				"down": {"uv": [5.625, 11.25, 5, 11.875], "texture": "#1"}
			}
		},
		{
			"from": [7.25, 19.025, 1.1],
			"to": [8.75, 19.525, 2.6],
			"faces": {
				"north": {"uv": [13.25, 0.25, 13.625, 0.375], "texture": "#1"},
				"east": {"uv": [13.25, 0.5, 13.625, 0.625], "texture": "#1"},
				"south": {"uv": [0.75, 13.25, 1.125, 13.375], "texture": "#1"},
				"west": {"uv": [13.25, 1.25, 13.625, 1.375], "texture": "#1"},
				"up": {"uv": [1.125, 12.875, 0.75, 12.5], "texture": "#1"},
				"down": {"uv": [12.875, 0.75, 12.5, 1.125], "texture": "#1"}
			}
		},
		{
			"from": [6.75, 16.5, -2.5],
			"to": [9.25, 19, -0.05],
			"faces": {
				"north": {"uv": [0, 11, 0.625, 11.625], "texture": "#1"},
				"east": {"uv": [11, 7, 11.625, 7.625], "texture": "#1"},
				"south": {"uv": [11, 9, 11.625, 9.625], "texture": "#1"},
				"west": {"uv": [11, 9.75, 11.625, 10.375], "texture": "#1"},
				"up": {"uv": [10.625, 11.625, 10, 11], "texture": "#1"},
				"down": {"uv": [11.625, 10.5, 11, 11.125], "texture": "#1"}
			}
		},
		{
			"from": [7.25, 15.75, 0],
			"to": [8.75, 16.5, 7.2],
			"faces": {
				"north": {"uv": [12.75, 8.25, 13.125, 8.5], "texture": "#1"},
				"east": {"uv": [8, 4, 9.75, 4.25], "texture": "#1"},
				"south": {"uv": [12.75, 8.5, 13.125, 8.75], "texture": "#1"},
				"west": {"uv": [10.5, 8, 12.25, 8.25], "texture": "#1"},
				"up": {"uv": [2.625, 9, 2.25, 7.25], "texture": "#1"},
				"down": {"uv": [3.125, 7.25, 2.75, 9], "texture": "#1"}
			}
		},
		{
			"from": [7.275, 15.10794, 0.50736],
			"to": [8.725, 15.85794, 2.45736],
			"rotation": {"angle": 22.5, "axis": "x", "origin": [0, -0.64206, 5.45736]},
			"faces": {
				"north": {"uv": [12.75, 8, 13.125, 8.25], "texture": "#1"},
				"east": {"uv": [10.25, 12.5, 10.75, 12.75], "texture": "#1"},
				"south": {"uv": [8.25, 12.75, 8.625, 13], "texture": "#1"},
				"west": {"uv": [10.75, 12.5, 11.25, 12.75], "texture": "#1"},
				"up": {"uv": [6.875, 12.5, 6.5, 12], "texture": "#1"},
				"down": {"uv": [7.375, 12, 7, 12.5], "texture": "#1"}
			}
		},
		{
			"from": [6.775, 19.63047, 6.20186],
			"to": [9.225, 24.40547, 8.20186],
			"rotation": {"angle": 22.5, "axis": "x", "origin": [-0.25, 9.90547, -16.79814]},
			"faces": {
				"north": {"uv": [0, 6, 0.625, 7.25], "texture": "#1"},
				"east": {"uv": [8.5, 4.5, 9, 5.75], "texture": "#1"},
				"south": {"uv": [6, 0, 6.625, 1.25], "texture": "#1"},
				"west": {"uv": [8.5, 5.75, 9, 7], "texture": "#1"},
				"up": {"uv": [12.375, 10, 11.75, 9.5], "texture": "#1"},
				"down": {"uv": [10.375, 11.75, 9.75, 12.25], "texture": "#1"}
			}
		},
		{
			"from": [7.075, 19.63047, 8.20186],
			"to": [8.925, 22.90547, 9.20186],
			"rotation": {"angle": 22.5, "axis": "x", "origin": [-0.25, 9.90547, -16.79814]},
			"faces": {
				"north": {"uv": [10.5, 7, 11, 7.875], "texture": "#1"},
				"east": {"uv": [4.75, 3, 5, 3.875], "texture": "#1"},
				"south": {"uv": [7.5, 10.5, 8, 11.375], "texture": "#1"},
				"west": {"uv": [2.25, 6.25, 2.5, 7.125], "texture": "#1"},
				"up": {"uv": [4.25, 11.5, 3.75, 11.25], "texture": "#1"},
				"down": {"uv": [8.75, 12.5, 8.25, 12.75], "texture": "#1"}
			}
		},
		{
			"from": [7.025, 23.88047, 6.00186],
			"to": [8.975, 25.40547, 7.95186],
			"rotation": {"angle": 22.5, "axis": "x", "origin": [-0.25, 9.90547, -16.79814]},
			"faces": {
				"north": {"uv": [3.75, 12, 4.25, 12.375], "texture": "#1"},
				"east": {"uv": [5, 12, 5.5, 12.375], "texture": "#1"},
				"south": {"uv": [5.5, 12, 6, 12.375], "texture": "#1"},
				"west": {"uv": [6, 12, 6.5, 12.375], "texture": "#1"},
				"up": {"uv": [3, 5.5, 2.5, 5], "texture": "#1"},
				"down": {"uv": [1.5, 10.75, 1, 11.25], "texture": "#1"}
			}
		},
		{
			"from": [7.75, 3.75, 11],
			"to": [8.25, 5, 13],
			"rotation": {"angle": -22.5, "axis": "x", "origin": [0, -2, -2]},
			"faces": {
				"north": {"uv": [0, 13.25, 0.125, 13.625], "texture": "#1"},
				"east": {"uv": [12, 0.75, 12.5, 1.125], "texture": "#1"},
				"south": {"uv": [0.25, 13.25, 0.375, 13.625], "texture": "#1"},
				"west": {"uv": [3.25, 12, 3.75, 12.375], "texture": "#1"},
				"up": {"uv": [11.875, 13.5, 11.75, 13], "texture": "#1"},
				"down": {"uv": [13.125, 11.75, 13, 12.25], "texture": "#1"}
			}
		},
		{
			"from": [6.85, 3.19011, 8.84641],
			"to": [9.15, 3.69011, 12.84641],
			"rotation": {"angle": -22.5, "axis": "x", "origin": [-0.975, -2.05989, -2.15359]},
			"faces": {
				"north": {"uv": [11, 13, 11.625, 13.125], "texture": "#1"},
				"east": {"uv": [12.5, 7.75, 13.5, 7.875], "texture": "#1"},
				"south": {"uv": [13, 11.25, 13.625, 11.375], "texture": "#1"},
				"west": {"uv": [12.5, 9.5, 13.5, 9.625], "texture": "#1"},
				"up": {"uv": [9.125, 9, 8.5, 8], "texture": "#1"},
				"down": {"uv": [4.375, 8.75, 3.75, 9.75], "texture": "#1"}
			}
		},
		{
			"from": [6.825, -7.25, 13],
			"to": [9.175, -0.75, 16],
			"rotation": {"angle": -45, "axis": "x", "origin": [0, -2, -2]},
			"faces": {
				"north": {"uv": [2.5, 5.5, 3.125, 7.125], "texture": "#1"},
				"east": {"uv": [5, 4.25, 5.75, 5.875], "texture": "#1"},
				"south": {"uv": [3.25, 5.5, 3.875, 7.125], "texture": "#1"},
				"west": {"uv": [5.25, 0, 6, 1.625], "texture": "#1"},
				"up": {"uv": [10.875, 3, 10.25, 2.25], "texture": "#1"},
				"down": {"uv": [10.875, 3, 10.25, 3.75], "texture": "#1"}
			}
		},
		{
			"from": [6.725, -7.75, 12],
			"to": [9.275, -7.25, 16],
			"rotation": {"angle": -45, "axis": "x", "origin": [0, -2, -2]},
			"faces": {
				"north": {"uv": [10.25, 13, 10.875, 13.125], "texture": "#1"},
				"east": {"uv": [12.25, 11.5, 13.25, 11.625], "texture": "#1"},
				"south": {"uv": [13, 10.5, 13.625, 10.625], "texture": "#1"},
				"west": {"uv": [7.25, 12.5, 8.25, 12.625], "texture": "#1"},
				"up": {"uv": [6.875, 9.5, 6.25, 8.5], "texture": "#1"},
				"down": {"uv": [9.125, 7, 8.5, 8], "texture": "#1"}
			}
		},
		{
			"from": [6.775, 14.59658, 6.55942],
			"to": [9.225, 17.84658, 7.80942],
			"rotation": {"angle": 22.5, "axis": "x", "origin": [6.975, 15.34658, -12.19058]},
			"faces": {
				"north": {"uv": [9.75, 4.5, 10.375, 5.375], "texture": "#1"},
				"east": {"uv": [4.25, 11.75, 4.625, 12.625], "texture": "#1"},
				"south": {"uv": [5.25, 9.75, 5.875, 10.625], "texture": "#1"},
				"west": {"uv": [8.75, 11.75, 9.125, 12.625], "texture": "#1"},
				"up": {"uv": [12.625, 0.625, 12, 0.25], "texture": "#1"},
				"down": {"uv": [1.375, 12, 0.75, 12.375], "texture": "#1"}
			}
		}
	],
	"display": {
		"thirdperson_righthand": {
			"rotation": [50, 0, 0],
			"translation": [-0.25, -0.75, 0],
			"scale": [0.6, 0.6, 0.6]
		},
		"thirdperson_lefthand": {
			"rotation": [50, 0, 0],
			"translation": [-0.25, -0.75, 0],
			"scale": [0.6, 0.6, 0.6]
		},
		"firstperson_righthand": {
			"translation": [1, -1, 0],
			"scale": [1, 1, 0.8]
		},
		"firstperson_lefthand": {
			"translation": [1, -1, 0],
			"scale": [1, 1, 0.8]
		},
		"ground": {
			"rotation": [0, 0, 90],
			"translation": [4.25, 0, 8.5]
		},
		"gui": {
			"rotation": [90, 60, -90],
			"translation": [5.25, -4.25, 0],
			"scale": [0.75, 0.75, 0.75]
		},
		"head": {
			"rotation": [90, -111, 90],
			"translation": [-8.5, -14.75, 5.5]
		},
		"fixed": {
			"rotation": [0, 90, 0],
			"translation": [9, -1.5, -1.75]
		}
	}
}