{
	"credit": "Made with Blockbench",
	"texture_size": [64, 64],
	"textures": {
		"1": "nw/mmzfun/mmz023"
	},
	"elements": [
		{
			"from": [0, -16, 7],
			"to": [16, 16, 9],
			"rotation": {"angle": 0, "axis": "z", "origin": [6, 1.5, 8]},
			"faces": {
				"north": {"uv": [0, 0, 4, 8], "texture": "#1"},
				"east": {"uv": [0, 8, 0.5, 16], "texture": "#1"},
				"south": {"uv": [4, 0, 0, 8], "texture": "#1"},
				"west": {"uv": [8, 0, 8.5, 8], "texture": "#1"},
				"up": {"uv": [7.5, 8.5, 3.5, 8], "texture": "#1"},
				"down": {"uv": [11.5, 8, 7.5, 8.5], "texture": "#1"}
			}
		},
		{
			"from": [0, -16, 7],
			"to": [16, 16, 9],
			"rotation": {"angle": 0, "axis": "z", "origin": [6, 1.5, 8]},
			"faces": {
				"north": {"uv": [8, 0, 4, 8], "texture": "#1", "tintindex": 1},
				"east": {"uv": [10, 0, 10.5, 8], "texture": "#1", "tintindex": 1},
				"south": {"uv": [4, 0, 8, 8], "texture": "#1", "tintindex": 1},
				"west": {"uv": [14.5, 0, 15, 8], "texture": "#1", "tintindex": 1},
				"up": {"uv": [14.5, 0.5, 10.5, 0], "texture": "#1", "tintindex": 1},
				"down": {"uv": [14.5, 0.5, 10.5, 1], "texture": "#1", "tintindex": 1}
			}
		},
		{
			"from": [1, 0, 6],
			"to": [7, 6, 10],
			"rotation": {"angle": 0, "axis": "z", "origin": [6, 1.5, 8]},
			"faces": {
				"north": {"uv": [0.5, 8, 2, 9.5], "texture": "#1"},
				"east": {"uv": [8.5, 0, 9.5, 1.5], "texture": "#1"},
				"south": {"uv": [2, 8, 0.5, 9.5], "texture": "#1"},
				"west": {"uv": [8.5, 1.5, 9.5, 3], "texture": "#1"},
				"up": {"uv": [10, 4, 8.5, 3], "texture": "#1"},
				"down": {"uv": [5, 8.5, 3.5, 9.5], "texture": "#1"}
			}
		}
	],
	"display": {
		"thirdperson_righthand": {
			"rotation": [67.51, -90, 87],
			"translation": [2.75, 2.5, 1.75],
			"scale": [0.75, 0.75, 0.75]
		},
		"thirdperson_lefthand": {
			"rotation": [67.51, -90, 87],
			"translation": [2.75, 2.5, 1.75],
			"scale": [0.75, 0.75, 0.75]
		},
		"firstperson_righthand": {
			"rotation": [0, 180, 0],
			"translation": [-4.5, 3, 6],
			"scale": [0.5, 0.5, 0.5]
		},
		"firstperson_lefthand": {
			"rotation": [0, 180, 0],
			"translation": [-4.5, 3, 6],
			"scale": [0.5, 0.5, 0.5]
		},
		"ground": {
			"translation": [0, 3, 0],
			"scale": [0.25, 0.25, 0.25]
		},
		"gui": {
			"rotation": [30, 180, 0],
			"translation": [0, 3.5, 0],
			"scale": [0.5, 0.5, 0.5]
		},
		"head": {
			"translation": [0, 15.25, -7]
		},
		"fixed": {
			"translation": [0, 5.25, -0.25],
			"scale": [0.7, 0.7, 0.7]
		}
	}
}