{
	"credit": "Made with Blockbench",
	"texture_size": [32, 32],
	"textures": {
		"3": "block/f033",
		"6": "block/oak_log",
		"7": "block/oak_log_top",
		"particle": "block/f033"
	},
	"elements": [
		{
			"from": [9, 0.00974, -0.00967],
			"to": [15, 6.00974, 15.99033],
			"rotation": {"angle": 0, "axis": "y", "origin": [8.00625, 8.00453, 8.00283]},
			"faces": {
				"north": {"uv": [5, 5, 11, 11], "rotation": 180, "texture": "#7"},
				"east": {"uv": [0, 0, 6, 16], "rotation": 270, "texture": "#6"},
				"south": {"uv": [5, 5, 11, 11], "texture": "#7"},
				"west": {"uv": [0, 0, 6, 16], "rotation": 90, "texture": "#6"},
				"up": {"uv": [0, 0, 6, 16], "rotation": 180, "texture": "#6"},
				"down": {"uv": [0, 0, 6, 16], "texture": "#6"}
			}
		},
		{
			"from": [1, 0.00974, -0.00967],
			"to": [7, 6.00974, 15.99033],
			"rotation": {"angle": 0, "axis": "y", "origin": [8.00625, 8.00453, 8.00283]},
			"faces": {
				"north": {"uv": [5, 5, 11, 11], "rotation": 180, "texture": "#7"},
				"east": {"uv": [0, 0, 6, 16], "rotation": 270, "texture": "#6"},
				"south": {"uv": [5, 5, 11, 11], "texture": "#7"},
				"west": {"uv": [0, 0, 6, 16], "rotation": 90, "texture": "#6"},
				"up": {"uv": [0, 0, 6, 16], "rotation": 180, "texture": "#6"},
				"down": {"uv": [0, 0, 6, 16], "texture": "#6"}
			}
		},
		{
			"from": [5, 6.00974, -0.00967],
			"to": [11, 12.00974, 15.99033],
			"rotation": {"angle": 0, "axis": "z", "origin": [8.00625, 8.00453, 8.00283]},
			"faces": {
				"north": {"uv": [5, 5, 11, 11], "rotation": 180, "texture": "#7"},
				"east": {"uv": [0, 0, 6, 16], "rotation": 270, "texture": "#6"},
				"south": {"uv": [5, 5, 11, 11], "texture": "#7"},
				"west": {"uv": [0, 0, 6, 16], "rotation": 90, "texture": "#6"},
				"up": {"uv": [0, 0, 6, 16], "rotation": 180, "texture": "#6"},
				"down": {"uv": [0, 0, 6, 16], "texture": "#6"}
			}
		},
		{
			"from": [-4.90228, 8.43246, 3.99033],
			"to": [-4.90228, 14.10746, 11.99033],
			"rotation": {"angle": -45, "axis": "z", "origin": [-4.90228, 0.10746, 4.99033]},
			"faces": {
				"north": {"uv": [12, 1, 12, 3.8375], "texture": "#3", "tintindex": 1},
				"east": {"uv": [5, 9, 7.8375, 13], "rotation": 90, "texture": "#3", "tintindex": 1},
				"south": {"uv": [4, 12, 4, 14.8375], "texture": "#3", "tintindex": 1},
				"west": {"uv": [2.5, 9, 5, 13], "rotation": 270, "texture": "#3", "tintindex": 1},
				"up": {"uv": [4, 12, 4, 16], "texture": "#3", "tintindex": 1},
				"down": {"uv": [12, 1, 12, 5], "texture": "#3", "tintindex": 1}
			}
		},
		{
			"from": [13.02761, 14.90115, 3.99033],
			"to": [18.75261, 14.90115, 11.99033],
			"rotation": {"angle": -45, "axis": "z", "origin": [6.10261, 14.90115, 4.99033]},
			"faces": {
				"north": {"uv": [9, 11.5, 12.0375, 11.5], "texture": "#3"},
				"east": {"uv": [7.5, 10.5, 11.5, 10.5], "texture": "#3"},
				"south": {"uv": [11.5, 9, 14.5375, 9], "texture": "#3"},
				"west": {"uv": [7.5, 11, 11.5, 11], "texture": "#3"},
				"up": {"uv": [2, 9, 5, 13], "rotation": 180, "texture": "#3", "tintindex": 1},
				"down": {"uv": [8.5, 9, 11.5375, 13], "texture": "#3"}
			}
		},
		{
			"from": [0.97222, 0.00696, 3.99033],
			"to": [0.97222, 5.98196, 11.99033],
			"rotation": {"angle": 0, "axis": "y", "origin": [0.97222, -6.99304, 4.99033]},
			"faces": {
				"north": {"uv": [4.5, 12, 4.5, 14.9875], "texture": "#3", "tintindex": 1},
				"east": {"uv": [5, 9, 7.9875, 13], "rotation": 90, "texture": "#3", "tintindex": 1},
				"south": {"uv": [12, 4.5, 12, 7.4875], "texture": "#3", "tintindex": 1},
				"west": {"uv": [5, 9, 7.9875, 13], "rotation": 270, "texture": "#3", "tintindex": 1},
				"up": {"uv": [12, 9, 12, 13], "texture": "#3", "tintindex": 1},
				"down": {"uv": [8, 11.5, 8, 15.5], "texture": "#3", "tintindex": 1}
			}
		},
		{
			"from": [15.04722, 0.00696, 3.99033],
			"to": [15.04722, 5.95696, 11.99033],
			"rotation": {"angle": 0, "axis": "y", "origin": [14.04722, -6.99304, 4.99033]},
			"faces": {
				"north": {"uv": [8, 11.5, 8, 14.475], "texture": "#3"},
				"east": {"uv": [5, 9, 7.975, 13], "rotation": 90, "texture": "#3", "tintindex": 1},
				"south": {"uv": [8.5, 11.5, 8.5, 14.475], "texture": "#3"},
				"west": {"uv": [5, 9, 7.975, 13], "rotation": 270, "texture": "#3"},
				"up": {"uv": [7.5, 12, 7.5, 16], "texture": "#3"},
				"down": {"uv": [3.5, 10.5, 3.5, 14.5], "texture": "#3"}
			}
		},
		{
			"from": [4.97222, 10.00696, 3.99033],
			"to": [11.02222, 12.25696, 11.99033],
			"rotation": {"angle": 0, "axis": "y", "origin": [-0.00278, 2.00696, 4.99033]},
			"faces": {
				"east": {"uv": [7, 9, 8.5, 13], "rotation": 90, "texture": "#3", "tintindex": 1},
				"west": {"uv": [7, 9, 8.5, 13], "rotation": 90, "texture": "#3", "tintindex": 1},
				"up": {"uv": [5.5, 9, 8.5, 13], "texture": "#3", "tintindex": 1}
			}
		}
	],
	"display": {
		"thirdperson_righthand": {
			"rotation": [75, 45, 0],
			"translation": [0, 2.5, 0],
			"scale": [0.375, 0.375, 0.375]
		},
		"thirdperson_lefthand": {
			"rotation": [75, 45, 0],
			"translation": [0, 2.5, 0],
			"scale": [0.375, 0.375, 0.375]
		},
		"firstperson_righthand": {
			"rotation": [0, 135, 0],
			"translation": [0, 3.75, 0],
			"scale": [0.4, 0.4, 0.4]
		},
		"firstperson_lefthand": {
			"rotation": [0, 135, 0],
			"translation": [0, 3.75, 0],
			"scale": [0.4, 0.4, 0.4]
		},
		"ground": {
			"translation": [0, 3, 0],
			"scale": [0.25, 0.25, 0.25]
		},
		"gui": {
			"rotation": [30, 225, 0],
			"scale": [0.625, 0.625, 0.625]
		},
		"head": {
			"translation": [0, 15.25, 0]
		},
		"fixed": {
			"rotation": [-90, 0, 0],
			"translation": [0, 0, -16],
			"scale": [2, 2, 2]
		}
	}
}