{
	"credit": "Made with Blockbench",
	"textures": {
		"8": "block/f033"
	},
	"elements": [
		{
			"from": [7, 0, 7],
			"to": [9, 16, 9],
			"rotation": {"angle": 0, "axis": "y", "origin": [7, 0, 7]},
			"faces": {
				"north": {"uv": [1.5, 8, 2.5, 16], "texture": "#8", "tintindex": 1},
				"east": {"uv": [1, 8, 2, 16], "texture": "#8", "tintindex": 1},
				"south": {"uv": [0, 8, 1, 16], "texture": "#8", "tintindex": 1},
				"west": {"uv": [5, 8, 6, 16], "texture": "#8", "tintindex": 1},
				"up": {"uv": [0, 0, 2, 2], "texture": "#8", "tintindex": 1},
				"down": {"uv": [0, 0, 2, 2], "texture": "#8", "tintindex": 1}
			}
		},
		{
			"from": [6.75, 6.5, 6.75],
			"to": [9.25, 9.5, 9.25],
			"rotation": {"angle": 0, "axis": "y", "origin": [8, 2.5, 8]},
			"faces": {
				"north": {"uv": [0, 13, 2, 14.5], "texture": "#8", "tintindex": 1},
				"east": {"uv": [0, 13, 2, 14.5], "texture": "#8", "tintindex": 1},
				"south": {"uv": [0, 13, 2, 14.5], "texture": "#8", "tintindex": 1},
				"west": {"uv": [0, 13, 2, 14.5], "texture": "#8", "tintindex": 1},
				"up": {"uv": [0, 13.5, 2, 15.5], "texture": "#8", "tintindex": 1},
				"down": {"uv": [0, 13.5, 2, 15.5], "texture": "#8", "tintindex": 1}
			}
		}
	],
	"display": {
		"thirdperson_righthand": {
			"rotation": [75, 45, 0],
			"translation": [0, 2.5, 0],
			"scale": [0.375, 0.375, 0.375]
		},
		"thirdperson_lefthand": {
			"rotation": [75, 45, 0],
			"translation": [0, 2.5, 0],
			"scale": [0.375, 0.375, 0.375]
		},
		"firstperson_righthand": {
			"rotation": [0, 135, 0],
			"translation": [0, 3.75, 0],
			"scale": [0.4, 0.4, 0.4]
		},
		"firstperson_lefthand": {
			"rotation": [0, 135, 0],
			"translation": [0, 3.75, 0],
			"scale": [0.4, 0.4, 0.4]
		},
		"ground": {
			"translation": [0, 3, 0],
			"scale": [0.25, 0.25, 0.25]
		},
		"gui": {
			"rotation": [30, 225, 0],
			"scale": [0.625, 0.625, 0.625]
		},
		"head": {
			"translation": [0, 15.25, 0]
		},
		"fixed": {
			"rotation": [-90, 0, 0],
			"translation": [0, 0, -16],
			"scale": [2, 2, 2]
		}
	}
}