{
	"credit": "Made with Blockbench",
	"textures": {
		"8": "block/f033",
		"particle": "block/oak_planks"
	},
	"elements": [
		{
			"from": [-3.47792, 12.85051, 7],
			"to": [-1.47792, 17.85051, 9],
			"rotation": {"angle": -45, "axis": "z", "origin": [-3.47792, 1.85051, 7]},
			"faces": {
				"north": {"uv": [1.5, 8, 2.5, 10.5], "texture": "#8", "tintindex": 1},
				"east": {"uv": [1, 8, 2, 10.5], "texture": "#8", "tintindex": 1},
				"south": {"uv": [0, 8, 1, 10.5], "texture": "#8", "tintindex": 1},
				"west": {"uv": [5, 8, 6, 10.5], "texture": "#8", "tintindex": 1},
				"up": {"uv": [0, 0, 2, 2], "texture": "#8", "tintindex": 1},
				"down": {"uv": [0, 0, 2, 2], "texture": "#8", "tintindex": 1}
			}
		},
		{
			"from": [6.27592, 1.12019, 7.025],
			"to": [9.72592, 3.12019, 8.975],
			"rotation": {"angle": 0, "axis": "z", "origin": [-4.72408, 3.12019, 7]},
			"faces": {
				"north": {"uv": [1.5, 8, 2.5, 9.5], "rotation": 270, "texture": "#8", "tintindex": 1},
				"east": {"uv": [0, 0, 2, 2], "rotation": 90, "texture": "#8", "tintindex": 1},
				"south": {"uv": [0, 8, 1, 9.5], "rotation": 90, "texture": "#8", "tintindex": 1},
				"west": {"uv": [0, 0, 2, 2], "rotation": 90, "texture": "#8", "tintindex": 1},
				"up": {"uv": [5, 8, 6, 9.5], "rotation": 90, "texture": "#8", "tintindex": 1},
				"down": {"uv": [1, 8, 2, 9.5], "rotation": 90, "texture": "#8", "tintindex": 1}
			}
		},
		{
			"from": [-2.59235, -7.01153, 7],
			"to": [2.90765, -5.01153, 9],
			"rotation": {"angle": -45, "axis": "z", "origin": [14.40765, -7.01153, 7]},
			"faces": {
				"north": {"uv": [1.5, 8, 2.5, 10.5], "rotation": 90, "texture": "#8", "tintindex": 1},
				"east": {"uv": [0, 0, 2, 2], "rotation": 270, "texture": "#8", "tintindex": 1},
				"south": {"uv": [0, 8, 1, 10.5], "rotation": 270, "texture": "#8", "tintindex": 1},
				"west": {"uv": [0, 0, 2, 2], "rotation": 270, "texture": "#8", "tintindex": 1},
				"up": {"uv": [1, 8, 2, 10.5], "rotation": 270, "texture": "#8", "tintindex": 1},
				"down": {"uv": [5, 8, 6, 10.5], "rotation": 270, "texture": "#8", "tintindex": 1}
			}
		},
		{
			"from": [11.67814, -7.59732, 7],
			"to": [17.17814, -5.59732, 9],
			"rotation": {"angle": 45, "axis": "z", "origin": [0.17814, -5.59732, 7]},
			"faces": {
				"north": {"uv": [1.5, 8, 2.5, 10.5], "rotation": 270, "texture": "#8", "tintindex": 1},
				"east": {"uv": [0, 0, 2, 2], "rotation": 90, "texture": "#8", "tintindex": 1},
				"south": {"uv": [0, 8, 1, 10.5], "rotation": 90, "texture": "#8", "tintindex": 1},
				"west": {"uv": [0, 0, 2, 2], "rotation": 90, "texture": "#8", "tintindex": 1},
				"up": {"uv": [5, 8, 6, 10.5], "rotation": 90, "texture": "#8", "tintindex": 1},
				"down": {"uv": [1, 8, 2, 10.5], "rotation": 90, "texture": "#8", "tintindex": 1}
			}
		},
		{
			"from": [18.06371, 11.43629, 7],
			"to": [20.06371, 16.43629, 9],
			"rotation": {"angle": 45, "axis": "z", "origin": [18.06371, 0.43629, 7]},
			"faces": {
				"north": {"uv": [1.5, 8, 2.5, 10.5], "texture": "#8", "tintindex": 1},
				"east": {"uv": [1, 8, 2, 10.5], "texture": "#8", "tintindex": 1},
				"south": {"uv": [0, 8, 1, 10.5], "texture": "#8", "tintindex": 1},
				"west": {"uv": [5, 8, 6, 10.5], "texture": "#8", "tintindex": 1},
				"up": {"uv": [0, 0, 2, 2], "texture": "#8", "tintindex": 1},
				"down": {"uv": [0, 0, 2, 2], "texture": "#8", "tintindex": 1}
			}
		},
		{
			"from": [-1.82268, 5.84661, 7.025],
			"to": [0.17732, 10.84661, 8.975],
			"rotation": {"angle": -22.5, "axis": "z", "origin": [-1.82268, -5.15339, 7]},
			"faces": {
				"north": {"uv": [1.5, 8, 2.5, 10.5], "texture": "#8", "tintindex": 1},
				"east": {"uv": [1, 8, 2, 10.5], "texture": "#8", "tintindex": 1},
				"south": {"uv": [0, 8, 1, 10.5], "texture": "#8", "tintindex": 1},
				"west": {"uv": [5, 8, 6, 10.5], "texture": "#8", "tintindex": 1},
				"up": {"uv": [0, 0, 2, 2], "texture": "#8", "tintindex": 1},
				"down": {"uv": [0, 0, 2, 2], "texture": "#8", "tintindex": 1}
			}
		},
		{
			"from": [15.97492, 5.08124, 7.025],
			"to": [17.97492, 10.08124, 8.975],
			"rotation": {"angle": 22.5, "axis": "z", "origin": [15.97492, -5.91876, 7]},
			"faces": {
				"north": {"uv": [1.5, 8, 2.5, 10.5], "texture": "#8", "tintindex": 1},
				"east": {"uv": [1, 8, 2, 10.5], "texture": "#8", "tintindex": 1},
				"south": {"uv": [0, 8, 1, 10.5], "texture": "#8", "tintindex": 1},
				"west": {"uv": [5, 8, 6, 10.5], "texture": "#8", "tintindex": 1},
				"up": {"uv": [0, 0, 2, 2], "texture": "#8", "tintindex": 1},
				"down": {"uv": [0, 0, 2, 2], "texture": "#8", "tintindex": 1}
			}
		},
		{
			"from": [6.75, 10.5, 6.75],
			"to": [9.25, 16.5, 9.25],
			"rotation": {"angle": 0, "axis": "y", "origin": [8, 9.5, 8]},
			"faces": {
				"north": {"uv": [0, 13, 2, 16], "texture": "#8", "tintindex": 1},
				"east": {"uv": [0, 13, 2, 16], "texture": "#8", "tintindex": 1},
				"south": {"uv": [0, 13, 2, 16], "texture": "#8", "tintindex": 1},
				"west": {"uv": [0, 13, 2, 16], "texture": "#8", "tintindex": 1},
				"up": {"uv": [0, 13.5, 2, 15.5], "texture": "#8", "tintindex": 1},
				"down": {"uv": [0, 13.5, 2, 15.5], "texture": "#8", "tintindex": 1}
			}
		}
	],
	"display": {
		"thirdperson_righthand": {
			"rotation": [75, 45, 0],
			"translation": [0, 2.5, 0],
			"scale": [0.375, 0.375, 0.375]
		},
		"thirdperson_lefthand": {
			"rotation": [75, 45, 0],
			"translation": [0, 2.5, 0],
			"scale": [0.375, 0.375, 0.375]
		},
		"firstperson_righthand": {
			"rotation": [0, 135, 0],
			"translation": [0, 3.75, 0],
			"scale": [0.4, 0.4, 0.4]
		},
		"firstperson_lefthand": {
			"rotation": [0, 135, 0],
			"translation": [0, 3.75, 0],
			"scale": [0.4, 0.4, 0.4]
		},
		"ground": {
			"translation": [0, 3, 0],
			"scale": [0.25, 0.25, 0.25]
		},
		"gui": {
			"rotation": [30, 225, 0],
			"scale": [0.625, 0.625, 0.625]
		},
		"head": {
			"translation": [0, 15.25, 0]
		},
		"fixed": {
			"rotation": [-90, 0, 0],
			"translation": [0, 0, -16],
			"scale": [2, 2, 2]
		}
	}
}