{
	"credit": "Made with Blockbench",
	"textures": {
		"10": "block/copper_grate",
		"11": "block/copper_block",
		"12": "block/cut_copper",
		"particle": "block/stripped_oak_log"
	},
	"elements": [
		{
			"from": [5, 0, 5],
			"to": [11, 2, 11],
			"rotation": {"angle": 0, "axis": "y", "origin": [7, 0, 7]},
			"faces": {
				"north": {"uv": [0, 0, 6, 2], "texture": "#12"},
				"east": {"uv": [0, 0, 6, 2], "texture": "#12"},
				"south": {"uv": [0, 0, 6, 2], "texture": "#12"},
				"west": {"uv": [0, 0, 6, 2], "texture": "#12"},
				"up": {"uv": [0, 0, 6, 6], "texture": "#12"},
				"down": {"uv": [0, 0, 6, 6], "texture": "#12"}
			}
		},
		{
			"from": [5, 14, 5],
			"to": [11, 16, 11],
			"rotation": {"angle": 0, "axis": "y", "origin": [7, 14, 7]},
			"faces": {
				"north": {"uv": [0, 0, 6, 2], "texture": "#11"},
				"east": {"uv": [0, 0, 6, 2], "texture": "#11"},
				"south": {"uv": [0, 0, 6, 2], "texture": "#11"},
				"west": {"uv": [0, 0, 6, 2], "texture": "#11"},
				"up": {"uv": [0, 0, 6, 6], "texture": "#11"},
				"down": {"uv": [0, 0, 6, 6], "texture": "#11"}
			}
		},
		{
			"from": [6, 2, 6],
			"to": [10, 4, 10],
			"rotation": {"angle": 0, "axis": "y", "origin": [7, 2, 7]},
			"faces": {
				"north": {"uv": [0, 0, 4, 2], "texture": "#11"},
				"east": {"uv": [0, 0, 4, 2], "texture": "#11"},
				"south": {"uv": [0, 0, 4, 2], "texture": "#11"},
				"west": {"uv": [0, 0, 4, 2], "texture": "#11"},
				"up": {"uv": [0, 0, 4, 4], "texture": "#11"},
				"down": {"uv": [0, 0, 4, 4], "texture": "#11"}
			}
		},
		{
			"from": [7, 4, 7],
			"to": [9, 14, 9],
			"rotation": {"angle": 0, "axis": "y", "origin": [7, 4, 7]},
			"faces": {
				"north": {"uv": [0, 0, 2, 10], "texture": "#11"},
				"east": {"uv": [0, 0, 2, 10], "texture": "#11"},
				"south": {"uv": [0, 0, 2, 10], "texture": "#11"},
				"west": {"uv": [0, 0, 2, 10], "texture": "#11"},
				"up": {"uv": [0, 0, 2, 2], "texture": "#11"},
				"down": {"uv": [0, 0, 2, 2], "texture": "#11"}
			}
		},
		{
			"from": [6.25, 8, 6.5],
			"to": [9.5, 9, 9.5],
			"rotation": {"angle": 0, "axis": "y", "origin": [7, 4, 7]},
			"faces": {
				"north": {"uv": [0, 0, 3.25, 1], "texture": "#11"},
				"east": {"uv": [0, 0, 3, 1], "texture": "#11"},
				"south": {"uv": [0, 0, 3.25, 1], "texture": "#11"},
				"west": {"uv": [0, 0, 3, 1], "texture": "#11"},
				"up": {"uv": [0, 0, 3.25, 3], "texture": "#11"},
				"down": {"uv": [0, 0, 3.25, 3], "texture": "#11"}
			}
		},
		{
			"from": [5, 11, 8],
			"to": [7.5, 14, 8],
			"rotation": {"angle": 0, "axis": "y", "origin": [7, 4, 7]},
			"faces": {
				"north": {"uv": [12.5, 12, 15, 15], "texture": "#10"},
				"east": {"uv": [0, 0, 0, 3], "texture": "#10"},
				"south": {"uv": [1, 10, 3.5, 13], "texture": "#10"},
				"west": {"uv": [0, 0, 0, 3], "texture": "#10"},
				"up": {"uv": [0, 0, 2.5, 0], "texture": "#10"},
				"down": {"uv": [0, 0, 2.5, 0], "texture": "#10"}
			}
		},
		{
			"from": [8, 11, 8.5],
			"to": [8, 14, 11],
			"rotation": {"angle": 0, "axis": "y", "origin": [7, 4, 9]},
			"faces": {
				"north": {"uv": [0, 0, 0, 3], "texture": "#10"},
				"east": {"uv": [1, 10, 3.5, 13], "texture": "#10"},
				"south": {"uv": [0, 0, 0, 3], "texture": "#10"},
				"west": {"uv": [12.5, 12, 15, 15], "texture": "#10"},
				"up": {"uv": [0, 0, 2.5, 0], "rotation": 270, "texture": "#10"},
				"down": {"uv": [0, 0, 2.5, 0], "rotation": 90, "texture": "#10"}
			}
		},
		{
			"from": [8, 11, 5],
			"to": [8, 14, 7.5],
			"rotation": {"angle": 0, "axis": "y", "origin": [9, 4, 7]},
			"faces": {
				"north": {"uv": [0, 0, 0, 3], "texture": "#10"},
				"east": {"uv": [12.5, 12, 15, 15], "texture": "#10"},
				"south": {"uv": [0, 0, 0, 3], "texture": "#10"},
				"west": {"uv": [1, 10, 3.5, 13], "texture": "#10"},
				"up": {"uv": [0, 0, 2.5, 0], "rotation": 90, "texture": "#10"},
				"down": {"uv": [0, 0, 2.5, 0], "rotation": 270, "texture": "#10"}
			}
		},
		{
			"from": [8.5, 11, 8],
			"to": [11, 14, 8],
			"rotation": {"angle": 0, "axis": "y", "origin": [9, 4, 9]},
			"faces": {
				"north": {"uv": [1, 10, 3.5, 13], "texture": "#10"},
				"east": {"uv": [0, 0, 0, 3], "texture": "#10"},
				"south": {"uv": [12.5, 12, 15, 15], "texture": "#10"},
				"west": {"uv": [0, 0, 0, 3], "texture": "#10"},
				"up": {"uv": [0, 0, 2.5, 0], "rotation": 180, "texture": "#10"},
				"down": {"uv": [0, 0, 2.5, 0], "rotation": 180, "texture": "#10"}
			}
		}
	],
	"display": {
		"thirdperson_righthand": {
			"rotation": [75, 45, 0],
			"translation": [0, 2.5, 0],
			"scale": [0.375, 0.375, 0.375]
		},
		"thirdperson_lefthand": {
			"rotation": [75, 45, 0],
			"translation": [0, 2.5, 0],
			"scale": [0.375, 0.375, 0.375]
		},
		"firstperson_righthand": {
			"rotation": [0, 135, 0],
			"translation": [0, 3.75, 0],
			"scale": [0.4, 0.4, 0.4]
		},
		"firstperson_lefthand": {
			"rotation": [0, 135, 0],
			"translation": [0, 3.75, 0],
			"scale": [0.4, 0.4, 0.4]
		},
		"ground": {
			"translation": [0, 3, 0],
			"scale": [0.25, 0.25, 0.25]
		},
		"gui": {
			"rotation": [30, 225, 0],
			"scale": [0.625, 0.625, 0.625]
		},
		"head": {
			"translation": [0, 15.25, 0]
		},
		"fixed": {
			"rotation": [-90, 0, 0],
			"translation": [0, 0, -16],
			"scale": [2, 2, 2]
		}
	}
}