{
	"credit": "Made with Blockbench",
	"texture_size": [32, 32],
	"textures": {
		"11": "block/copper_block",
		"13": "block/f089",
		"particle": "block/stripped_oak_log"
	},
	"elements": [
		{
			"from": [4, 0, 4],
			"to": [12, 2, 12],
			"rotation": {"angle": 0, "axis": "y", "origin": [7, 0, 7]},
			"faces": {
				"north": {"uv": [0, 0, 8, 2], "texture": "#11"},
				"east": {"uv": [0, 0, 8, 2], "texture": "#11"},
				"south": {"uv": [0, 0, 8, 2], "texture": "#11"},
				"west": {"uv": [0, 0, 8, 2], "texture": "#11"},
				"up": {"uv": [4, 4, 12, 12], "texture": "#11"},
				"down": {"uv": [4, 4, 12, 12], "texture": "#11"}
			}
		},
		{
			"from": [4, 13, 4],
			"to": [12, 15, 12],
			"rotation": {"angle": 0, "axis": "y", "origin": [7, 13, 7]},
			"faces": {
				"north": {"uv": [0, 0, 8, 2], "texture": "#11"},
				"east": {"uv": [0, 0, 8, 2], "texture": "#11"},
				"south": {"uv": [0, 0, 8, 2], "texture": "#11"},
				"west": {"uv": [0, 0, 8, 2], "texture": "#11"},
				"up": {"uv": [4, 4, 12, 12], "texture": "#11"},
				"down": {"uv": [4, 4, 12, 12], "texture": "#11"}
			}
		},
		{
			"from": [5, 2, 5],
			"to": [11, 13, 11],
			"rotation": {"angle": 0, "axis": "y", "origin": [7, 5, 7]},
			"faces": {
				"north": {"uv": [0, 5.5, 3, 11], "texture": "#13"},
				"east": {"uv": [0, 5.5, 3, 11], "texture": "#13"},
				"south": {"uv": [0, 5.5, 3, 11], "texture": "#13"},
				"west": {"uv": [0, 5.5, 3, 11], "texture": "#13"},
				"up": {"uv": [9, 3, 6, 0], "texture": "#13"},
				"down": {"uv": [9, 3, 6, 6], "texture": "#13"}
			}
		},
		{
			"from": [5, 2, 5],
			"to": [11, 5, 11],
			"rotation": {"angle": 0, "axis": "y", "origin": [5, 2, 5]},
			"faces": {
				"north": {"uv": [0, 0, 3, 1.5], "texture": "#13", "tintindex": 1},
				"east": {"uv": [0, 0, 3, 1.5], "texture": "#13", "tintindex": 1},
				"south": {"uv": [0, 0, 3, 1.5], "texture": "#13", "tintindex": 1},
				"west": {"uv": [0, 0, 3, 1.5], "texture": "#13", "tintindex": 1},
				"up": {"uv": [0, 1.5, 3, 4.5], "texture": "#13", "tintindex": 1},
				"down": {"uv": [0, 0, 3, 3], "texture": "#missing", "tintindex": 1}
			}
		},
		{
			"from": [5, 8, 5],
			"to": [11, 9, 11],
			"rotation": {"angle": 0, "axis": "y", "origin": [5, 8, 5]},
			"faces": {
				"north": {"uv": [0, 5, 3, 5.5], "texture": "#13", "tintindex": 1},
				"east": {"uv": [0, 5, 3, 5.5], "texture": "#13", "tintindex": 1},
				"south": {"uv": [0, 5, 3, 5.5], "texture": "#13", "tintindex": 1},
				"west": {"uv": [0, 5, 3, 5.5], "texture": "#13", "tintindex": 1},
				"up": {"uv": [0, 1.5, 3, 4.5], "texture": "#13", "tintindex": 1}
			}
		},
		{
			"from": [6, 7, 6],
			"to": [10, 8, 10],
			"rotation": {"angle": 0, "axis": "y", "origin": [7, 6, 7]},
			"faces": {
				"north": {"uv": [3, 0, 5, 0.5], "texture": "#13", "tintindex": 1},
				"east": {"uv": [3, 0, 5, 0.5], "texture": "#13", "tintindex": 1},
				"south": {"uv": [3, 0, 5, 0.5], "texture": "#13", "tintindex": 1},
				"west": {"uv": [3, 0, 5, 0.5], "texture": "#13", "tintindex": 1},
				"up": {"uv": [3, 0.5, 5, 2.5], "texture": "#13", "tintindex": 1},
				"down": {"uv": [3, 0.5, 5, 2.5], "texture": "#13", "tintindex": 1}
			}
		},
		{
			"from": [5, 8, 5],
			"to": [11, 7, 11],
			"rotation": {"angle": 0, "axis": "y", "origin": [5, 7, 0]},
			"faces": {
				"up": {"uv": [3, 2.5, 6, 5.5], "texture": "#13"},
				"down": {"uv": [3, 2.5, 6, 5.5], "texture": "#13"}
			}
		}
	],
	"display": {
		"thirdperson_righthand": {
			"rotation": [75, 45, 0],
			"translation": [0, 2.5, 0],
			"scale": [0.375, 0.375, 0.375]
		},
		"thirdperson_lefthand": {
			"rotation": [75, 45, 0],
			"translation": [0, 2.5, 0],
			"scale": [0.375, 0.375, 0.375]
		},
		"firstperson_righthand": {
			"rotation": [0, 135, 0],
			"translation": [0, 3.75, 0],
			"scale": [0.4, 0.4, 0.4]
		},
		"firstperson_lefthand": {
			"rotation": [0, 135, 0],
			"translation": [0, 3.75, 0],
			"scale": [0.4, 0.4, 0.4]
		},
		"ground": {
			"translation": [0, 3, 0],
			"scale": [0.25, 0.25, 0.25]
		},
		"gui": {
			"rotation": [30, 225, 0],
			"scale": [0.625, 0.625, 0.625]
		},
		"head": {
			"translation": [0, 15.25, 0]
		},
		"fixed": {
			"rotation": [-90, 0, 0],
			"translation": [0, 0, -16],
			"scale": [2, 2, 2]
		}
	}
}