{
	"credit": "Made with Blockbench",
	"texture_size": [32, 32],
	"textures": {
		"0": "block/f092",
		"particle": "block/f092"
	},
	"elements": [
		{
			"from": [1, 0.05, 1.75],
			"to": [7, 0.05, 10.75],
			"rotation": {"angle": -22.5, "axis": "y", "origin": [6, 0.05, 7.75]},
			"faces": {
				"north": {"uv": [0, 0, 3, 0], "texture": "#0"},
				"east": {"uv": [0, 0, 4.5, 0], "texture": "#0"},
				"south": {"uv": [0, 0, 3, 0], "texture": "#0"},
				"west": {"uv": [0, 0, 4.5, 0], "texture": "#0"},
				"up": {"uv": [3, 4.5, 0, 0], "texture": "#0"},
				"down": {"uv": [6, 0, 3, 4.5], "texture": "#0"}
			}
		},
		{
			"from": [4.5, 0.1, 5.5],
			"to": [10.5, 0.1, 14.5],
			"rotation": {"angle": 22.5, "axis": "y", "origin": [8.5, 0.1, 11.5]},
			"faces": {
				"north": {"uv": [0, 0, 3, 0], "texture": "#0"},
				"east": {"uv": [0, 0, 4.5, 0], "texture": "#0"},
				"south": {"uv": [0, 0, 3, 0], "texture": "#0"},
				"west": {"uv": [0, 0, 4.5, 0], "texture": "#0"},
				"up": {"uv": [3, 9, 0, 4.5], "texture": "#0"},
				"down": {"uv": [6, 4.5, 3, 9], "texture": "#0"}
			}
		},
		{
			"from": [9.25, 0.075, 0.75],
			"to": [13.75, 0.075, 6.25],
			"rotation": {"angle": -22.5, "axis": "y", "origin": [11.5, 0.075, 6]},
			"faces": {
				"north": {"uv": [0, 0, 2, 0], "texture": "#0"},
				"east": {"uv": [0, 0, 2.5, 0], "texture": "#0"},
				"south": {"uv": [0, 0, 2, 0], "texture": "#0"},
				"west": {"uv": [0, 0, 2.5, 0], "texture": "#0"},
				"up": {"uv": [2, 14, 0, 11.5], "texture": "#0"}
			}
		},
		{
			"from": [4.25, 0.075, 5.25],
			"to": [10.75, 0.075, 14.75],
			"rotation": {"angle": 22.5, "axis": "y", "origin": [8.5, 0.075, 11.5]},
			"faces": {
				"north": {"uv": [0, 0, 3, 0], "texture": "#0"},
				"east": {"uv": [0, 0, 4.5, 0], "texture": "#0"},
				"south": {"uv": [0, 0, 3, 0], "texture": "#0"},
				"west": {"uv": [0, 0, 4.5, 0], "texture": "#0"},
				"up": {"uv": [3, 16, 0, 11.5], "texture": "#0"}
			}
		},
		{
			"from": [9.5, 0.05, 6],
			"to": [15.5, 0.05, 15],
			"rotation": {"angle": 0, "axis": "y", "origin": [13.5, 0.05, 12]},
			"faces": {
				"north": {"uv": [0, 0, 3, 0], "texture": "#0"},
				"east": {"uv": [0, 0, 4.5, 0], "texture": "#0"},
				"south": {"uv": [0, 0, 3, 0], "texture": "#0"},
				"west": {"uv": [0, 0, 4.5, 0], "texture": "#0"},
				"up": {"uv": [9, 4.5, 6, 0], "texture": "#0"},
				"down": {"uv": [9, 4.5, 6, 9], "texture": "#0"}
			}
		},
		{
			"from": [9.5, 0.1, 1],
			"to": [13.5, 0.1, 6],
			"rotation": {"angle": -22.5, "axis": "y", "origin": [11.5, 0.1, 6]},
			"faces": {
				"north": {"uv": [0, 0, 2, 0], "texture": "#0"},
				"east": {"uv": [0, 0, 2.5, 0], "texture": "#0"},
				"south": {"uv": [0, 0, 2, 0], "texture": "#0"},
				"west": {"uv": [0, 0, 2.5, 0], "texture": "#0"},
				"up": {"uv": [2, 11.5, 0, 9], "texture": "#0"},
				"down": {"uv": [11, 0, 9, 2.5], "texture": "#0"}
			}
		},
		{
			"from": [0, 0.05, 13],
			"to": [5, 0.05, 17],
			"rotation": {"angle": -45, "axis": "y", "origin": [5, 0.05, 15]},
			"faces": {
				"north": {"uv": [0, 0, 2.5, 0], "texture": "#0"},
				"east": {"uv": [0, 0, 2, 0], "texture": "#0"},
				"south": {"uv": [0, 0, 2.5, 0], "texture": "#0"},
				"west": {"uv": [0, 0, 2, 0], "texture": "#0"},
				"up": {"uv": [4.5, 11, 2, 9], "texture": "#0"},
				"down": {"uv": [11.5, 2.5, 9, 4.5], "texture": "#0"}
			}
		}
	],
	"display": {
		"thirdperson_righthand": {
			"rotation": [75, 45, 0],
			"translation": [0, 2.5, 0],
			"scale": [0.375, 0.375, 0.375]
		},
		"thirdperson_lefthand": {
			"rotation": [75, 45, 0],
			"translation": [0, 2.5, 0],
			"scale": [0.375, 0.375, 0.375]
		},
		"firstperson_righthand": {
			"rotation": [-105.09, 13.19, 151.16],
			"translation": [-1.25, 4.5, 3.5]
		},
		"firstperson_lefthand": {
			"rotation": [-105.09, 13.19, 151.16],
			"translation": [-1.25, 4.5, 3.5]
		},
		"ground": {
			"translation": [0, 3, 0],
			"scale": [0.25, 0.25, 0.25]
		},
		"gui": {
			"rotation": [30, 225, 0],
			"scale": [0.625, 0.625, 0.625]
		},
		"head": {
			"translation": [0, 15.25, 0]
		},
		"fixed": {
			"rotation": [-90, 0, 0],
			"translation": [0, 0, -16],
			"scale": [2, 2, 2]
		}
	}
}