{
	"credit": "Made with Blockbench",
	"textures": {
		"0": "block/howtobrush",
		"particle": "block/howtobrush"
	},
	"elements": [
		{
			"from": [3, 2.05, 2],
			"to": [13, 2.05, 15],
			"rotation": {"angle": 0, "axis": "y", "origin": [0, 0.025, -1]},
			"faces": {
				"up": {"uv": [16, 6.5, 11, 0], "texture": "#0", "tintindex": 1},
				"down": {"uv": [16, 6.5, 11, 13], "texture": "#0", "tintindex": 1}
			}
		},
		{
			"from": [3, 0.05, 2],
			"to": [13, 0.05, 15],
			"rotation": {"angle": 0, "axis": "y", "origin": [0, -1.975, -1]},
			"faces": {
				"up": {"uv": [16, 13, 11, 6.5], "texture": "#0", "tintindex": 1},
				"down": {"uv": [16, 0, 11, 6.5], "texture": "#0", "tintindex": 1}
			}
		},
		{
			"from": [13, 0.05, 2],
			"to": [13, 2.05, 15],
			"rotation": {"angle": 0, "axis": "y", "origin": [11, 0.025, 2]},
			"faces": {
				"east": {"uv": [11, 6.5, 10, 0], "rotation": 90, "texture": "#0", "tintindex": 1},
				"west": {"uv": [10, 6.5, 11, 13], "rotation": 90, "texture": "#0", "tintindex": 1}
			}
		},
		{
			"from": [3, 0.025, 2],
			"to": [5, 0.075, 4],
			"rotation": {"angle": 0, "axis": "y", "origin": [3, 0.025, 2]},
			"faces": {
				"north": {"uv": [15.5, 15, 16, 16], "rotation": 90, "texture": "#0", "tintindex": 1},
				"west": {"uv": [15, 15, 16, 15.5], "rotation": 180, "texture": "#0", "tintindex": 1},
				"up": {"uv": [15, 15, 16, 16], "rotation": 270, "texture": "#0", "tintindex": 1},
				"down": {"uv": [15, 15, 16, 16], "rotation": 180, "texture": "#0", "tintindex": 1}
			}
		},
		{
			"from": [3, 0.025, 13],
			"to": [5, 0.075, 15],
			"rotation": {"angle": 0, "axis": "y", "origin": [3, 0.025, 15]},
			"faces": {
				"south": {"uv": [15, 15, 16, 15.5], "rotation": 180, "texture": "#0", "tintindex": 1},
				"west": {"uv": [15.5, 15, 16, 16], "rotation": 90, "texture": "#0", "tintindex": 1},
				"up": {"uv": [15, 15, 16, 16], "rotation": 180, "texture": "#0", "tintindex": 1},
				"down": {"uv": [15, 15, 16, 16], "rotation": 270, "texture": "#0", "tintindex": 1}
			}
		},
		{
			"from": [3, 2.025, 2],
			"to": [5, 2.075, 4],
			"rotation": {"angle": 0, "axis": "y", "origin": [3, 2.025, 2]},
			"faces": {
				"north": {"uv": [15.5, 15, 16, 16], "rotation": 90, "texture": "#0", "tintindex": 1},
				"west": {"uv": [15, 15, 16, 15.5], "rotation": 180, "texture": "#0", "tintindex": 1},
				"up": {"uv": [15, 15, 16, 16], "rotation": 270, "texture": "#0", "tintindex": 1},
				"down": {"uv": [15, 15, 16, 16], "rotation": 180, "texture": "#0", "tintindex": 1}
			}
		},
		{
			"from": [3, 2.025, 13],
			"to": [5, 2.075, 15],
			"rotation": {"angle": 0, "axis": "y", "origin": [3, 2.025, 15]},
			"faces": {
				"south": {"uv": [15, 15, 16, 15.5], "rotation": 180, "texture": "#0", "tintindex": 1},
				"west": {"uv": [15.5, 15, 16, 16], "rotation": 90, "texture": "#0", "tintindex": 1},
				"up": {"uv": [15, 15, 16, 16], "rotation": 180, "texture": "#0", "tintindex": 1},
				"down": {"uv": [15, 15, 16, 16], "rotation": 270, "texture": "#0", "tintindex": 1}
			}
		},
		{
			"from": [11.025, 2.025, 13],
			"to": [13.025, 2.075, 15],
			"rotation": {"angle": 0, "axis": "y", "origin": [13.025, 2.025, 15]},
			"faces": {
				"east": {"uv": [15, 15, 16, 15.5], "rotation": 180, "texture": "#0", "tintindex": 1},
				"south": {"uv": [15.5, 15, 16, 16], "rotation": 90, "texture": "#0", "tintindex": 1},
				"up": {"uv": [15, 15, 16, 16], "rotation": 90, "texture": "#0", "tintindex": 1},
				"down": {"uv": [15, 15, 16, 16], "texture": "#0", "tintindex": 1}
			}
		},
		{
			"from": [11.025, 0.025, 2],
			"to": [13.025, 0.075, 4],
			"rotation": {"angle": 0, "axis": "y", "origin": [13.025, 0.025, 2]},
			"faces": {
				"north": {"uv": [15, 15, 16, 15.5], "rotation": 180, "texture": "#0", "tintindex": 1},
				"east": {"uv": [15.5, 15, 16, 16], "rotation": 90, "texture": "#0", "tintindex": 1},
				"up": {"uv": [15, 15, 16, 16], "texture": "#0", "tintindex": 1},
				"down": {"uv": [15, 15, 16, 16], "rotation": 90, "texture": "#0", "tintindex": 1}
			}
		},
		{
			"from": [11.025, 2.025, 2],
			"to": [13.025, 2.075, 4],
			"rotation": {"angle": 0, "axis": "y", "origin": [13.025, 2.025, 2]},
			"faces": {
				"north": {"uv": [15, 15, 16, 15.5], "rotation": 180, "texture": "#0", "tintindex": 1},
				"east": {"uv": [15.5, 15, 16, 16], "rotation": 90, "texture": "#0", "tintindex": 1},
				"up": {"uv": [15, 15, 16, 16], "texture": "#0", "tintindex": 1},
				"down": {"uv": [15, 15, 16, 16], "rotation": 90, "texture": "#0", "tintindex": 1}
			}
		},
		{
			"from": [12.975, 0.025, 2],
			"to": [13.025, 2.075, 4],
			"rotation": {"angle": 0, "axis": "y", "origin": [13, 2.025, 2]},
			"faces": {
				"east": {"uv": [15.5, 15, 16, 16], "rotation": 90, "texture": "#0", "tintindex": 1}
			}
		},
		{
			"from": [12.975, 0.025, 13],
			"to": [13.025, 2.075, 15],
			"rotation": {"angle": 0, "axis": "x", "origin": [13, 0.025, 15]},
			"faces": {
				"east": {"uv": [15.5, 15, 16, 16], "rotation": 270, "texture": "#0", "tintindex": 1}
			}
		},
		{
			"from": [11.025, 0.025, 13],
			"to": [13.025, 0.075, 15],
			"rotation": {"angle": 0, "axis": "y", "origin": [13.025, 0.025, 15]},
			"faces": {
				"east": {"uv": [15, 15, 16, 15.5], "rotation": 180, "texture": "#0", "tintindex": 1},
				"south": {"uv": [15.5, 15, 16, 16], "rotation": 90, "texture": "#0", "tintindex": 1},
				"up": {"uv": [15, 15, 16, 16], "rotation": 90, "texture": "#0", "tintindex": 1},
				"down": {"uv": [15, 15, 16, 16], "texture": "#0", "tintindex": 1}
			}
		},
		{
			"from": [4, 0.05, 3],
			"to": [13, 2.05, 14],
			"rotation": {"angle": 0, "axis": "y", "origin": [11, 0.025, 12]},
			"faces": {
				"north": {"uv": [11.5, 14, 16, 13], "texture": "#0"},
				"south": {"uv": [16, 14, 11.5, 13], "texture": "#0"},
				"west": {"uv": [5.5, 14, 11.5, 13], "texture": "#0"}
			}
		}
	],
	"display": {
		"thirdperson_righthand": {
			"rotation": [75, 45, 0],
			"translation": [0, 2.5, 0],
			"scale": [0.375, 0.375, 0.375]
		},
		"thirdperson_lefthand": {
			"rotation": [75, 45, 0],
			"translation": [0, 2.5, 0],
			"scale": [0.375, 0.375, 0.375]
		},
		"firstperson_righthand": {
			"rotation": [-105.09, 13.19, 151.16],
			"translation": [-1.25, 4.5, 2.25]
		},
		"firstperson_lefthand": {
			"rotation": [-105.09, 13.19, 151.16],
			"translation": [-1.25, 4.5, 2.25]
		},
		"ground": {
			"translation": [0, 3, 0],
			"scale": [0.25, 0.25, 0.25]
		},
		"gui": {
			"rotation": [30, 225, 0],
			"scale": [0.625, 0.625, 0.625]
		},
		"head": {
			"translation": [0, 15.25, 0]
		},
		"fixed": {
			"rotation": [-90, 0, 0],
			"translation": [0, 0, -16],
			"scale": [2, 2, 2]
		}
	}
}