{
	"credit": "Made with Blockbench",
	"texture_size": [64, 64],
	"textures": {
		"1": "block/f096",
		"particle": "block/f096"
	},
	"elements": [
		{
			"from": [3, 12, 2],
			"to": [12, 14, 14],
			"rotation": {"angle": 0, "axis": "y", "origin": [0, 12, 0]},
			"faces": {
				"north": {"uv": [9.75, 0, 12, 0.5], "texture": "#1"},
				"east": {"uv": [8.75, 2.5, 11.75, 3], "texture": "#1"},
				"south": {"uv": [9.75, 0.5, 12, 1], "texture": "#1"},
				"west": {"uv": [8.75, 3, 11.75, 3.5], "texture": "#1"},
				"up": {"uv": [2.25, 6, 0, 3], "texture": "#1"},
				"down": {"uv": [4.5, 3, 2.25, 6], "texture": "#1"}
			}
		},
		{
			"from": [4, 10, 3],
			"to": [11, 12, 13],
			"faces": {
				"north": {"uv": [0, 10.25, 1.75, 10.75], "texture": "#1"},
				"east": {"uv": [0, 9.25, 2.5, 9.75], "texture": "#1", "tintindex": 1},
				"south": {"uv": [1.75, 10.25, 3.5, 10.75], "texture": "#1"},
				"west": {"uv": [7.75, 9.25, 10.25, 9.75], "texture": "#1"},
				"up": {"uv": [8, 8.5, 6.25, 6], "texture": "#1", "tintindex": 1},
				"down": {"uv": [9.75, 0, 8, 2.5], "texture": "#1", "tintindex": 1}
			}
		},
		{
			"from": [4, 8, 3],
			"to": [11, 10, 14],
			"rotation": {"angle": -22.5, "axis": "y", "origin": [7.5, 3, 8]},
			"faces": {
				"north": {"uv": [9.25, 9.75, 11, 10.25], "texture": "#1"},
				"east": {"uv": [8.75, 4, 11.5, 4.5], "texture": "#1"},
				"south": {"uv": [5.25, 10, 7, 10.5], "texture": "#1"},
				"west": {"uv": [8.75, 4.5, 11.5, 5], "texture": "#1"},
				"up": {"uv": [6.25, 8.25, 4.5, 5.5], "texture": "#1"},
				"down": {"uv": [1.75, 6, 0, 8.75], "texture": "#1"}
			}
		},
		{
			"from": [2.5, 6, 4.5],
			"to": [12.5, 8, 11.5],
			"rotation": {"angle": -22.5, "axis": "y", "origin": [7.5, 3, 8]},
			"faces": {
				"north": {"uv": [8, 8.75, 10.5, 9.25], "texture": "#1", "tintindex": 1},
				"east": {"uv": [7.5, 9.75, 9.25, 10.25], "texture": "#1"},
				"south": {"uv": [5.25, 9, 7.75, 9.5], "texture": "#1"},
				"west": {"uv": [9.75, 7.5, 11.5, 8], "texture": "#1"},
				"up": {"uv": [8.75, 4.25, 6.25, 2.5], "texture": "#1", "tintindex": 1},
				"down": {"uv": [8.75, 4.25, 6.25, 6], "texture": "#1", "tintindex": 1}
			}
		},
		{
			"from": [4, 4, 3],
			"to": [11, 6, 13],
			"rotation": {"angle": 0, "axis": "y", "origin": [7.5, 3, 8]},
			"faces": {
				"north": {"uv": [9.75, 6.5, 11.5, 7], "texture": "#1"},
				"east": {"uv": [8.75, 5, 11.25, 5.5], "texture": "#1"},
				"south": {"uv": [9.75, 7, 11.5, 7.5], "texture": "#1"},
				"west": {"uv": [8.75, 5.5, 11.25, 6], "texture": "#1"},
				"up": {"uv": [3.5, 8.5, 1.75, 6], "texture": "#1"},
				"down": {"uv": [8, 0, 6.25, 2.5], "texture": "#1"}
			}
		},
		{
			"from": [4, 2, 3],
			"to": [11, 4, 14],
			"rotation": {"angle": -22.5, "axis": "y", "origin": [7.5, 3, 8]},
			"faces": {
				"north": {"uv": [9.75, 2, 11.5, 2.5], "texture": "#1"},
				"east": {"uv": [5.25, 8.5, 8, 9], "texture": "#1"},
				"south": {"uv": [9.75, 6, 11.5, 6.5], "texture": "#1"},
				"west": {"uv": [8.75, 3.5, 11.5, 4], "texture": "#1"},
				"up": {"uv": [6.25, 2.75, 4.5, 0], "texture": "#1"},
				"down": {"uv": [6.25, 2.75, 4.5, 5.5], "texture": "#1"}
			}
		},
		{
			"from": [3, 0, 2],
			"to": [12, 2, 14],
			"faces": {
				"north": {"uv": [5.25, 9.5, 7.5, 10], "texture": "#1"},
				"east": {"uv": [8, 8.25, 11, 8.75], "texture": "#1"},
				"south": {"uv": [0, 9.75, 2.25, 10.25], "texture": "#1"},
				"west": {"uv": [0, 8.75, 3, 9.25], "texture": "#1"},
				"up": {"uv": [2.25, 3, 0, 0], "texture": "#1"},
				"down": {"uv": [4.5, 0, 2.25, 3], "texture": "#1"}
			}
		},
		{
			"from": [4, 14, 4],
			"to": [11, 16, 13],
			"rotation": {"angle": -22.5, "axis": "y", "origin": [7.5, 15, 8]},
			"faces": {
				"north": {"uv": [7, 10.25, 8.75, 10.75], "texture": "#1"},
				"east": {"uv": [9.75, 1, 12, 1.5], "texture": "#1", "tintindex": 1},
				"south": {"uv": [8.75, 10.25, 10.5, 10.75], "texture": "#1"},
				"west": {"uv": [9.75, 1.5, 12, 2], "texture": "#1"},
				"up": {"uv": [9.75, 8.25, 8, 6], "texture": "#1", "tintindex": 1},
				"down": {"uv": [5.25, 8.25, 3.5, 10.5], "texture": "#1", "tintindex": 1}
			}
		}
	],
	"display": {
		"thirdperson_righthand": {
			"rotation": [75, 45, 0],
			"translation": [0, 2.5, 0],
			"scale": [0.375, 0.375, 0.375]
		},
		"thirdperson_lefthand": {
			"rotation": [75, 45, 0],
			"translation": [0, 2.5, 0],
			"scale": [0.375, 0.375, 0.375]
		},
		"firstperson_righthand": {
			"rotation": [0, 45, 0],
			"translation": [0, 3.75, 0],
			"scale": [0.4, 0.4, 0.4]
		},
		"firstperson_lefthand": {
			"rotation": [0, 225, 0],
			"scale": [0.4, 0.4, 0.4]
		},
		"ground": {
			"translation": [0, 3, 0],
			"scale": [0.25, 0.25, 0.25]
		},
		"gui": {
			"rotation": [30, 225, 0],
			"scale": [0.625, 0.625, 0.625]
		},
		"head": {
			"translation": [0, 15.25, 0]
		},
		"fixed": {
			"rotation": [-90, 0, 0],
			"translation": [0, 0, -16],
			"scale": [2, 2, 2]
		}
	}
}