{
	"credit": "Made with Blockbench",
	"textures": {
		"0": "block/terracotta",
		"1": "block/f033",
		"2": "block/podzol_top",
		"particle": "block/terracotta"
	},
	"elements": [
		{
			"from": [12, 11, 1],
			"to": [15, 16, 15],
			"faces": {
				"north": {"uv": [0, 0, 3, 5], "texture": "#0"},
				"east": {"uv": [0, 0, 14, 5], "texture": "#0"},
				"south": {"uv": [11, 0, 14, 5], "texture": "#0"},
				"west": {"uv": [0, 0, 14, 5], "texture": "#0"},
				"up": {"uv": [0, 0, 3, 14], "texture": "#0"},
				"down": {"uv": [0, 0, 3, 14], "texture": "#0"}
			}
		},
		{
			"from": [1, 11, 1],
			"to": [4, 16, 15],
			"faces": {
				"north": {"uv": [11, 0, 14, 5], "texture": "#0"},
				"east": {"uv": [0, 0, 14, 5], "texture": "#0"},
				"south": {"uv": [0, 0, 3, 5], "texture": "#0"},
				"west": {"uv": [0, 0, 14, 5], "texture": "#0"},
				"up": {"uv": [0, 0, 3, 14], "texture": "#0"},
				"down": {"uv": [0, 0, 3, 14], "texture": "#0"}
			}
		},
		{
			"from": [4, 11, 12],
			"to": [12, 16, 15],
			"faces": {
				"north": {"uv": [0, 0, 8, 5], "texture": "#0"},
				"east": {"uv": [0, 0, 3, 5], "texture": "#0"},
				"south": {"uv": [3, 0, 11, 5], "texture": "#0"},
				"west": {"uv": [0, 0, 3, 5], "texture": "#0"},
				"up": {"uv": [0, 0, 8, 3], "texture": "#0"},
				"down": {"uv": [0, 0, 8, 3], "texture": "#0"}
			}
		},
		{
			"from": [4, 11, 1],
			"to": [12, 16, 4],
			"faces": {
				"north": {"uv": [3, 0, 11, 5], "texture": "#0"},
				"east": {"uv": [0, 0, 3, 5], "texture": "#0"},
				"south": {"uv": [0, 0, 8, 5], "texture": "#0"},
				"west": {"uv": [0, 0, 3, 5], "texture": "#0"},
				"up": {"uv": [0, 0, 8, 3], "texture": "#0"},
				"down": {"uv": [0, 0, 8, 3], "texture": "#0"}
			}
		},
		{
			"from": [2, 4, 2],
			"to": [14, 15, 14],
			"faces": {
				"north": {"uv": [0, 0, 12, 11], "texture": "#0"},
				"east": {"uv": [0, 0, 12, 11], "texture": "#0"},
				"south": {"uv": [0, 0, 12, 11], "texture": "#0"},
				"west": {"uv": [0, 0, 12, 11], "texture": "#0"},
				"up": {"uv": [2, 2, 14, 14], "texture": "#2"},
				"down": {"uv": [0, 0, 12, 12], "texture": "#0"}
			}
		},
		{
			"from": [1.975, 5, 1.975],
			"to": [14.025, 10, 14.025],
			"faces": {
				"north": {"uv": [0, 8.5, 6, 11], "texture": "#1", "tintindex": 1},
				"east": {"uv": [0, 8.5, 6, 11], "texture": "#1", "tintindex": 1},
				"south": {"uv": [0, 8.5, 6, 11], "texture": "#1", "tintindex": 1},
				"west": {"uv": [0, 8.5, 6, 11], "texture": "#1", "tintindex": 1}
			}
		},
		{
			"from": [3, 0, 3],
			"to": [13, 4, 13],
			"faces": {
				"north": {"uv": [0, 0, 10, 4], "texture": "#0"},
				"east": {"uv": [0, 0, 10, 4], "texture": "#0"},
				"south": {"uv": [0, 0, 10, 4], "texture": "#0"},
				"west": {"uv": [0, 0, 10, 4], "texture": "#0"},
				"up": {"uv": [0, 0, 10, 10], "texture": "#0"},
				"down": {"uv": [0, 0, 10, 10], "texture": "#0"}
			}
		}
	],
	"display": {
		"thirdperson_righthand": {
			"rotation": [75, 45, 0],
			"translation": [0, 2.5, 0],
			"scale": [0.375, 0.375, 0.375]
		},
		"thirdperson_lefthand": {
			"rotation": [75, 45, 0],
			"translation": [0, 2.5, 0],
			"scale": [0.375, 0.375, 0.375]
		},
		"firstperson_righthand": {
			"rotation": [0, 135, 0],
			"translation": [0, 3.75, 0],
			"scale": [0.4, 0.4, 0.4]
		},
		"firstperson_lefthand": {
			"rotation": [0, 135, 0],
			"translation": [0, 3.75, 0],
			"scale": [0.4, 0.4, 0.4]
		},
		"ground": {
			"translation": [0, 3, 0],
			"scale": [0.25, 0.25, 0.25]
		},
		"gui": {
			"rotation": [30, 225, 0],
			"scale": [0.625, 0.625, 0.625]
		},
		"head": {
			"translation": [0, 15.25, 0]
		},
		"fixed": {
			"rotation": [-90, 0, 0],
			"translation": [0, 0, -16],
			"scale": [2, 2, 2]
		}
	}
}