{
	"credit": "Made with Blockbench",
	"textures": {
		"2": "block/f099",
		"3": "block/barrel_side",
		"4": "block/barrel_top_open",
		"5": "block/barrel_bottom",
		"particle": "block/f099"
	},
	"elements": [
		{
			"from": [6, 10, 6],
			"to": [10, 14, 10],
			"rotation": {"angle": 0, "axis": "y", "origin": [-17, 3, 17]},
			"faces": {
				"north": {"uv": [0, 0, 4, 4], "texture": "#2"},
				"east": {"uv": [0, 4, 4, 8], "texture": "#2"},
				"south": {"uv": [4, 0, 8, 4], "texture": "#2"},
				"west": {"uv": [4, 4, 8, 8], "texture": "#2"},
				"up": {"uv": [4, 12, 0, 8], "texture": "#2"},
				"down": {"uv": [12, 0, 8, 4], "texture": "#2"}
			}
		},
		{
			"from": [10.5, 11.25, 10.5],
			"to": [14.5, 11.25, 14.5],
			"rotation": {"angle": 0, "axis": "y", "origin": [12.5, 11.25, 12.5]},
			"faces": {
				"north": {"uv": [0, 0, 4, 0], "texture": "#2"},
				"east": {"uv": [0, 0, 4, 0], "texture": "#2"},
				"south": {"uv": [0, 0, 4, 0], "texture": "#2"},
				"west": {"uv": [0, 0, 4, 0], "texture": "#2"},
				"up": {"uv": [12, 12, 8, 8], "rotation": 180, "texture": "#2"}
			}
		},
		{
			"from": [10, 7, 10],
			"to": [14, 11, 14],
			"rotation": {"angle": 0, "axis": "y", "origin": [-13, 0, 21]},
			"faces": {
				"north": {"uv": [0, 0, 4, 4], "texture": "#2"},
				"east": {"uv": [0, 4, 4, 8], "texture": "#2"},
				"south": {"uv": [4, 0, 8, 4], "texture": "#2"},
				"west": {"uv": [4, 4, 8, 8], "texture": "#2"},
				"up": {"uv": [4, 12, 0, 8], "texture": "#2"},
				"down": {"uv": [12, 0, 8, 4], "texture": "#2"}
			}
		},
		{
			"from": [10.5, 11.75, 1.5],
			"to": [14.5, 11.75, 5.5],
			"rotation": {"angle": 0, "axis": "y", "origin": [12.5, 11.75, 3.5]},
			"faces": {
				"north": {"uv": [0, 0, 4, 0], "texture": "#2"},
				"east": {"uv": [0, 0, 4, 0], "texture": "#2"},
				"south": {"uv": [0, 0, 4, 0], "texture": "#2"},
				"west": {"uv": [0, 0, 4, 0], "texture": "#2"},
				"up": {"uv": [12, 12, 8, 8], "rotation": 90, "texture": "#2"}
			}
		},
		{
			"from": [10, 7.5, 2],
			"to": [14, 11.5, 6],
			"rotation": {"angle": 0, "axis": "y", "origin": [-13, 0.5, 13]},
			"faces": {
				"north": {"uv": [0, 0, 4, 4], "texture": "#2"},
				"east": {"uv": [0, 4, 4, 8], "texture": "#2"},
				"south": {"uv": [4, 0, 8, 4], "texture": "#2"},
				"west": {"uv": [4, 4, 8, 8], "texture": "#2"},
				"up": {"uv": [4, 12, 0, 8], "texture": "#2"},
				"down": {"uv": [12, 0, 8, 4], "texture": "#2"}
			}
		},
		{
			"from": [10.5, 12.75, 5.5],
			"to": [14.5, 12.75, 9.5],
			"rotation": {"angle": 0, "axis": "y", "origin": [12.5, 12.75, 7.5]},
			"faces": {
				"north": {"uv": [0, 0, 4, 0], "texture": "#2"},
				"east": {"uv": [0, 0, 4, 0], "texture": "#2"},
				"south": {"uv": [0, 0, 4, 0], "texture": "#2"},
				"west": {"uv": [0, 0, 4, 0], "texture": "#2"},
				"up": {"uv": [8, 12, 4, 8], "rotation": 90, "texture": "#2"}
			}
		},
		{
			"from": [10, 8.5, 6],
			"to": [14, 12.5, 10],
			"rotation": {"angle": 0, "axis": "y", "origin": [-13, 1.5, 17]},
			"faces": {
				"north": {"uv": [0, 0, 4, 4], "texture": "#2"},
				"east": {"uv": [0, 4, 4, 8], "texture": "#2"},
				"south": {"uv": [4, 0, 8, 4], "texture": "#2"},
				"west": {"uv": [4, 4, 8, 8], "texture": "#2"},
				"up": {"uv": [4, 12, 0, 8], "texture": "#2"},
				"down": {"uv": [12, 0, 8, 4], "texture": "#2"}
			}
		},
		{
			"from": [1.5, 11.75, 10.5],
			"to": [5.5, 11.75, 14.5],
			"rotation": {"angle": 0, "axis": "y", "origin": [3.5, 11.75, 12.5]},
			"faces": {
				"north": {"uv": [0, 0, 4, 0], "texture": "#2"},
				"east": {"uv": [0, 0, 4, 0], "texture": "#2"},
				"south": {"uv": [0, 0, 4, 0], "texture": "#2"},
				"west": {"uv": [0, 0, 4, 0], "texture": "#2"},
				"up": {"uv": [8, 12, 4, 8], "rotation": 270, "texture": "#2"}
			}
		},
		{
			"from": [2, 7.5, 10],
			"to": [6, 11.5, 14],
			"rotation": {"angle": 0, "axis": "y", "origin": [-21, 0.5, 21]},
			"faces": {
				"north": {"uv": [0, 0, 4, 4], "texture": "#2"},
				"east": {"uv": [0, 4, 4, 8], "texture": "#2"},
				"south": {"uv": [4, 0, 8, 4], "texture": "#2"},
				"west": {"uv": [4, 4, 8, 8], "texture": "#2"},
				"up": {"uv": [4, 12, 0, 8], "texture": "#2"},
				"down": {"uv": [12, 0, 8, 4], "texture": "#2"}
			}
		},
		{
			"from": [1.5, 11.25, 1.5],
			"to": [5.5, 11.25, 5.5],
			"rotation": {"angle": 0, "axis": "y", "origin": [3.5, 11.25, 3.5]},
			"faces": {
				"north": {"uv": [0, 0, 4, 0], "texture": "#2"},
				"east": {"uv": [0, 0, 4, 0], "texture": "#2"},
				"south": {"uv": [0, 0, 4, 0], "texture": "#2"},
				"west": {"uv": [0, 0, 4, 0], "texture": "#2"},
				"up": {"uv": [8, 12, 4, 8], "texture": "#2"}
			}
		},
		{
			"from": [2, 7, 2],
			"to": [6, 11, 6],
			"rotation": {"angle": 0, "axis": "y", "origin": [-21, 0, 13]},
			"faces": {
				"north": {"uv": [0, 0, 4, 4], "texture": "#2"},
				"east": {"uv": [0, 4, 4, 8], "texture": "#2"},
				"south": {"uv": [4, 0, 8, 4], "texture": "#2"},
				"west": {"uv": [4, 4, 8, 8], "texture": "#2"},
				"up": {"uv": [4, 12, 0, 8], "texture": "#2"},
				"down": {"uv": [12, 0, 8, 4], "texture": "#2"}
			}
		},
		{
			"from": [1.5, 13.25, 5.5],
			"to": [5.5, 13.25, 9.5],
			"rotation": {"angle": 0, "axis": "y", "origin": [-21.5, 2.25, 16.5]},
			"faces": {
				"north": {"uv": [0, 0, 4, 0], "texture": "#2"},
				"east": {"uv": [0, 0, 4, 0], "texture": "#2"},
				"south": {"uv": [0, 0, 4, 0], "texture": "#2"},
				"west": {"uv": [0, 0, 4, 0], "texture": "#2"},
				"up": {"uv": [12, 12, 8, 8], "texture": "#2"}
			}
		},
		{
			"from": [2, 9, 6],
			"to": [6, 13, 10],
			"rotation": {"angle": 0, "axis": "y", "origin": [-21, 2, 17]},
			"faces": {
				"north": {"uv": [0, 0, 4, 4], "texture": "#2"},
				"east": {"uv": [0, 4, 4, 8], "texture": "#2"},
				"south": {"uv": [4, 0, 8, 4], "texture": "#2"},
				"west": {"uv": [4, 4, 8, 8], "texture": "#2"},
				"up": {"uv": [4, 12, 0, 8], "texture": "#2"},
				"down": {"uv": [12, 0, 8, 4], "texture": "#2"}
			}
		},
		{
			"from": [5.5, 12.25, 1.5],
			"to": [9.5, 12.25, 5.5],
			"rotation": {"angle": 0, "axis": "y", "origin": [-17.5, 1.25, 12.5]},
			"faces": {
				"north": {"uv": [0, 0, 4, 0], "texture": "#2"},
				"east": {"uv": [0, 0, 4, 0], "texture": "#2"},
				"south": {"uv": [0, 0, 4, 0], "texture": "#2"},
				"west": {"uv": [0, 0, 4, 0], "texture": "#2"},
				"up": {"uv": [8, 12, 4, 8], "texture": "#2"}
			}
		},
		{
			"from": [6, 8, 2],
			"to": [10, 12, 6],
			"rotation": {"angle": 0, "axis": "y", "origin": [-17, 1, 13]},
			"faces": {
				"north": {"uv": [0, 0, 4, 4], "texture": "#2"},
				"east": {"uv": [0, 4, 4, 8], "texture": "#2"},
				"south": {"uv": [4, 0, 8, 4], "texture": "#2"},
				"west": {"uv": [4, 4, 8, 8], "texture": "#2"},
				"up": {"uv": [4, 12, 0, 8], "texture": "#2"},
				"down": {"uv": [12, 0, 8, 4], "texture": "#2"}
			}
		},
		{
			"from": [6.5, 12.75, 10.5],
			"to": [10.5, 12.75, 14.5],
			"rotation": {"angle": 0, "axis": "y", "origin": [8.5, 12.75, 12.5]},
			"faces": {
				"north": {"uv": [0, 0, 4, 0], "texture": "#2"},
				"east": {"uv": [0, 0, 4, 0], "texture": "#2"},
				"south": {"uv": [0, 0, 4, 0], "texture": "#2"},
				"west": {"uv": [0, 0, 4, 0], "texture": "#2"},
				"up": {"uv": [8, 12, 4, 8], "rotation": 180, "texture": "#2"}
			}
		},
		{
			"from": [6, 8.5, 10],
			"to": [10, 12.5, 14],
			"rotation": {"angle": 0, "axis": "y", "origin": [-17, 1.5, 21]},
			"faces": {
				"north": {"uv": [0, 0, 4, 4], "texture": "#2"},
				"east": {"uv": [0, 4, 4, 8], "texture": "#2"},
				"south": {"uv": [4, 0, 8, 4], "texture": "#2"},
				"west": {"uv": [4, 4, 8, 8], "texture": "#2"},
				"up": {"uv": [4, 12, 0, 8], "texture": "#2"},
				"down": {"uv": [12, 0, 8, 4], "texture": "#2"}
			}
		},
		{
			"from": [5.5, 14.25, 5.5],
			"to": [9.5, 14.25, 9.5],
			"rotation": {"angle": 0, "axis": "y", "origin": [-17.5, 3.25, 16.5]},
			"faces": {
				"north": {"uv": [0, 0, 4, 0], "texture": "#2"},
				"east": {"uv": [0, 0, 4, 0], "texture": "#2"},
				"south": {"uv": [0, 0, 4, 0], "texture": "#2"},
				"west": {"uv": [0, 0, 4, 0], "texture": "#2"},
				"up": {"uv": [8, 12, 4, 8], "texture": "#2"}
			}
		},
		{
			"from": [0, 0, 0],
			"to": [16, 9, 16],
			"faces": {
				"north": {"uv": [0, 7, 16, 16], "texture": "#3"},
				"east": {"uv": [0, 7, 16, 16], "texture": "#3"},
				"south": {"uv": [0, 7, 16, 16], "texture": "#3"},
				"west": {"uv": [0, 7, 16, 16], "texture": "#3"},
				"up": {"uv": [0, 0, 16, 16], "texture": "#4"},
				"down": {"uv": [0, 0, 16, 16], "texture": "#5"}
			}
		}
	],
	"display": {
		"thirdperson_righthand": {
			"rotation": [75, 45, 0],
			"translation": [0, 2.5, 0],
			"scale": [0.375, 0.375, 0.375]
		},
		"thirdperson_lefthand": {
			"rotation": [75, 45, 0],
			"translation": [0, 2.5, 0],
			"scale": [0.375, 0.375, 0.375]
		},
		"firstperson_righthand": {
			"rotation": [0, 135, 0],
			"translation": [0, 3.75, 0],
			"scale": [0.4, 0.4, 0.4]
		},
		"firstperson_lefthand": {
			"rotation": [0, 135, 0],
			"translation": [0, 3.75, 0],
			"scale": [0.4, 0.4, 0.4]
		},
		"ground": {
			"translation": [0, 3, 0],
			"scale": [0.25, 0.25, 0.25]
		},
		"gui": {
			"rotation": [30, 225, 0],
			"scale": [0.625, 0.625, 0.625]
		},
		"head": {
			"translation": [0, 15.25, 0]
		},
		"fixed": {
			"rotation": [-90, 0, 0],
			"translation": [0, 0, -16],
			"scale": [2, 2, 2]
		}
	}
}