{
	"credit": "Made with Blockbench",
	"textures": {
		"3": "block/barrel_side",
		"4": "block/barrel_top_open",
		"5": "block/barrel_bottom",
		"6": "block/f100",
		"particle": "block/f100"
	},
	"elements": [
		{
			"from": [6, 9, 6],
			"to": [10, 14, 10],
			"rotation": {"angle": 0, "axis": "y", "origin": [-17, 3, 17]},
			"faces": {
				"north": {"uv": [0, 0, 4, 5], "texture": "#6"},
				"east": {"uv": [4, 0, 8, 5], "texture": "#6"},
				"south": {"uv": [0, 5, 4, 10], "texture": "#6"},
				"west": {"uv": [4, 5, 8, 10], "texture": "#6"},
				"up": {"uv": [12, 4, 8, 0], "texture": "#6"},
				"down": {"uv": [12, 4, 8, 8], "texture": "#6"}
			}
		},
		{
			"from": [10, 7, 6],
			"to": [14, 12, 10],
			"rotation": {"angle": 0, "axis": "y", "origin": [12, 9.5, 8]},
			"faces": {
				"north": {"uv": [0, 5, 4, 10], "texture": "#6"},
				"east": {"uv": [4, 5, 8, 10], "texture": "#6"},
				"south": {"uv": [0, 0, 4, 5], "texture": "#6"},
				"west": {"uv": [4, 0, 8, 5], "texture": "#6"},
				"up": {"uv": [12, 4, 8, 0], "rotation": 180, "texture": "#6"},
				"down": {"uv": [12, 4, 8, 8], "rotation": 180, "texture": "#6"}
			}
		},
		{
			"from": [2, 6, 6],
			"to": [6, 11, 10],
			"rotation": {"angle": 0, "axis": "y", "origin": [4, 8.5, 8]},
			"faces": {
				"north": {"uv": [4, 0, 8, 5], "texture": "#6"},
				"east": {"uv": [0, 5, 4, 10], "texture": "#6"},
				"south": {"uv": [4, 5, 8, 10], "texture": "#6"},
				"west": {"uv": [0, 0, 4, 5], "texture": "#6"},
				"up": {"uv": [12, 4, 8, 0], "rotation": 270, "texture": "#6"},
				"down": {"uv": [12, 4, 8, 8], "rotation": 90, "texture": "#6"}
			}
		},
		{
			"from": [2, 5.25, 10],
			"to": [6, 10.25, 14],
			"rotation": {"angle": 0, "axis": "y", "origin": [-21, -0.75, 21]},
			"faces": {
				"north": {"uv": [0, 0, 4, 5], "texture": "#6"},
				"east": {"uv": [4, 0, 8, 5], "texture": "#6"},
				"south": {"uv": [0, 5, 4, 10], "texture": "#6"},
				"west": {"uv": [4, 5, 8, 10], "texture": "#6"},
				"up": {"uv": [16, 4, 12, 0], "rotation": 270, "texture": "#6"},
				"down": {"uv": [12, 4, 8, 8], "texture": "#6"}
			}
		},
		{
			"from": [6, 6.5, 10],
			"to": [10, 11.5, 14],
			"rotation": {"angle": 0, "axis": "y", "origin": [8, 9, 12]},
			"faces": {
				"north": {"uv": [0, 5, 4, 10], "texture": "#6"},
				"east": {"uv": [4, 5, 8, 10], "texture": "#6"},
				"south": {"uv": [0, 0, 4, 5], "texture": "#6"},
				"west": {"uv": [4, 0, 8, 5], "texture": "#6"},
				"up": {"uv": [12, 4, 8, 0], "rotation": 180, "texture": "#6"},
				"down": {"uv": [12, 4, 8, 8], "rotation": 180, "texture": "#6"}
			}
		},
		{
			"from": [10, 5.5, 10],
			"to": [14, 10.5, 14],
			"rotation": {"angle": 0, "axis": "y", "origin": [12, 8, 12]},
			"faces": {
				"north": {"uv": [4, 5, 8, 10], "texture": "#6"},
				"east": {"uv": [0, 0, 4, 5], "texture": "#6"},
				"south": {"uv": [4, 0, 8, 5], "texture": "#6"},
				"west": {"uv": [0, 5, 4, 10], "texture": "#6"},
				"up": {"uv": [12, 4, 8, 0], "rotation": 90, "texture": "#6"},
				"down": {"uv": [12, 4, 8, 8], "rotation": 270, "texture": "#6"}
			}
		},
		{
			"from": [2, 5, 2],
			"to": [6, 10, 6],
			"rotation": {"angle": 0, "axis": "y", "origin": [-21, -1, 13]},
			"faces": {
				"north": {"uv": [0, 0, 4, 5], "texture": "#6"},
				"east": {"uv": [4, 0, 8, 5], "texture": "#6"},
				"south": {"uv": [0, 5, 4, 10], "texture": "#6"},
				"west": {"uv": [4, 5, 8, 10], "texture": "#6"},
				"up": {"uv": [12, 4, 8, 0], "texture": "#6"},
				"down": {"uv": [12, 4, 8, 8], "texture": "#6"}
			}
		},
		{
			"from": [6, 6.5, 2],
			"to": [10, 11.5, 6],
			"rotation": {"angle": 0, "axis": "y", "origin": [-17, 0.5, 13]},
			"faces": {
				"north": {"uv": [0, 0, 4, 5], "texture": "#6"},
				"east": {"uv": [4, 0, 8, 5], "texture": "#6"},
				"south": {"uv": [0, 5, 4, 10], "texture": "#6"},
				"west": {"uv": [4, 5, 8, 10], "texture": "#6"},
				"up": {"uv": [16, 4, 12, 0], "rotation": 90, "texture": "#6"},
				"down": {"uv": [12, 4, 8, 8], "texture": "#6"}
			}
		},
		{
			"from": [10, 5, 2],
			"to": [14, 10, 6],
			"rotation": {"angle": 0, "axis": "y", "origin": [12, 7.5, 4]},
			"faces": {
				"north": {"uv": [4, 0, 8, 5], "texture": "#6"},
				"east": {"uv": [0, 5, 4, 10], "texture": "#6"},
				"south": {"uv": [4, 5, 8, 10], "texture": "#6"},
				"west": {"uv": [0, 0, 4, 5], "texture": "#6"},
				"up": {"uv": [12, 4, 8, 0], "rotation": 270, "texture": "#6"},
				"down": {"uv": [12, 4, 8, 8], "rotation": 90, "texture": "#6"}
			}
		},
		{
			"from": [0, 0, 0],
			"to": [16, 9, 16],
			"faces": {
				"north": {"uv": [0, 7, 16, 16], "texture": "#3"},
				"east": {"uv": [0, 7, 16, 16], "texture": "#3"},
				"south": {"uv": [0, 7, 16, 16], "texture": "#3"},
				"west": {"uv": [0, 7, 16, 16], "texture": "#3"},
				"up": {"uv": [0, 0, 16, 16], "texture": "#4"},
				"down": {"uv": [0, 0, 16, 16], "texture": "#5"}
			}
		},
		{
			"from": [8.25, 9.75, 1.75],
			"to": [10.25, 11.75, 3.75],
			"rotation": {"angle": 0, "axis": "y", "origin": [8.25, 9.75, 1.75]},
			"faces": {
				"north": {"uv": [14, 4, 16, 6], "texture": "#6"},
				"east": {"uv": [12, 6, 14, 8], "texture": "#6"},
				"up": {"uv": [12, 4, 14, 6], "texture": "#6"}
			}
		},
		{
			"from": [1.75, 8.5, 12.25],
			"to": [3.75, 10.5, 14.25],
			"rotation": {"angle": 0, "axis": "y", "origin": [2.75, 9.5, 13.25]},
			"faces": {
				"south": {"uv": [14, 4, 16, 6], "texture": "#6"},
				"west": {"uv": [12, 6, 14, 8], "texture": "#6"},
				"up": {"uv": [12, 4, 14, 6], "rotation": 180, "texture": "#6"}
			}
		}
	],
	"display": {
		"thirdperson_righthand": {
			"rotation": [75, 45, 0],
			"translation": [0, 2.5, 0],
			"scale": [0.375, 0.375, 0.375]
		},
		"thirdperson_lefthand": {
			"rotation": [75, 45, 0],
			"translation": [0, 2.5, 0],
			"scale": [0.375, 0.375, 0.375]
		},
		"firstperson_righthand": {
			"rotation": [0, 135, 0],
			"translation": [0, 3.75, 0],
			"scale": [0.4, 0.4, 0.4]
		},
		"firstperson_lefthand": {
			"rotation": [0, 135, 0],
			"translation": [0, 3.75, 0],
			"scale": [0.4, 0.4, 0.4]
		},
		"ground": {
			"translation": [0, 3, 0],
			"scale": [0.25, 0.25, 0.25]
		},
		"gui": {
			"rotation": [30, 225, 0],
			"scale": [0.625, 0.625, 0.625]
		},
		"head": {
			"translation": [0, 15.25, 0]
		},
		"fixed": {
			"rotation": [-90, 0, 0],
			"translation": [0, 0, -16],
			"scale": [2, 2, 2]
		}
	}
}