{
	"credit": "Made with Blockbench",
	"parent": "f101",
	"textures": {
		"3": "block/barrel_side",
		"4": "block/barrel_top_open",
		"5": "block/barrel_bottom",
		"6": "block/f101",
		"particle": "block/f101"
	},
	"elements": [
		{
			"from": [6, 9, 6],
			"to": [10, 13, 10],
			"rotation": {"angle": 0, "axis": "y", "origin": [-17, -0.75, 17]},
			"faces": {
				"north": {"uv": [0, 0, 4, 4], "texture": "#6"},
				"east": {"uv": [0, 4, 4, 8], "texture": "#6"},
				"south": {"uv": [4, 0, 8, 4], "texture": "#6"},
				"west": {"uv": [4, 4, 8, 8], "texture": "#6"},
				"up": {"uv": [4, 12, 0, 8], "texture": "#6"},
				"down": {"uv": [12, 0, 8, 4], "texture": "#6"}
			}
		},
		{
			"from": [10.5, 10, 10.5],
			"to": [13.5, 13, 13.5],
			"rotation": {"angle": 0, "axis": "y", "origin": [-13, -3.75, 21]},
			"faces": {
				"north": {"uv": [4, 8, 7, 11], "texture": "#6"},
				"east": {"uv": [8, 4, 11, 7], "texture": "#6"},
				"south": {"uv": [7, 8, 10, 11], "texture": "#6"},
				"west": {"uv": [10, 7, 13, 10], "texture": "#6"},
				"down": {"uv": [7, 11, 4, 14], "texture": "#6"}
			}
		},
		{
			"from": [10, 6, 10],
			"to": [14, 10, 14],
			"rotation": {"angle": 0, "axis": "y", "origin": [-13, -3.75, 21]},
			"faces": {
				"north": {"uv": [0, 0, 4, 4], "texture": "#6"},
				"east": {"uv": [0, 4, 4, 8], "texture": "#6"},
				"south": {"uv": [4, 0, 8, 4], "texture": "#6"},
				"west": {"uv": [4, 4, 8, 8], "texture": "#6"},
				"up": {"uv": [4, 12, 0, 8], "texture": "#6"},
				"down": {"uv": [12, 0, 8, 4], "texture": "#6"}
			}
		},
		{
			"from": [10.5, 10.5, 2.5],
			"to": [13.5, 13.5, 5.5],
			"rotation": {"angle": 0, "axis": "y", "origin": [-13, -3.25, 13]},
			"faces": {
				"north": {"uv": [4, 8, 7, 11], "texture": "#6"},
				"east": {"uv": [8, 4, 11, 7], "texture": "#6"},
				"south": {"uv": [7, 8, 10, 11], "texture": "#6"},
				"west": {"uv": [10, 7, 13, 10], "texture": "#6"},
				"down": {"uv": [7, 11, 4, 14], "texture": "#6"}
			}
		},
		{
			"from": [10, 6.5, 2],
			"to": [14, 10.5, 6],
			"rotation": {"angle": 0, "axis": "y", "origin": [-13, -3.25, 13]},
			"faces": {
				"north": {"uv": [0, 0, 4, 4], "texture": "#6"},
				"east": {"uv": [0, 4, 4, 8], "texture": "#6"},
				"south": {"uv": [4, 0, 8, 4], "texture": "#6"},
				"west": {"uv": [4, 4, 8, 8], "texture": "#6"},
				"up": {"uv": [4, 12, 0, 8], "texture": "#6"},
				"down": {"uv": [12, 0, 8, 4], "texture": "#6"}
			}
		},
		{
			"from": [10.5, 12, 6.5],
			"to": [13.5, 15, 9.5],
			"rotation": {"angle": 0, "axis": "y", "origin": [-13, -1.75, 17]},
			"faces": {
				"north": {"uv": [4, 8, 7, 11], "texture": "#6"},
				"east": {"uv": [8, 4, 11, 7], "texture": "#6"},
				"south": {"uv": [7, 8, 10, 11], "texture": "#6"},
				"west": {"uv": [10, 7, 13, 10], "texture": "#6"},
				"down": {"uv": [7, 11, 4, 14], "texture": "#6"}
			}
		},
		{
			"from": [10, 8, 6],
			"to": [14, 12, 10],
			"rotation": {"angle": 0, "axis": "y", "origin": [-13, -1.75, 17]},
			"faces": {
				"north": {"uv": [0, 0, 4, 4], "texture": "#6"},
				"east": {"uv": [0, 4, 4, 8], "texture": "#6"},
				"south": {"uv": [4, 0, 8, 4], "texture": "#6"},
				"west": {"uv": [4, 4, 8, 8], "texture": "#6"},
				"up": {"uv": [4, 12, 0, 8], "texture": "#6"},
				"down": {"uv": [12, 0, 8, 4], "texture": "#6"}
			}
		},
		{
			"from": [2.5, 9.5, 10.5],
			"to": [5.5, 12.5, 13.5],
			"rotation": {"angle": 0, "axis": "y", "origin": [-21, -4.25, 21]},
			"faces": {
				"north": {"uv": [4, 8, 7, 11], "texture": "#6"},
				"east": {"uv": [8, 4, 11, 7], "texture": "#6"},
				"south": {"uv": [7, 8, 10, 11], "texture": "#6"},
				"west": {"uv": [10, 7, 13, 10], "texture": "#6"},
				"down": {"uv": [7, 11, 4, 14], "texture": "#6"}
			}
		},
		{
			"from": [2, 5.5, 10],
			"to": [6, 9.5, 14],
			"rotation": {"angle": 0, "axis": "y", "origin": [-21, -4.25, 21]},
			"faces": {
				"north": {"uv": [0, 0, 4, 4], "texture": "#6"},
				"east": {"uv": [0, 4, 4, 8], "texture": "#6"},
				"south": {"uv": [4, 0, 8, 4], "texture": "#6"},
				"west": {"uv": [4, 4, 8, 8], "texture": "#6"},
				"up": {"uv": [4, 12, 0, 8], "texture": "#6"},
				"down": {"uv": [12, 0, 8, 4], "texture": "#6"}
			}
		},
		{
			"from": [2.5, 10, 2.5],
			"to": [5.5, 13, 5.5],
			"rotation": {"angle": 0, "axis": "y", "origin": [-21, -3.75, 13]},
			"faces": {
				"north": {"uv": [4, 8, 7, 11], "texture": "#6"},
				"east": {"uv": [8, 4, 11, 7], "texture": "#6"},
				"south": {"uv": [7, 8, 10, 11], "texture": "#6"},
				"west": {"uv": [10, 7, 13, 10], "texture": "#6"},
				"down": {"uv": [7, 11, 4, 14], "texture": "#6"}
			}
		},
		{
			"from": [2, 6, 2],
			"to": [6, 10, 6],
			"rotation": {"angle": 0, "axis": "y", "origin": [-21, -3.75, 13]},
			"faces": {
				"north": {"uv": [0, 0, 4, 4], "texture": "#6"},
				"east": {"uv": [0, 4, 4, 8], "texture": "#6"},
				"south": {"uv": [4, 0, 8, 4], "texture": "#6"},
				"west": {"uv": [4, 4, 8, 8], "texture": "#6"},
				"up": {"uv": [4, 12, 0, 8], "texture": "#6"},
				"down": {"uv": [12, 0, 8, 4], "texture": "#6"}
			}
		},
		{
			"from": [2.5, 12, 6.5],
			"to": [5.5, 15, 9.5],
			"rotation": {"angle": 0, "axis": "y", "origin": [-21, -1.75, 17]},
			"faces": {
				"north": {"uv": [4, 8, 7, 11], "texture": "#6"},
				"east": {"uv": [8, 4, 11, 7], "texture": "#6"},
				"south": {"uv": [7, 8, 10, 11], "texture": "#6"},
				"west": {"uv": [10, 7, 13, 10], "texture": "#6"},
				"down": {"uv": [7, 11, 4, 14], "texture": "#6"}
			}
		},
		{
			"from": [2, 8, 6],
			"to": [6, 12, 10],
			"rotation": {"angle": 0, "axis": "y", "origin": [-21, -1.75, 17]},
			"faces": {
				"north": {"uv": [0, 0, 4, 4], "texture": "#6"},
				"east": {"uv": [0, 4, 4, 8], "texture": "#6"},
				"south": {"uv": [4, 0, 8, 4], "texture": "#6"},
				"west": {"uv": [4, 4, 8, 8], "texture": "#6"},
				"up": {"uv": [4, 12, 0, 8], "texture": "#6"},
				"down": {"uv": [12, 0, 8, 4], "texture": "#6"}
			}
		},
		{
			"from": [6.5, 11.5, 10.5],
			"to": [9.5, 14.5, 13.5],
			"rotation": {"angle": 0, "axis": "y", "origin": [-17, -2.25, 21]},
			"faces": {
				"north": {"uv": [4, 8, 7, 11], "texture": "#6"},
				"east": {"uv": [8, 4, 11, 7], "texture": "#6"},
				"south": {"uv": [7, 8, 10, 11], "texture": "#6"},
				"west": {"uv": [10, 7, 13, 10], "texture": "#6"},
				"down": {"uv": [7, 11, 4, 14], "texture": "#6"}
			}
		},
		{
			"from": [6, 7.5, 10],
			"to": [10, 11.5, 14],
			"rotation": {"angle": 0, "axis": "y", "origin": [-17, -2.25, 21]},
			"faces": {
				"north": {"uv": [0, 0, 4, 4], "texture": "#6"},
				"east": {"uv": [0, 4, 4, 8], "texture": "#6"},
				"south": {"uv": [4, 0, 8, 4], "texture": "#6"},
				"west": {"uv": [4, 4, 8, 8], "texture": "#6"},
				"up": {"uv": [4, 12, 0, 8], "texture": "#6"},
				"down": {"uv": [12, 0, 8, 4], "texture": "#6"}
			}
		},
		{
			"from": [6.5, 11.5, 2.5],
			"to": [9.5, 14.5, 5.5],
			"rotation": {"angle": 0, "axis": "y", "origin": [-17, -2.25, 13]},
			"faces": {
				"north": {"uv": [4, 8, 7, 11], "texture": "#6"},
				"east": {"uv": [8, 4, 11, 7], "texture": "#6"},
				"south": {"uv": [7, 8, 10, 11], "texture": "#6"},
				"west": {"uv": [10, 7, 13, 10], "texture": "#6"},
				"down": {"uv": [7, 11, 4, 14], "texture": "#6"}
			}
		},
		{
			"from": [6, 7.5, 2],
			"to": [10, 11.5, 6],
			"rotation": {"angle": 0, "axis": "y", "origin": [-17, -2.25, 13]},
			"faces": {
				"north": {"uv": [0, 0, 4, 4], "texture": "#6"},
				"east": {"uv": [0, 4, 4, 8], "texture": "#6"},
				"south": {"uv": [4, 0, 8, 4], "texture": "#6"},
				"west": {"uv": [4, 4, 8, 8], "texture": "#6"},
				"up": {"uv": [4, 12, 0, 8], "texture": "#6"},
				"down": {"uv": [12, 0, 8, 4], "texture": "#6"}
			}
		},
		{
			"from": [6.5, 13, 6.5],
			"to": [9.5, 16, 9.5],
			"rotation": {"angle": 0, "axis": "y", "origin": [-17, -0.75, 17]},
			"faces": {
				"north": {"uv": [4, 8, 7, 11], "texture": "#6"},
				"east": {"uv": [8, 4, 11, 7], "texture": "#6"},
				"south": {"uv": [7, 8, 10, 11], "texture": "#6"},
				"west": {"uv": [10, 7, 13, 10], "texture": "#6"},
				"down": {"uv": [7, 11, 4, 14], "texture": "#6"}
			}
		},
		{
			"from": [0, 0, 0],
			"to": [16, 9, 16],
			"faces": {
				"north": {"uv": [0, 7, 16, 16], "texture": "#3"},
				"east": {"uv": [0, 7, 16, 16], "texture": "#3"},
				"south": {"uv": [0, 7, 16, 16], "texture": "#3"},
				"west": {"uv": [0, 7, 16, 16], "texture": "#3"},
				"up": {"uv": [0, 0, 16, 16], "texture": "#4"},
				"down": {"uv": [0, 0, 16, 16], "texture": "#5"}
			}
		}
	],
	"display": {
		"thirdperson_righthand": {
			"rotation": [75, 45, 0],
			"translation": [0, 2.5, 0],
			"scale": [0.375, 0.375, 0.375]
		},
		"thirdperson_lefthand": {
			"rotation": [75, 45, 0],
			"translation": [0, 2.5, 0],
			"scale": [0.375, 0.375, 0.375]
		},
		"firstperson_righthand": {
			"rotation": [0, 135, 0],
			"translation": [0, 3.75, 0],
			"scale": [0.4, 0.4, 0.4]
		},
		"firstperson_lefthand": {
			"rotation": [0, 135, 0],
			"translation": [0, 3.75, 0],
			"scale": [0.4, 0.4, 0.4]
		},
		"ground": {
			"translation": [0, 3, 0],
			"scale": [0.25, 0.25, 0.25]
		},
		"gui": {
			"rotation": [30, 225, 0],
			"scale": [0.625, 0.625, 0.625]
		},
		"head": {
			"translation": [0, 15.25, 0]
		},
		"fixed": {
			"rotation": [-90, 0, 0],
			"translation": [0, 0, -16],
			"scale": [2, 2, 2]
		}
	}
}