{
	"credit": "Made with Blockbench",
	"parent": "f101",
	"textures": {
		"3": "block/barrel_side",
		"4": "block/barrel_top_open",
		"5": "block/barrel_bottom",
		"6": "block/f102",
		"particle": "block/f102"
	},
	"elements": [
		{
			"from": [6, 9, 6],
			"to": [10, 13, 10],
			"rotation": {"angle": 0, "axis": "y", "origin": [-17, -0.75, 17]},
			"faces": {
				"north": {"uv": [0, 0, 4, 4], "texture": "#6"},
				"east": {"uv": [0, 4, 4, 8], "texture": "#6"},
				"south": {"uv": [4, 0, 8, 4], "texture": "#6"},
				"west": {"uv": [4, 4, 8, 8], "texture": "#6"},
				"up": {"uv": [4, 12, 0, 8], "texture": "#6"},
				"down": {"uv": [12, 0, 8, 4], "texture": "#6"}
			}
		},
		{
			"from": [12, 10, 1],
			"to": [12, 13, 5],
			"rotation": {"angle": 0, "axis": "y", "origin": [12, 11.5, 3]},
			"faces": {
				"north": {"uv": [0, 0, 0, 3], "texture": "#6"},
				"east": {"uv": [8, 4, 12, 7], "texture": "#6"},
				"south": {"uv": [0, 0, 0, 3], "texture": "#6"},
				"west": {"uv": [4, 8, 8, 11], "texture": "#6"},
				"up": {"uv": [4, 0, 0, 0], "rotation": 270, "texture": "#6"},
				"down": {"uv": [4, 0, 0, 0], "rotation": 90, "texture": "#6"}
			}
		},
		{
			"from": [10, 6, 2],
			"to": [14, 10, 6],
			"rotation": {"angle": 0, "axis": "y", "origin": [-13, -3.75, 13]},
			"faces": {
				"north": {"uv": [0, 0, 4, 4], "texture": "#6"},
				"east": {"uv": [0, 4, 4, 8], "texture": "#6"},
				"south": {"uv": [4, 0, 8, 4], "texture": "#6"},
				"west": {"uv": [4, 4, 8, 8], "texture": "#6"},
				"up": {"uv": [4, 12, 0, 8], "texture": "#6"},
				"down": {"uv": [12, 0, 8, 4], "texture": "#6"}
			}
		},
		{
			"from": [1, 9, 4],
			"to": [5, 12, 4],
			"rotation": {"angle": 0, "axis": "y", "origin": [3, 10.5, 4]},
			"faces": {
				"north": {"uv": [8, 4, 12, 7], "texture": "#6"},
				"east": {"uv": [0, 0, 0, 3], "texture": "#6"},
				"south": {"uv": [4, 8, 8, 11], "texture": "#6"},
				"west": {"uv": [0, 0, 0, 3], "texture": "#6"},
				"up": {"uv": [4, 0, 0, 0], "rotation": 180, "texture": "#6"},
				"down": {"uv": [4, 0, 0, 0], "rotation": 180, "texture": "#6"}
			}
		},
		{
			"from": [2, 6, 2],
			"to": [6, 10, 6],
			"rotation": {"angle": 0, "axis": "y", "origin": [-21, -3.75, 13]},
			"faces": {
				"north": {"uv": [0, 0, 4, 4], "texture": "#6"},
				"east": {"uv": [0, 4, 4, 8], "texture": "#6"},
				"south": {"uv": [4, 0, 8, 4], "texture": "#6"},
				"west": {"uv": [4, 4, 8, 8], "texture": "#6"},
				"up": {"uv": [4, 12, 0, 8], "texture": "#6"},
				"down": {"uv": [12, 0, 8, 4], "texture": "#6"}
			}
		},
		{
			"from": [6, 8, 2],
			"to": [10, 12, 6],
			"rotation": {"angle": 0, "axis": "y", "origin": [-17, -1.75, 13]},
			"faces": {
				"north": {"uv": [0, 0, 4, 4], "texture": "#6"},
				"east": {"uv": [0, 4, 4, 8], "texture": "#6"},
				"south": {"uv": [4, 0, 8, 4], "texture": "#6"},
				"west": {"uv": [4, 4, 8, 8], "texture": "#6"},
				"up": {"uv": [4, 12, 0, 8], "texture": "#6"},
				"down": {"uv": [12, 0, 8, 4], "texture": "#6"}
			}
		},
		{
			"from": [10, 6, 10],
			"to": [14, 10, 14],
			"rotation": {"angle": 0, "axis": "y", "origin": [-13, -3.75, 21]},
			"faces": {
				"north": {"uv": [0, 0, 4, 4], "texture": "#6"},
				"east": {"uv": [0, 4, 4, 8], "texture": "#6"},
				"south": {"uv": [4, 0, 8, 4], "texture": "#6"},
				"west": {"uv": [4, 4, 8, 8], "texture": "#6"},
				"up": {"uv": [4, 12, 0, 8], "texture": "#6"},
				"down": {"uv": [12, 0, 8, 4], "texture": "#6"}
			}
		},
		{
			"from": [2, 6, 10],
			"to": [6, 10, 14],
			"rotation": {"angle": 0, "axis": "y", "origin": [-21, -3.75, 21]},
			"faces": {
				"north": {"uv": [0, 0, 4, 4], "texture": "#6"},
				"east": {"uv": [0, 4, 4, 8], "texture": "#6"},
				"south": {"uv": [4, 0, 8, 4], "texture": "#6"},
				"west": {"uv": [4, 4, 8, 8], "texture": "#6"},
				"up": {"uv": [4, 12, 0, 8], "texture": "#6"},
				"down": {"uv": [12, 0, 8, 4], "texture": "#6"}
			}
		},
		{
			"from": [8, 12, 11],
			"to": [8, 15, 15],
			"rotation": {"angle": 0, "axis": "y", "origin": [8, 13.5, 13]},
			"faces": {
				"north": {"uv": [0, 0, 0, 3], "texture": "#6"},
				"east": {"uv": [4, 8, 8, 11], "texture": "#6"},
				"south": {"uv": [0, 0, 0, 3], "texture": "#6"},
				"west": {"uv": [8, 4, 12, 7], "texture": "#6"},
				"up": {"uv": [4, 0, 0, 0], "rotation": 90, "texture": "#6"},
				"down": {"uv": [4, 0, 0, 0], "rotation": 270, "texture": "#6"}
			}
		},
		{
			"from": [6, 8, 10],
			"to": [10, 12, 14],
			"rotation": {"angle": 0, "axis": "y", "origin": [-17, -1.75, 21]},
			"faces": {
				"north": {"uv": [0, 0, 4, 4], "texture": "#6"},
				"east": {"uv": [0, 4, 4, 8], "texture": "#6"},
				"south": {"uv": [4, 0, 8, 4], "texture": "#6"},
				"west": {"uv": [4, 4, 8, 8], "texture": "#6"},
				"up": {"uv": [4, 12, 0, 8], "texture": "#6"},
				"down": {"uv": [12, 0, 8, 4], "texture": "#6"}
			}
		},
		{
			"from": [1, 11, 8],
			"to": [5, 14, 8],
			"rotation": {"angle": 0, "axis": "y", "origin": [3, 12.5, 8]},
			"faces": {
				"north": {"uv": [8, 4, 12, 7], "texture": "#6"},
				"east": {"uv": [0, 0, 0, 3], "texture": "#6"},
				"south": {"uv": [4, 8, 8, 11], "texture": "#6"},
				"west": {"uv": [0, 0, 0, 3], "texture": "#6"},
				"up": {"uv": [4, 0, 0, 0], "rotation": 180, "texture": "#6"},
				"down": {"uv": [4, 0, 0, 0], "rotation": 180, "texture": "#6"}
			}
		},
		{
			"from": [2, 7, 6],
			"to": [6, 11, 10],
			"rotation": {"angle": 0, "axis": "y", "origin": [-21, -2.75, 17]},
			"faces": {
				"north": {"uv": [0, 0, 4, 4], "texture": "#6"},
				"east": {"uv": [0, 4, 4, 8], "texture": "#6"},
				"south": {"uv": [4, 0, 8, 4], "texture": "#6"},
				"west": {"uv": [4, 4, 8, 8], "texture": "#6"},
				"up": {"uv": [4, 12, 0, 8], "texture": "#6"},
				"down": {"uv": [12, 0, 8, 4], "texture": "#6"}
			}
		},
		{
			"from": [11, 11, 8],
			"to": [15, 14, 8],
			"rotation": {"angle": 0, "axis": "y", "origin": [13, 12.5, 8]},
			"faces": {
				"north": {"uv": [4, 8, 8, 11], "texture": "#6"},
				"east": {"uv": [0, 0, 0, 3], "texture": "#6"},
				"south": {"uv": [8, 4, 12, 7], "texture": "#6"},
				"west": {"uv": [0, 0, 0, 3], "texture": "#6"},
				"up": {"uv": [4, 0, 0, 0], "texture": "#6"},
				"down": {"uv": [4, 0, 0, 0], "texture": "#6"}
			}
		},
		{
			"from": [10, 7, 6],
			"to": [14, 11, 10],
			"rotation": {"angle": 0, "axis": "y", "origin": [-13, -2.75, 17]},
			"faces": {
				"north": {"uv": [0, 0, 4, 4], "texture": "#6"},
				"east": {"uv": [0, 4, 4, 8], "texture": "#6"},
				"south": {"uv": [4, 0, 8, 4], "texture": "#6"},
				"west": {"uv": [4, 4, 8, 8], "texture": "#6"},
				"up": {"uv": [4, 12, 0, 8], "texture": "#6"},
				"down": {"uv": [12, 0, 8, 4], "texture": "#6"}
			}
		},
		{
			"from": [7, 13, 8],
			"to": [11, 16, 8],
			"rotation": {"angle": 0, "axis": "y", "origin": [9, 14.5, 8]},
			"faces": {
				"north": {"uv": [4, 8, 8, 11], "texture": "#6"},
				"east": {"uv": [0, 0, 0, 3], "texture": "#6"},
				"south": {"uv": [8, 4, 12, 7], "texture": "#6"},
				"west": {"uv": [0, 0, 0, 3], "texture": "#6"},
				"up": {"uv": [4, 0, 0, 0], "texture": "#6"},
				"down": {"uv": [4, 0, 0, 0], "texture": "#6"}
			}
		},
		{
			"from": [0, 0, 0],
			"to": [16, 9, 16],
			"faces": {
				"north": {"uv": [0, 7, 16, 16], "texture": "#3"},
				"east": {"uv": [0, 7, 16, 16], "texture": "#3"},
				"south": {"uv": [0, 7, 16, 16], "texture": "#3"},
				"west": {"uv": [0, 7, 16, 16], "texture": "#3"},
				"up": {"uv": [0, 0, 16, 16], "texture": "#4"},
				"down": {"uv": [0, 0, 16, 16], "texture": "#5"}
			}
		}
	],
	"display": {
		"thirdperson_righthand": {
			"rotation": [75, 45, 0],
			"translation": [0, 2.5, 0],
			"scale": [0.375, 0.375, 0.375]
		},
		"thirdperson_lefthand": {
			"rotation": [75, 45, 0],
			"translation": [0, 2.5, 0],
			"scale": [0.375, 0.375, 0.375]
		},
		"firstperson_righthand": {
			"rotation": [0, 135, 0],
			"translation": [0, 3.75, 0],
			"scale": [0.4, 0.4, 0.4]
		},
		"firstperson_lefthand": {
			"rotation": [0, 135, 0],
			"translation": [0, 3.75, 0],
			"scale": [0.4, 0.4, 0.4]
		},
		"ground": {
			"translation": [0, 3, 0],
			"scale": [0.25, 0.25, 0.25]
		},
		"gui": {
			"rotation": [30, 225, 0],
			"scale": [0.625, 0.625, 0.625]
		},
		"head": {
			"translation": [0, 15.25, 0]
		},
		"fixed": {
			"rotation": [-90, 0, 0],
			"translation": [0, 0, -16],
			"scale": [2, 2, 2]
		}
	}
}