{
	"credit": "Made with Blockbench",
	"parent": "f101",
	"textures": {
		"3": "block/barrel_side",
		"4": "block/barrel_top_open",
		"5": "block/barrel_bottom",
		"6": "block/hay_block_top",
		"7": "block/hay_block_side",
		"11": "block/f103",
		"particle": "block/hay_block_top"
	},
	"elements": [
		{
			"from": [0, 0, 0],
			"to": [16, 9, 16],
			"faces": {
				"north": {"uv": [0, 7, 16, 16], "texture": "#3"},
				"east": {"uv": [0, 7, 16, 16], "texture": "#3"},
				"south": {"uv": [0, 7, 16, 16], "texture": "#3"},
				"west": {"uv": [0, 7, 16, 16], "texture": "#3"},
				"up": {"uv": [0, 0, 16, 16], "texture": "#4"},
				"down": {"uv": [0, 0, 16, 16], "texture": "#5"}
			}
		},
		{
			"from": [2, 9, 2],
			"to": [14, 15, 14],
			"rotation": {"angle": 0, "axis": "y", "origin": [2, 9, 2]},
			"faces": {
				"north": {"uv": [2, 1, 14, 7], "texture": "#7"},
				"east": {"uv": [2, 1, 14, 7], "texture": "#7"},
				"south": {"uv": [2, 1, 14, 7], "texture": "#7"},
				"west": {"uv": [2, 1, 14, 7], "texture": "#7"},
				"up": {"uv": [2, 2, 14, 14], "texture": "#6"},
				"down": {"uv": [0, 0, 12, 12], "texture": "#missing"}
			}
		},
		{
			"from": [1.75, 12.75, 1.75],
			"to": [14.25, 15.25, 14.25],
			"rotation": {"angle": 0, "axis": "y", "origin": [0, 13, 0]},
			"faces": {
				"north": {"uv": [0, 13, 13, 16], "texture": "#11"},
				"east": {"uv": [0, 13, 13, 16], "texture": "#11"},
				"south": {"uv": [0, 13, 13, 16], "texture": "#11"},
				"west": {"uv": [0, 13, 13, 16], "texture": "#11"},
				"up": {"uv": [13, 13, 0, 0], "texture": "#11"}
			}
		}
	],
	"display": {
		"thirdperson_righthand": {
			"rotation": [75, 45, 0],
			"translation": [0, 2.5, 0],
			"scale": [0.375, 0.375, 0.375]
		},
		"thirdperson_lefthand": {
			"rotation": [75, 45, 0],
			"translation": [0, 2.5, 0],
			"scale": [0.375, 0.375, 0.375]
		},
		"firstperson_righthand": {
			"rotation": [0, 135, 0],
			"translation": [0, 3.75, 0],
			"scale": [0.4, 0.4, 0.4]
		},
		"firstperson_lefthand": {
			"rotation": [0, 135, 0],
			"translation": [0, 3.75, 0],
			"scale": [0.4, 0.4, 0.4]
		},
		"ground": {
			"translation": [0, 3, 0],
			"scale": [0.25, 0.25, 0.25]
		},
		"gui": {
			"rotation": [30, 225, 0],
			"scale": [0.625, 0.625, 0.625]
		},
		"head": {
			"translation": [0, 15.25, 0]
		},
		"fixed": {
			"rotation": [-90, 0, 0],
			"translation": [0, 0, -16],
			"scale": [2, 2, 2]
		}
	}
}