{
	"credit": "Made with Blockbench",
	"parent": "f101",
	"texture_size": [32, 32],
	"textures": {
		"3": "block/barrel_side",
		"4": "block/barrel_top_open",
		"5": "block/barrel_bottom",
		"6": "block/f106",
		"particle": "block/f106"
	},
	"elements": [
		{
			"from": [0, 0, 0],
			"to": [16, 9, 16],
			"faces": {
				"north": {"uv": [0, 7, 16, 16], "texture": "#3"},
				"east": {"uv": [0, 7, 16, 16], "texture": "#3"},
				"south": {"uv": [0, 7, 16, 16], "texture": "#3"},
				"west": {"uv": [0, 7, 16, 16], "texture": "#3"},
				"up": {"uv": [0, 0, 16, 16], "texture": "#4"},
				"down": {"uv": [0, 0, 16, 16], "texture": "#5"}
			}
		},
		{
			"from": [2, 7, 2],
			"to": [8, 13, 8],
			"rotation": {"angle": 0, "axis": "y", "origin": [5, 10, 5]},
			"faces": {
				"north": {"uv": [0, 3, 3, 6], "texture": "#6"},
				"east": {"uv": [3, 0, 6, 3], "texture": "#6"},
				"south": {"uv": [3, 3, 6, 6], "texture": "#6"},
				"west": {"uv": [0, 0, 3, 3], "texture": "#6"},
				"up": {"uv": [3, 9, 0, 6], "rotation": 270, "texture": "#6"},
				"down": {"uv": [9, 0, 6, 3], "rotation": 90, "texture": "#6"}
			}
		},
		{
			"from": [8, 8, 2],
			"to": [14, 14, 8],
			"rotation": {"angle": 0, "axis": "y", "origin": [8, 8, 2]},
			"faces": {
				"north": {"uv": [0, 0, 3, 3], "texture": "#6"},
				"east": {"uv": [0, 3, 3, 6], "texture": "#6"},
				"south": {"uv": [3, 0, 6, 3], "texture": "#6"},
				"west": {"uv": [3, 3, 6, 6], "texture": "#6"},
				"up": {"uv": [3, 9, 0, 6], "texture": "#6"},
				"down": {"uv": [9, 0, 6, 3], "texture": "#6"}
			}
		},
		{
			"from": [2, 9, 8],
			"to": [8, 15, 14],
			"rotation": {"angle": 0, "axis": "y", "origin": [5, 12, 11]},
			"faces": {
				"north": {"uv": [3, 3, 6, 6], "texture": "#6"},
				"east": {"uv": [0, 0, 3, 3], "texture": "#6"},
				"south": {"uv": [0, 3, 3, 6], "texture": "#6"},
				"west": {"uv": [3, 0, 6, 3], "texture": "#6"},
				"up": {"uv": [3, 9, 0, 6], "rotation": 90, "texture": "#6"},
				"down": {"uv": [9, 0, 6, 3], "rotation": 270, "texture": "#6"}
			}
		},
		{
			"from": [8, 7, 8],
			"to": [14, 13, 14],
			"rotation": {"angle": 0, "axis": "y", "origin": [8, 7, 8]},
			"faces": {
				"north": {"uv": [0, 0, 3, 3], "texture": "#6"},
				"east": {"uv": [0, 3, 3, 6], "texture": "#6"},
				"south": {"uv": [3, 0, 6, 3], "texture": "#6"},
				"west": {"uv": [3, 3, 6, 6], "texture": "#6"},
				"up": {"uv": [3, 9, 0, 6], "texture": "#6"},
				"down": {"uv": [9, 0, 6, 3], "texture": "#6"}
			}
		},
		{
			"from": [1.5, 13.25, 2.5],
			"to": [5.5, 13.25, 6.5],
			"rotation": {"angle": 0, "axis": "y", "origin": [3.5, 13.25, 4.5]},
			"faces": {
				"up": {"uv": [9, 0, 11, 2], "rotation": 90, "texture": "#6"}
			}
		},
		{
			"from": [3.5, 15.25, 7.5],
			"to": [7.5, 15.25, 11.5],
			"rotation": {"angle": 0, "axis": "y", "origin": [5.5, 15.25, 9.5]},
			"faces": {
				"up": {"uv": [9, 0, 11, 2], "rotation": 180, "texture": "#6"}
			}
		},
		{
			"from": [8.5, 14.25, 4.5],
			"to": [12.5, 14.25, 8.5],
			"rotation": {"angle": 0, "axis": "y", "origin": [10.5, 14.25, 6.5]},
			"faces": {
				"up": {"uv": [9, 0, 11, 2], "texture": "#6"}
			}
		},
		{
			"from": [10.5, 13.25, 9.5],
			"to": [14.5, 13.25, 13.5],
			"rotation": {"angle": 0, "axis": "y", "origin": [12.5, 13.25, 11.5]},
			"faces": {
				"up": {"uv": [9, 0, 11, 2], "rotation": 270, "texture": "#6"}
			}
		}
	],
	"display": {
		"thirdperson_righthand": {
			"rotation": [75, 45, 0],
			"translation": [0, 2.5, 0],
			"scale": [0.375, 0.375, 0.375]
		},
		"thirdperson_lefthand": {
			"rotation": [75, 45, 0],
			"translation": [0, 2.5, 0],
			"scale": [0.375, 0.375, 0.375]
		},
		"firstperson_righthand": {
			"rotation": [0, 135, 0],
			"translation": [0, 3.75, 0],
			"scale": [0.4, 0.4, 0.4]
		},
		"firstperson_lefthand": {
			"rotation": [0, 135, 0],
			"translation": [0, 3.75, 0],
			"scale": [0.4, 0.4, 0.4]
		},
		"ground": {
			"translation": [0, 3, 0],
			"scale": [0.25, 0.25, 0.25]
		},
		"gui": {
			"rotation": [30, 225, 0],
			"scale": [0.625, 0.625, 0.625]
		},
		"head": {
			"translation": [0, 15.25, 0]
		},
		"fixed": {
			"rotation": [-90, 0, 0],
			"translation": [0, 0, -16],
			"scale": [2, 2, 2]
		}
	}
}