{
	"credit": "Made with Blockbench",
	"parent": "f101",
	"texture_size": [32, 32],
	"textures": {
		"1": "block/quartz_block_side",
		"2": "block/quartz_block_bottom",
		"3": "block/f110",
		"particle": "block/quartz_block_bottom"
	},
	"elements": [
		{
			"from": [5, 3, 4],
			"to": [11, 8, 9],
			"rotation": {"angle": 0, "axis": "y", "origin": [3, 3, 3]},
			"faces": {
				"north": {"uv": [0, 4, 3, 6.5], "texture": "#3"},
				"east": {"uv": [6, 5, 8.5, 7.5], "texture": "#3"},
				"south": {"uv": [4, 0, 7, 2.5], "texture": "#3"},
				"west": {"uv": [0, 6.5, 2.5, 9], "texture": "#3"},
				"up": {"uv": [7, 5, 4, 2.5], "texture": "#3"},
				"down": {"uv": [6, 5, 3, 7.5], "texture": "#3"}
			}
		},
		{
			"from": [4, 5.2961, 4.45672],
			"to": [12, 7.2961, 8.45672],
			"rotation": {"angle": 22.5, "axis": "x", "origin": [3, 5.2961, 3.45672]},
			"faces": {
				"north": {"uv": [8.5, 7, 12.5, 8], "texture": "#3"},
				"east": {"uv": [0, 9, 2, 10], "texture": "#3"},
				"south": {"uv": [8.5, 8, 12.5, 9], "texture": "#3"},
				"west": {"uv": [9, 0, 11, 1], "texture": "#3"},
				"up": {"uv": [4, 2, 0, 0], "texture": "#3"},
				"down": {"uv": [4, 2, 0, 4], "texture": "#3"}
			}
		},
		{
			"from": [4, 5.7961, 3.45672],
			"to": [5, 6.7961, 4.45672],
			"rotation": {"angle": 22.5, "axis": "x", "origin": [3, 5.2961, 3.45672]},
			"faces": {
				"north": {"uv": [2.5, 6.5, 3, 7], "texture": "#3"},
				"east": {"uv": [2.5, 7, 3, 7.5], "texture": "#3"},
				"south": {"uv": [2, 9, 2.5, 9.5], "texture": "#3"},
				"west": {"uv": [2, 9.5, 2.5, 10], "texture": "#3"},
				"up": {"uv": [2.5, 10.5, 2, 10], "texture": "#3"},
				"down": {"uv": [10.5, 2, 10, 2.5], "texture": "#3"}
			}
		},
		{
			"from": [11, 5.7961, 3.45672],
			"to": [12, 6.7961, 4.45672],
			"rotation": {"angle": 22.5, "axis": "x", "origin": [10, 5.2961, 3.45672]},
			"faces": {
				"north": {"uv": [2.5, 10, 3, 10.5], "texture": "#3"},
				"east": {"uv": [10, 2.5, 10.5, 3], "texture": "#3"},
				"south": {"uv": [3, 10, 3.5, 10.5], "texture": "#3"},
				"west": {"uv": [10, 3, 10.5, 3.5], "texture": "#3"},
				"up": {"uv": [4, 10.5, 3.5, 10], "texture": "#3"},
				"down": {"uv": [10.5, 3.5, 10, 4], "texture": "#3"}
			}
		},
		{
			"from": [6, 3.3806, 7.08658],
			"to": [10, 8.3806, 11.08658],
			"rotation": {"angle": 22.5, "axis": "x", "origin": [3, 3.3806, 7.08658]},
			"faces": {
				"north": {"uv": [7, 0, 9, 2.5], "texture": "#3"},
				"east": {"uv": [7, 2.5, 9, 5], "texture": "#3"},
				"south": {"uv": [2.5, 7.5, 4.5, 10], "texture": "#3"},
				"west": {"uv": [4.5, 7.5, 6.5, 10], "texture": "#3"},
				"up": {"uv": [8.5, 9.5, 6.5, 7.5], "texture": "#3"},
				"down": {"uv": [10.5, 5, 8.5, 7], "texture": "#3"}
			}
		},
		{
			"from": [7, 5.93373, 9.15998],
			"to": [9, 7.93373, 11.15998],
			"rotation": {"angle": 45, "axis": "x", "origin": [3, 2.93373, 9.15998]},
			"faces": {
				"north": {"uv": [3, 4, 4, 5], "texture": "#3"},
				"east": {"uv": [9, 1, 10, 2], "texture": "#3"},
				"south": {"uv": [9, 2, 10, 3], "texture": "#3"},
				"west": {"uv": [9, 3, 10, 4], "texture": "#3"},
				"up": {"uv": [10, 5, 9, 4], "texture": "#3"},
				"down": {"uv": [9.5, 9, 8.5, 10], "texture": "#3"}
			}
		},
		{
			"from": [7, 5.61524, 4.06566],
			"to": [9, 7.61524, 6.06566],
			"rotation": {"angle": -22.5, "axis": "x", "origin": [3, 2.61524, 4.06566]},
			"faces": {
				"north": {"uv": [6.5, 9.5, 7.5, 10.5], "texture": "#3"},
				"east": {"uv": [7.5, 9.5, 8.5, 10.5], "texture": "#3"},
				"south": {"uv": [9.5, 9, 10.5, 10], "texture": "#3"},
				"west": {"uv": [0, 10, 1, 11], "texture": "#3"},
				"up": {"uv": [2, 11, 1, 10], "texture": "#3"},
				"down": {"uv": [11, 1, 10, 2], "texture": "#3"}
			}
		},
		{
			"from": [2, 1, 2],
			"to": [14, 3, 14],
			"faces": {
				"north": {"uv": [2, 0, 14, 2], "texture": "#1", "tintindex": 1},
				"east": {"uv": [2, 0, 14, 2], "texture": "#1", "tintindex": 1},
				"south": {"uv": [2, 0, 14, 2], "texture": "#1", "tintindex": 1},
				"west": {"uv": [2, 0, 14, 2], "texture": "#1", "tintindex": 1},
				"up": {"uv": [2, 2, 14, 14], "texture": "#2"},
				"down": {"uv": [2, 2, 14, 14], "texture": "#2", "tintindex": 1}
			}
		},
		{
			"from": [3, 0, 3],
			"to": [13, 1, 13],
			"rotation": {"angle": 0, "axis": "y", "origin": [0, -2, 0]},
			"faces": {
				"north": {"uv": [3, 0, 13, 1], "texture": "#1", "tintindex": 1},
				"east": {"uv": [3, 0, 13, 1], "texture": "#1", "tintindex": 1},
				"south": {"uv": [3, 0, 13, 1], "texture": "#1", "tintindex": 1},
				"west": {"uv": [3, 0, 13, 1], "texture": "#1", "tintindex": 1},
				"down": {"uv": [3, 3, 13, 13], "texture": "#2"}
			}
		}
	],
	"display": {
		"thirdperson_righthand": {
			"rotation": [75, 45, 0],
			"translation": [0, 2.5, 0],
			"scale": [0.375, 0.375, 0.375]
		},
		"thirdperson_lefthand": {
			"rotation": [75, 45, 0],
			"translation": [0, 2.5, 0],
			"scale": [0.375, 0.375, 0.375]
		},
		"firstperson_righthand": {
			"rotation": [0, 45, 0],
			"translation": [0, 3.75, 0],
			"scale": [0.4, 0.4, 0.4]
		},
		"firstperson_lefthand": {
			"rotation": [0, 225, 0],
			"scale": [0.4, 0.4, 0.4]
		},
		"ground": {
			"translation": [0, 3, 0],
			"scale": [0.25, 0.25, 0.25]
		},
		"gui": {
			"rotation": [30, 225, 0],
			"scale": [0.625, 0.625, 0.625]
		},
		"head": {
			"translation": [0, 15.25, 0]
		},
		"fixed": {
			"rotation": [-90, 0, 0],
			"translation": [0, 0, -16],
			"scale": [2, 2, 2]
		}
	}
}