{
	"credit": "Made with Blockbench",
	"parent": "f101",
	"texture_size": [32, 32],
	"textures": {
		"1": "block/quartz_block_side",
		"2": "block/quartz_block_bottom",
		"3": "block/f116",
		"particle": "block/quartz_block_bottom"
	},
	"elements": [
		{
			"from": [8, 3, 4],
			"to": [12, 8, 8],
			"rotation": {"angle": 0, "axis": "y", "origin": [13, 3, 3]},
			"faces": {
				"north": {"uv": [2, 5, 4, 7.5], "texture": "#3"},
				"east": {"uv": [6, 4, 8, 6.5], "texture": "#3"},
				"south": {"uv": [4, 6.5, 6, 9], "texture": "#3"},
				"west": {"uv": [6, 6.5, 8, 9], "texture": "#3"},
				"up": {"uv": [10, 7, 8, 5], "texture": "#3"},
				"down": {"uv": [10, 7, 8, 9], "texture": "#3"}
			}
		},
		{
			"from": [4, 3, 8],
			"to": [12, 8, 12],
			"rotation": {"angle": 0, "axis": "y", "origin": [13, 3, 3]},
			"faces": {
				"north": {"uv": [0, 0, 4, 2.5], "texture": "#3"},
				"east": {"uv": [4, 4, 6, 6.5], "texture": "#3"},
				"south": {"uv": [0, 2.5, 4, 5], "texture": "#3"},
				"west": {"uv": [0, 5, 2, 7.5], "texture": "#3"},
				"up": {"uv": [8, 2, 4, 0], "texture": "#3"},
				"down": {"uv": [8, 2, 4, 4], "texture": "#3"}
			}
		},
		{
			"from": [3, 3, 3],
			"to": [7, 8, 7],
			"rotation": {"angle": 0, "axis": "y", "origin": [12, 3, 2]},
			"faces": {
				"north": {"uv": [0, 7.5, 2, 10], "texture": "#3"},
				"east": {"uv": [2, 7.5, 4, 10], "texture": "#3"},
				"south": {"uv": [8, 0, 10, 2.5], "texture": "#3"},
				"west": {"uv": [8, 2.5, 10, 5], "texture": "#3"},
				"up": {"uv": [6, 11, 4, 9], "texture": "#3"},
				"down": {"uv": [8, 9, 6, 11], "texture": "#3"}
			}
		},
		{
			"from": [2, 1, 2],
			"to": [14, 3, 14],
			"faces": {
				"north": {"uv": [2, 0, 14, 2], "texture": "#1", "tintindex": 1},
				"east": {"uv": [2, 0, 14, 2], "texture": "#1", "tintindex": 1},
				"south": {"uv": [2, 0, 14, 2], "texture": "#1", "tintindex": 1},
				"west": {"uv": [2, 0, 14, 2], "texture": "#1", "tintindex": 1},
				"up": {"uv": [2, 2, 14, 14], "texture": "#2"},
				"down": {"uv": [2, 2, 14, 14], "texture": "#2", "tintindex": 1}
			}
		},
		{
			"from": [3, 0, 3],
			"to": [13, 1, 13],
			"rotation": {"angle": 0, "axis": "y", "origin": [0, -2, 0]},
			"faces": {
				"north": {"uv": [3, 0, 13, 1], "texture": "#1", "tintindex": 1},
				"east": {"uv": [3, 0, 13, 1], "texture": "#1", "tintindex": 1},
				"south": {"uv": [3, 0, 13, 1], "texture": "#1", "tintindex": 1},
				"west": {"uv": [3, 0, 13, 1], "texture": "#1", "tintindex": 1},
				"down": {"uv": [3, 3, 13, 13], "texture": "#2"}
			}
		}
	],
	"display": {
		"thirdperson_righthand": {
			"rotation": [75, 45, 0],
			"translation": [0, 2.5, 0],
			"scale": [0.375, 0.375, 0.375]
		},
		"thirdperson_lefthand": {
			"rotation": [75, 45, 0],
			"translation": [0, 2.5, 0],
			"scale": [0.375, 0.375, 0.375]
		},
		"firstperson_righthand": {
			"rotation": [0, 45, 0],
			"translation": [0, 3.75, 0],
			"scale": [0.4, 0.4, 0.4]
		},
		"firstperson_lefthand": {
			"rotation": [0, 225, 0],
			"scale": [0.4, 0.4, 0.4]
		},
		"ground": {
			"translation": [0, 3, 0],
			"scale": [0.25, 0.25, 0.25]
		},
		"gui": {
			"rotation": [30, 225, 0],
			"scale": [0.625, 0.625, 0.625]
		},
		"head": {
			"translation": [0, 15.25, 0]
		},
		"fixed": {
			"rotation": [-90, 0, 0],
			"translation": [0, 0, -16],
			"scale": [2, 2, 2]
		}
	}
}