{
	"credit": "Made with Blockbench",
	"parent": "f101",
	"texture_size": [64, 64],
	"textures": {
		"0": "block/f118",
		"particle": "block/f118"
	},
	"elements": [
		{
			"from": [2, 1, 2],
			"to": [14, 3, 14],
			"faces": {
				"north": {"uv": [8, 2.25, 11, 2.75], "texture": "#0"},
				"east": {"uv": [8, 2.75, 11, 3.25], "texture": "#0"},
				"south": {"uv": [8, 3.25, 11, 3.75], "texture": "#0"},
				"west": {"uv": [8, 3.75, 11, 4.25], "texture": "#0"},
				"up": {"uv": [3, 3, 0, 0], "texture": "#0"},
				"down": {"uv": [3, 3, 0, 6], "texture": "#0"}
			}
		},
		{
			"from": [2, 3, 2],
			"to": [14, 8, 4],
			"faces": {
				"north": {"uv": [5, 2.5, 8, 3.75], "texture": "#0"},
				"east": {"uv": [0, 8.25, 0.5, 9.5], "texture": "#0"},
				"south": {"uv": [5, 3.75, 8, 5], "texture": "#0"},
				"west": {"uv": [0.5, 8.25, 1, 9.5], "texture": "#0"},
				"up": {"uv": [7, 8, 4, 7.5], "texture": "#0"},
				"down": {"uv": [5, 8, 2, 8.5], "texture": "#0"}
			}
		},
		{
			"from": [2, 3, 12],
			"to": [14, 8, 14],
			"rotation": {"angle": 0, "axis": "y", "origin": [0, 0, 10]},
			"faces": {
				"north": {"uv": [5, 5, 8, 6.25], "texture": "#0"},
				"east": {"uv": [7, 8.25, 7.5, 9.5], "texture": "#0"},
				"south": {"uv": [5.5, 0, 8.5, 1.25], "texture": "#0"},
				"west": {"uv": [7.5, 8.25, 8, 9.5], "texture": "#0"},
				"up": {"uv": [11, 4.75, 8, 4.25], "texture": "#0"},
				"down": {"uv": [11, 4.75, 8, 5.25], "texture": "#0"}
			}
		},
		{
			"from": [12, 3, 4],
			"to": [14, 8, 12],
			"rotation": {"angle": 0, "axis": "y", "origin": [0, 0, 10]},
			"faces": {
				"north": {"uv": [8, 8.25, 8.5, 9.5], "texture": "#0"},
				"east": {"uv": [5, 6.25, 7, 7.5], "texture": "#0"},
				"south": {"uv": [8.5, 0, 9, 1.25], "texture": "#0"},
				"west": {"uv": [2, 6.5, 4, 7.75], "texture": "#0"},
				"up": {"uv": [6.5, 10, 6, 8], "texture": "#0"},
				"down": {"uv": [7, 8, 6.5, 10], "texture": "#0"}
			}
		},
		{
			"from": [2, 3, 4],
			"to": [4, 8, 12],
			"rotation": {"angle": 0, "axis": "y", "origin": [-10, 0, 10]},
			"faces": {
				"north": {"uv": [1, 8.25, 1.5, 9.5], "texture": "#0"},
				"east": {"uv": [5.5, 1.25, 7.5, 2.5], "texture": "#0"},
				"south": {"uv": [1.5, 8.25, 2, 9.5], "texture": "#0"},
				"west": {"uv": [0, 6, 2, 7.25], "texture": "#0"},
				"up": {"uv": [5.5, 10, 5, 8], "texture": "#0"},
				"down": {"uv": [6, 8, 5.5, 10], "texture": "#0"}
			}
		},
		{
			"from": [4, 3, 4],
			"to": [12, 7, 12],
			"rotation": {"angle": 0, "axis": "y", "origin": [-8, 0, 10]},
			"faces": {
				"north": {"uv": [7, 6.25, 9, 7.25], "texture": "#0"},
				"east": {"uv": [0, 7.25, 2, 8.25], "texture": "#0"},
				"south": {"uv": [7, 7.25, 9, 8.25], "texture": "#0"},
				"west": {"uv": [7.5, 1.25, 9.5, 2.25], "texture": "#0"},
				"up": {"uv": [5, 4.5, 3, 2.5], "texture": "#0"},
				"down": {"uv": [5, 4.5, 3, 6.5], "texture": "#0"}
			}
		},
		{
			"from": [3, 0, 3],
			"to": [13, 1, 13],
			"rotation": {"angle": 0, "axis": "y", "origin": [0, -2, 0]},
			"faces": {
				"north": {"uv": [8, 5.25, 10.5, 5.5], "texture": "#0"},
				"east": {"uv": [8, 5.5, 10.5, 5.75], "texture": "#0"},
				"south": {"uv": [8, 5.75, 10.5, 6], "texture": "#0"},
				"west": {"uv": [8, 6, 10.5, 6.25], "texture": "#0"},
				"down": {"uv": [5.5, 0, 3, 2.5], "texture": "#0"}
			}
		}
	],
	"display": {
		"thirdperson_righthand": {
			"rotation": [75, 45, 0],
			"translation": [0, 2.5, 0],
			"scale": [0.375, 0.375, 0.375]
		},
		"thirdperson_lefthand": {
			"rotation": [75, 45, 0],
			"translation": [0, 2.5, 0],
			"scale": [0.375, 0.375, 0.375]
		},
		"firstperson_righthand": {
			"rotation": [0, 135, 0],
			"translation": [0, 3.75, 0],
			"scale": [0.4, 0.4, 0.4]
		},
		"firstperson_lefthand": {
			"rotation": [0, 135, 0],
			"translation": [0, 3.75, 0],
			"scale": [0.4, 0.4, 0.4]
		},
		"ground": {
			"translation": [0, 3, 0],
			"scale": [0.25, 0.25, 0.25]
		},
		"gui": {
			"rotation": [30, 225, 0],
			"scale": [0.625, 0.625, 0.625]
		},
		"head": {
			"translation": [0, 15.25, 0]
		},
		"fixed": {
			"rotation": [-90, 0, 0],
			"translation": [0, 0, -16],
			"scale": [2, 2, 2]
		}
	}
}