{
	"credit": "Made with Blockbench",
	"parent": "f101",
	"texture_size": [32, 32],
	"textures": {
		"0": "block/f122",
		"particle": "block/f122"
	},
	"elements": [
		{
			"from": [4.5, 0.5, 6],
			"to": [5.5, 1.5, 11.5],
			"rotation": {"angle": 22.5, "axis": "y", "origin": [5, 1, 8.5]},
			"faces": {
				"north": {"uv": [2.5, 3, 3, 3.5], "texture": "#0"},
				"east": {"uv": [5, 2.5, 8, 3], "texture": "#0"},
				"south": {"uv": [6, 8, 6.5, 8.5], "texture": "#0"},
				"west": {"uv": [5, 3, 8, 3.5], "texture": "#0"},
				"up": {"uv": [2.5, 8, 2, 5], "texture": "#0"},
				"down": {"uv": [5, 5, 4.5, 8], "texture": "#0"}
			}
		},
		{
			"from": [3.75, 1, 11.25],
			"to": [6.25, 1, 12],
			"rotation": {"angle": 22.5, "axis": "y", "origin": [5, 1, 8.5]},
			"faces": {
				"north": {"uv": [8, 2.5, 9.5, 3], "texture": "#0"},
				"east": {"uv": [4.5, 8.5, 5, 9], "texture": "#0"},
				"south": {"uv": [8, 3, 9.5, 3.5], "texture": "#0"},
				"west": {"uv": [5, 8.5, 5.5, 9], "texture": "#0"},
				"up": {"uv": [6, 8.5, 4.5, 8], "texture": "#0"},
				"down": {"uv": [9.5, 5, 8, 5.5], "texture": "#0"}
			}
		},
		{
			"from": [5.125, 1, 12],
			"to": [5.625, 1, 15],
			"rotation": {"angle": 22.5, "axis": "y", "origin": [5, 1, 8.5]},
			"faces": {
				"north": {"uv": [8.5, 0, 9, 0.5], "texture": "#0"},
				"east": {"uv": [6.5, 6.5, 8, 7], "texture": "#0"},
				"south": {"uv": [8.5, 0.5, 9, 1], "texture": "#0"},
				"west": {"uv": [7, 0.5, 8.5, 1], "texture": "#0"},
				"up": {"uv": [3, 8.5, 2.5, 7], "texture": "#0"},
				"down": {"uv": [3.5, 7, 3, 8.5], "texture": "#0"}
			}
		},
		{
			"from": [5.875, 1, 12],
			"to": [6.375, 1, 14.75],
			"rotation": {"angle": 22.5, "axis": "y", "origin": [5, 1, 8.5]},
			"faces": {
				"north": {"uv": [3.5, 8.5, 4, 9], "texture": "#0"},
				"east": {"uv": [5, 7, 6.5, 7.5], "texture": "#0"},
				"south": {"uv": [8.5, 3.5, 9, 4], "texture": "#0"},
				"west": {"uv": [7, 5.5, 8.5, 6], "texture": "#0"},
				"up": {"uv": [7, 8.5, 6.5, 7], "texture": "#0"},
				"down": {"uv": [7.5, 7, 7, 8.5], "texture": "#0"}
			}
		},
		{
			"from": [3.625, 1, 12],
			"to": [4.125, 1, 14.75],
			"rotation": {"angle": 22.5, "axis": "y", "origin": [5, 1, 8.5]},
			"faces": {
				"north": {"uv": [4, 8.5, 4.5, 9], "texture": "#0"},
				"east": {"uv": [7, 6, 8.5, 6.5], "texture": "#0"},
				"south": {"uv": [8.5, 4, 9, 4.5], "texture": "#0"},
				"west": {"uv": [5, 7.5, 6.5, 8], "texture": "#0"},
				"up": {"uv": [8, 8.5, 7.5, 7], "texture": "#0"},
				"down": {"uv": [2.5, 8, 2, 9.5], "texture": "#0"}
			}
		},
		{
			"from": [4.375, 1, 12],
			"to": [4.875, 1, 15],
			"rotation": {"angle": 22.5, "axis": "y", "origin": [5, 1, 8.5]},
			"faces": {
				"north": {"uv": [2.5, 8.5, 3, 9], "texture": "#0"},
				"east": {"uv": [7, 3.5, 8.5, 4], "texture": "#0"},
				"south": {"uv": [3, 8.5, 3.5, 9], "texture": "#0"},
				"west": {"uv": [7, 4, 8.5, 4.5], "texture": "#0"},
				"up": {"uv": [4, 8.5, 3.5, 7], "texture": "#0"},
				"down": {"uv": [4.5, 7, 4, 8.5], "texture": "#0"}
			}
		},
		{
			"from": [10, 0, 1],
			"to": [12, 2, 6],
			"rotation": {"angle": -22.5, "axis": "y", "origin": [11.7844, 1, 7.30657]},
			"faces": {
				"north": {"uv": [6, 3.5, 7, 4.5], "texture": "#0", "tintindex": 1},
				"east": {"uv": [3.5, 3.5, 6, 4.5], "texture": "#0", "tintindex": 1},
				"south": {"uv": [6, 5.5, 7, 6.5], "texture": "#0", "tintindex": 1},
				"west": {"uv": [0, 4, 2.5, 5], "texture": "#0", "tintindex": 1},
				"up": {"uv": [5, 3.5, 4, 1], "texture": "#0", "tintindex": 1},
				"down": {"uv": [4.5, 4.5, 3.5, 7], "texture": "#0", "tintindex": 1}
			}
		},
		{
			"from": [10.5, 1.25, 6],
			"to": [11.5, 1.25, 15],
			"rotation": {"angle": -22.5, "axis": "y", "origin": [11.7844, 1.25, 7.30657]},
			"faces": {
				"north": {"uv": [8, 6.5, 8.5, 7], "texture": "#0"},
				"east": {"uv": [4.5, 4.5, 9, 5], "texture": "#0"},
				"south": {"uv": [8, 7, 8.5, 7.5], "texture": "#0"},
				"west": {"uv": [5, 1, 9.5, 1.5], "texture": "#0"},
				"up": {"uv": [0.5, 9.5, 0, 5], "texture": "#0"},
				"down": {"uv": [1, 5, 0.5, 9.5], "texture": "#0"}
			}
		},
		{
			"from": [4.56776, 1.225, 8.98797],
			"to": [12.56776, 1.275, 9.98797],
			"rotation": {"angle": 45, "axis": "y", "origin": [11.7844, 1.25, 7.30657]},
			"faces": {
				"east": {"uv": [8, 7.5, 8.5, 8], "texture": "#0"},
				"south": {"uv": [5, 1.5, 9, 2], "texture": "#0"},
				"up": {"uv": [1.5, 9, 1, 5], "rotation": 90, "texture": "#0"},
				"down": {"uv": [2, 5, 1.5, 9], "rotation": 270, "texture": "#0"}
			}
		},
		{
			"from": [6.56776, 1.225, 6.48797],
			"to": [12.56776, 1.275, 8.98797],
			"rotation": {"angle": 45, "axis": "y", "origin": [11.7844, 1.25, 7.30657]},
			"faces": {
				"east": {"uv": [5.5, 0.5, 7, 1], "texture": "#0"},
				"south": {"uv": [5, 5, 8, 5.5], "texture": "#0"},
				"up": {"uv": [1.5, 3, 0, 0], "rotation": 90, "texture": "#0"},
				"down": {"uv": [3, 0, 1.5, 3], "rotation": 270, "texture": "#0"}
			}
		},
		{
			"from": [4, 0, 1],
			"to": [6, 2, 6],
			"rotation": {"angle": 22.5, "axis": "y", "origin": [5, 1, 8.5]},
			"faces": {
				"north": {"uv": [5, 5.5, 6, 6.5], "texture": "#0", "tintindex": 1},
				"east": {"uv": [0, 3, 2.5, 4], "texture": "#0", "tintindex": 1},
				"south": {"uv": [2.5, 6, 3.5, 7], "texture": "#0", "tintindex": 1},
				"west": {"uv": [3, 0, 5.5, 1], "texture": "#0", "tintindex": 1},
				"up": {"uv": [4, 3.5, 3, 1], "texture": "#0", "tintindex": 1},
				"down": {"uv": [3.5, 3.5, 2.5, 6], "texture": "#0", "tintindex": 1}
			}
		}
	],
	"display": {
		"thirdperson_righthand": {
			"rotation": [75, 45, 0],
			"translation": [0, 2.5, 0],
			"scale": [0.375, 0.375, 0.375]
		},
		"thirdperson_lefthand": {
			"rotation": [75, 45, 0],
			"translation": [0, 2.5, 0],
			"scale": [0.375, 0.375, 0.375]
		},
		"firstperson_righthand": {
			"rotation": [-105.09, 13.19, 151.16],
			"translation": [-1.25, 4.5, 2.25]
		},
		"firstperson_lefthand": {
			"rotation": [-105.09, 13.19, 151.16],
			"translation": [-1.25, 4.5, 2.25]
		},
		"ground": {
			"translation": [0, 3, 0],
			"scale": [0.25, 0.25, 0.25]
		},
		"gui": {
			"rotation": [30, 225, 0],
			"scale": [0.625, 0.625, 0.625]
		},
		"head": {
			"translation": [0, 15.25, 0]
		},
		"fixed": {
			"rotation": [-90, 0, 0],
			"translation": [0, 0, -16],
			"scale": [2, 2, 2]
		}
	}
}