{
	"credit": "Made with Blockbench",
	"parent": "f101",
	"texture_size": [64, 64],
	"textures": {
		"1": "block/stripped_oak_log",
		"4": "block/f126",
		"particle": "block/stripped_oak_log"
	},
	"elements": [
		{
			"from": [1.1, -16, 1.1],
			"to": [3, -0.025, 3],
			"rotation": {"angle": 0, "axis": "y", "origin": [1, -16, 1]},
			"faces": {
				"north": {"uv": [0, 0, 2, 16], "texture": "#1"},
				"east": {"uv": [0, 0, 2, 16], "texture": "#1"},
				"south": {"uv": [0, 0, 2, 16], "texture": "#1"},
				"west": {"uv": [0, 0, 2, 16], "texture": "#1"},
				"up": {"uv": [0, 0, 2, 2], "texture": "#1"},
				"down": {"uv": [0, 0, 2, 2], "texture": "#1"}
			}
		},
		{
			"from": [0.025, -3, 1.5],
			"to": [15.975, -1, 2.5],
			"rotation": {"angle": 0, "axis": "z", "origin": [16, -3, 1]},
			"faces": {
				"north": {"uv": [0, 0, 2, 16], "rotation": 90, "texture": "#1"},
				"east": {"uv": [0, 0, 2, 1], "rotation": 270, "texture": "#1"},
				"south": {"uv": [0, 0, 2, 16], "rotation": 270, "texture": "#1"},
				"west": {"uv": [0, 0, 2, 1], "rotation": 270, "texture": "#1"},
				"up": {"uv": [0, 0, 1, 16], "rotation": 270, "texture": "#1"},
				"down": {"uv": [0, 0, 1, 16], "rotation": 270, "texture": "#1"}
			}
		},
		{
			"from": [0.025, -3, 13.5],
			"to": [15.975, -1, 14.5],
			"rotation": {"angle": 0, "axis": "y", "origin": [16, -3, 13]},
			"faces": {
				"north": {"uv": [0, 0, 2, 16], "rotation": 90, "texture": "#1"},
				"east": {"uv": [0, 0, 2, 1], "rotation": 270, "texture": "#1"},
				"south": {"uv": [0, 0, 2, 16], "rotation": 270, "texture": "#1"},
				"west": {"uv": [0, 0, 2, 1], "rotation": 270, "texture": "#1"},
				"up": {"uv": [0, 0, 1, 16], "rotation": 270, "texture": "#1"},
				"down": {"uv": [0, 0, 1, 16], "rotation": 270, "texture": "#1"}
			}
		},
		{
			"from": [0.025, -14, 1.5],
			"to": [15.975, -12, 2.5],
			"rotation": {"angle": 0, "axis": "y", "origin": [16, -14, 1]},
			"faces": {
				"north": {"uv": [0, 0, 2, 16], "rotation": 90, "texture": "#1"},
				"east": {"uv": [0, 0, 2, 1], "rotation": 270, "texture": "#1"},
				"south": {"uv": [0, 0, 2, 16], "rotation": 270, "texture": "#1"},
				"west": {"uv": [0, 0, 2, 1], "rotation": 270, "texture": "#1"},
				"up": {"uv": [0, 0, 1, 16], "rotation": 270, "texture": "#1"},
				"down": {"uv": [0, 0, 1, 16], "rotation": 270, "texture": "#1"}
			}
		},
		{
			"from": [0.025, -14, 13.5],
			"to": [15.975, -12, 14.5],
			"rotation": {"angle": 0, "axis": "y", "origin": [16, -14, 13]},
			"faces": {
				"north": {"uv": [0, 0, 2, 16], "rotation": 90, "texture": "#1"},
				"east": {"uv": [0, 0, 2, 1], "rotation": 270, "texture": "#1"},
				"south": {"uv": [0, 0, 2, 16], "rotation": 270, "texture": "#1"},
				"west": {"uv": [0, 0, 2, 1], "rotation": 270, "texture": "#1"},
				"up": {"uv": [0, 0, 1, 16], "rotation": 270, "texture": "#1"},
				"down": {"uv": [0, 0, 1, 16], "rotation": 270, "texture": "#1"}
			}
		},
		{
			"from": [1.5, -3, 0.025],
			"to": [2.5, -1, 15.975],
			"rotation": {"angle": 0, "axis": "y", "origin": [8, -7.5, 8]},
			"faces": {
				"north": {"uv": [0, 0, 2, 1], "rotation": 270, "texture": "#1"},
				"east": {"uv": [0, 0, 2, 16], "rotation": 90, "texture": "#1"},
				"south": {"uv": [0, 0, 2, 1], "rotation": 270, "texture": "#1"},
				"west": {"uv": [0, 0, 2, 16], "rotation": 270, "texture": "#1"},
				"up": {"uv": [0, 0, 1, 16], "texture": "#1"},
				"down": {"uv": [0, 0, 1, 16], "rotation": 180, "texture": "#1"}
			}
		},
		{
			"from": [13.5, -3, 0.025],
			"to": [14.5, -1, 15.975],
			"rotation": {"angle": 0, "axis": "y", "origin": [8, -7.5, 8]},
			"faces": {
				"north": {"uv": [0, 0, 2, 1], "rotation": 270, "texture": "#1"},
				"east": {"uv": [0, 0, 2, 16], "rotation": 90, "texture": "#1"},
				"south": {"uv": [0, 0, 2, 1], "rotation": 270, "texture": "#1"},
				"west": {"uv": [0, 0, 2, 16], "rotation": 270, "texture": "#1"},
				"up": {"uv": [0, 0, 1, 16], "texture": "#1"},
				"down": {"uv": [0, 0, 1, 16], "rotation": 180, "texture": "#1"}
			}
		},
		{
			"from": [13.5, -14, 0.025],
			"to": [14.5, -12, 15.975],
			"rotation": {"angle": 0, "axis": "y", "origin": [8, -7.5, 8]},
			"faces": {
				"north": {"uv": [0, 0, 2, 1], "rotation": 270, "texture": "#1"},
				"east": {"uv": [0, 0, 2, 16], "rotation": 90, "texture": "#1"},
				"south": {"uv": [0, 0, 2, 1], "rotation": 270, "texture": "#1"},
				"west": {"uv": [0, 0, 2, 16], "rotation": 270, "texture": "#1"},
				"up": {"uv": [0, 0, 1, 16], "texture": "#1"},
				"down": {"uv": [0, 0, 1, 16], "rotation": 180, "texture": "#1"}
			}
		},
		{
			"from": [1.5, -14, 0.025],
			"to": [2.5, -12, 15.975],
			"rotation": {"angle": 0, "axis": "y", "origin": [8, -7.5, 8]},
			"faces": {
				"north": {"uv": [0, 0, 2, 1], "rotation": 270, "texture": "#1"},
				"east": {"uv": [0, 0, 2, 16], "rotation": 90, "texture": "#1"},
				"south": {"uv": [0, 0, 2, 1], "rotation": 270, "texture": "#1"},
				"west": {"uv": [0, 0, 2, 16], "rotation": 270, "texture": "#1"},
				"up": {"uv": [0, 0, 1, 16], "texture": "#1"},
				"down": {"uv": [0, 0, 1, 16], "rotation": 180, "texture": "#1"}
			}
		},
		{
			"from": [13, -16, 13],
			"to": [14.9, -0.025, 14.9],
			"rotation": {"angle": 0, "axis": "y", "origin": [13, -16, 13]},
			"faces": {
				"north": {"uv": [0, 0, 2, 16], "texture": "#1"},
				"east": {"uv": [0, 0, 2, 16], "texture": "#1"},
				"south": {"uv": [0, 0, 2, 16], "texture": "#1"},
				"west": {"uv": [0, 0, 2, 16], "texture": "#1"},
				"up": {"uv": [0, 0, 2, 2], "texture": "#1"},
				"down": {"uv": [0, 0, 2, 2], "texture": "#1"}
			}
		},
		{
			"from": [1.1, -16, 13],
			"to": [3, -0.025, 14.9],
			"rotation": {"angle": 0, "axis": "y", "origin": [1, -16, 13]},
			"faces": {
				"north": {"uv": [0, 0, 2, 16], "texture": "#1"},
				"east": {"uv": [0, 0, 2, 16], "texture": "#1"},
				"south": {"uv": [0, 0, 2, 16], "texture": "#1"},
				"west": {"uv": [0, 0, 2, 16], "texture": "#1"},
				"up": {"uv": [0, 0, 2, 2], "texture": "#1"},
				"down": {"uv": [0, 0, 2, 2], "texture": "#1"}
			}
		},
		{
			"from": [13, -16, 1.1],
			"to": [14.9, -0.025, 3],
			"rotation": {"angle": 0, "axis": "y", "origin": [13, -16, 1]},
			"faces": {
				"north": {"uv": [0, 0, 2, 16], "texture": "#1"},
				"east": {"uv": [0, 0, 2, 16], "texture": "#1"},
				"south": {"uv": [0, 0, 2, 16], "texture": "#1"},
				"west": {"uv": [0, 0, 2, 16], "texture": "#1"},
				"up": {"uv": [0, 0, 2, 2], "texture": "#1"},
				"down": {"uv": [0, 0, 2, 2], "texture": "#1"}
			}
		},
		{
			"from": [5.1, 1, 1],
			"to": [10.9, 2, 15],
			"rotation": {"angle": 0, "axis": "y", "origin": [0, 1, 0]},
			"faces": {
				"north": {"uv": [7.75, 4.5, 9.25, 4.75], "texture": "#4"},
				"east": {"uv": [7, 4.75, 10.5, 5], "texture": "#4"},
				"south": {"uv": [9.25, 4.5, 10.75, 4.75], "texture": "#4"},
				"west": {"uv": [7, 5, 10.5, 5.25], "texture": "#4"},
				"up": {"uv": [5.5, 3.5, 4, 0], "texture": "#4"},
				"down": {"uv": [5.5, 3.5, 4, 7], "texture": "#4"}
			}
		},
		{
			"from": [4.75, 1.95, 0],
			"to": [11.25, 4.05, 2],
			"rotation": {"angle": -45, "axis": "y", "origin": [8, 2, 8]},
			"faces": {
				"north": {"uv": [3.5, 8.5, 5.25, 9], "texture": "#4"},
				"east": {"uv": [10, 9.75, 10.5, 10.25], "texture": "#4"},
				"south": {"uv": [8.75, 6.75, 10.5, 7.25], "texture": "#4"},
				"west": {"uv": [0, 10.25, 0.5, 10.75], "texture": "#4"},
				"up": {"uv": [10.5, 7.75, 8.75, 7.25], "texture": "#4"},
				"down": {"uv": [9.25, 8.75, 7.5, 9.25], "texture": "#4"}
			}
		},
		{
			"from": [4.75, 2, 14],
			"to": [11.25, 4, 16],
			"rotation": {"angle": 45, "axis": "y", "origin": [8, 2, 8]},
			"faces": {
				"north": {"uv": [7.75, 4, 9.5, 4.5], "texture": "#4"},
				"east": {"uv": [9, 10, 9.5, 10.5], "texture": "#4"},
				"south": {"uv": [7.5, 7.75, 9.25, 8.25], "texture": "#4"},
				"west": {"uv": [9.5, 10, 10, 10.5], "texture": "#4"},
				"up": {"uv": [5.25, 8.5, 3.5, 8], "texture": "#4"},
				"down": {"uv": [9.25, 8.25, 7.5, 8.75], "texture": "#4"}
			}
		},
		{
			"from": [14, 1.975, 4.75],
			"to": [16, 4.025, 11.25],
			"rotation": {"angle": 0, "axis": "y", "origin": [0, 2, 0]},
			"faces": {
				"north": {"uv": [8, 10, 8.5, 10.5], "texture": "#4"},
				"east": {"uv": [7.75, 3, 9.5, 3.5], "texture": "#4"},
				"south": {"uv": [8.5, 10, 9, 10.5], "texture": "#4"},
				"west": {"uv": [7.75, 3.5, 9.5, 4], "texture": "#4"},
				"up": {"uv": [3.5, 9.5, 3, 7.75], "texture": "#4"},
				"down": {"uv": [7.5, 7.75, 7, 9.5], "texture": "#4"}
			}
		},
		{
			"from": [4.75, 1.975, 14],
			"to": [11.25, 4.025, 16],
			"rotation": {"angle": 0, "axis": "y", "origin": [0, 2, 0]},
			"faces": {
				"north": {"uv": [3.75, 7, 5.5, 7.5], "texture": "#4"},
				"east": {"uv": [3, 10, 3.5, 10.5], "texture": "#4"},
				"south": {"uv": [7, 6.75, 8.75, 7.25], "texture": "#4"},
				"west": {"uv": [7.5, 10, 8, 10.5], "texture": "#4"},
				"up": {"uv": [8.75, 7.75, 7, 7.25], "texture": "#4"},
				"down": {"uv": [5.5, 7.5, 3.75, 8], "texture": "#4"}
			}
		},
		{
			"from": [4.75, 1.95, 14],
			"to": [11.25, 4.05, 16],
			"rotation": {"angle": -45, "axis": "y", "origin": [8, 2, 8]},
			"faces": {
				"north": {"uv": [9.25, 9.25, 11, 9.75], "texture": "#4"},
				"east": {"uv": [5, 10.25, 5.5, 10.75], "texture": "#4"},
				"south": {"uv": [0, 9.5, 1.75, 10], "texture": "#4"},
				"west": {"uv": [5.5, 10.25, 6, 10.75], "texture": "#4"},
				"up": {"uv": [3.5, 10, 1.75, 9.5], "texture": "#4"},
				"down": {"uv": [11.25, 3, 9.5, 3.5], "texture": "#4"}
			}
		},
		{
			"from": [4.75, 2, 0],
			"to": [11.25, 4, 2],
			"rotation": {"angle": 45, "axis": "y", "origin": [8, 2, 8]},
			"faces": {
				"north": {"uv": [7.5, 9.25, 9.25, 9.75], "texture": "#4"},
				"east": {"uv": [2.5, 10.25, 3, 10.75], "texture": "#4"},
				"south": {"uv": [9.25, 7.75, 11, 8.25], "texture": "#4"},
				"west": {"uv": [4.5, 10.25, 5, 10.75], "texture": "#4"},
				"up": {"uv": [11, 8.75, 9.25, 8.25], "texture": "#4"},
				"down": {"uv": [11, 8.75, 9.25, 9.25], "texture": "#4"}
			}
		},
		{
			"from": [7, 2.25, -1],
			"to": [9, 3.75, 0],
			"rotation": {"angle": 45, "axis": "y", "origin": [8, 2, 8]},
			"faces": {
				"north": {"uv": [6, 10.25, 6.5, 10.75], "texture": "#4"},
				"east": {"uv": [3.75, 6, 4, 6.5], "texture": "#4"},
				"south": {"uv": [6.5, 10.25, 7, 10.75], "texture": "#4"},
				"west": {"uv": [3.75, 6.5, 4, 7], "texture": "#4"},
				"up": {"uv": [7.5, 9.75, 7, 9.5], "texture": "#4"},
				"down": {"uv": [7.5, 10.25, 7, 10.5], "texture": "#4"}
			}
		},
		{
			"from": [6.75, 2, -8],
			"to": [9.25, 4, -1],
			"rotation": {"angle": 45, "axis": "y", "origin": [8, 2, 8]},
			"faces": {
				"north": {"uv": [4.5, 9, 5.25, 9.5], "texture": "#4", "tintindex": 1},
				"east": {"uv": [9.5, 3.5, 11.25, 4], "texture": "#4", "tintindex": 1},
				"south": {"uv": [4.5, 9.5, 5.25, 10], "texture": "#4", "tintindex": 1},
				"west": {"uv": [9.5, 4, 11.25, 4.5], "texture": "#4", "tintindex": 1},
				"up": {"uv": [3.75, 7.75, 3, 6], "texture": "#4", "tintindex": 1},
				"down": {"uv": [7.75, 3, 7, 4.75], "texture": "#4", "tintindex": 1}
			}
		},
		{
			"from": [0, 1.975, 4.75],
			"to": [2, 4.025, 11.25],
			"rotation": {"angle": 0, "axis": "y", "origin": [0, 2, 0]},
			"faces": {
				"north": {"uv": [1.5, 10.25, 2, 10.75], "texture": "#4"},
				"east": {"uv": [9, 2, 10.75, 2.5], "texture": "#4"},
				"south": {"uv": [2, 10.25, 2.5, 10.75], "texture": "#4"},
				"west": {"uv": [9, 2.5, 10.75, 3], "texture": "#4"},
				"up": {"uv": [4, 10.75, 3.5, 9], "texture": "#4"},
				"down": {"uv": [4.5, 9, 4, 10.75], "texture": "#4"}
			}
		},
		{
			"from": [4.75, 1.975, 0],
			"to": [11.25, 4.025, 2],
			"rotation": {"angle": 0, "axis": "y", "origin": [0, 2, 0]},
			"faces": {
				"north": {"uv": [9, 0, 10.75, 0.5], "texture": "#4"},
				"east": {"uv": [0.5, 10.25, 1, 10.75], "texture": "#4"},
				"south": {"uv": [9, 0.5, 10.75, 1], "texture": "#4"},
				"west": {"uv": [1, 10.25, 1.5, 10.75], "texture": "#4"},
				"up": {"uv": [10.75, 1.5, 9, 1], "texture": "#4"},
				"down": {"uv": [10.75, 1.5, 9, 2], "texture": "#4"}
			}
		},
		{
			"from": [1, 1, 5.1],
			"to": [15, 2, 10.9],
			"rotation": {"angle": 0, "axis": "y", "origin": [0, 1, 0]},
			"faces": {
				"north": {"uv": [7, 5.25, 10.5, 5.5], "texture": "#4"},
				"east": {"uv": [7, 9.75, 8.5, 10], "texture": "#4"},
				"south": {"uv": [7, 5.5, 10.5, 5.75], "texture": "#4"},
				"west": {"uv": [8.5, 9.75, 10, 10], "texture": "#4"},
				"up": {"uv": [9, 1.5, 5.5, 0], "texture": "#4"},
				"down": {"uv": [9, 1.5, 5.5, 3], "texture": "#4"}
			}
		},
		{
			"from": [5.1, 0.975, 1],
			"to": [10.9, 2.025, 15],
			"rotation": {"angle": 45, "axis": "y", "origin": [8, 1, 8]},
			"faces": {
				"north": {"uv": [0, 10, 1.5, 10.25], "texture": "#4"},
				"east": {"uv": [7, 5.75, 10.5, 6], "texture": "#4"},
				"south": {"uv": [1.5, 10, 3, 10.25], "texture": "#4"},
				"west": {"uv": [7, 6, 10.5, 6.25], "texture": "#4"},
				"up": {"uv": [7, 6.5, 5.5, 3], "texture": "#4"},
				"down": {"uv": [1.5, 6, 0, 9.5], "texture": "#4"}
			}
		},
		{
			"from": [5.1, 0.95, 1],
			"to": [10.9, 2.05, 15],
			"rotation": {"angle": -45, "axis": "y", "origin": [8, 1, 8]},
			"faces": {
				"north": {"uv": [4.5, 10, 6, 10.25], "texture": "#4"},
				"east": {"uv": [7, 6.25, 10.5, 6.5], "texture": "#4"},
				"south": {"uv": [6, 10, 7.5, 10.25], "texture": "#4"},
				"west": {"uv": [7, 6.5, 10.5, 6.75], "texture": "#4"},
				"up": {"uv": [3, 9.5, 1.5, 6], "texture": "#4"},
				"down": {"uv": [7, 6.5, 5.5, 10], "texture": "#4"}
			}
		},
		{
			"from": [0, 0.5, 2],
			"to": [16, 0.5, 14],
			"rotation": {"angle": 0, "axis": "y", "origin": [0, -15.5, 0]},
			"faces": {
				"north": {"uv": [0, 0, 4, 0], "texture": "#4"},
				"east": {"uv": [0, 0, 3, 0], "texture": "#4"},
				"south": {"uv": [0, 0, 4, 0], "texture": "#4"},
				"west": {"uv": [0, 0, 3, 0], "texture": "#4"},
				"up": {"uv": [4, 3, 0, 0], "texture": "#4"},
				"down": {"uv": [4, 3, 0, 6], "texture": "#4"}
			}
		}
	],
	"display": {
		"thirdperson_righthand": {
			"rotation": [75, 45, 0],
			"translation": [0, 2.5, 4.5],
			"scale": [0.375, 0.375, 0.375]
		},
		"thirdperson_lefthand": {
			"rotation": [75, 45, 0],
			"translation": [0, 2.5, 4.5],
			"scale": [0.375, 0.375, 0.375]
		},
		"firstperson_righthand": {
			"rotation": [0, 135, 0],
			"translation": [0, 6.5, 0],
			"scale": [0.4, 0.4, 0.4]
		},
		"firstperson_lefthand": {
			"rotation": [0, 135, 0],
			"translation": [0, 6.5, 0],
			"scale": [0.4, 0.4, 0.4]
		},
		"ground": {
			"translation": [0, 3, 0],
			"scale": [0.25, 0.25, 0.25]
		},
		"gui": {
			"rotation": [30, 225, 0],
			"translation": [0, 8.5, 0],
			"scale": [0.625, 0.625, 0.625]
		},
		"head": {
			"translation": [0, 29, 0]
		},
		"fixed": {
			"rotation": [-90, 0, 0],
			"translation": [0, 0, -16],
			"scale": [2, 2, 2]
		}
	}
}