{
	"credit": "Made with Blockbench",
	"textures": {
		"0": "block/f131",
		"1": "block/f129",
		"particle": "block/f129"
	},
	"elements": [
		{
			"from": [5, 0, 5],
			"to": [11, 6, 11],
			"faces": {
				"north": {"uv": [0, 0, 6, 6], "texture": "#0"},
				"east": {"uv": [0, 0, 6, 6], "texture": "#0"},
				"south": {"uv": [0, 0, 6, 6], "texture": "#0"},
				"west": {"uv": [0, 0, 6, 6], "texture": "#0"},
				"up": {"uv": [6, 12, 0, 6], "texture": "#0"},
				"down": {"uv": [12, 9, 6, 15], "texture": "#0"}
			}
		},
		{
			"from": [-3.82107, 6.42893, 7],
			"to": [-2.82107, 8.42893, 9],
			"rotation": {"angle": -45, "axis": "z", "origin": [2.17893, -1.07107, -0.5]},
			"faces": {
				"north": {"uv": [15, 0, 16, 2], "texture": "#0"},
				"east": {"uv": [11, 0, 13, 2], "texture": "#0"},
				"south": {"uv": [15, 0, 16, 2], "texture": "#0"},
				"west": {"uv": [13, 0, 15, 2], "texture": "#0"},
				"up": {"uv": [16, 2, 15, 0], "texture": "#0"},
				"down": {"uv": [16, 0, 15, 2], "texture": "#0"}
			}
		},
		{
			"from": [-2.82107, 5.92893, 6.5],
			"to": [2.17893, 8.92893, 9.5],
			"rotation": {"angle": -45, "axis": "z", "origin": [2.17893, -1.07107, -0.5]},
			"faces": {
				"north": {"uv": [6, 3, 11, 6], "texture": "#0"},
				"east": {"uv": [6, 15, 9, 18], "texture": "#0"},
				"south": {"uv": [11, 3, 6, 6], "texture": "#0"},
				"west": {"uv": [13, 2, 16, 5], "texture": "#0"},
				"up": {"uv": [11, 9, 6, 6], "texture": "#0"},
				"down": {"uv": [11, 0, 6, 3], "texture": "#0"}
			}
		},
		{
			"from": [5.25, 0.25, 5.25],
			"to": [10.75, 5, 10.75],
			"faces": {
				"north": {"uv": [11, 12, 16, 16], "texture": "#1", "tintindex": 1},
				"east": {"uv": [11, 12, 16, 16], "texture": "#1", "tintindex": 1},
				"south": {"uv": [11, 12, 16, 16], "texture": "#1", "tintindex": 1},
				"west": {"uv": [11, 12, 16, 16], "texture": "#1", "tintindex": 1},
				"up": {"uv": [11, 6, 16, 11], "texture": "#1", "tintindex": 1},
				"down": {"uv": [11, 6, 16, 11], "texture": "#1", "tintindex": 1}
			}
		}
	],
	"display": {
		"thirdperson_righthand": {
			"rotation": [75, 45, 0],
			"translation": [0, 2.5, 0],
			"scale": [0.375, 0.375, 0.375]
		},
		"thirdperson_lefthand": {
			"rotation": [75, 45, 0],
			"translation": [0, 2.5, 0],
			"scale": [0.375, 0.375, 0.375]
		},
		"firstperson_righthand": {
			"rotation": [0, 135, 0],
			"translation": [0, 3.75, 0],
			"scale": [0.4, 0.4, 0.4]
		},
		"firstperson_lefthand": {
			"rotation": [0, 135, 0],
			"translation": [0, 3.75, 0],
			"scale": [0.4, 0.4, 0.4]
		},
		"ground": {
			"translation": [0, 3, 0],
			"scale": [0.25, 0.25, 0.25]
		},
		"gui": {
			"rotation": [30, 225, 0],
			"scale": [0.625, 0.625, 0.625]
		},
		"head": {
			"translation": [0, 15.25, 0]
		},
		"fixed": {
			"rotation": [-90, 0, 0],
			"translation": [0, 0, -16],
			"scale": [2, 2, 2]
		}
	}
}