{
	"credit": "Made with Blockbench",
	"textures": {
		"0": "block/f129",
		"1": "block/f131",
		"2": "block/f133",
		"particle": "block/f129"
	},
	"elements": [
		{
			"from": [9, 0, 9],
			"to": [15, 7, 15],
			"rotation": {"angle": 0, "axis": "y", "origin": [8, 6.0625, 8]},
			"faces": {
				"north": {"uv": [0, 0, 6, 7], "texture": "#0"},
				"east": {"uv": [0, 0, 6, 7], "texture": "#0"},
				"south": {"uv": [0, 0, 6, 7], "texture": "#0"},
				"west": {"uv": [0, 0, 6, 7], "texture": "#0"},
				"up": {"uv": [12, 6, 6, 0], "rotation": 180, "texture": "#0"},
				"down": {"uv": [6, 7, 0, 13], "rotation": 180, "texture": "#0"}
			}
		},
		{
			"from": [9.25, 0.25, 9.25],
			"to": [14.75, 5, 14.75],
			"rotation": {"angle": 0, "axis": "y", "origin": [8, 6.0625, 8]},
			"faces": {
				"north": {"uv": [11, 12, 16, 16], "texture": "#0", "tintindex": 1},
				"east": {"uv": [11, 12, 16, 16], "texture": "#0", "tintindex": 1},
				"south": {"uv": [11, 12, 16, 16], "texture": "#0", "tintindex": 1},
				"west": {"uv": [11, 12, 16, 16], "texture": "#0", "tintindex": 1},
				"up": {"uv": [11, 6, 16, 11], "rotation": 180, "texture": "#0", "tintindex": 1},
				"down": {"uv": [11, 6, 16, 11], "rotation": 180, "texture": "#0", "tintindex": 1}
			}
		},
		{
			"from": [10, 7, 10],
			"to": [14, 8, 14],
			"rotation": {"angle": 0, "axis": "y", "origin": [8, 6.0625, 8]},
			"faces": {
				"north": {"uv": [0, 13, 4, 14], "texture": "#0", "tintindex": 1},
				"east": {"uv": [0, 13, 4, 14], "texture": "#0", "tintindex": 1},
				"south": {"uv": [0, 13, 4, 14], "texture": "#0", "tintindex": 1},
				"west": {"uv": [0, 13, 4, 14], "texture": "#0", "tintindex": 1},
				"down": {"uv": [7, 12, 11, 16], "rotation": 180, "texture": "#0", "tintindex": 1}
			}
		},
		{
			"from": [10, 9, 10],
			"to": [14, 11, 14],
			"rotation": {"angle": 0, "axis": "y", "origin": [8, 6.0625, 8]},
			"faces": {
				"north": {"uv": [12, 0, 16, 2], "texture": "#0"},
				"east": {"uv": [12, 0, 16, 2], "texture": "#0"},
				"south": {"uv": [12, 0, 16, 2], "texture": "#0"},
				"west": {"uv": [12, 0, 16, 2], "texture": "#0"},
				"up": {"uv": [12, 2, 16, 6], "rotation": 180, "texture": "#0"}
			}
		},
		{
			"from": [9.5, 8, 9.5],
			"to": [14.5, 9, 14.5],
			"rotation": {"angle": 0, "axis": "y", "origin": [8, 6.0625, 8]},
			"faces": {
				"north": {"uv": [6, 6, 11, 7], "texture": "#0"},
				"east": {"uv": [6, 6, 11, 7], "texture": "#0"},
				"south": {"uv": [6, 6, 11, 7], "texture": "#0"},
				"west": {"uv": [6, 6, 11, 7], "texture": "#0"},
				"up": {"uv": [6, 7, 11, 12], "rotation": 180, "texture": "#0"},
				"down": {"uv": [6, 7, 11, 12], "rotation": 180, "texture": "#0"}
			}
		},
		{
			"from": [1, 0, 9],
			"to": [7, 6, 15],
			"rotation": {"angle": 0, "axis": "y", "origin": [8, 6.0625, 8]},
			"faces": {
				"north": {"uv": [0, 0, 6, 6], "texture": "#1"},
				"east": {"uv": [0, 0, 6, 6], "texture": "#1"},
				"south": {"uv": [0, 0, 6, 6], "texture": "#1"},
				"west": {"uv": [0, 0, 6, 6], "texture": "#1"},
				"up": {"uv": [6, 12, 0, 6], "rotation": 90, "texture": "#1"},
				"down": {"uv": [12, 9, 6, 15], "rotation": 270, "texture": "#1"}
			}
		},
		{
			"from": [3, 7.23061, 5.7565],
			"to": [5, 9.23061, 6.7565],
			"rotation": {"angle": 45, "axis": "x", "origin": [8, 6.0625, 8]},
			"faces": {
				"north": {"uv": [13, 0, 15, 2], "texture": "#1"},
				"east": {"uv": [15, 0, 16, 2], "texture": "#1"},
				"south": {"uv": [11, 0, 13, 2], "texture": "#1"},
				"west": {"uv": [15, 0, 16, 2], "texture": "#1"},
				"up": {"uv": [16, 2, 15, 0], "rotation": 90, "texture": "#1"},
				"down": {"uv": [16, 0, 15, 2], "rotation": 270, "texture": "#1"}
			}
		},
		{
			"from": [2.5, 6.73061, 6.7565],
			"to": [5.5, 9.73061, 11.7565],
			"rotation": {"angle": 45, "axis": "x", "origin": [8, 6.0625, 8]},
			"faces": {
				"north": {"uv": [13, 2, 16, 5], "texture": "#1"},
				"east": {"uv": [6, 3, 11, 6], "texture": "#1"},
				"south": {"uv": [6, 15, 9, 18], "texture": "#1"},
				"west": {"uv": [11, 3, 6, 6], "texture": "#1"},
				"up": {"uv": [11, 9, 6, 6], "rotation": 90, "texture": "#1"},
				"down": {"uv": [11, 0, 6, 3], "rotation": 270, "texture": "#1"}
			}
		},
		{
			"from": [1.25, 0.25, 9.25],
			"to": [6.75, 5, 14.75],
			"rotation": {"angle": 0, "axis": "y", "origin": [8, 6.0625, 8]},
			"faces": {
				"north": {"uv": [11, 12, 16, 16], "texture": "#0", "tintindex": 1},
				"east": {"uv": [11, 12, 16, 16], "texture": "#0", "tintindex": 1},
				"south": {"uv": [11, 12, 16, 16], "texture": "#0", "tintindex": 1},
				"west": {"uv": [11, 12, 16, 16], "texture": "#0", "tintindex": 1},
				"up": {"uv": [11, 6, 16, 11], "rotation": 90, "texture": "#0", "tintindex": 1},
				"down": {"uv": [11, 6, 16, 11], "rotation": 270, "texture": "#0", "tintindex": 1}
			}
		},
		{
			"from": [5, 0, 1],
			"to": [11, 5, 7],
			"rotation": {"angle": 0, "axis": "y", "origin": [8, 6.0625, 8]},
			"faces": {
				"north": {"uv": [0, 0, 6, 5], "texture": "#2"},
				"east": {"uv": [0, 0, 6, 5], "texture": "#2"},
				"south": {"uv": [0, 0, 6, 5], "texture": "#2"},
				"west": {"uv": [0, 0, 6, 5], "texture": "#2"},
				"up": {"uv": [12, 6, 6, 0], "rotation": 180, "texture": "#2"},
				"down": {"uv": [6, 6, 0, 12], "rotation": 180, "texture": "#2"}
			}
		},
		{
			"from": [5.5, 5, 1.5],
			"to": [10.5, 6, 6.5],
			"rotation": {"angle": 0, "axis": "y", "origin": [8, 6.0625, 8]},
			"faces": {
				"north": {"uv": [6, 6, 11, 7], "texture": "#2", "tintindex": 1},
				"east": {"uv": [6, 6, 11, 7], "texture": "#2", "tintindex": 1},
				"south": {"uv": [6, 6, 11, 7], "texture": "#2", "tintindex": 1},
				"west": {"uv": [6, 6, 11, 7], "texture": "#2", "tintindex": 1}
			}
		},
		{
			"from": [5, 6, 1],
			"to": [11, 7, 7],
			"rotation": {"angle": 0, "axis": "y", "origin": [8, 6.0625, 8]},
			"faces": {
				"north": {"uv": [0, 5, 6, 6], "texture": "#2"},
				"east": {"uv": [0, 5, 6, 6], "texture": "#2"},
				"south": {"uv": [0, 5, 6, 6], "texture": "#2"},
				"west": {"uv": [0, 5, 6, 6], "texture": "#2"},
				"up": {"uv": [12, 6, 6, 0], "rotation": 180, "texture": "#2"},
				"down": {"uv": [12, 0, 6, 6], "rotation": 180, "texture": "#2"}
			}
		},
		{
			"from": [6, 7, 2],
			"to": [10, 5, 6],
			"rotation": {"angle": 0, "axis": "y", "origin": [8, 6.0625, 8]},
			"faces": {
				"north": {"uv": [6, 7, 10, 9], "texture": "#2"},
				"east": {"uv": [6, 7, 10, 9], "texture": "#2"},
				"south": {"uv": [6, 7, 10, 9], "texture": "#2"},
				"west": {"uv": [6, 7, 10, 9], "texture": "#2"}
			}
		},
		{
			"from": [5.25, 0.25, 1.25],
			"to": [10.75, 4, 6.75],
			"rotation": {"angle": 0, "axis": "y", "origin": [8, 6.0625, 8]},
			"faces": {
				"north": {"uv": [11, 13, 16, 16], "texture": "#0", "tintindex": 1},
				"east": {"uv": [11, 13, 16, 16], "texture": "#0", "tintindex": 1},
				"south": {"uv": [11, 13, 16, 16], "texture": "#0", "tintindex": 1},
				"west": {"uv": [11, 13, 16, 16], "texture": "#0", "tintindex": 1},
				"up": {"uv": [11, 6, 16, 11], "rotation": 180, "texture": "#0", "tintindex": 1},
				"down": {"uv": [11, 6, 16, 11], "rotation": 180, "texture": "#0", "tintindex": 1}
			}
		}
	],
	"display": {
		"thirdperson_righthand": {
			"rotation": [75, 45, 0],
			"translation": [0, 2.5, 0],
			"scale": [0.375, 0.375, 0.375]
		},
		"thirdperson_lefthand": {
			"rotation": [75, 45, 0],
			"translation": [0, 2.5, 0],
			"scale": [0.375, 0.375, 0.375]
		},
		"firstperson_righthand": {
			"rotation": [0, 45, 0],
			"translation": [0, 3.75, 0],
			"scale": [0.4, 0.4, 0.4]
		},
		"firstperson_lefthand": {
			"rotation": [0, 225, 0],
			"scale": [0.4, 0.4, 0.4]
		},
		"ground": {
			"translation": [0, 3, 0],
			"scale": [0.25, 0.25, 0.25]
		},
		"gui": {
			"rotation": [30, 225, 0],
			"scale": [0.625, 0.625, 0.625]
		},
		"head": {
			"translation": [0, 15.25, 0]
		},
		"fixed": {
			"rotation": [-90, 0, 0],
			"translation": [0, 0, -16],
			"scale": [2, 2, 2]
		}
	}
}