{
	"credit": "Made with Blockbench",
	"textures": {
		"1": "block/cobblestone",
		"particle": "block/white_wool"
	},
	"elements": [
		{
			"from": [0, 12, 0],
			"to": [16, 16, 16],
			"faces": {
				"north": {"uv": [0, 0, 16, 4], "texture": "#1"},
				"east": {"uv": [0, 0, 16, 4], "texture": "#1"},
				"south": {"uv": [0, 0, 16, 4], "texture": "#1"},
				"west": {"uv": [0, 0, 16, 4], "texture": "#1"},
				"up": {"uv": [0, 0, 16, 16], "texture": "#1"},
				"down": {"uv": [0, 0, 16, 16], "texture": "#1"}
			}
		},
		{
			"from": [2, 2, 2],
			"to": [14, 5, 14],
			"faces": {
				"north": {"uv": [0, 0, 12, 3], "texture": "#1"},
				"east": {"uv": [0, 0, 12, 3], "texture": "#1"},
				"south": {"uv": [0, 0, 12, 3], "texture": "#1"},
				"west": {"uv": [0, 0, 12, 3], "texture": "#1"},
				"up": {"uv": [0, 0, 12, 12], "texture": "#1"},
				"down": {"uv": [0, 0, 12, 12], "texture": "#1"}
			}
		},
		{
			"from": [11, 0, 11],
			"to": [15, 12, 15],
			"faces": {
				"north": {"uv": [0, 0, 5, 12], "texture": "#1"},
				"east": {"uv": [0, 0, 4, 12], "texture": "#1"},
				"south": {"uv": [0, 0, 5, 12], "texture": "#1"},
				"west": {"uv": [0, 0, 5, 12], "texture": "#1"},
				"up": {"uv": [0, 0, 5, 5], "texture": "#1"},
				"down": {"uv": [0, 0, 5, 5], "texture": "#1"}
			}
		},
		{
			"from": [1, 0, 11],
			"to": [5, 12, 15],
			"faces": {
				"north": {"uv": [0, 0, 5, 12], "texture": "#1"},
				"east": {"uv": [0, 0, 4, 12], "texture": "#1"},
				"south": {"uv": [0, 0, 5, 12], "texture": "#1"},
				"west": {"uv": [0, 0, 5, 12], "texture": "#1"},
				"up": {"uv": [0, 0, 5, 5], "texture": "#1"},
				"down": {"uv": [0, 0, 5, 5], "texture": "#1"}
			}
		},
		{
			"from": [11, 0, 1],
			"to": [15, 12, 5],
			"faces": {
				"north": {"uv": [0, 0, 5, 12], "texture": "#1"},
				"east": {"uv": [0, 0, 4, 12], "texture": "#1"},
				"south": {"uv": [0, 0, 5, 12], "texture": "#1"},
				"west": {"uv": [0, 0, 5, 12], "texture": "#1"},
				"up": {"uv": [0, 0, 5, 5], "texture": "#1"},
				"down": {"uv": [0, 0, 5, 5], "texture": "#1"}
			}
		},
		{
			"from": [1, 0, 1],
			"to": [5, 12, 5],
			"faces": {
				"north": {"uv": [0, 0, 5, 12], "texture": "#1"},
				"east": {"uv": [0, 0, 4, 12], "texture": "#1"},
				"south": {"uv": [0, 0, 5, 12], "texture": "#1"},
				"west": {"uv": [0, 0, 5, 12], "texture": "#1"},
				"up": {"uv": [0, 0, 5, 5], "texture": "#1"},
				"down": {"uv": [0, 0, 5, 5], "texture": "#1"}
			}
		}
	],
	"display": {
		"thirdperson_righthand": {
			"rotation": [75, 45, 0],
			"translation": [0, 2.5, 0],
			"scale": [0.375, 0.375, 0.375]
		},
		"thirdperson_lefthand": {
			"rotation": [75, 45, 0],
			"translation": [0, 2.5, 0],
			"scale": [0.375, 0.375, 0.375]
		},
		"firstperson_righthand": {
			"rotation": [0, 135, 0],
			"translation": [0, 3.75, 0],
			"scale": [0.4, 0.4, 0.4]
		},
		"firstperson_lefthand": {
			"rotation": [0, 135, 0],
			"translation": [0, 3.75, 0],
			"scale": [0.4, 0.4, 0.4]
		},
		"ground": {
			"translation": [0, 3, 0],
			"scale": [0.25, 0.25, 0.25]
		},
		"gui": {
			"rotation": [30, 225, 0],
			"scale": [0.625, 0.625, 0.625]
		},
		"head": {
			"translation": [0, 15.25, 0]
		},
		"fixed": {
			"rotation": [-90, 0, 0],
			"translation": [0, 0, -16],
			"scale": [2, 2, 2]
		}
	}
}