{
	"credit": "Made with Blockbench",
	"texture_size": [32, 32],
	"textures": {
		"0": "netc/food/food22",
		"particle": "netc/food/food22"
	},
	"elements": [
		{
			"from": [5, 0, 5],
			"to": [11, 10, 11],
			"rotation": {"angle": 0, "axis": "y", "origin": [7, 0, 7]},
			"faces": {
				"north": {"uv": [0, 0, 3, 5], "texture": "#0"},
				"east": {"uv": [3, 0, 6, 5], "texture": "#0"},
				"south": {"uv": [0, 5, 3, 10], "texture": "#0"},
				"west": {"uv": [3, 5, 6, 10], "texture": "#0"},
				"up": {"uv": [9, 10, 6, 7], "texture": "#0"},
				"down": {"uv": [12, 7, 9, 10], "texture": "#0"}
			}
		},
		{
			"from": [4.75, 10, 4.75],
			"to": [11.25, 11, 11.25],
			"rotation": {"angle": 0, "axis": "y", "origin": [7, 9, 7]},
			"faces": {
				"north": {"uv": [9.5, 5, 13, 5.5], "texture": "#0"},
				"east": {"uv": [9.5, 5.5, 13, 6], "texture": "#0"},
				"south": {"uv": [9.5, 6, 13, 6.5], "texture": "#0"},
				"west": {"uv": [9.5, 6.5, 13, 7], "texture": "#0"},
				"up": {"uv": [9.5, 3.5, 6, 0], "texture": "#0"},
				"down": {"uv": [9.5, 3.5, 6, 7], "texture": "#0"}
			}
		},
		{
			"from": [4, 10, 7.25],
			"to": [9, 15, 7.25],
			"rotation": {"angle": -22.5, "axis": "y", "origin": [6.5, 12.5, 7.25]},
			"faces": {
				"north": {"uv": [9.5, 0, 12, 2.5], "texture": "#0"},
				"east": {"uv": [0, 0, 0, 2.5], "texture": "#0"},
				"south": {"uv": [9.5, 2.5, 12, 5], "texture": "#0"},
				"west": {"uv": [0, 0, 0, 2.5], "texture": "#0"},
				"up": {"uv": [2.5, 0, 0, 0], "texture": "#0"},
				"down": {"uv": [2.5, 0, 0, 0], "texture": "#0"}
			}
		}
	],
	"display": {
		"thirdperson_righthand": {
			"rotation": [75, 45, 0],
			"translation": [0, 2.5, 0],
			"scale": [0.5, 0.5, 0.5]
		},
		"thirdperson_lefthand": {
			"rotation": [75, 45, 0],
			"translation": [0, 2.5, 0],
			"scale": [0.5, 0.5, 0.5]
		},
		"firstperson_righthand": {
			"rotation": [0, 135, 0],
			"translation": [0, 3.75, 0],
			"scale": [0.6, 0.6, 0.6]
		},
		"firstperson_lefthand": {
			"rotation": [0, 135, 0],
			"translation": [0, 3.75, 0],
			"scale": [0.6, 0.6, 0.6]
		},
		"ground": {
			"translation": [0, 3, 0],
			"scale": [0.5, 0.5, 0.5]
		},
		"gui": {
			"rotation": [30, 225, 0],
			"translation": [0, 1, 0],
			"scale": [0.9, 0.9, 0.9]
		},
		"head": {
			"translation": [0, 15.25, 0]
		},
		"fixed": {
			"rotation": [-90, 0, 0],
			"translation": [0, 0, -12],
			"scale": [1.5, 1.5, 1.5]
		}
	}
}