{
	"credit": "Made with Blockbench",
	"texture_size": [32, 32],
	"textures": {
		"3": "netc/firework_star/nyafac/golden_rubbish",
		"4": "netc/firework_star/nyafac/golden_rubbish_box"
	},
	"elements": [
		{
			"from": [4, 0, 4],
			"to": [12, 4, 12],
			"rotation": {"angle": 0, "axis": "y", "origin": [7, 1, 7]},
			"faces": {
				"north": {"uv": [4.25, 0, 6.25, 1], "texture": "#4"},
				"east": {"uv": [4.25, 0, 6.25, 1], "texture": "#4"},
				"south": {"uv": [4.25, 0, 6.25, 1], "texture": "#4"},
				"west": {"uv": [4.25, 0, 6.25, 1], "texture": "#4"},
				"up": {"uv": [4.25, 2, 2.25, 0], "texture": "#4"},
				"down": {"uv": [4.25, 2, 2.25, 4], "texture": "#4"}
			}
		},
		{
			"from": [3.5, 3.25, 3.5],
			"to": [12.5, 4.25, 12.5],
			"rotation": {"angle": 0, "axis": "y", "origin": [7, 2.25, 7]},
			"faces": {
				"north": {"uv": [5.5, 4.25, 7.75, 4.5], "texture": "#4"},
				"east": {"uv": [5.5, 4.25, 7.75, 4.5], "texture": "#4"},
				"south": {"uv": [5.5, 4.25, 7.75, 4.5], "texture": "#4"},
				"west": {"uv": [5.5, 4.25, 7.75, 4.5], "texture": "#4"},
				"up": {"uv": [2.25, 2.25, 0, 0], "texture": "#4"},
				"down": {"uv": [2.25, 2.25, 0, 4.5], "texture": "#4"}
			}
		},
		{
			"from": [5, 3, 5],
			"to": [6, 9, 10],
			"rotation": {"angle": 0, "axis": "y", "origin": [5, 3, 5]},
			"faces": {
				"north": {"uv": [4.5, 5.5, 5, 8.5], "texture": "#3"},
				"east": {"uv": [0, 0, 2.5, 3], "texture": "#3"},
				"south": {"uv": [5, 6.5, 5.5, 9.5], "texture": "#3"},
				"west": {"uv": [2.5, 0, 5, 3], "texture": "#3"},
				"up": {"uv": [8.5, 2.5, 8, 0], "texture": "#3"},
				"down": {"uv": [1, 8, 0.5, 10.5], "texture": "#3"}
			}
		},
		{
			"from": [6.25, 3, 5],
			"to": [7.25, 8, 10],
			"rotation": {"angle": 0, "axis": "y", "origin": [6.25, 3, 5]},
			"faces": {
				"north": {"uv": [6.5, 7.5, 7, 10], "texture": "#3"},
				"east": {"uv": [0, 3, 2.5, 5.5], "texture": "#3"},
				"south": {"uv": [7, 7.5, 7.5, 10], "texture": "#3"},
				"west": {"uv": [2.5, 3, 5, 5.5], "texture": "#3"},
				"up": {"uv": [8, 10, 7.5, 7.5], "texture": "#3"},
				"down": {"uv": [0.5, 8, 0, 10.5], "texture": "#3"}
			}
		},
		{
			"from": [8.5, 4, 4.75],
			"to": [11.5, 7, 7.75],
			"rotation": {"angle": -22.5, "axis": "y", "origin": [9.5, 4, 4.75]},
			"faces": {
				"north": {"uv": [5, 2, 6.5, 3.5], "texture": "#3"},
				"east": {"uv": [5, 3.5, 6.5, 5], "texture": "#3"},
				"south": {"uv": [5, 5, 6.5, 6.5], "texture": "#3"},
				"west": {"uv": [0, 5.5, 1.5, 7], "texture": "#3"},
				"up": {"uv": [3, 7, 1.5, 5.5], "texture": "#3"},
				"down": {"uv": [4.5, 5.5, 3, 7], "texture": "#3"}
			}
		},
		{
			"from": [7.75, 3.75, 7],
			"to": [10.75, 6.75, 9],
			"rotation": {"angle": 22.5, "axis": "y", "origin": [10.75, 3.75, 7]},
			"faces": {
				"north": {"uv": [6.5, 2, 8, 3.5], "texture": "#3"},
				"east": {"uv": [6.5, 5, 7.5, 6.5], "texture": "#3"},
				"south": {"uv": [6.5, 3.5, 8, 5], "texture": "#3"},
				"west": {"uv": [5.5, 6.5, 6.5, 8], "texture": "#3"},
				"up": {"uv": [8, 7.5, 6.5, 6.5], "texture": "#3"},
				"down": {"uv": [1.5, 7, 0, 8], "texture": "#3"}
			}
		},
		{
			"from": [5, 3, 10.25],
			"to": [11, 5, 11.25],
			"rotation": {"angle": 0, "axis": "y", "origin": [7, 3, 9.25]},
			"faces": {
				"north": {"uv": [5, 0, 8, 1], "texture": "#3"},
				"east": {"uv": [7.5, 5, 8, 6], "texture": "#3"},
				"south": {"uv": [5, 1, 8, 2], "texture": "#3"},
				"west": {"uv": [1, 8, 1.5, 9], "texture": "#3"},
				"up": {"uv": [4.5, 7.5, 1.5, 7], "texture": "#3"},
				"down": {"uv": [4.5, 7.5, 1.5, 8], "texture": "#3"}
			}
		}
	],
	"display": {
		"thirdperson_righthand": {
			"rotation": [43, 0, 0],
			"translation": [-0.25, 2.5, 1.5],
			"scale": [0.5, 0.5, 0.5]
		},
		"thirdperson_lefthand": {
			"rotation": [69, 0, 0],
			"translation": [0, 2.25, 3.25],
			"scale": [0.5, 0.5, 0.5]
		},
		"firstperson_righthand": {
			"translation": [-8.5, 6.5, 6.5]
		},
		"firstperson_lefthand": {
			"translation": [-9.25, 6.75, 6.5]
		},
		"ground": {
			"translation": [0, 3, 0]
		},
		"gui": {
			"rotation": [36, -43, 0],
			"translation": [0, 2.75, 0]
		},
		"head": {
			"translation": [0, 14.5, 0]
		},
		"fixed": {
			"rotation": [-90, 0, 0],
			"translation": [-0.25, -0.25, -15],
			"scale": [2, 2, 2]
		}
	},
	"groups": [
		{
			"name": "group",
			"origin": [8, 8, 8],
			"color": 0,
			"children": [0, 1]
		},
		{
			"name": "group",
			"origin": [8, 8, 8],
			"color": 0,
			"children": [2, 3, 4, 5, 6]
		}
	]
}