{
	"credit": "Made with Blockbench",
	"texture_size": [32, 32],
	"textures": {
		"0": "netc/firework_star/nyafac/guguge",
		"particle": "netc/firework_star/nyafac/guguge"
	},
	"elements": [
		{
			"from": [5, 5, 13],
			"to": [8, 8, 15],
			"rotation": {"angle": 0, "axis": "y", "origin": [5, -2, 15]},
			"faces": {
				"north": {"uv": [8, 3, 9.5, 4.5], "texture": "#0"},
				"east": {"uv": [10, 6.5, 11, 8], "texture": "#0"},
				"south": {"uv": [8, 4.5, 9.5, 6], "texture": "#0"},
				"west": {"uv": [10, 5, 11, 6.5], "texture": "#0"},
				"up": {"uv": [9, 11.5, 8, 10], "rotation": 270, "texture": "#0"},
				"down": {"uv": [11, 8, 10, 9.5], "rotation": 90, "texture": "#0"}
			}
		},
		{
			"from": [4, 6, 13],
			"to": [6, 10, 15],
			"rotation": {"angle": 0, "axis": "y", "origin": [4, 6, 15]},
			"faces": {
				"north": {"uv": [8, 8, 9, 10], "texture": "#0"},
				"east": {"uv": [9, 6, 10, 8], "texture": "#0"},
				"south": {"uv": [9, 8, 10, 10], "texture": "#0"},
				"west": {"uv": [8, 6, 9, 8], "texture": "#0"},
				"up": {"uv": [11, 3, 10, 2], "rotation": 270, "texture": "#0"},
				"down": {"uv": [11.5, 3, 10.5, 4], "rotation": 90, "texture": "#0"}
			}
		},
		{
			"from": [3, 8, 13],
			"to": [5, 9, 15],
			"rotation": {"angle": 0, "axis": "y", "origin": [3, 7, 15]},
			"faces": {
				"north": {"uv": [11, 7.5, 12, 8], "texture": "#0"},
				"east": {"uv": [11, 8, 12, 8.5], "texture": "#0"},
				"south": {"uv": [11, 8.5, 12, 9], "texture": "#0"},
				"west": {"uv": [11, 7, 12, 7.5], "texture": "#0"},
				"up": {"uv": [11.5, 5, 10.5, 4], "rotation": 270, "texture": "#0"},
				"down": {"uv": [12, 0, 11, 1], "rotation": 90, "texture": "#0"}
			}
		},
		{
			"from": [7, 4, 13],
			"to": [11, 7, 15],
			"rotation": {"angle": 0, "axis": "y", "origin": [7, 4, 15]},
			"faces": {
				"north": {"uv": [8, 0, 10, 1.5], "texture": "#0"},
				"east": {"uv": [10, 9.5, 11, 11], "texture": "#0"},
				"south": {"uv": [8, 1.5, 10, 3], "texture": "#0"},
				"west": {"uv": [9, 10, 10, 11.5], "texture": "#0"},
				"up": {"uv": [10.5, 5, 9.5, 3], "rotation": 270, "texture": "#0"},
				"down": {"uv": [11, 0, 10, 2], "rotation": 90, "texture": "#0"}
			}
		},
		{
			"from": [11, 5, 13],
			"to": [13, 6, 15],
			"rotation": {"angle": 0, "axis": "y", "origin": [11, 4, 15]},
			"faces": {
				"north": {"uv": [11, 9.5, 12, 10], "texture": "#0"},
				"east": {"uv": [10, 11, 11, 11.5], "texture": "#0"},
				"south": {"uv": [11, 10, 12, 10.5], "texture": "#0"},
				"west": {"uv": [11, 9, 12, 9.5], "texture": "#0"},
				"up": {"uv": [12, 2, 11, 1], "rotation": 270, "texture": "#0"},
				"down": {"uv": [12, 2, 11, 3], "rotation": 90, "texture": "#0"}
			}
		},
		{
			"from": [8, 2, 13],
			"to": [9, 4, 15],
			"rotation": {"angle": 0, "axis": "y", "origin": [7, 2, 15]},
			"faces": {
				"north": {"uv": [9.5, 5, 10, 6], "texture": "#0"},
				"east": {"uv": [11, 6, 12, 7], "texture": "#0"},
				"south": {"uv": [11, 10.5, 11.5, 11.5], "texture": "#0"},
				"west": {"uv": [11, 5, 12, 6], "texture": "#0"},
				"up": {"uv": [12.5, 3.5, 11.5, 3], "rotation": 270, "texture": "#0"},
				"down": {"uv": [12.5, 3.5, 11.5, 4], "rotation": 90, "texture": "#0"}
			}
		},
		{
			"from": [2, 0, 14],
			"to": [14, 12, 16],
			"rotation": {"angle": 0, "axis": "y", "origin": [2, 0, 16]},
			"faces": {
				"north": {"uv": [0, 0, 6, 6], "texture": "#0"},
				"east": {"uv": [6, 6, 7, 12], "texture": "#0"},
				"south": {"uv": [0, 6, 6, 12], "texture": "#0"},
				"west": {"uv": [6, 0, 7, 6], "texture": "#0"},
				"up": {"uv": [8, 6, 7, 0], "rotation": 270, "texture": "#0"},
				"down": {"uv": [8, 6, 7, 12], "rotation": 90, "texture": "#0"}
			}
		}
	],
	"display": {
		"thirdperson_righthand": {
			"rotation": [0, 180, 0],
			"translation": [0, 3, 3.25],
			"scale": [0.5, 0.5, 0.5]
		},
		"thirdperson_lefthand": {
			"rotation": [0, 180, 0],
			"translation": [0, 2.25, 4.5],
			"scale": [0.5, 0.5, 0.5]
		},
		"firstperson_righthand": {
			"rotation": [0, 180, 0],
			"translation": [-1.5, 1.25, 6.5]
		},
		"firstperson_lefthand": {
			"rotation": [0, 180, 0],
			"translation": [-0.25, 3.5, 9.5]
		},
		"ground": {
			"translation": [0, 1.25, -2],
			"scale": [0.3, 0.3, 0.3]
		},
		"gui": {
			"rotation": [0, 180, 0],
			"translation": [0.25, 1.75, 0]
		},
		"head": {
			"translation": [0, 12.75, -8],
			"scale": [2, 2, 2]
		},
		"fixed": {
			"translation": [0, 4, -13.75],
			"scale": [1.9, 1.9, 1.9]
		}
	},
	"groups": [
		{
			"name": "group",
			"origin": [8, 8, 8],
			"color": 0,
			"children": [
				0,
				1,
				2,
				3,
				4,
				5,
				{
					"name": "group",
					"origin": [8, 8, 8],
					"color": 0,
					"children": [6]
				}
			]
		}
	]
}