{
	"credit": "Made with Blockbench",
	"texture_size": [32, 32],
	"textures": {
		"0": "netc/firework_star/nyafac/nyaa_aqua",
		"1": "netc/firework_star/nyafac/nyaa_aqua",
		"particle": "netc/firework_star/nyafac/nyaa_aqua"
	},
	"elements": [
		{
			"from": [1, 0, 5],
			"to": [11, 5, 11],
			"rotation": {"angle": 0, "axis": "y", "origin": [5, 0, 7]},
			"faces": {
				"north": {"uv": [4, 6, 9, 8.5], "texture": "#1"},
				"east": {"uv": [9, 6, 12, 8.5], "texture": "#1"},
				"south": {"uv": [0, 8.5, 5, 11], "texture": "#1"},
				"west": {"uv": [9, 8.5, 12, 11], "texture": "#1"},
				"up": {"uv": [9, 3, 4, 0], "texture": "#1"},
				"down": {"uv": [9, 3, 4, 6], "texture": "#1"}
			}
		},
		{
			"from": [2, 0.1, 4],
			"to": [10, 4.1, 12],
			"rotation": {"angle": 0, "axis": "y", "origin": [5, 0.1, 7]},
			"faces": {
				"north": {"uv": [5, 8.5, 9, 10.5], "texture": "#1"},
				"east": {"uv": [9, 0, 13, 2], "texture": "#1"},
				"south": {"uv": [9, 2, 13, 4], "texture": "#1"},
				"west": {"uv": [9, 4, 13, 6], "texture": "#1"},
				"up": {"uv": [4, 4, 0, 0], "texture": "#1"},
				"down": {"uv": [4, 4, 0, 8], "texture": "#1"}
			}
		},
		{
			"from": [11, 2.5, 7.5],
			"to": [15, 3.5, 8.5],
			"rotation": {"angle": 0, "axis": "y", "origin": [11, 2.5, 7.5]},
			"faces": {
				"north": {"uv": [0, 8, 2, 8.5], "texture": "#1"},
				"east": {"uv": [8, 10.5, 8.5, 11], "texture": "#1"},
				"south": {"uv": [2, 8, 4, 8.5], "texture": "#1"},
				"west": {"uv": [8.5, 10.5, 9, 11], "texture": "#1"},
				"up": {"uv": [5, 11.5, 3, 11], "texture": "#1"},
				"down": {"uv": [10, 11, 8, 11.5], "texture": "#1"}
			}
		},
		{
			"from": [15, 2.5, 7.5],
			"to": [18, 3.5, 8.5],
			"rotation": {"angle": 45, "axis": "z", "origin": [15, 2.5, 7.5]},
			"faces": {
				"north": {"uv": [0, 12, 1.5, 12.5], "texture": "#1"},
				"east": {"uv": [3.5, 12.5, 4, 13], "texture": "#1"},
				"south": {"uv": [1.5, 12, 3, 12.5], "texture": "#1"},
				"west": {"uv": [4, 12.5, 4.5, 13], "texture": "#1"},
				"up": {"uv": [13.5, 6.5, 12, 6], "texture": "#1"},
				"down": {"uv": [13.5, 6.5, 12, 7], "texture": "#1"}
			}
		},
		{
			"from": [3, 5.54289, 9.20711],
			"to": [4, 6.29289, 12.20711],
			"rotation": {"angle": -45, "axis": "x", "origin": [3, 4.29289, 10.20711]},
			"faces": {
				"north": {"uv": [4.5, 12.5, 5, 13], "texture": "#1"},
				"east": {"uv": [12, 7, 13.5, 7.5], "texture": "#1"},
				"south": {"uv": [5, 12.5, 5.5, 13], "texture": "#1"},
				"west": {"uv": [12, 7.5, 13.5, 8], "texture": "#1"},
				"up": {"uv": [9.5, 13, 9, 11.5], "texture": "#1"},
				"down": {"uv": [10, 11.5, 9.5, 13], "texture": "#1"}
			}
		},
		{
			"from": [3, 6.95711, 4.37868],
			"to": [4, 7.70711, 7.37868],
			"rotation": {"angle": 45, "axis": "x", "origin": [3, 5.70711, 4.37868]},
			"faces": {
				"north": {"uv": [5.5, 12.5, 6, 13], "texture": "#1"},
				"east": {"uv": [12, 8, 13.5, 8.5], "texture": "#1"},
				"south": {"uv": [6, 12.5, 6.5, 13], "texture": "#1"},
				"west": {"uv": [12, 8.5, 13.5, 9], "texture": "#1"},
				"up": {"uv": [12.5, 10.5, 12, 9], "texture": "#1"},
				"down": {"uv": [10.5, 12, 10, 13.5], "texture": "#1"}
			}
		},
		{
			"from": [3, 3.89088, 4.20141],
			"to": [4, 6.89088, 4.95141],
			"rotation": {"angle": 22.5, "axis": "x", "origin": [3, 4.89088, 5.95141]},
			"faces": {
				"north": {"uv": [10.5, 12, 11, 13.5], "texture": "#1"},
				"east": {"uv": [12, 10.5, 12.5, 12], "texture": "#1"},
				"south": {"uv": [11, 12, 11.5, 13.5], "texture": "#1"},
				"west": {"uv": [11.5, 12, 12, 13.5], "texture": "#1"},
				"up": {"uv": [7, 13, 6.5, 12.5], "texture": "#1"},
				"down": {"uv": [7.5, 12.5, 7, 13], "texture": "#1"}
			}
		},
		{
			"from": [3.5, 2.73669, 7.54807],
			"to": [3.5, 4.78669, 10.04807],
			"rotation": {"angle": 45, "axis": "x", "origin": [3, 2.73669, 11.29807]},
			"faces": {
				"north": {"uv": [0, 0, 0, 1], "texture": "#1"},
				"east": {"uv": [5, 10.5, 6.5, 11.5], "texture": "#1"},
				"south": {"uv": [0, 0, 0, 1], "texture": "#1"},
				"west": {"uv": [6.5, 10.5, 8, 11.5], "texture": "#1"},
				"up": {"uv": [0, 1.5, 0, 0], "texture": "#1"},
				"down": {"uv": [0, 0, 0, 1.5], "texture": "#1"}
			}
		},
		{
			"from": [3, 5.03893, 10.82023],
			"to": [4, 8.03893, 11.57023],
			"rotation": {"angle": -22.5, "axis": "x", "origin": [3, 6.03893, 12.82023]},
			"faces": {
				"north": {"uv": [12, 12, 12.5, 13.5], "texture": "#1"},
				"east": {"uv": [0, 12.5, 0.5, 14], "texture": "#1"},
				"south": {"uv": [0.5, 12.5, 1, 14], "texture": "#1"},
				"west": {"uv": [1, 12.5, 1.5, 14], "texture": "#1"},
				"up": {"uv": [8, 13, 7.5, 12.5], "texture": "#1"},
				"down": {"uv": [8.5, 12.5, 8, 13], "texture": "#1"}
			}
		},
		{
			"from": [2.5, 2.63669, 10.29807],
			"to": [4.5, 4.63669, 12.04807],
			"rotation": {"angle": 0, "axis": "x", "origin": [3, 2.63669, 13.29807]},
			"faces": {
				"north": {"uv": [10, 11, 11, 12], "texture": "#1"},
				"east": {"uv": [11, 11, 12, 12], "texture": "#1"},
				"south": {"uv": [3, 11.5, 4, 12.5], "texture": "#1"},
				"west": {"uv": [4, 11.5, 5, 12.5], "texture": "#1"},
				"up": {"uv": [6, 12.5, 5, 11.5], "texture": "#1"},
				"down": {"uv": [7, 11.5, 6, 12.5], "texture": "#1"}
			}
		},
		{
			"from": [3.5, 2.43669, 3.29807],
			"to": [3.5, 4.78669, 5.79807],
			"rotation": {"angle": 45, "axis": "x", "origin": [3, 2.73669, 7.04807]},
			"faces": {
				"north": {"uv": [0, 0, 0, 1], "texture": "#1"},
				"east": {"uv": [0, 11, 1.5, 12], "texture": "#1"},
				"south": {"uv": [0, 0, 0, 1], "texture": "#1"},
				"west": {"uv": [1.5, 11, 3, 12], "texture": "#1"},
				"up": {"uv": [0, 1.5, 0, 0], "texture": "#1"},
				"down": {"uv": [0, 0, 0, 1.5], "texture": "#1"}
			}
		},
		{
			"from": [2.5, 2.63669, 3.95193],
			"to": [4.5, 4.63669, 5.70193],
			"rotation": {"angle": 0, "axis": "y", "origin": [3, 2.63669, 6.95193]},
			"faces": {
				"north": {"uv": [10, 11, 11, 12], "texture": "#0"},
				"east": {"uv": [11, 11, 12, 12], "texture": "#0"},
				"south": {"uv": [3, 11.5, 4, 12.5], "texture": "#0"},
				"west": {"uv": [4, 11.5, 5, 12.5], "texture": "#0"},
				"up": {"uv": [6, 12.5, 5, 11.5], "texture": "#0"},
				"down": {"uv": [7, 11.5, 6, 12.5], "texture": "#0"}
			}
		}
	],
	"display": {
		"thirdperson_righthand": {
			"rotation": [90, -90, 0],
			"translation": [-0.75, 2.75, 7.25]
		},
		"thirdperson_lefthand": {
			"rotation": [90, 90, 0],
			"translation": [0, 2, 6.25]
		},
		"firstperson_righthand": {
			"rotation": [0, -90, 0],
			"translation": [0, 5, 3]
		},
		"firstperson_lefthand": {
			"rotation": [0, 91, 0],
			"translation": [0, 4.5, 4]
		},
		"ground": {
			"translation": [0, 3.75, 0]
		},
		"gui": {
			"rotation": [34, 152, 0],
			"translation": [0, 4.25, 0]
		},
		"head": {
			"rotation": [0, -90, 0],
			"translation": [0, 22.25, 5.75],
			"scale": [2, 2, 2]
		},
		"fixed": {
			"rotation": [-90, 37, 0],
			"translation": [2.5, -1.5, -16],
			"scale": [2, 2, 2]
		}
	},
	"groups": [
		{
			"name": "group",
			"origin": [7, 0, 7],
			"color": 0,
			"children": [0, 1, 2, 3]
		},
		{
			"name": "group",
			"origin": [7, 0, 7],
			"color": 0,
			"children": [4, 5, 6, 7, 8, 9, 10]
		},
		11
	]
}