{
	"credit": "Made with Blockbench",
	"texture_size": [128, 128],
	"textures": {
		"0": "netc/heart_of_the_sea/archer",
		"particle": "netc/heart_of_the_sea/archer"
	},
	"elements": [
		{
			"from": [0, -1, 3],
			"to": [16, 15, 16],
			"faces": {
				"north": {"uv": [0, 0, 2, 1.875], "texture": "#0"},
				"east": {"uv": [2, 3.25, 3.625, 5.125], "texture": "#0"},
				"south": {"uv": [0, 1.875, 2, 3.75], "texture": "#0"},
				"west": {"uv": [3.625, 3.25, 5.25, 5.125], "texture": "#0"},
				"up": {"uv": [4, 1.625, 2, 0], "texture": "#0"},
				"down": {"uv": [4, 1.625, 2, 3.25], "texture": "#0"}
			}
		},
		{
			"from": [-9, 6, 9],
			"to": [25, 8, 10],
			"faces": {
				"north": {"uv": [5.25, 4.625, 9.5, 4.875], "texture": "#0"},
				"east": {"uv": [7.25, 2.5, 7.375, 2.75], "texture": "#0"},
				"south": {"uv": [5.25, 4.875, 9.5, 5.125], "texture": "#0"},
				"west": {"uv": [7.375, 2.5, 7.5, 2.75], "texture": "#0"},
				"up": {"uv": [11.625, 1.25, 7.375, 1.125], "texture": "#0"},
				"down": {"uv": [11.875, 3.25, 7.625, 3.375], "texture": "#0"}
			}
		},
		{
			"from": [21.5, 3.25, 8],
			"to": [22.5, 5.75, 9.25],
			"faces": {
				"north": {"uv": [5, 2.75, 5.125, 3.125], "texture": "#0"},
				"east": {"uv": [5.125, 2.75, 5.25, 3.125], "texture": "#0"},
				"south": {"uv": [7.25, 2.125, 7.375, 2.5], "texture": "#0"},
				"west": {"uv": [1, 7.375, 1.125, 7.75], "texture": "#0"},
				"up": {"uv": [5.125, 3.25, 5, 3.125], "texture": "#0"},
				"down": {"uv": [5.25, 3.125, 5.125, 3.25], "texture": "#0"}
			}
		},
		{
			"from": [21.19911, -3.11036, 8.5],
			"to": [29.19911, -1.11036, 9.5],
			"rotation": {"angle": 22.5, "axis": "z", "origin": [4.19911, -9.11036, -0.5]},
			"faces": {
				"north": {"uv": [7.875, 4.375, 8.875, 4.625], "texture": "#0"},
				"east": {"uv": [7.5, 2.5, 7.625, 2.75], "texture": "#0"},
				"south": {"uv": [8.125, 0, 9.125, 0.25], "texture": "#0"},
				"west": {"uv": [7.625, 8.25, 7.75, 8.5], "texture": "#0"},
				"up": {"uv": [3.875, 8.5, 2.875, 8.375], "texture": "#0"},
				"down": {"uv": [9.375, 6.25, 8.375, 6.375], "texture": "#0"}
			}
		},
		{
			"from": [20.19911, -1.11036, 9.25],
			"to": [25.19911, 0.63964, 9.75],
			"rotation": {"angle": 22.5, "axis": "z", "origin": [4.19911, -9.11036, -0.5]},
			"faces": {
				"north": {"uv": [8.375, 1.625, 9, 1.875], "texture": "#0"},
				"east": {"uv": [7.75, 8.375, 7.875, 8.625], "texture": "#0"},
				"south": {"uv": [8.375, 1.875, 9, 2.125], "texture": "#0"},
				"west": {"uv": [7.875, 8.375, 8, 8.625], "texture": "#0"},
				"up": {"uv": [9, 7, 8.375, 6.875], "texture": "#0"},
				"down": {"uv": [9, 7, 8.375, 7.125], "texture": "#0"}
			}
		},
		{
			"from": [-10.07817, 12.57966, 8.5],
			"to": [-2.07817, 14.57966, 9.5],
			"rotation": {"angle": -22.5, "axis": "z", "origin": [-26.07817, 6.57966, -0.5]},
			"faces": {
				"north": {"uv": [8.125, 0.25, 9.125, 0.5], "texture": "#0"},
				"east": {"uv": [3.875, 8.375, 4, 8.625], "texture": "#0"},
				"south": {"uv": [8.125, 0.5, 9.125, 0.75], "texture": "#0"},
				"west": {"uv": [8.375, 7.125, 8.5, 7.375], "texture": "#0"},
				"up": {"uv": [9.375, 6.5, 8.375, 6.375], "texture": "#0"},
				"down": {"uv": [9.375, 6.5, 8.375, 6.625], "texture": "#0"}
			}
		},
		{
			"from": [-6.07817, 14.57966, 9.25],
			"to": [-1.07817, 16.32966, 9.75],
			"rotation": {"angle": -22.5, "axis": "z", "origin": [-26.07817, 6.57966, -0.5]},
			"faces": {
				"north": {"uv": [7, 8.25, 7.625, 8.5], "texture": "#0"},
				"east": {"uv": [8.375, 7.375, 8.5, 7.625], "texture": "#0"},
				"south": {"uv": [8.375, 1.375, 9, 1.625], "texture": "#0"},
				"west": {"uv": [8.375, 7.625, 8.5, 7.875], "texture": "#0"},
				"up": {"uv": [9, 6.75, 8.375, 6.625], "texture": "#0"},
				"down": {"uv": [9, 6.75, 8.375, 6.875], "texture": "#0"}
			}
		},
		{
			"from": [13.75, 8.14181, 1.74025],
			"to": [15.75, 16.14181, 8.74025],
			"rotation": {"angle": -22.5, "axis": "x", "origin": [0, 1.14181, 8.74025]},
			"faces": {
				"north": {"uv": [1.625, 3.75, 1.875, 4.75], "texture": "#0"},
				"east": {"uv": [6.75, 2.75, 7.625, 3.75], "texture": "#0"},
				"south": {"uv": [4.625, 7.875, 4.875, 8.875], "texture": "#0"},
				"west": {"uv": [6.75, 6, 7.625, 7], "texture": "#0"},
				"up": {"uv": [8.375, 2.125, 8.125, 1.25], "texture": "#0"},
				"down": {"uv": [1.875, 8.25, 1.625, 9.125], "texture": "#0"}
			}
		},
		{
			"from": [2.25, 11.21793, 1.12293],
			"to": [13.75, 17.21793, 9.12293],
			"rotation": {"angle": -22.5, "axis": "x", "origin": [0, 1.21793, 9.12293]},
			"faces": {
				"north": {"uv": [5.625, 0, 7.125, 0.75], "texture": "#0"},
				"east": {"uv": [7.125, 0, 8.125, 0.75], "texture": "#0"},
				"south": {"uv": [1.5, 6.125, 3, 6.875], "texture": "#0"},
				"west": {"uv": [7.625, 2.125, 8.625, 2.875], "texture": "#0"},
				"up": {"uv": [6.5, 6.125, 5, 5.125], "texture": "#0"},
				"down": {"uv": [6.75, 2.75, 5.25, 3.75], "texture": "#0"}
			}
		},
		{
			"from": [5.75, 11.26793, 0.12293],
			"to": [10.25, 18.21793, 9.12293],
			"rotation": {"angle": -22.5, "axis": "x", "origin": [0, 1.21793, 9.12293]},
			"faces": {
				"north": {"uv": [7.75, 7.125, 8.375, 8], "texture": "#0"},
				"east": {"uv": [0, 6.5, 1.125, 7.375], "texture": "#0"},
				"south": {"uv": [1, 7.875, 1.625, 8.75], "texture": "#0"},
				"west": {"uv": [6.5, 5.125, 7.625, 6], "texture": "#0"},
				"up": {"uv": [8.25, 6.25, 7.625, 5.125], "texture": "#0"},
				"down": {"uv": [6.125, 7.75, 5.5, 8.875], "texture": "#0"}
			}
		},
		{
			"from": [0.25, 8.14181, 1.74025],
			"to": [2.25, 16.14181, 8.74025],
			"rotation": {"angle": -22.5, "axis": "x", "origin": [0, 1.14181, 8.74025]},
			"faces": {
				"north": {"uv": [4.875, 7.875, 5.125, 8.875], "texture": "#0"},
				"east": {"uv": [1.125, 6.875, 2, 7.875], "texture": "#0"},
				"south": {"uv": [5.125, 7.875, 5.375, 8.875], "texture": "#0"},
				"west": {"uv": [2, 6.875, 2.875, 7.875], "texture": "#0"},
				"up": {"uv": [2.125, 9.125, 1.875, 8.25], "texture": "#0"},
				"down": {"uv": [2.375, 8.25, 2.125, 9.125], "texture": "#0"}
			}
		},
		{
			"from": [-0.75, 1.14181, 0.74025],
			"to": [1.25, 8.14181, 8.74025],
			"rotation": {"angle": -22.5, "axis": "x", "origin": [0, 1.14181, 8.74025]},
			"faces": {
				"north": {"uv": [2.375, 8.25, 2.625, 9.125], "texture": "#0"},
				"east": {"uv": [6.875, 3.75, 7.875, 4.625], "texture": "#0"},
				"south": {"uv": [2.625, 8.25, 2.875, 9.125], "texture": "#0"},
				"west": {"uv": [6.75, 7, 7.75, 7.875], "texture": "#0"},
				"up": {"uv": [0.25, 9.25, 0, 8.25], "texture": "#0"},
				"down": {"uv": [0.5, 8.25, 0.25, 9.25], "texture": "#0"}
			}
		},
		{
			"from": [-0.75, 9.39181, 15.74025],
			"to": [0, 12.14181, 23.74025],
			"rotation": {"angle": -45, "axis": "x", "origin": [0, 1.14181, 8.74025]},
			"faces": {
				"north": {"uv": [7.375, 2.125, 7.5, 2.5], "texture": "#0"},
				"east": {"uv": [6.75, 7.875, 7.75, 8.25], "texture": "#0"},
				"south": {"uv": [7.5, 2.125, 7.625, 2.5], "texture": "#0"},
				"west": {"uv": [7.75, 8, 8.75, 8.375], "texture": "#0"},
				"up": {"uv": [2, 4.75, 1.875, 3.75], "texture": "#0"},
				"down": {"uv": [3, 6.875, 2.875, 7.875], "texture": "#0"}
			}
		},
		{
			"from": [-0.8, 14.93512, 16.31104],
			"to": [-0.05, 17.68512, 19.31104],
			"rotation": {"angle": -22.5, "axis": "x", "origin": [0, 6.68512, 9.31104]},
			"faces": {
				"north": {"uv": [7.625, 6.25, 7.75, 6.625], "texture": "#0"},
				"east": {"uv": [1.625, 4.75, 2, 5.125], "texture": "#0"},
				"south": {"uv": [7.625, 6.625, 7.75, 7], "texture": "#0"},
				"west": {"uv": [1.125, 6.5, 1.5, 6.875], "texture": "#0"},
				"up": {"uv": [5.5, 8.25, 5.375, 7.875], "texture": "#0"},
				"down": {"uv": [5.5, 8.25, 5.375, 8.625], "texture": "#0"}
			}
		},
		{
			"from": [14.75, 1.14181, 0.74025],
			"to": [16.75, 8.14181, 8.74025],
			"rotation": {"angle": -22.5, "axis": "x", "origin": [0, 1.14181, 8.74025]},
			"faces": {
				"north": {"uv": [8.25, 5.125, 8.5, 6], "texture": "#0"},
				"east": {"uv": [7.125, 1.25, 8.125, 2.125], "texture": "#0"},
				"south": {"uv": [6.75, 8.25, 7, 9.125], "texture": "#0"},
				"west": {"uv": [0, 7.375, 1, 8.25], "texture": "#0"},
				"up": {"uv": [0.75, 9.25, 0.5, 8.25], "texture": "#0"},
				"down": {"uv": [1, 8.25, 0.75, 9.25], "texture": "#0"}
			}
		},
		{
			"from": [2, 15, 3],
			"to": [14, 16, 14],
			"faces": {
				"north": {"uv": [5.625, 1.25, 7.125, 1.375], "texture": "#0"},
				"east": {"uv": [8.25, 6.125, 9.625, 6.25], "texture": "#0"},
				"south": {"uv": [8.25, 6, 9.75, 6.125], "texture": "#0"},
				"west": {"uv": [8.375, 1.25, 9.75, 1.375], "texture": "#0"},
				"up": {"uv": [5.5, 2.75, 4, 1.375], "texture": "#0"},
				"down": {"uv": [1.5, 5.125, 0, 6.5], "texture": "#0"}
			}
		},
		{
			"from": [5.75, 10, 2.625],
			"to": [10.25, 16.925, 16],
			"faces": {
				"north": {"uv": [6.125, 7.75, 6.75, 8.625], "texture": "#0"},
				"east": {"uv": [5.25, 3.75, 6.875, 4.625], "texture": "#0"},
				"south": {"uv": [7.75, 6.25, 8.375, 7.125], "texture": "#0"},
				"west": {"uv": [5.5, 1.375, 7.125, 2.25], "texture": "#0"},
				"up": {"uv": [6.125, 7.75, 5.5, 6.125], "texture": "#0"},
				"down": {"uv": [6.75, 6.125, 6.125, 7.75], "texture": "#0"}
			}
		},
		{
			"from": [5.75, 5.29288, 9.7229],
			"to": [10.25, 19.21788, 15.0979],
			"rotation": {"angle": 22.5, "axis": "x", "origin": [0, 2.29288, 7.0979]},
			"faces": {
				"north": {"uv": [3, 6.125, 3.625, 7.875], "texture": "#0"},
				"east": {"uv": [3.625, 6.125, 4.25, 7.875], "texture": "#0"},
				"south": {"uv": [4.25, 6.125, 4.875, 7.875], "texture": "#0"},
				"west": {"uv": [4.875, 6.125, 5.5, 7.875], "texture": "#0"},
				"up": {"uv": [8.5, 4.375, 7.875, 3.75], "texture": "#0"},
				"down": {"uv": [4.625, 7.875, 4, 8.5], "texture": "#0"}
			}
		},
		{
			"from": [1, -5, 0],
			"to": [15, -1, 8],
			"rotation": {"angle": -22.5, "axis": "x", "origin": [0, 0, 0]},
			"faces": {
				"north": {"uv": [5.5, 2.25, 7.25, 2.75], "texture": "#0"},
				"east": {"uv": [4, 2.75, 5, 3.25], "texture": "#0"},
				"south": {"uv": [5.625, 0.75, 7.375, 1.25], "texture": "#0"},
				"west": {"uv": [3, 7.875, 4, 8.375], "texture": "#0"},
				"up": {"uv": [3.25, 6.125, 1.5, 5.125], "texture": "#0"},
				"down": {"uv": [5, 5.125, 3.25, 6.125], "texture": "#0"}
			}
		},
		{
			"from": [2, -3, 3],
			"to": [14, 0, 14],
			"faces": {
				"north": {"uv": [7.375, 0.75, 9, 1.125], "texture": "#0"},
				"east": {"uv": [7.625, 3.375, 9, 3.75], "texture": "#0"},
				"south": {"uv": [7.625, 2.875, 9.25, 3.25], "texture": "#0"},
				"west": {"uv": [1.625, 7.875, 3, 8.25], "texture": "#0"},
				"up": {"uv": [1.625, 5.125, 0, 3.75], "texture": "#0"},
				"down": {"uv": [5.625, 0, 4, 1.375], "texture": "#0"}
			}
		}
	],
	"display": {
		"thirdperson_righthand": {
			"rotation": [55, 0, 0],
			"translation": [0.75, 1.5, 0],
			"scale": [0.4, 0.4, 0.4]
		},
		"thirdperson_lefthand": {
			"rotation": [55, 0, 0],
			"translation": [0.75, 1.5, 0],
			"scale": [0.4, 0.4, 0.4]
		},
		"firstperson_righthand": {
			"rotation": [0, 180, 0],
			"translation": [-9, 5.75, -4],
			"scale": [0.5, 0.5, 0.5]
		},
		"firstperson_lefthand": {
			"rotation": [0, 180, 0],
			"translation": [-9, 5.75, -4],
			"scale": [0.5, 0.5, 0.5]
		},
		"ground": {
			"translation": [0, 3, 0],
			"scale": [0.5, 0.5, 0.5]
		},
		"gui": {
			"rotation": [19, 135, 0],
			"translation": [0, -0.25, 0],
			"scale": [0.5, 0.5, 0.5]
		},
		"head": {
			"translation": [0, 1.25, 0],
			"scale": [0.95, 0.95, 0.95]
		},
		"fixed": {
			"translation": [0, 0, 2.5]
		}
	}
}