{
	"credit": "Made with Blockbench",
	"texture_size": [128, 128],
	"textures": {
		"1": "netc/heart_of_the_sea/bath_boat",
		"particle": "netc/heart_of_the_sea/bath_boat"
	},
	"elements": [
		{
			"from": [2.775, -0.75, -0.45],
			"to": [13.225, 4.25, 26],
			"rotation": {"angle": 0, "axis": "y", "origin": [0, 0, 7]},
			"faces": {
				"north": {"uv": [5.5, 0.75, 6.75, 1.375], "texture": "#1"},
				"east": {"uv": [2.5, 3, 5.75, 3.625], "texture": "#1"},
				"south": {"uv": [5.5, 1.375, 6.75, 2], "texture": "#1"},
				"west": {"uv": [0, 3.625, 3.25, 4.25], "texture": "#1"},
				"up": {"uv": [1.25, 3.25, 0, 0], "texture": "#1"},
				"down": {"uv": [2.5, 0, 1.25, 3.25], "texture": "#1"}
			}
		},
		{
			"from": [-1.025, 4, 2],
			"to": [2.875, 6.5, 26],
			"rotation": {"angle": 0, "axis": "y", "origin": [0, 2, 7]},
			"faces": {
				"north": {"uv": [8.125, 6.875, 8.625, 7.125], "texture": "#1"},
				"east": {"uv": [5.5, 2.5, 8.5, 2.75], "texture": "#1"},
				"south": {"uv": [8.125, 7.125, 8.625, 7.375], "texture": "#1"},
				"west": {"uv": [5.5, 2.75, 8.5, 3], "texture": "#1"},
				"up": {"uv": [0.5, 7.25, 0, 4.25], "texture": "#1"},
				"down": {"uv": [1, 4.25, 0.5, 7.25], "texture": "#1"}
			}
		},
		{
			"from": [-1.275, 2.25, 17],
			"to": [3.125, 6.75, 23],
			"rotation": {"angle": 0, "axis": "y", "origin": [0, 2, 7]},
			"faces": {
				"north": {"uv": [7.5, 1.5, 8, 2], "texture": "#1"},
				"east": {"uv": [6.75, 1.5, 7.5, 2], "texture": "#1"},
				"south": {"uv": [7.5, 4.625, 8, 5.125], "texture": "#1"},
				"west": {"uv": [6.875, 0, 7.625, 0.5], "texture": "#1"},
				"up": {"uv": [7.375, 7.5, 6.875, 6.75], "texture": "#1"},
				"down": {"uv": [3.5, 7, 3, 7.75], "texture": "#1"}
			}
		},
		{
			"from": [-0.025, -2, 2],
			"to": [2.975, 4, 26],
			"rotation": {"angle": 0, "axis": "y", "origin": [0, 0, 7]},
			"faces": {
				"north": {"uv": [0.5, 7.25, 0.875, 8], "texture": "#1"},
				"east": {"uv": [2.5, 0, 5.5, 0.75], "texture": "#1"},
				"south": {"uv": [7.25, 0.75, 7.625, 1.5], "texture": "#1"},
				"west": {"uv": [2.5, 0.75, 5.5, 1.5], "texture": "#1"},
				"up": {"uv": [1.375, 7.25, 1, 4.25], "texture": "#1"},
				"down": {"uv": [1.75, 4.25, 1.375, 7.25], "texture": "#1"}
			}
		},
		{
			"from": [12.975, -2, 2],
			"to": [15.975, 4, 26],
			"rotation": {"angle": 0, "axis": "y", "origin": [0, 0, 7]},
			"faces": {
				"north": {"uv": [0.875, 7.25, 1.25, 8], "texture": "#1"},
				"east": {"uv": [2.5, 1.5, 5.5, 2.25], "texture": "#1"},
				"south": {"uv": [1.25, 7.25, 1.625, 8], "texture": "#1"},
				"west": {"uv": [2.5, 2.25, 5.5, 3], "texture": "#1"},
				"up": {"uv": [2.125, 7.25, 1.75, 4.25], "texture": "#1"},
				"down": {"uv": [2.5, 4.25, 2.125, 7.25], "texture": "#1"}
			}
		},
		{
			"from": [13.125, 4, 2],
			"to": [17.025, 6.5, 26],
			"rotation": {"angle": 0, "axis": "y", "origin": [0, 2, 7]},
			"faces": {
				"north": {"uv": [8.125, 5.25, 8.625, 5.5], "texture": "#1"},
				"east": {"uv": [5.5, 2, 8.5, 2.25], "texture": "#1"},
				"south": {"uv": [8.125, 6.125, 8.625, 6.375], "texture": "#1"},
				"west": {"uv": [5.5, 2.25, 8.5, 2.5], "texture": "#1"},
				"up": {"uv": [3.75, 6.625, 3.25, 3.625], "texture": "#1"},
				"down": {"uv": [4.25, 3.625, 3.75, 6.625], "texture": "#1"}
			}
		},
		{
			"from": [26.23977, -2.025, 18.32246],
			"to": [29.48977, 3.975, 21.84746],
			"rotation": {"angle": -45, "axis": "y", "origin": [13.46477, -0.025, 5.84746]},
			"faces": {
				"north": {"uv": [1.625, 7.25, 2, 8], "texture": "#1"},
				"east": {"uv": [5, 5.875, 5.5, 6.625], "texture": "#1"},
				"south": {"uv": [2, 7.25, 2.375, 8], "texture": "#1"},
				"west": {"uv": [4.625, 6.625, 5.125, 7.375], "texture": "#1"},
				"up": {"uv": [8, 6.25, 7.625, 5.75], "texture": "#1"},
				"down": {"uv": [3.125, 7.75, 2.75, 8.25], "texture": "#1"}
			}
		},
		{
			"from": [15.03042, -2.025, -5.872],
			"to": [18.28042, 3.975, -2.347],
			"rotation": {"angle": -45, "axis": "y", "origin": [2.25542, -0.025, -18.347]},
			"faces": {
				"north": {"uv": [5.875, 7.5, 6.25, 8.25], "texture": "#1"},
				"east": {"uv": [5.875, 6.75, 6.375, 7.5], "texture": "#1"},
				"south": {"uv": [6.25, 7.5, 6.625, 8.25], "texture": "#1"},
				"west": {"uv": [6.375, 6.75, 6.875, 7.5], "texture": "#1"},
				"up": {"uv": [8.125, 7.25, 7.75, 6.75], "texture": "#1"},
				"down": {"uv": [8.125, 7.25, 7.75, 7.75], "texture": "#1"}
			}
		},
		{
			"from": [2.04631, -3.275, 24.33789],
			"to": [4.29631, -2.025, 26.86289],
			"rotation": {"angle": 45, "axis": "y", "origin": [3.12055, -6.025, 26.21213]},
			"faces": {
				"north": {"uv": [8.25, 7.875, 8.5, 8], "texture": "#1"},
				"east": {"uv": [8.25, 4.375, 8.625, 4.5], "texture": "#1"},
				"south": {"uv": [8.25, 8, 8.5, 8.125], "texture": "#1"},
				"west": {"uv": [5.75, 8.25, 6.125, 8.375], "texture": "#1"},
				"up": {"uv": [8.5, 0.375, 8.25, 0], "texture": "#1"},
				"down": {"uv": [0.5, 8.25, 0.25, 8.625], "texture": "#1"}
			}
		},
		{
			"from": [26.23977, -3.275, 18.82246],
			"to": [28.48977, -2.025, 21.34746],
			"rotation": {"angle": -45, "axis": "y", "origin": [13.46477, -6.025, 5.84746]},
			"faces": {
				"north": {"uv": [7.125, 8.25, 7.375, 8.375], "texture": "#1"},
				"east": {"uv": [8.25, 4.125, 8.625, 4.25], "texture": "#1"},
				"south": {"uv": [8.25, 7.75, 8.5, 7.875], "texture": "#1"},
				"west": {"uv": [8.25, 4.25, 8.625, 4.375], "texture": "#1"},
				"up": {"uv": [8.375, 8.5, 8.125, 8.125], "texture": "#1"},
				"down": {"uv": [0.25, 8.25, 0, 8.625], "texture": "#1"}
			}
		},
		{
			"from": [12.25566, -3.275, 0.14344],
			"to": [14.50566, -2.025, 2.66844],
			"rotation": {"angle": 45, "axis": "y", "origin": [14.32991, -6.025, 2.01768]},
			"faces": {
				"north": {"uv": [7.75, 5.625, 8, 5.75], "texture": "#1"},
				"east": {"uv": [3.625, 8.25, 4, 8.375], "texture": "#1"},
				"south": {"uv": [6.875, 8.25, 7.125, 8.375], "texture": "#1"},
				"west": {"uv": [4, 8.25, 4.375, 8.375], "texture": "#1"},
				"up": {"uv": [7.875, 8.5, 7.625, 8.125], "texture": "#1"},
				"down": {"uv": [8.125, 8.125, 7.875, 8.5], "texture": "#1"}
			}
		},
		{
			"from": [16.03042, -3.275, -5.372],
			"to": [18.28042, -2.025, -2.847],
			"rotation": {"angle": -45, "axis": "y", "origin": [2.25542, -6.025, -18.347]},
			"faces": {
				"north": {"uv": [3.875, 7.5, 4.125, 7.625], "texture": "#1"},
				"east": {"uv": [7.625, 4.5, 8, 4.625], "texture": "#1"},
				"south": {"uv": [7.5, 5.125, 7.75, 5.25], "texture": "#1"},
				"west": {"uv": [3.25, 8.25, 3.625, 8.375], "texture": "#1"},
				"up": {"uv": [5.75, 8.5, 5.5, 8.125], "texture": "#1"},
				"down": {"uv": [8.375, 7.375, 8.125, 7.75], "texture": "#1"}
			}
		},
		{
			"from": [1.04631, -2.025, 23.83789],
			"to": [4.29631, 3.975, 27.36289],
			"rotation": {"angle": 45, "axis": "y", "origin": [3.12055, -0.025, 26.21213]},
			"faces": {
				"north": {"uv": [4.625, 7.375, 5, 8.125], "texture": "#1"},
				"east": {"uv": [5.125, 6.625, 5.625, 7.375], "texture": "#1"},
				"south": {"uv": [5, 7.375, 5.375, 8.125], "texture": "#1"},
				"west": {"uv": [6.625, 5.625, 7.125, 6.375], "texture": "#1"},
				"up": {"uv": [8.125, 3.5, 7.75, 3], "texture": "#1"},
				"down": {"uv": [3.5, 7.75, 3.125, 8.25], "texture": "#1"}
			}
		},
		{
			"from": [12.25566, -2.025, -0.35656],
			"to": [15.50566, 3.975, 3.16844],
			"rotation": {"angle": 45, "axis": "y", "origin": [14.32991, -0.025, 2.01768]},
			"faces": {
				"north": {"uv": [2.375, 7.5, 2.75, 8.25], "texture": "#1"},
				"east": {"uv": [6.75, 0.75, 7.25, 1.5], "texture": "#1"},
				"south": {"uv": [3.5, 7.5, 3.875, 8.25], "texture": "#1"},
				"west": {"uv": [2.5, 6.75, 3, 7.5], "texture": "#1"},
				"up": {"uv": [8.125, 5.625, 7.75, 5.125], "texture": "#1"},
				"down": {"uv": [8.125, 6.25, 7.75, 6.75], "texture": "#1"}
			}
		},
		{
			"from": [25.88968, 3.975, 17.18333],
			"to": [29.78968, 6.475, 22.18333],
			"rotation": {"angle": -45, "axis": "y", "origin": [12.76468, 1.975, 6.18333]},
			"faces": {
				"north": {"uv": [5, 8.125, 5.5, 8.375], "texture": "#1"},
				"east": {"uv": [3.875, 8, 4.5, 8.25], "texture": "#1"},
				"south": {"uv": [8.125, 5, 8.625, 5.25], "texture": "#1"},
				"west": {"uv": [8, 4.5, 8.625, 4.75], "texture": "#1"},
				"up": {"uv": [4.625, 7.625, 4.125, 7], "texture": "#1"},
				"down": {"uv": [7.5, 4.625, 7, 5.25], "texture": "#1"}
			}
		},
		{
			"from": [14.13293, 3.975, -7.59449],
			"to": [18.03293, 6.475, -2.59449],
			"rotation": {"angle": -45, "axis": "y", "origin": [1.00793, 1.975, -18.59449]},
			"faces": {
				"north": {"uv": [0, 7.875, 0.5, 8.25], "texture": "#1"},
				"east": {"uv": [7.625, 0.75, 8.25, 1.125], "texture": "#1"},
				"south": {"uv": [0.5, 8, 1, 8.375], "texture": "#1"},
				"west": {"uv": [7.625, 1.125, 8.25, 1.5], "texture": "#1"},
				"up": {"uv": [7.625, 6.375, 7.125, 5.75], "texture": "#1"},
				"down": {"uv": [0.5, 7.25, 0, 7.875], "texture": "#1"}
			}
		},
		{
			"from": [-7.01324, 3.975, 10.50689],
			"to": [-2.01324, 6.475, 14.40689],
			"rotation": {"angle": -45, "axis": "y", "origin": [-18.01324, 1.975, 27.43189]},
			"faces": {
				"north": {"uv": [1.75, 8, 2.375, 8.25], "texture": "#1"},
				"east": {"uv": [8, 5.875, 8.5, 6.125], "texture": "#1"},
				"south": {"uv": [8, 1.75, 8.625, 2], "texture": "#1"},
				"west": {"uv": [8.125, 3, 8.625, 3.25], "texture": "#1"},
				"up": {"uv": [4.125, 7.5, 3.5, 7], "texture": "#1"},
				"down": {"uv": [7.625, 4.125, 7, 4.625], "texture": "#1"}
			}
		},
		{
			"from": [4.74351, 3.975, -14.27093],
			"to": [9.74351, 6.475, -10.37093],
			"rotation": {"angle": -45, "axis": "y", "origin": [-6.25649, 1.975, 2.65407]},
			"faces": {
				"north": {"uv": [1.375, 3.25, 2, 3.625], "texture": "#1"},
				"east": {"uv": [2, 3.25, 2.5, 3.625], "texture": "#1"},
				"south": {"uv": [7.625, 0, 8.25, 0.375], "texture": "#1"},
				"west": {"uv": [7.75, 7.75, 8.25, 8.125], "texture": "#1"},
				"up": {"uv": [7.75, 3.5, 7.125, 3], "texture": "#1"},
				"down": {"uv": [7.75, 5.25, 7.125, 5.75], "texture": "#1"}
			}
		},
		{
			"from": [2.48245, -2, 25.54255],
			"to": [13.48245, 4.025, 28.49255],
			"rotation": {"angle": 0, "axis": "y", "origin": [24.48245, 0, 13.03142]},
			"faces": {
				"north": {"uv": [4.25, 3.625, 5.625, 4.375], "texture": "#1"},
				"east": {"uv": [7.375, 6.375, 7.75, 7.125], "texture": "#1"},
				"south": {"uv": [4.25, 4.375, 5.625, 5.125], "texture": "#1"},
				"west": {"uv": [7.375, 7.125, 7.75, 7.875], "texture": "#1"},
				"up": {"uv": [1.375, 3.625, 0, 3.25], "texture": "#1"},
				"down": {"uv": [7.125, 3, 5.75, 3.375], "texture": "#1"}
			}
		},
		{
			"from": [2.46755, -2, -0.49255],
			"to": [13.46755, 4.025, 2.45745],
			"rotation": {"angle": 0, "axis": "y", "origin": [24.46755, 0, -13.00368]},
			"faces": {
				"north": {"uv": [4.25, 5.125, 5.625, 5.875], "texture": "#1"},
				"east": {"uv": [6.625, 7.5, 7, 8.25], "texture": "#1"},
				"south": {"uv": [5.5, 0, 6.875, 0.75], "texture": "#1"},
				"west": {"uv": [7, 7.5, 7.375, 8.25], "texture": "#1"},
				"up": {"uv": [7.25, 6.75, 5.875, 6.375], "texture": "#1"},
				"down": {"uv": [4.625, 6.625, 3.25, 7], "texture": "#1"}
			}
		},
		{
			"from": [2.53947, 4, -1.53553],
			"to": [13.48947, 6.5, 2.36447],
			"rotation": {"angle": 0, "axis": "y", "origin": [24.48947, 2, -13.83211]},
			"faces": {
				"north": {"uv": [7, 3.625, 8.375, 3.875], "texture": "#1"},
				"east": {"uv": [8.125, 6.375, 8.625, 6.625], "texture": "#1"},
				"south": {"uv": [7, 3.875, 8.375, 4.125], "texture": "#1"},
				"west": {"uv": [8.125, 6.625, 8.625, 6.875], "texture": "#1"},
				"up": {"uv": [7, 5.125, 5.625, 4.625], "texture": "#1"},
				"down": {"uv": [7, 5.125, 5.625, 5.625], "texture": "#1"}
			}
		},
		{
			"from": [5.53947, 6.5, -0.53553],
			"to": [10.48947, 8.5, 2.36447],
			"rotation": {"angle": 0, "axis": "y", "origin": [24.48947, 2, -13.83211]},
			"faces": {
				"north": {"uv": [8, 4.75, 8.625, 5], "texture": "#1"},
				"east": {"uv": [8.25, 0.5, 8.625, 0.75], "texture": "#1"},
				"south": {"uv": [8, 5.625, 8.625, 5.875], "texture": "#1"},
				"west": {"uv": [8.25, 0.75, 8.625, 1], "texture": "#1"},
				"up": {"uv": [4.5, 8, 3.875, 7.625], "texture": "#1"},
				"down": {"uv": [8.25, 4.125, 7.625, 4.5], "texture": "#1"}
			}
		},
		{
			"from": [7.26447, 8.5, 0.21447],
			"to": [8.76447, 10.25, 1.71447],
			"rotation": {"angle": 0, "axis": "y", "origin": [24.48947, 2, -13.83211]},
			"faces": {
				"north": {"uv": [2.75, 8.25, 3, 8.5], "texture": "#1"},
				"east": {"uv": [2.375, 7.25, 2.5, 7.5], "texture": "#1"},
				"south": {"uv": [3, 8.25, 3.25, 8.5], "texture": "#1"},
				"west": {"uv": [7.25, 6.375, 7.375, 6.625], "texture": "#1"},
				"up": {"uv": [3.75, 8.5, 3.5, 8.375], "texture": "#1"},
				"down": {"uv": [8.625, 3.625, 8.375, 3.75], "texture": "#1"}
			}
		},
		{
			"from": [7.26447, 9.75, 1.71447],
			"to": [8.76447, 10.25, 4.46447],
			"rotation": {"angle": 0, "axis": "y", "origin": [24.48947, 2, -13.83211]},
			"faces": {
				"north": {"uv": [3.75, 8.375, 4, 8.5], "texture": "#1"},
				"east": {"uv": [6.125, 8.25, 6.5, 8.375], "texture": "#1"},
				"south": {"uv": [8.375, 3.75, 8.625, 3.875], "texture": "#1"},
				"west": {"uv": [6.5, 8.25, 6.875, 8.375], "texture": "#1"},
				"up": {"uv": [1.25, 8.625, 1, 8.25], "texture": "#1"},
				"down": {"uv": [8.5, 1, 8.25, 1.375], "texture": "#1"}
			}
		},
		{
			"from": [7.51447, 7.5, 1.71447],
			"to": [8.51447, 9, 5.36447],
			"rotation": {"angle": 0, "axis": "y", "origin": [24.48947, 2, -13.83211]},
			"faces": {
				"north": {"uv": [7, 5.5, 7.125, 5.625], "texture": "#1"},
				"east": {"uv": [8.25, 1.375, 8.75, 1.5], "texture": "#1"},
				"south": {"uv": [7.25, 6.625, 7.375, 6.75], "texture": "#1"},
				"west": {"uv": [2.25, 8.25, 2.75, 8.375], "texture": "#1"},
				"up": {"uv": [5.625, 6.375, 5.5, 5.875], "texture": "#1"},
				"down": {"uv": [4.625, 7.625, 4.5, 8.125], "texture": "#1"}
			}
		},
		{
			"from": [7.51447, 6.75, 3.71447],
			"to": [8.51447, 7.5, 5.36447],
			"rotation": {"angle": 0, "axis": "y", "origin": [24.48947, 2, -13.83211]},
			"faces": {
				"north": {"uv": [7.625, 6.25, 7.75, 6.375], "texture": "#1"},
				"east": {"uv": [2.5, 8.375, 2.75, 8.5], "texture": "#1"},
				"south": {"uv": [7.625, 7.875, 7.75, 8], "texture": "#1"},
				"west": {"uv": [3.25, 8.375, 3.5, 8.5], "texture": "#1"},
				"up": {"uv": [5.625, 6.625, 5.5, 6.375], "texture": "#1"},
				"down": {"uv": [7.125, 5.25, 7, 5.5], "texture": "#1"}
			}
		},
		{
			"from": [2.53947, 4, 25.63553],
			"to": [13.48947, 6.5, 29.53553],
			"rotation": {"angle": 0, "axis": "y", "origin": [24.48947, 1.975, 18.67449]},
			"faces": {
				"north": {"uv": [5.75, 3.375, 7.125, 3.625], "texture": "#1"},
				"east": {"uv": [8.125, 3.25, 8.625, 3.5], "texture": "#1"},
				"south": {"uv": [6.875, 0.5, 8.25, 0.75], "texture": "#1"},
				"west": {"uv": [4.5, 8.125, 5, 8.375], "texture": "#1"},
				"up": {"uv": [7, 4.125, 5.625, 3.625], "texture": "#1"},
				"down": {"uv": [7, 4.125, 5.625, 4.625], "texture": "#1"}
			}
		},
		{
			"from": [7.01447, 6.5, 26.53553],
			"to": [9.01447, 26.5, 28.53553],
			"rotation": {"angle": 0, "axis": "y", "origin": [24.48947, 1.975, 18.67449]},
			"faces": {
				"north": {"uv": [2.5, 4.25, 2.75, 6.75], "texture": "#1"},
				"east": {"uv": [2.75, 4.25, 3, 6.75], "texture": "#1"},
				"south": {"uv": [3, 4.25, 3.25, 6.75], "texture": "#1"},
				"west": {"uv": [5.625, 5.625, 5.875, 8.125], "texture": "#1"},
				"up": {"uv": [3.25, 7, 3, 6.75], "texture": "#1"},
				"down": {"uv": [3, 7.5, 2.75, 7.75], "texture": "#1"}
			}
		},
		{
			"from": [7.01447, 24.5, 20.53553],
			"to": [9.01447, 26.5, 26.53553],
			"rotation": {"angle": 0, "axis": "y", "origin": [24.48947, 1.975, 18.67449]},
			"faces": {
				"north": {"uv": [1.25, 8.25, 1.5, 8.5], "texture": "#1"},
				"east": {"uv": [1, 8, 1.75, 8.25], "texture": "#1"},
				"south": {"uv": [1.5, 8.25, 1.75, 8.5], "texture": "#1"},
				"west": {"uv": [8, 1.5, 8.75, 1.75], "texture": "#1"},
				"up": {"uv": [5.625, 8.125, 5.375, 7.375], "texture": "#1"},
				"down": {"uv": [7.625, 7.875, 7.375, 8.625], "texture": "#1"}
			}
		},
		{
			"from": [5.01447, 22.5, 18.53553],
			"to": [11.01447, 23.5, 24.53553],
			"rotation": {"angle": 0, "axis": "y", "origin": [24.48947, 1.975, 18.67449]},
			"faces": {
				"north": {"uv": [7.125, 3.5, 7.875, 3.625], "texture": "#1"},
				"east": {"uv": [7.625, 0.375, 8.375, 0.5], "texture": "#1"},
				"south": {"uv": [7.875, 3.5, 8.625, 3.625], "texture": "#1"},
				"west": {"uv": [8.125, 5.5, 8.875, 5.625], "texture": "#1"},
				"up": {"uv": [5, 6.625, 4.25, 5.875], "texture": "#1"},
				"down": {"uv": [6.625, 5.625, 5.875, 6.375], "texture": "#1"}
			}
		},
		{
			"from": [7.26447, 23.5, 20.78553],
			"to": [8.76447, 24.5, 22.28553],
			"rotation": {"angle": 0, "axis": "y", "origin": [24.48947, 1.975, 18.67449]},
			"faces": {
				"north": {"uv": [8.375, 0.375, 8.625, 0.5], "texture": "#1"},
				"east": {"uv": [0.5, 8.375, 0.75, 8.5], "texture": "#1"},
				"south": {"uv": [0.75, 8.375, 1, 8.5], "texture": "#1"},
				"west": {"uv": [2.25, 8.375, 2.5, 8.5], "texture": "#1"},
				"up": {"uv": [2, 8.5, 1.75, 8.25], "texture": "#1"},
				"down": {"uv": [2.25, 8.25, 2, 8.5], "texture": "#1"}
			}
		}
	],
	"display": {
		"thirdperson_righthand": {
			"translation": [0, 2.5, 0],
			"scale": [0.25, 0.25, 0.25]
		},
		"thirdperson_lefthand": {
			"translation": [0, 2.5, 0],
			"scale": [0.25, 0.25, 0.25]
		},
		"firstperson_righthand": {
			"rotation": [17.04, 14.33, 4.7],
			"translation": [0, 1, -7.5],
			"scale": [0.5, 0.5, 0.5]
		},
		"firstperson_lefthand": {
			"rotation": [17.04, 14.33, 4.7],
			"translation": [0, 1, -7.5],
			"scale": [0.5, 0.5, 0.5]
		},
		"ground": {
			"translation": [0, 7, -6.25]
		},
		"gui": {
			"rotation": [44, 23, 1],
			"translation": [-1.25, 3.75, 1.75],
			"scale": [0.5, 0.5, 0.5]
		},
		"head": {
			"translation": [0, 14.5, -6]
		},
		"fixed": {
			"rotation": [-50.5, -90, 0],
			"translation": [3, 1.5, -3],
			"scale": [0.5, 0.5, 0.5]
		}
	}
}