{
	"credit": "Made with Blockbench",
	"texture_size": [128, 128],
	"textures": {
		"0": "netc/heart_of_the_sea/guard",
		"particle": "netc/heart_of_the_sea/guard"
	},
	"elements": [
		{
			"from": [0, 9, 0],
			"to": [16, 16, 16],
			"faces": {
				"north": {"uv": [0, 5, 2, 5.875], "texture": "#0"},
				"east": {"uv": [2, 5.5, 4, 6.375], "texture": "#0"},
				"south": {"uv": [5.5, 2.75, 7.5, 3.625], "texture": "#0"},
				"west": {"uv": [5.5, 3.625, 7.5, 4.5], "texture": "#0"},
				"up": {"uv": [2, 2, 0, 0], "texture": "#0"},
				"down": {"uv": [2, 2, 0, 4], "texture": "#0"}
			}
		},
		{
			"from": [1.05, -5, 2],
			"to": [14.95, -1, 16],
			"rotation": {"angle": -22.5, "axis": "x", "origin": [0, 0, 0]},
			"faces": {
				"north": {"uv": [0, 7.125, 1.75, 7.625], "texture": "#0"},
				"east": {"uv": [0, 6.625, 2, 7.125], "texture": "#0"},
				"south": {"uv": [5.375, 7.125, 7.125, 7.625], "texture": "#0"},
				"west": {"uv": [3.375, 7, 5.375, 7.5], "texture": "#0"},
				"up": {"uv": [3.75, 5.5, 2, 3.5], "texture": "#0"},
				"down": {"uv": [5.5, 3.5, 3.75, 5.5], "texture": "#0"}
			}
		},
		{
			"from": [-1, 7, -7],
			"to": [17, 13, 7],
			"rotation": {"angle": 22.5, "axis": "x", "origin": [0, 0, 0]},
			"faces": {
				"north": {"uv": [4, 5.5, 6.25, 6.25], "texture": "#0"},
				"east": {"uv": [4, 6.25, 5.75, 7], "texture": "#0"},
				"south": {"uv": [5.5, 4.5, 7.75, 5.25], "texture": "#0"},
				"west": {"uv": [6.25, 5.25, 8, 6], "texture": "#0"},
				"up": {"uv": [4.25, 1.75, 2, 0], "texture": "#0"},
				"down": {"uv": [4.25, 1.75, 2, 3.5], "texture": "#0"}
			}
		},
		{
			"from": [7, 14, -2],
			"to": [9, 21, 9],
			"faces": {
				"north": {"uv": [7.875, 6, 8.125, 6.875], "texture": "#0"},
				"east": {"uv": [5.75, 6.25, 7.125, 7.125], "texture": "#0"},
				"south": {"uv": [7.875, 6.875, 8.125, 7.75], "texture": "#0"},
				"west": {"uv": [2, 6.375, 3.375, 7.25], "texture": "#0"},
				"up": {"uv": [1.25, 9, 1, 7.625], "texture": "#0"},
				"down": {"uv": [1.5, 7.625, 1.25, 9], "texture": "#0"}
			}
		},
		{
			"from": [7.025, 14.83316, 0.81141],
			"to": [8.975, 21.83316, 11.81141],
			"rotation": {"angle": 22.5, "axis": "x", "origin": [0, 0.83316, 2.81141]},
			"faces": {
				"north": {"uv": [7.875, 7.75, 8.125, 8.625], "texture": "#0"},
				"east": {"uv": [6.5, 0.75, 7.875, 1.625], "texture": "#0"},
				"south": {"uv": [8, 4.625, 8.25, 5.5], "texture": "#0"},
				"west": {"uv": [6.5, 1.625, 7.875, 2.5], "texture": "#0"},
				"up": {"uv": [1.75, 9, 1.5, 7.625], "texture": "#0"},
				"down": {"uv": [5.5, 7.625, 5.25, 9], "texture": "#0"}
			}
		},
		{
			"from": [7.05, 14.52703, 3.72765],
			"to": [8.95, 21.52703, 7.72765],
			"rotation": {"angle": 45, "axis": "x", "origin": [0, 0.52703, 5.72765]},
			"faces": {
				"north": {"uv": [5.5, 8, 5.75, 8.875], "texture": "#0"},
				"east": {"uv": [0, 7.625, 0.5, 8.5], "texture": "#0"},
				"south": {"uv": [5.75, 8, 6, 8.875], "texture": "#0"},
				"west": {"uv": [0.5, 7.625, 1, 8.5], "texture": "#0"},
				"up": {"uv": [8, 5.125, 7.75, 4.625], "texture": "#0"},
				"down": {"uv": [8.125, 1.875, 7.875, 2.375], "texture": "#0"}
			}
		},
		{
			"from": [0, 0, 0],
			"to": [2, 9, 6],
			"faces": {
				"north": {"uv": [6.375, 7.625, 6.625, 8.75], "texture": "#0"},
				"east": {"uv": [7.125, 6, 7.875, 7.125], "texture": "#0"},
				"south": {"uv": [6.625, 7.625, 6.875, 8.75], "texture": "#0"},
				"west": {"uv": [7.125, 7.125, 7.875, 8.25], "texture": "#0"},
				"up": {"uv": [6.25, 8.75, 6, 8], "texture": "#0"},
				"down": {"uv": [8.375, 0.75, 8.125, 1.5], "texture": "#0"}
			}
		},
		{
			"from": [1, -2, -1],
			"to": [6, 4, 1],
			"faces": {
				"north": {"uv": [4.25, 2.75, 4.875, 3.5], "texture": "#0"},
				"east": {"uv": [8.125, 6.25, 8.375, 7], "texture": "#0"},
				"south": {"uv": [4.875, 2.75, 5.5, 3.5], "texture": "#0"},
				"west": {"uv": [8.125, 7, 8.375, 7.75], "texture": "#0"},
				"up": {"uv": [6.125, 5.5, 5.5, 5.25], "texture": "#0"},
				"down": {"uv": [6.875, 6, 6.25, 6.25], "texture": "#0"}
			}
		},
		{
			"from": [10, -2, -1],
			"to": [15, 4, 1],
			"faces": {
				"north": {"uv": [4, 7.5, 4.625, 8.25], "texture": "#0"},
				"east": {"uv": [8.125, 7.75, 8.375, 8.5], "texture": "#0"},
				"south": {"uv": [4.625, 7.5, 5.25, 8.25], "texture": "#0"},
				"west": {"uv": [8.25, 0, 8.5, 0.75], "texture": "#0"},
				"up": {"uv": [4, 6.625, 3.375, 6.375], "texture": "#0"},
				"down": {"uv": [7.125, 2.5, 6.5, 2.75], "texture": "#0"}
			}
		},
		{
			"from": [0, 1, 10],
			"to": [16, 9, 16],
			"faces": {
				"north": {"uv": [0, 4, 2, 5], "texture": "#0"},
				"east": {"uv": [3.25, 7.5, 4, 8.5], "texture": "#0"},
				"south": {"uv": [4.25, 0, 6.25, 1], "texture": "#0"},
				"west": {"uv": [7.5, 3.25, 8.25, 4.25], "texture": "#0"},
				"up": {"uv": [2, 6.625, 0, 5.875], "texture": "#0"},
				"down": {"uv": [8.25, 0, 6.25, 0.75], "texture": "#0"}
			}
		},
		{
			"from": [-1, 4.82475, 8.77167],
			"to": [17, 7.82475, 15.77167],
			"rotation": {"angle": 22.5, "axis": "x", "origin": [1, -0.17525, -0.22833]},
			"faces": {
				"north": {"uv": [7.5, 2.5, 9.75, 2.875], "texture": "#0"},
				"east": {"uv": [5.5, 7.625, 6.375, 8], "texture": "#0"},
				"south": {"uv": [7.5, 2.875, 9.75, 3.25], "texture": "#0"},
				"west": {"uv": [7.75, 4.25, 8.625, 4.625], "texture": "#0"},
				"up": {"uv": [6.5, 1.875, 4.25, 1], "texture": "#0"},
				"down": {"uv": [6.5, 1.875, 4.25, 2.75], "texture": "#0"}
			}
		},
		{
			"from": [14, 0, 0],
			"to": [16, 9, 6],
			"faces": {
				"north": {"uv": [6.875, 7.625, 7.125, 8.75], "texture": "#0"},
				"east": {"uv": [1.75, 7.25, 2.5, 8.375], "texture": "#0"},
				"south": {"uv": [7.875, 0.75, 8.125, 1.875], "texture": "#0"},
				"west": {"uv": [2.5, 7.25, 3.25, 8.375], "texture": "#0"},
				"up": {"uv": [8.375, 2.25, 8.125, 1.5], "texture": "#0"},
				"down": {"uv": [8.375, 5.5, 8.125, 6.25], "texture": "#0"}
			}
		}
	],
	"display": {
		"thirdperson_righthand": {
			"rotation": [55, 0, 0],
			"translation": [0.75, 1.5, 0],
			"scale": [0.4, 0.4, 0.4]
		},
		"thirdperson_lefthand": {
			"rotation": [55, 0, 0],
			"translation": [0.75, 1.5, 0],
			"scale": [0.4, 0.4, 0.4]
		},
		"firstperson_righthand": {
			"rotation": [0, 180, 0],
			"translation": [-9, 5.75, -4],
			"scale": [0.5, 0.5, 0.5]
		},
		"firstperson_lefthand": {
			"rotation": [0, 180, 0],
			"translation": [-9, 5.75, -4],
			"scale": [0.5, 0.5, 0.5]
		},
		"ground": {
			"translation": [0, 3, 0],
			"scale": [0.5, 0.5, 0.5]
		},
		"gui": {
			"rotation": [19, 135, 0],
			"translation": [0, -0.25, 0],
			"scale": [0.5, 0.5, 0.5]
		},
		"head": {
			"translation": [0, 1.25, 0],
			"scale": [0.95, 0.95, 0.95]
		},
		"fixed": {
			"translation": [0, 0, 2.5]
		}
	}
}