{
	"credit": "Made with Blockbench",
	"texture_size": [128, 128],
	"textures": {
		"2": "netc/heart_of_the_sea/h001",
		"particle": "netc/heart_of_the_sea/h001"
	},
	"elements": [
		{
			"from": [-1, 10, -1],
			"to": [17, 17, 17],
			"faces": {
				"north": {"uv": [0, 5.5, 2.25, 6.375], "texture": "#2"},
				"east": {"uv": [4.25, 6, 6.5, 6.875], "texture": "#2"},
				"south": {"uv": [6.25, 1.125, 8.5, 2], "texture": "#2"},
				"west": {"uv": [6.25, 2, 8.5, 2.875], "texture": "#2"},
				"up": {"uv": [2.25, 2.25, 0, 0], "texture": "#2"},
				"down": {"uv": [2.25, 2.25, 0, 4.5], "texture": "#2"}
			}
		},
		{
			"from": [22.79967, -2.21157, 6],
			"to": [24.79967, 4.78843, 17],
			"rotation": {"angle": 22.5, "axis": "z", "origin": [7.79967, -12.21157, 0]},
			"faces": {
				"north": {"uv": [4.25, 5.125, 4.5, 6], "texture": "#2"},
				"east": {"uv": [6.5, 6, 7.875, 6.875], "texture": "#2"},
				"south": {"uv": [4.5, 5.125, 4.75, 6], "texture": "#2"},
				"west": {"uv": [6.75, 0, 8.125, 0.875], "texture": "#2"},
				"up": {"uv": [4.375, 9.625, 4.125, 8.25], "texture": "#2"},
				"down": {"uv": [5.25, 8.25, 5, 9.625], "texture": "#2"}
			}
		},
		{
			"from": [-6.36381, 10.0343, 6],
			"to": [-4.36381, 17.0343, 17],
			"rotation": {"angle": -22.5, "axis": "z", "origin": [-21.36381, 0.0343, 0]},
			"faces": {
				"north": {"uv": [8.5, 8.5, 8.75, 9.375], "texture": "#2"},
				"east": {"uv": [6.75, 4.875, 8.125, 5.75], "texture": "#2"},
				"south": {"uv": [8.75, 1.125, 9, 2], "texture": "#2"},
				"west": {"uv": [3.625, 6.875, 5, 7.75], "texture": "#2"},
				"up": {"uv": [5.5, 9.625, 5.25, 8.25], "texture": "#2"},
				"down": {"uv": [5.75, 8.25, 5.5, 9.625], "texture": "#2"}
			}
		},
		{
			"from": [0, 17, 0],
			"to": [16, 20, 16],
			"faces": {
				"north": {"uv": [7, 3.875, 9, 4.25], "texture": "#2"},
				"east": {"uv": [7, 4.25, 9, 4.625], "texture": "#2"},
				"south": {"uv": [7.875, 5.75, 9.875, 6.125], "texture": "#2"},
				"west": {"uv": [7.875, 6.125, 9.875, 6.5], "texture": "#2"},
				"up": {"uv": [4.25, 2, 2.25, 0], "texture": "#2"},
				"down": {"uv": [4.25, 2, 2.25, 4], "texture": "#2"}
			}
		},
		{
			"from": [-1, -4.73606, 17.13554],
			"to": [17, 3.26394, 19.13554],
			"rotation": {"angle": -22.5, "axis": "x", "origin": [0, 1.26394, 1.13554]},
			"faces": {
				"north": {"uv": [0, 4.5, 2.25, 5.5], "texture": "#2"},
				"east": {"uv": [8, 8.5, 8.25, 9.5], "texture": "#2"},
				"south": {"uv": [4.75, 3.875, 7, 4.875], "texture": "#2"},
				"west": {"uv": [8.25, 8.5, 8.5, 9.5], "texture": "#2"},
				"up": {"uv": [9, 1.125, 6.75, 0.875], "texture": "#2"},
				"down": {"uv": [9.25, 4.625, 7, 4.875], "texture": "#2"}
			}
		},
		{
			"from": [17, 5.75, 4.05],
			"to": [23, 16.75, 6.3],
			"rotation": {"angle": 0, "axis": "y", "origin": [0, 3, 0]},
			"faces": {
				"north": {"uv": [1.375, 6.375, 2.125, 7.75], "texture": "#2"},
				"east": {"uv": [4.75, 7.75, 5, 9.125], "texture": "#2"},
				"south": {"uv": [5, 6.875, 5.75, 8.25], "texture": "#2"},
				"west": {"uv": [0.625, 8.25, 0.875, 9.625], "texture": "#2"},
				"up": {"uv": [9.5, 2.25, 8.75, 2], "texture": "#2"},
				"down": {"uv": [9.625, 7.5, 8.875, 7.75], "texture": "#2"}
			}
		},
		{
			"from": [26.60512, 6, -5.97416],
			"to": [31.60512, 17, -3.72416],
			"rotation": {"angle": -22.5, "axis": "y", "origin": [-0.39488, 3.25, -10.02416]},
			"faces": {
				"north": {"uv": [7.25, 6.875, 7.875, 8.25], "texture": "#2"},
				"east": {"uv": [1.375, 8.25, 1.625, 9.625], "texture": "#2"},
				"south": {"uv": [2.125, 7.625, 2.75, 9], "texture": "#2"},
				"west": {"uv": [3.375, 8.25, 3.625, 9.625], "texture": "#2"},
				"up": {"uv": [4.25, 6.5, 3.625, 6.25], "texture": "#2"},
				"down": {"uv": [4.25, 6.5, 3.625, 6.75], "texture": "#2"}
			}
		},
		{
			"from": [-11.11401, 6, 16.60416],
			"to": [-6.11401, 17, 18.85416],
			"rotation": {"angle": 22.5, "axis": "y", "origin": [-38.11401, 3.25, 12.55416]},
			"faces": {
				"north": {"uv": [2.75, 7.625, 3.375, 9], "texture": "#2"},
				"east": {"uv": [3.625, 8.25, 3.875, 9.625], "texture": "#2"},
				"south": {"uv": [0, 7.75, 0.625, 9.125], "texture": "#2"},
				"west": {"uv": [3.875, 8.25, 4.125, 9.625], "texture": "#2"},
				"up": {"uv": [9.625, 2, 9, 1.75], "texture": "#2"},
				"down": {"uv": [9.875, 5.375, 9.25, 5.625], "texture": "#2"}
			}
		},
		{
			"from": [-7, 5.75, 4.05],
			"to": [-1, 16.75, 6.3],
			"rotation": {"angle": 0, "axis": "y", "origin": [0, 3, 0]},
			"faces": {
				"north": {"uv": [5.75, 6.875, 6.5, 8.25], "texture": "#2"},
				"east": {"uv": [0.875, 8.25, 1.125, 9.625], "texture": "#2"},
				"south": {"uv": [6.5, 6.875, 7.25, 8.25], "texture": "#2"},
				"west": {"uv": [1.125, 8.25, 1.375, 9.625], "texture": "#2"},
				"up": {"uv": [9.625, 8, 8.875, 7.75], "texture": "#2"},
				"down": {"uv": [9.625, 8, 8.875, 8.25], "texture": "#2"}
			}
		},
		{
			"from": [0.25, 1, 0.25],
			"to": [15.75, 11.75, 2.25],
			"rotation": {"angle": 22.5, "axis": "x", "origin": [0, 0, 0]},
			"faces": {
				"north": {"uv": [4.25, 1.125, 6.25, 2.5], "texture": "#2"},
				"east": {"uv": [1.75, 7.75, 2, 9.125], "texture": "#2"},
				"south": {"uv": [4.25, 2.5, 6.25, 3.875], "texture": "#2"},
				"west": {"uv": [4.5, 7.75, 4.75, 9.125], "texture": "#2"},
				"up": {"uv": [9.875, 6.75, 7.875, 6.5], "texture": "#2"},
				"down": {"uv": [9.875, 6.75, 7.875, 7], "texture": "#2"}
			}
		},
		{
			"from": [4.25, 0, -0.25],
			"to": [11.75, 2.75, 2.75],
			"rotation": {"angle": 22.5, "axis": "x", "origin": [0, 0, 0]},
			"faces": {
				"north": {"uv": [7.875, 7.5, 8.875, 7.875], "texture": "#2"},
				"east": {"uv": [9.5, 8.25, 9.875, 8.625], "texture": "#2"},
				"south": {"uv": [7.875, 7.875, 8.875, 8.25], "texture": "#2"},
				"west": {"uv": [9.5, 8.625, 9.875, 9], "texture": "#2"},
				"up": {"uv": [9.125, 0.375, 8.125, 0], "texture": "#2"},
				"down": {"uv": [9.125, 0.375, 8.125, 0.75], "texture": "#2"}
			}
		},
		{
			"from": [0.25, -4.5, 10.5],
			"to": [15.75, 4.25, 12.5],
			"rotation": {"angle": -22.5, "axis": "x", "origin": [0, 0, 0]},
			"faces": {
				"north": {"uv": [4.75, 4.875, 6.75, 6], "texture": "#2"},
				"east": {"uv": [5.75, 8.25, 6, 9.375], "texture": "#2"},
				"south": {"uv": [2.25, 5.125, 4.25, 6.25], "texture": "#2"},
				"west": {"uv": [6, 8.25, 6.25, 9.375], "texture": "#2"},
				"up": {"uv": [9.875, 7.25, 7.875, 7], "texture": "#2"},
				"down": {"uv": [9.875, 7.25, 7.875, 7.5], "texture": "#2"}
			}
		},
		{
			"from": [-2, 6.75, 0],
			"to": [18, 11, 9],
			"rotation": {"angle": -22.5, "axis": "x", "origin": [0, 0, 0]},
			"faces": {
				"north": {"uv": [6.25, 2.875, 8.75, 3.375], "texture": "#2"},
				"east": {"uv": [0.625, 7.75, 1.75, 8.25], "texture": "#2"},
				"south": {"uv": [6.25, 3.375, 8.75, 3.875], "texture": "#2"},
				"west": {"uv": [3.375, 7.75, 4.5, 8.25], "texture": "#2"},
				"up": {"uv": [4.75, 5.125, 2.25, 4], "texture": "#2"},
				"down": {"uv": [6.75, 0, 4.25, 1.125], "texture": "#2"}
			}
		},
		{
			"from": [1.97697, 15.82686, 0.76537],
			"to": [3.97697, 22.82686, 2.76537],
			"rotation": {"angle": 22.5, "axis": "z", "origin": [6.97697, 8.82686, 11.76537]},
			"faces": {
				"north": {"uv": [8.75, 2.75, 9, 3.625], "texture": "#2"},
				"east": {"uv": [8.75, 8.5, 9, 9.375], "texture": "#2"},
				"south": {"uv": [9, 0.75, 9.25, 1.625], "texture": "#2"},
				"west": {"uv": [2, 9, 2.25, 9.875], "texture": "#2"},
				"up": {"uv": [9, 3.875, 8.75, 3.625], "texture": "#2"},
				"down": {"uv": [9.75, 5.125, 9.5, 5.375], "texture": "#2"}
			}
		},
		{
			"from": [7.33304, 23.29942, 0.51537],
			"to": [9.33304, 30.29942, 2.51537],
			"rotation": {"angle": 45, "axis": "z", "origin": [7.33304, 9.29942, 11.76537]},
			"faces": {
				"north": {"uv": [2.25, 9, 2.5, 9.875], "texture": "#2"},
				"east": {"uv": [2.5, 9, 2.75, 9.875], "texture": "#2"},
				"south": {"uv": [2.75, 9, 3, 9.875], "texture": "#2"},
				"west": {"uv": [9, 2.75, 9.25, 3.625], "texture": "#2"},
				"up": {"uv": [9.75, 9.25, 9.5, 9], "texture": "#2"},
				"down": {"uv": [9.875, 1.75, 9.625, 2], "texture": "#2"}
			}
		},
		{
			"from": [-3, 16.17108, -2.75074],
			"to": [-1, 23.17108, -0.75074],
			"rotation": {"angle": 22.5, "axis": "x", "origin": [2, 9.17108, 8.24926]},
			"faces": {
				"north": {"uv": [3, 9, 3.25, 9.875], "texture": "#2"},
				"east": {"uv": [9, 3.625, 9.25, 4.5], "texture": "#2"},
				"south": {"uv": [9, 8.5, 9.25, 9.375], "texture": "#2"},
				"west": {"uv": [0, 9.125, 0.25, 10], "texture": "#2"},
				"up": {"uv": [4, 9.875, 3.75, 9.625], "texture": "#2"},
				"down": {"uv": [4.25, 9.625, 4, 9.875], "texture": "#2"}
			}
		},
		{
			"from": [17.25, 23.23882, 8.03427],
			"to": [19.25, 25.23882, 17.03427],
			"rotation": {"angle": -22.5, "axis": "x", "origin": [22.25, 14.23882, 3.03427]},
			"faces": {
				"north": {"uv": [4.875, 9.625, 5.125, 9.875], "texture": "#2"},
				"east": {"uv": [6.75, 5.75, 7.875, 6], "texture": "#2"},
				"south": {"uv": [5.125, 9.625, 5.375, 9.875], "texture": "#2"},
				"west": {"uv": [8.125, 4.875, 9.25, 5.125], "texture": "#2"},
				"up": {"uv": [6.5, 9.375, 6.25, 8.25], "texture": "#2"},
				"down": {"uv": [6.75, 8.25, 6.5, 9.375], "texture": "#2"}
			}
		},
		{
			"from": [17.5, 24.00121, 12.68679],
			"to": [19.5, 26.00121, 21.68679],
			"rotation": {"angle": -45, "axis": "x", "origin": [22.5, 15.00121, 7.68679]},
			"faces": {
				"north": {"uv": [5.375, 9.625, 5.625, 9.875], "texture": "#2"},
				"east": {"uv": [8.125, 5.125, 9.25, 5.375], "texture": "#2"},
				"south": {"uv": [6.25, 9.625, 6.5, 9.875], "texture": "#2"},
				"west": {"uv": [8.125, 5.375, 9.25, 5.625], "texture": "#2"},
				"up": {"uv": [7, 9.375, 6.75, 8.25], "texture": "#2"},
				"down": {"uv": [7.25, 8.25, 7, 9.375], "texture": "#2"}
			}
		},
		{
			"from": [17, 16.17108, -2.75074],
			"to": [19, 23.17108, -0.75074],
			"rotation": {"angle": 22.5, "axis": "x", "origin": [22, 9.17108, 8.24926]},
			"faces": {
				"north": {"uv": [0.25, 9.125, 0.5, 10], "texture": "#2"},
				"east": {"uv": [1.625, 9.125, 1.875, 10], "texture": "#2"},
				"south": {"uv": [4.375, 9.125, 4.625, 10], "texture": "#2"},
				"west": {"uv": [4.625, 9.125, 4.875, 10], "texture": "#2"},
				"up": {"uv": [6.75, 9.875, 6.5, 9.625], "texture": "#2"},
				"down": {"uv": [7.375, 9.625, 7.125, 9.875], "texture": "#2"}
			}
		},
		{
			"from": [11.41407, 12.7654, 0.76537],
			"to": [13.41407, 19.7654, 2.76537],
			"rotation": {"angle": -22.5, "axis": "z", "origin": [16.41407, 5.7654, 11.76537]},
			"faces": {
				"north": {"uv": [9.25, 0, 9.5, 0.875], "texture": "#2"},
				"east": {"uv": [9.25, 0.875, 9.5, 1.75], "texture": "#2"},
				"south": {"uv": [9.25, 2.75, 9.5, 3.625], "texture": "#2"},
				"west": {"uv": [9.25, 3.625, 9.5, 4.5], "texture": "#2"},
				"up": {"uv": [7.625, 9.875, 7.375, 9.625], "texture": "#2"},
				"down": {"uv": [9.875, 7.5, 9.625, 7.75], "texture": "#2"}
			}
		},
		{
			"from": [10.73803, 19.12784, 0.51537],
			"to": [12.73803, 26.12784, 2.51537],
			"rotation": {"angle": -45, "axis": "z", "origin": [15.73803, 12.12784, 11.76537]},
			"faces": {
				"north": {"uv": [9.25, 4.5, 9.5, 5.375], "texture": "#2"},
				"east": {"uv": [9.25, 8.5, 9.5, 9.375], "texture": "#2"},
				"south": {"uv": [5.75, 9.375, 6, 10.25], "texture": "#2"},
				"west": {"uv": [6, 9.375, 6.25, 10.25], "texture": "#2"},
				"up": {"uv": [7.875, 9.875, 7.625, 9.625], "texture": "#2"},
				"down": {"uv": [9.875, 7.75, 9.625, 8], "texture": "#2"}
			}
		},
		{
			"from": [-3.5, 24.00121, 12.68679],
			"to": [-1.5, 26.00121, 21.68679],
			"rotation": {"angle": -45, "axis": "x", "origin": [1.5, 15.00121, 7.68679]},
			"faces": {
				"north": {"uv": [9.625, 8, 9.875, 8.25], "texture": "#2"},
				"east": {"uv": [7.25, 8.25, 8.375, 8.5], "texture": "#2"},
				"south": {"uv": [8.5, 9.625, 8.75, 9.875], "texture": "#2"},
				"west": {"uv": [8.375, 8.25, 9.5, 8.5], "texture": "#2"},
				"up": {"uv": [8.75, 2.25, 8.5, 1.125], "texture": "#2"},
				"down": {"uv": [7.5, 8.5, 7.25, 9.625], "texture": "#2"}
			}
		},
		{
			"from": [-3.5, 26.00121, 18.68679],
			"to": [-1.5, 30.00121, 20.68679],
			"rotation": {"angle": -45, "axis": "x", "origin": [1.5, 15.00121, 7.68679]},
			"faces": {
				"north": {"uv": [8.25, 9.5, 8.5, 10], "texture": "#2"},
				"east": {"uv": [0.5, 9.625, 0.75, 10.125], "texture": "#2"},
				"south": {"uv": [0.75, 9.625, 1, 10.125], "texture": "#2"},
				"west": {"uv": [1, 9.625, 1.25, 10.125], "texture": "#2"},
				"up": {"uv": [9, 9.875, 8.75, 9.625], "texture": "#2"},
				"down": {"uv": [9.625, 9.625, 9.375, 9.875], "texture": "#2"}
			}
		},
		{
			"from": [17.5, 26.00121, 18.68679],
			"to": [19.5, 30.00121, 20.68679],
			"rotation": {"angle": -45, "axis": "x", "origin": [4.25, 15.00121, 7.68679]},
			"faces": {
				"north": {"uv": [1.25, 9.625, 1.5, 10.125], "texture": "#2"},
				"east": {"uv": [9.625, 2.25, 9.875, 2.75], "texture": "#2"},
				"south": {"uv": [3.25, 9.625, 3.5, 10.125], "texture": "#2"},
				"west": {"uv": [3.5, 9.625, 3.75, 10.125], "texture": "#2"},
				"up": {"uv": [9.875, 9.875, 9.625, 9.625], "texture": "#2"},
				"down": {"uv": [10, 0.25, 9.75, 0.5], "texture": "#2"}
			}
		},
		{
			"from": [17.75, 29.60278, 14.39823],
			"to": [19.75, 31.60278, 19.39823],
			"rotation": {"angle": -22.5, "axis": "x", "origin": [22.5, 20.60278, 9.39823]},
			"faces": {
				"north": {"uv": [9.75, 0.5, 10, 0.75], "texture": "#2"},
				"east": {"uv": [6.25, 9.375, 6.875, 9.625], "texture": "#2"},
				"south": {"uv": [9.75, 0.75, 10, 1], "texture": "#2"},
				"west": {"uv": [8.5, 9.375, 9.125, 9.625], "texture": "#2"},
				"up": {"uv": [7.125, 10, 6.875, 9.375], "texture": "#2"},
				"down": {"uv": [9.375, 9.375, 9.125, 10], "texture": "#2"}
			}
		},
		{
			"from": [-3.75, 29.60278, 14.39823],
			"to": [-1.75, 31.60278, 19.39823],
			"rotation": {"angle": -22.5, "axis": "x", "origin": [1.5, 20.60278, 9.39823]},
			"faces": {
				"north": {"uv": [9.75, 1, 10, 1.25], "texture": "#2"},
				"east": {"uv": [9.375, 9.375, 10, 9.625], "texture": "#2"},
				"south": {"uv": [9.75, 1.25, 10, 1.5], "texture": "#2"},
				"west": {"uv": [9.5, 0, 10.125, 0.25], "texture": "#2"},
				"up": {"uv": [9.75, 0.875, 9.5, 0.25], "texture": "#2"},
				"down": {"uv": [9.75, 0.875, 9.5, 1.5], "texture": "#2"}
			}
		},
		{
			"from": [-3.25, 23.23882, 8.03427],
			"to": [-1.25, 25.23882, 17.03427],
			"rotation": {"angle": -22.5, "axis": "x", "origin": [1.75, 14.23882, 3.03427]},
			"faces": {
				"north": {"uv": [9.75, 2.75, 10, 3], "texture": "#2"},
				"east": {"uv": [8.5, 2.25, 9.625, 2.5], "texture": "#2"},
				"south": {"uv": [9.75, 3, 10, 3.25], "texture": "#2"},
				"west": {"uv": [8.5, 2.5, 9.625, 2.75], "texture": "#2"},
				"up": {"uv": [7.75, 9.625, 7.5, 8.5], "texture": "#2"},
				"down": {"uv": [8, 8.5, 7.75, 9.625], "texture": "#2"}
			}
		},
		{
			"from": [17.5, 27.75907, 11.75907],
			"to": [19.5, 29.75907, 16.75907],
			"rotation": {"angle": 0, "axis": "y", "origin": [22.25, 18.75907, 6.75907]},
			"faces": {
				"north": {"uv": [9.75, 3.25, 10, 3.5], "texture": "#2"},
				"east": {"uv": [9.5, 1.5, 10.125, 1.75], "texture": "#2"},
				"south": {"uv": [9.75, 3.5, 10, 3.75], "texture": "#2"},
				"west": {"uv": [9.5, 2, 10.125, 2.25], "texture": "#2"},
				"up": {"uv": [9.75, 3.375, 9.5, 2.75], "texture": "#2"},
				"down": {"uv": [9.75, 3.375, 9.5, 4], "texture": "#2"}
			}
		},
		{
			"from": [-3.5, 27.75907, 11.75907],
			"to": [-1.5, 29.75907, 16.75907],
			"rotation": {"angle": 0, "axis": "y", "origin": [1.75, 18.75907, 6.75907]},
			"faces": {
				"north": {"uv": [9.75, 3.75, 10, 4], "texture": "#2"},
				"east": {"uv": [9.5, 4, 10.125, 4.25], "texture": "#2"},
				"south": {"uv": [9.75, 4.5, 10, 4.75], "texture": "#2"},
				"west": {"uv": [9.5, 4.25, 10.125, 4.5], "texture": "#2"},
				"up": {"uv": [9.75, 5.125, 9.5, 4.5], "texture": "#2"},
				"down": {"uv": [8.25, 9.5, 8, 10.125], "texture": "#2"}
			}
		},
		{
			"from": [2.5, 11, -2],
			"to": [13.5, 22, -2],
			"faces": {
				"north": {"uv": [2.25, 6.25, 3.625, 7.625], "texture": "#2"},
				"east": {"uv": [0, 0, 0, 1.375], "texture": "#2"},
				"south": {"uv": [0, 6.375, 1.375, 7.75], "texture": "#2"},
				"west": {"uv": [0, 0, 0, 1.375], "texture": "#2"},
				"up": {"uv": [1.375, 0, 0, 0], "texture": "#2"},
				"down": {"uv": [1.375, 0, 0, 0], "texture": "#2"}
			}
		}
	],
	"display": {
		"thirdperson_righthand": {
			"rotation": [75, 45, 0],
			"translation": [0, 2.5, 0],
			"scale": [0.375, 0.375, 0.375]
		},
		"thirdperson_lefthand": {
			"rotation": [75, 45, 0],
			"translation": [0, 2.5, 0],
			"scale": [0.375, 0.375, 0.375]
		},
		"firstperson_righthand": {
			"rotation": [0, 45, 0],
			"scale": [0.4, 0.4, 0.4]
		},
		"firstperson_lefthand": {
			"rotation": [0, 45, 0],
			"scale": [0.4, 0.4, 0.4]
		},
		"ground": {
			"translation": [0, 2.75, 0],
			"scale": [0.8, 0.8, 0.8]
		},
		"gui": {
			"rotation": [0, 180, 0],
			"translation": [0, -0.75, 0],
			"scale": [0.5, 0.5, 0.5]
		},
		"head": {
			"scale": [0.9, 0.9, 0.9]
		},
		"fixed": {
			"rotation": [-48, 0, 0],
			"translation": [0, -1.75, -2.25]
		}
	}
}