{
	"credit": "Made with Blockbench",
	"texture_size": [128, 128],
	"textures": {
		"3": "netc/heart_of_the_sea/helment6"
	},
	"elements": [
		{
			"from": [-0.025, 2.75, -1.025],
			"to": [16.025, 11.25, 4.35],
			"faces": {
				"north": {"uv": [0, 5, 2, 6.125], "texture": "#3"},
				"east": {"uv": [7.25, 8.25, 7.875, 9.375], "texture": "#3"},
				"south": {"uv": [2, 5, 4, 6.125], "texture": "#3"},
				"west": {"uv": [6.5, 8.5, 7.125, 9.625], "texture": "#3"},
				"up": {"uv": [9.875, 6.625, 7.875, 6], "texture": "#3"},
				"down": {"uv": [10.125, 6.625, 8.125, 7.25], "texture": "#3"}
			}
		},
		{
			"from": [6, 2.25, -5.025],
			"to": [10.025, 9.25, -1.9],
			"rotation": {"angle": 22.5, "axis": "x", "origin": [0, 0, 0]},
			"faces": {
				"north": {"uv": [8.625, 2, 9.125, 2.875], "texture": "#3"},
				"east": {"uv": [3.5, 8.75, 3.875, 9.625], "texture": "#3"},
				"south": {"uv": [8.625, 2.875, 9.125, 3.75], "texture": "#3"},
				"west": {"uv": [3.875, 8.75, 4.25, 9.625], "texture": "#3"},
				"up": {"uv": [2.25, 9.5, 1.75, 9.125], "texture": "#3"},
				"down": {"uv": [9.625, 2, 9.125, 2.375], "texture": "#3"}
			}
		},
		{
			"from": [14, 11.25, -1.025],
			"to": [16.025, 14.25, 4.35],
			"faces": {
				"north": {"uv": [4, 5, 4.25, 5.375], "texture": "#3"},
				"east": {"uv": [9, 0, 9.625, 0.375], "texture": "#3"},
				"south": {"uv": [3.25, 9.125, 3.5, 9.5], "texture": "#3"},
				"west": {"uv": [9, 0.375, 9.625, 0.75], "texture": "#3"},
				"up": {"uv": [2.875, 8.25, 2.625, 7.625], "texture": "#3"},
				"down": {"uv": [8.875, 9, 8.625, 9.625], "texture": "#3"}
			}
		},
		{
			"from": [-0.025, 11.25, -1.025],
			"to": [2, 14.25, 4.35],
			"faces": {
				"north": {"uv": [9.125, 4.25, 9.375, 4.625], "texture": "#3"},
				"east": {"uv": [9, 0.75, 9.625, 1.125], "texture": "#3"},
				"south": {"uv": [9.125, 4.625, 9.375, 5], "texture": "#3"},
				"west": {"uv": [9, 1.125, 9.625, 1.5], "texture": "#3"},
				"up": {"uv": [2.5, 9.75, 2.25, 9.125], "texture": "#3"},
				"down": {"uv": [9.375, 2.375, 9.125, 3], "texture": "#3"}
			}
		},
		{
			"from": [16, 6.25, 0.975],
			"to": [23, 12.75, 3.35],
			"faces": {
				"north": {"uv": [3, 6.125, 3.875, 7], "texture": "#3"},
				"east": {"uv": [9, 7.25, 9.25, 8.125], "texture": "#3"},
				"south": {"uv": [8.125, 7.25, 9, 8.125], "texture": "#3"},
				"west": {"uv": [8.125, 9, 8.375, 9.875], "texture": "#3"},
				"up": {"uv": [9.625, 6, 8.75, 5.75], "texture": "#3"},
				"down": {"uv": [9.875, 8.125, 9, 8.375], "texture": "#3"}
			}
		},
		{
			"from": [22, 8.25, -1.025],
			"to": [25, 13.75, 2.35],
			"faces": {
				"north": {"uv": [7.25, 1.5, 7.625, 2.25], "texture": "#3"},
				"east": {"uv": [4.25, 8.75, 4.625, 9.5], "texture": "#3"},
				"south": {"uv": [8.75, 4.25, 9.125, 5], "texture": "#3"},
				"west": {"uv": [4.625, 8.75, 5, 9.5], "texture": "#3"},
				"up": {"uv": [2.875, 9.5, 2.5, 9.125], "texture": "#3"},
				"down": {"uv": [3.25, 9.125, 2.875, 9.5], "texture": "#3"}
			}
		},
		{
			"from": [-9, 8.25, -1.025],
			"to": [-6, 13.75, 2.35],
			"faces": {
				"north": {"uv": [5, 8.75, 5.375, 9.5], "texture": "#3"},
				"east": {"uv": [8.75, 5, 9.125, 5.75], "texture": "#3"},
				"south": {"uv": [5.375, 8.75, 5.75, 9.5], "texture": "#3"},
				"west": {"uv": [5.75, 8.75, 6.125, 9.5], "texture": "#3"},
				"up": {"uv": [9.5, 3.375, 9.125, 3], "texture": "#3"},
				"down": {"uv": [9.5, 3.375, 9.125, 3.75], "texture": "#3"}
			}
		},
		{
			"from": [-7.025, 6.25, 0.975],
			"to": [-0.025, 12.75, 3.35],
			"faces": {
				"north": {"uv": [8.125, 8.125, 9, 9], "texture": "#3"},
				"east": {"uv": [8.375, 9, 8.625, 9.875], "texture": "#3"},
				"south": {"uv": [2.625, 8.25, 3.5, 9.125], "texture": "#3"},
				"west": {"uv": [9, 8.375, 9.25, 9.25], "texture": "#3"},
				"up": {"uv": [0.875, 9.375, 0, 9.125], "texture": "#3"},
				"down": {"uv": [1.75, 9.125, 0.875, 9.375], "texture": "#3"}
			}
		},
		{
			"from": [0.25, 7, 3],
			"to": [15.75, 9, 16.25],
			"faces": {
				"north": {"uv": [3.5, 8.25, 5.5, 8.5], "texture": "#3"},
				"east": {"uv": [8.625, 3.75, 10.25, 4], "texture": "#3"},
				"south": {"uv": [8.625, 1.75, 10.625, 2], "texture": "#3"},
				"west": {"uv": [8.625, 4, 10.25, 4.25], "texture": "#3"},
				"up": {"uv": [6.25, 3.875, 4.25, 2.25], "texture": "#3"},
				"down": {"uv": [6.25, 3.875, 4.25, 5.5], "texture": "#3"}
			}
		},
		{
			"from": [-9, -8, 12],
			"to": [25, 2, 22],
			"faces": {
				"north": {"uv": [0, 0, 4.25, 1.25], "texture": "#3"},
				"east": {"uv": [3, 7, 4.25, 8.25], "texture": "#3"},
				"south": {"uv": [0, 1.25, 4.25, 2.5], "texture": "#3"},
				"west": {"uv": [4.25, 7, 5.5, 8.25], "texture": "#3"},
				"up": {"uv": [4.25, 3.75, 0, 2.5], "texture": "#3"},
				"down": {"uv": [4.25, 3.75, 0, 5], "texture": "#3"}
			}
		},
		{
			"from": [-4, -7.5, 22],
			"to": [20, 1.5, 24],
			"faces": {
				"north": {"uv": [4.25, 0, 7.25, 1.125], "texture": "#3"},
				"east": {"uv": [7.875, 8.25, 8.125, 9.375], "texture": "#3"},
				"south": {"uv": [4.25, 1.125, 7.25, 2.25], "texture": "#3"},
				"west": {"uv": [6.125, 8.75, 6.375, 9.875], "texture": "#3"},
				"up": {"uv": [6.5, 8.75, 3.5, 8.5], "texture": "#3"},
				"down": {"uv": [11.625, 1.5, 8.625, 1.75], "texture": "#3"}
			}
		},
		{
			"from": [16, -9, 11],
			"to": [23, 3, 23],
			"faces": {
				"north": {"uv": [7, 5.25, 7.875, 6.75], "texture": "#3"},
				"east": {"uv": [4, 5.5, 5.5, 7], "texture": "#3"},
				"south": {"uv": [5.5, 7, 6.375, 8.5], "texture": "#3"},
				"west": {"uv": [5.5, 5.5, 7, 7], "texture": "#3"},
				"up": {"uv": [7.25, 8.5, 6.375, 7], "texture": "#3"},
				"down": {"uv": [8.125, 0, 7.25, 1.5], "texture": "#3"}
			}
		},
		{
			"from": [4.5, -9, 11],
			"to": [11.5, 3, 23],
			"faces": {
				"north": {"uv": [7.75, 1.5, 8.625, 3], "texture": "#3"},
				"east": {"uv": [6.25, 2.25, 7.75, 3.75], "texture": "#3"},
				"south": {"uv": [7.75, 3, 8.625, 4.5], "texture": "#3"},
				"west": {"uv": [6.25, 3.75, 7.75, 5.25], "texture": "#3"},
				"up": {"uv": [8.75, 6, 7.875, 4.5], "texture": "#3"},
				"down": {"uv": [9, 0, 8.125, 1.5], "texture": "#3"}
			}
		},
		{
			"from": [-7, -9, 11],
			"to": [0, 3, 23],
			"faces": {
				"north": {"uv": [7.25, 6.75, 8.125, 8.25], "texture": "#3"},
				"east": {"uv": [0, 6.125, 1.5, 7.625], "texture": "#3"},
				"south": {"uv": [0, 7.625, 0.875, 9.125], "texture": "#3"},
				"west": {"uv": [1.5, 6.125, 3, 7.625], "texture": "#3"},
				"up": {"uv": [1.75, 9.125, 0.875, 7.625], "texture": "#3"},
				"down": {"uv": [2.625, 7.625, 1.75, 9.125], "texture": "#3"}
			}
		}
	],
	"display": {
		"thirdperson_righthand": {
			"rotation": [75, 45, 0],
			"translation": [0, 2.5, 0],
			"scale": [0.375, 0.375, 0.375]
		},
		"thirdperson_lefthand": {
			"rotation": [75, 45, 0],
			"translation": [0, 2.5, 0],
			"scale": [0.375, 0.375, 0.375]
		},
		"firstperson_righthand": {
			"rotation": [0, 45, 0],
			"scale": [0.4, 0.4, 0.4]
		},
		"firstperson_lefthand": {
			"rotation": [0, 45, 0],
			"scale": [0.4, 0.4, 0.4]
		},
		"ground": {
			"translation": [0, 2.75, 0],
			"scale": [0.8, 0.8, 0.8]
		},
		"gui": {
			"rotation": [-150, 0, -180],
			"translation": [0, 0.25, 0],
			"scale": [0.5, 0.5, 0.5]
		},
		"head": {
			"scale": [0.9, 0.9, 0.9]
		},
		"fixed": {
			"translation": [0, 3.75, -10]
		}
	}
}