{
	"credit": "Made with Blockbench",
	"texture_size": [128, 128],
	"textures": {
		"0": "netc/heart_of_the_sea/priest",
		"particle": "netc/heart_of_the_sea/priest"
	},
	"elements": [
		{
			"from": [4, 8, 15.75],
			"to": [10, 12, 16.75],
			"rotation": {"angle": -22.5, "axis": "z", "origin": [8, 0, 15.75]},
			"faces": {
				"north": {"uv": [8.5, 5.25, 9.25, 5.75], "texture": "#0"},
				"east": {"uv": [3.125, 6.5, 3.25, 7], "texture": "#0"},
				"south": {"uv": [8.5, 8.25, 9.25, 8.75], "texture": "#0"},
				"west": {"uv": [3.25, 6.5, 3.375, 7], "texture": "#0"},
				"up": {"uv": [9.5, 1.25, 8.75, 1.125], "texture": "#0"},
				"down": {"uv": [9.5, 1.25, 8.75, 1.375], "texture": "#0"}
			}
		},
		{
			"from": [6, 8, 15.75],
			"to": [12, 12, 16.75],
			"rotation": {"angle": 22.5, "axis": "z", "origin": [8, 0, 15.75]},
			"faces": {
				"north": {"uv": [4.75, 8.5, 5.5, 9], "texture": "#0"},
				"east": {"uv": [3.5, 6.25, 3.625, 6.75], "texture": "#0"},
				"south": {"uv": [8.5, 4.75, 9.25, 5.25], "texture": "#0"},
				"west": {"uv": [3.625, 6.25, 3.75, 6.75], "texture": "#0"},
				"up": {"uv": [7.875, 8.75, 7.125, 8.625], "texture": "#0"},
				"down": {"uv": [9.5, 1, 8.75, 1.125], "texture": "#0"}
			}
		},
		{
			"from": [6, 23, 15.75],
			"to": [18, 25, 16.75],
			"rotation": {"angle": 22.5, "axis": "z", "origin": [8, 0, 15.75]},
			"faces": {
				"north": {"uv": [8.5, 4.25, 10, 4.5], "texture": "#0"},
				"east": {"uv": [3.25, 7, 3.375, 7.25], "texture": "#0"},
				"south": {"uv": [8.5, 4.5, 10, 4.75], "texture": "#0"},
				"west": {"uv": [3.375, 7, 3.5, 7.25], "texture": "#0"},
				"up": {"uv": [10.25, 0.875, 8.75, 0.75], "texture": "#0"},
				"down": {"uv": [10.25, 0.875, 8.75, 1], "texture": "#0"}
			}
		},
		{
			"from": [-2, 23, 15.75],
			"to": [10, 25, 16.75],
			"rotation": {"angle": -22.5, "axis": "z", "origin": [8, 0, 16.25]},
			"faces": {
				"north": {"uv": [8.25, 6.5, 9.75, 6.75], "texture": "#0"},
				"east": {"uv": [3.625, 6.75, 3.75, 7], "texture": "#0"},
				"south": {"uv": [8.5, 4, 10, 4.25], "texture": "#0"},
				"west": {"uv": [3.125, 7, 3.25, 7.25], "texture": "#0"},
				"up": {"uv": [10.25, 0.625, 8.75, 0.5], "texture": "#0"},
				"down": {"uv": [10.25, 0.625, 8.75, 0.75], "texture": "#0"}
			}
		},
		{
			"from": [4, 8, 15.75],
			"to": [6, 26, 17.75],
			"rotation": {"angle": 22.5, "axis": "z", "origin": [8, 0, 16.25]},
			"faces": {
				"north": {"uv": [8.5, 0, 8.75, 2.25], "texture": "#0"},
				"east": {"uv": [1.75, 8.5, 2, 10.75], "texture": "#0"},
				"south": {"uv": [2, 8.5, 2.25, 10.75], "texture": "#0"},
				"west": {"uv": [2.25, 8.5, 2.5, 10.75], "texture": "#0"},
				"up": {"uv": [3.75, 6.25, 3.5, 6], "texture": "#0"},
				"down": {"uv": [3.5, 6.25, 3.25, 6.5], "texture": "#0"}
			}
		},
		{
			"from": [10, 8, 15.75],
			"to": [12, 26, 17.75],
			"rotation": {"angle": -22.5, "axis": "z", "origin": [8, 0, 16.25]},
			"faces": {
				"north": {"uv": [0.75, 8.375, 1, 10.625], "texture": "#0"},
				"east": {"uv": [1, 8.375, 1.25, 10.625], "texture": "#0"},
				"south": {"uv": [1.25, 8.375, 1.5, 10.625], "texture": "#0"},
				"west": {"uv": [1.5, 8.375, 1.75, 10.625], "texture": "#0"},
				"up": {"uv": [5.75, 2.625, 5.5, 2.375], "texture": "#0"},
				"down": {"uv": [3.5, 6, 3.25, 6.25], "texture": "#0"}
			}
		},
		{
			"from": [7, 7, -1.75],
			"to": [9, 28, 17.75],
			"rotation": {"angle": 0, "axis": "y", "origin": [8, 0, 16]},
			"faces": {
				"north": {"uv": [5.875, 7.5, 6.125, 10.125], "texture": "#0"},
				"east": {"uv": [0, 0, 2.375, 2.625], "texture": "#0"},
				"south": {"uv": [6.125, 7.625, 6.375, 10.25], "texture": "#0"},
				"west": {"uv": [2.375, 0, 4.75, 2.625], "texture": "#0"},
				"up": {"uv": [6.625, 10, 6.375, 7.625], "texture": "#0"},
				"down": {"uv": [6.875, 7.625, 6.625, 10], "texture": "#0"}
			}
		},
		{
			"from": [4.35, 9, 0],
			"to": [11.65, 24.475, 16],
			"rotation": {"angle": 0, "axis": "y", "origin": [8, 0, 14]},
			"faces": {
				"north": {"uv": [7.125, 6.75, 8, 8.625], "texture": "#0"},
				"east": {"uv": [0, 2.625, 2, 4.5], "texture": "#0"},
				"south": {"uv": [3.125, 7.5, 4, 9.375], "texture": "#0"},
				"west": {"uv": [2, 2.625, 4, 4.5], "texture": "#0"},
				"up": {"uv": [3.125, 8, 2.25, 6], "texture": "#0"},
				"down": {"uv": [7.125, 5.625, 6.25, 7.625], "texture": "#0"}
			}
		},
		{
			"from": [6, 23, -0.75],
			"to": [18, 25, 0.25],
			"rotation": {"angle": 22.5, "axis": "z", "origin": [8, 0, -4.25]},
			"faces": {
				"north": {"uv": [8.25, 2.75, 9.75, 3], "texture": "#0"},
				"east": {"uv": [3.375, 6.75, 3.5, 7], "texture": "#0"},
				"south": {"uv": [8.25, 5.75, 9.75, 6], "texture": "#0"},
				"west": {"uv": [3.5, 6.75, 3.625, 7], "texture": "#0"},
				"up": {"uv": [10.25, 0.375, 8.75, 0.25], "texture": "#0"},
				"down": {"uv": [10.25, 0.375, 8.75, 0.5], "texture": "#0"}
			}
		},
		{
			"from": [-2, 23, -0.75],
			"to": [10, 25, 0.25],
			"rotation": {"angle": -22.5, "axis": "z", "origin": [8, 0, -4.25]},
			"faces": {
				"north": {"uv": [8.25, 2.25, 9.75, 2.5], "texture": "#0"},
				"east": {"uv": [5.75, 2.375, 5.875, 2.625], "texture": "#0"},
				"south": {"uv": [8.25, 2.5, 9.75, 2.75], "texture": "#0"},
				"west": {"uv": [3.375, 6.5, 3.5, 6.75], "texture": "#0"},
				"up": {"uv": [10.25, 0.125, 8.75, 0], "texture": "#0"},
				"down": {"uv": [10.25, 0.125, 8.75, 0.25], "texture": "#0"}
			}
		},
		{
			"from": [4, 8, -1.75],
			"to": [6, 26, 0.25],
			"rotation": {"angle": 22.5, "axis": "z", "origin": [8, 0, -3.75]},
			"faces": {
				"north": {"uv": [8.25, 8.25, 8.5, 10.5], "texture": "#0"},
				"east": {"uv": [0, 8.375, 0.25, 10.625], "texture": "#0"},
				"south": {"uv": [0.25, 8.375, 0.5, 10.625], "texture": "#0"},
				"west": {"uv": [0.5, 8.375, 0.75, 10.625], "texture": "#0"},
				"up": {"uv": [4, 5.25, 3.75, 5], "texture": "#0"},
				"down": {"uv": [4, 5.25, 3.75, 5.5], "texture": "#0"}
			}
		},
		{
			"from": [10, 8, -1.75],
			"to": [12, 26, 0.25],
			"rotation": {"angle": -22.5, "axis": "z", "origin": [8, 0, -3.75]},
			"faces": {
				"north": {"uv": [6.875, 7.625, 7.125, 9.875], "texture": "#0"},
				"east": {"uv": [8.25, 0, 8.5, 2.25], "texture": "#0"},
				"south": {"uv": [8.25, 3.5, 8.5, 5.75], "texture": "#0"},
				"west": {"uv": [8, 8.25, 8.25, 10.5], "texture": "#0"},
				"up": {"uv": [4, 4.75, 3.75, 4.5], "texture": "#0"},
				"down": {"uv": [4, 4.75, 3.75, 5], "texture": "#0"}
			}
		},
		{
			"from": [4, 8, -0.75],
			"to": [10, 12, 0.25],
			"rotation": {"angle": -22.5, "axis": "z", "origin": [8, 0, -4.25]},
			"faces": {
				"north": {"uv": [4.75, 1.875, 5.5, 2.375], "texture": "#0"},
				"east": {"uv": [5.5, 1.875, 5.625, 2.375], "texture": "#0"},
				"south": {"uv": [8.25, 6, 9, 6.5], "texture": "#0"},
				"west": {"uv": [5.625, 1.875, 5.75, 2.375], "texture": "#0"},
				"up": {"uv": [5.5, 2.5, 4.75, 2.375], "texture": "#0"},
				"down": {"uv": [5.5, 2.5, 4.75, 2.625], "texture": "#0"}
			}
		},
		{
			"from": [2, 12, 0.25],
			"to": [11, 24, 15.75],
			"rotation": {"angle": -22.5, "axis": "z", "origin": [8, 0, -3]},
			"faces": {
				"north": {"uv": [7.125, 1.5, 8.25, 3], "texture": "#0"},
				"east": {"uv": [0, 4.5, 1.875, 6], "texture": "#0"},
				"south": {"uv": [7.125, 5.25, 8.25, 6.75], "texture": "#0"},
				"west": {"uv": [1.875, 4.5, 3.75, 6], "texture": "#0"},
				"up": {"uv": [7.125, 1.875, 6, 0], "texture": "#0"},
				"down": {"uv": [2.25, 6, 1.125, 7.875], "texture": "#0"}
			}
		},
		{
			"from": [2, 8, 0.25],
			"to": [11.5, 12, 15.75],
			"rotation": {"angle": -22.5, "axis": "z", "origin": [8, 0, -3]},
			"faces": {
				"north": {"uv": [8, 7.25, 9.25, 7.75], "texture": "#0"},
				"east": {"uv": [0, 7.875, 1.875, 8.375], "texture": "#0"},
				"south": {"uv": [8, 7.75, 9.25, 8.25], "texture": "#0"},
				"west": {"uv": [4, 8, 5.875, 8.5], "texture": "#0"},
				"up": {"uv": [6.25, 7.5, 5, 5.625], "texture": "#0"},
				"down": {"uv": [7.125, 1.875, 5.875, 3.75], "texture": "#0"}
			}
		},
		{
			"from": [6, 8, -0.75],
			"to": [12, 12, 0.25],
			"rotation": {"angle": 22.5, "axis": "z", "origin": [8, 0, -4.25]},
			"faces": {
				"north": {"uv": [8.5, 3.5, 9.25, 4], "texture": "#0"},
				"east": {"uv": [5.75, 1.875, 5.875, 2.375], "texture": "#0"},
				"south": {"uv": [4, 8.5, 4.75, 9], "texture": "#0"},
				"west": {"uv": [3.125, 6, 3.25, 6.5], "texture": "#0"},
				"up": {"uv": [7.875, 3.625, 7.125, 3.5], "texture": "#0"},
				"down": {"uv": [7.875, 3.625, 7.125, 3.75], "texture": "#0"}
			}
		},
		{
			"from": [5, 12, 0.25],
			"to": [14, 24, 15.75],
			"rotation": {"angle": 22.5, "axis": "z", "origin": [8, 0, -3]},
			"faces": {
				"north": {"uv": [7, 3.75, 8.125, 5.25], "texture": "#0"},
				"east": {"uv": [4, 2.625, 5.875, 4.125], "texture": "#0"},
				"south": {"uv": [7.125, 0, 8.25, 1.5], "texture": "#0"},
				"west": {"uv": [4, 4.125, 5.875, 5.625], "texture": "#0"},
				"up": {"uv": [7, 5.625, 5.875, 3.75], "texture": "#0"},
				"down": {"uv": [1.125, 6, 0, 7.875], "texture": "#0"}
			}
		},
		{
			"from": [4.5, 8, 0.25],
			"to": [14, 12, 15.75],
			"rotation": {"angle": 22.5, "axis": "z", "origin": [8, 0, -3]},
			"faces": {
				"north": {"uv": [1.875, 8, 3.125, 8.5], "texture": "#0"},
				"east": {"uv": [7.125, 3, 9, 3.5], "texture": "#0"},
				"south": {"uv": [8, 6.75, 9.25, 7.25], "texture": "#0"},
				"west": {"uv": [4, 7.5, 5.875, 8], "texture": "#0"},
				"up": {"uv": [6, 1.875, 4.75, 0], "texture": "#0"},
				"down": {"uv": [5, 5.625, 3.75, 7.5], "texture": "#0"}
			}
		}
	],
	"display": {
		"thirdperson_righthand": {
			"rotation": [55, 0, 0],
			"translation": [0.75, 1.5, 0],
			"scale": [0.4, 0.4, 0.4]
		},
		"thirdperson_lefthand": {
			"rotation": [55, 0, 0],
			"translation": [0.75, 1.5, 0],
			"scale": [0.4, 0.4, 0.4]
		},
		"firstperson_righthand": {
			"rotation": [0, 180, 0],
			"translation": [-9, 5.75, -4],
			"scale": [0.5, 0.5, 0.5]
		},
		"firstperson_lefthand": {
			"rotation": [0, 180, 0],
			"translation": [-9, 5.75, -4],
			"scale": [0.5, 0.5, 0.5]
		},
		"ground": {
			"translation": [0, 3, 0],
			"scale": [0.5, 0.5, 0.5]
		},
		"gui": {
			"rotation": [19, 135, 0],
			"translation": [0, -0.25, 0],
			"scale": [0.5, 0.5, 0.5]
		},
		"head": {
			"translation": [0, 1.25, 0],
			"scale": [0.95, 0.95, 0.95]
		},
		"fixed": {
			"translation": [0, 0, 2.5]
		}
	}
}