{
	"credit": "Made with Blockbench",
	"texture_size": [128, 128],
	"textures": {
		"1": "netc/heart_of_the_sea/helment",
		"particle": "netc/heart_of_the_sea/helment"
	},
	"elements": [
		{
			"from": [-1, 10, -1],
			"to": [17, 17, 17],
			"faces": {
				"north": {"uv": [8, 2.25, 10.25, 3.125], "texture": "#1"},
				"east": {"uv": [8, 3.125, 10.25, 4], "texture": "#1"},
				"south": {"uv": [8, 5.625, 10.25, 6.5], "texture": "#1"},
				"west": {"uv": [5, 8.125, 7.25, 9], "texture": "#1"},
				"up": {"uv": [6.5, 2.25, 4.25, 0], "texture": "#1"},
				"down": {"uv": [6.5, 2.25, 4.25, 4.5], "texture": "#1"}
			}
		},
		{
			"from": [-9, -8, 12],
			"to": [25, 2, 22],
			"faces": {
				"north": {"uv": [0, 0, 4.25, 1.25], "texture": "#1"},
				"east": {"uv": [0, 8.5, 1.25, 9.75], "texture": "#1"},
				"south": {"uv": [0, 1.25, 4.25, 2.5], "texture": "#1"},
				"west": {"uv": [1.25, 8.625, 2.5, 9.875], "texture": "#1"},
				"up": {"uv": [4.25, 3.75, 0, 2.5], "texture": "#1"},
				"down": {"uv": [4.25, 3.75, 0, 5], "texture": "#1"}
			}
		},
		{
			"from": [16, -9, 11],
			"to": [23, 3, 23],
			"faces": {
				"north": {"uv": [4.75, 9, 5.625, 10.5], "texture": "#1"},
				"east": {"uv": [6.5, 1.125, 8, 2.625], "texture": "#1"},
				"south": {"uv": [5.625, 9, 6.5, 10.5], "texture": "#1"},
				"west": {"uv": [6.5, 2.625, 8, 4.125], "texture": "#1"},
				"up": {"uv": [7.375, 10.5, 6.5, 9], "texture": "#1"},
				"down": {"uv": [8.25, 9, 7.375, 10.5], "texture": "#1"}
			}
		},
		{
			"from": [4.5, -9, 11],
			"to": [11.5, 3, 23],
			"faces": {
				"north": {"uv": [0, 9.75, 0.875, 11.25], "texture": "#1"},
				"east": {"uv": [2, 7.125, 3.5, 8.625], "texture": "#1"},
				"south": {"uv": [9.875, 0.625, 10.75, 2.125], "texture": "#1"},
				"west": {"uv": [3.5, 7.125, 5, 8.625], "texture": "#1"},
				"up": {"uv": [1.75, 11.375, 0.875, 9.875], "texture": "#1"},
				"down": {"uv": [10.875, 7.25, 10, 8.75], "texture": "#1"}
			}
		},
		{
			"from": [-7, -9, 11],
			"to": [0, 3, 23],
			"faces": {
				"north": {"uv": [8.25, 9, 9.125, 10.5], "texture": "#1"},
				"east": {"uv": [6.5, 5.75, 8, 7.25], "texture": "#1"},
				"south": {"uv": [9.125, 9, 10, 10.5], "texture": "#1"},
				"west": {"uv": [6.75, 4.125, 8.25, 5.625], "texture": "#1"},
				"up": {"uv": [3.375, 10.75, 2.5, 9.25], "texture": "#1"},
				"down": {"uv": [4.25, 9.25, 3.375, 10.75], "texture": "#1"}
			}
		},
		{
			"from": [5, 12, 17],
			"to": [11, 15, 18],
			"faces": {
				"north": {"uv": [8.875, 10.5, 9.625, 10.875], "texture": "#1"},
				"east": {"uv": [6.5, 4.125, 6.625, 4.5], "texture": "#1"},
				"south": {"uv": [9.625, 10.5, 10.375, 10.875], "texture": "#1"},
				"west": {"uv": [6.625, 4.125, 6.75, 4.5], "texture": "#1"},
				"up": {"uv": [7.5, 5.75, 6.75, 5.625], "texture": "#1"},
				"down": {"uv": [5.75, 7.125, 5, 7.25], "texture": "#1"}
			}
		},
		{
			"from": [-1, 3, 13],
			"to": [17, 10, 18],
			"faces": {
				"north": {"uv": [7.25, 8.125, 9.5, 9], "texture": "#1"},
				"east": {"uv": [1.75, 9.875, 2.375, 10.75], "texture": "#1"},
				"south": {"uv": [8.25, 4, 10.5, 4.875], "texture": "#1"},
				"west": {"uv": [10.25, 5.625, 10.875, 6.5], "texture": "#1"},
				"up": {"uv": [10.75, 0.625, 8.5, 0], "texture": "#1"},
				"down": {"uv": [4.75, 8.625, 2.5, 9.25], "texture": "#1"}
			}
		},
		{
			"from": [-2, 7.75, 0.75],
			"to": [18, 14.75, 11],
			"rotation": {"angle": 22.5, "axis": "x", "origin": [0, 0, 0]},
			"faces": {
				"north": {"uv": [5, 7.25, 7.5, 8.125], "texture": "#1"},
				"east": {"uv": [10, 8.75, 11.25, 9.625], "texture": "#1"},
				"south": {"uv": [7.5, 7.25, 10, 8.125], "texture": "#1"},
				"west": {"uv": [10, 9.625, 11.25, 10.5], "texture": "#1"},
				"up": {"uv": [6.75, 5.75, 4.25, 4.5], "texture": "#1"},
				"down": {"uv": [2.5, 5, 0, 6.25], "texture": "#1"}
			}
		},
		{
			"from": [0.25, 1, 0.25],
			"to": [15.75, 11.75, 2.25],
			"rotation": {"angle": 22.5, "axis": "x", "origin": [0, 0, 0]},
			"faces": {
				"north": {"uv": [2.5, 5.75, 4.5, 7.125], "texture": "#1"},
				"east": {"uv": [4.25, 9.25, 4.5, 10.625], "texture": "#1"},
				"south": {"uv": [4.5, 5.75, 6.5, 7.125], "texture": "#1"},
				"west": {"uv": [4.5, 9.25, 4.75, 10.625], "texture": "#1"},
				"up": {"uv": [12.25, 3.875, 10.25, 3.625], "texture": "#1"},
				"down": {"uv": [12.375, 6.5, 10.375, 6.75], "texture": "#1"}
			}
		},
		{
			"from": [0.5, -0.5, 2.5],
			"to": [15.5, 1.25, 11.5],
			"rotation": {"angle": -22.5, "axis": "x", "origin": [0, 0, 0]},
			"faces": {
				"north": {"uv": [10.5, 3.875, 12.375, 4.125], "texture": "#1"},
				"east": {"uv": [10.375, 10.5, 11.5, 10.75], "texture": "#1"},
				"south": {"uv": [10.5, 4.125, 12.375, 4.375], "texture": "#1"},
				"west": {"uv": [10.625, 4.875, 11.75, 5.125], "texture": "#1"},
				"up": {"uv": [1.875, 8.5, 0, 7.375], "texture": "#1"},
				"down": {"uv": [9.875, 1.125, 8, 2.25], "texture": "#1"}
			}
		},
		{
			"from": [4.75, 0, 0],
			"to": [11.25, 2.75, 2.5],
			"rotation": {"angle": 22.5, "axis": "x", "origin": [0, 0, 0]},
			"faces": {
				"north": {"uv": [8.5, 0.625, 9.375, 1], "texture": "#1"},
				"east": {"uv": [2, 6.25, 2.375, 6.625], "texture": "#1"},
				"south": {"uv": [10.5, 4.375, 11.375, 4.75], "texture": "#1"},
				"west": {"uv": [2, 6.625, 2.375, 7], "texture": "#1"},
				"up": {"uv": [5.625, 10.875, 4.75, 10.5], "texture": "#1"},
				"down": {"uv": [6.5, 10.5, 5.625, 10.875], "texture": "#1"}
			}
		},
		{
			"from": [0.25, -4.5, 10.5],
			"to": [15.75, 4.25, 12.5],
			"rotation": {"angle": -22.5, "axis": "x", "origin": [0, 0, 0]},
			"faces": {
				"north": {"uv": [0, 6.25, 2, 7.375], "texture": "#1"},
				"east": {"uv": [4.25, 10.625, 4.5, 11.75], "texture": "#1"},
				"south": {"uv": [6.5, 0, 8.5, 1.125], "texture": "#1"},
				"west": {"uv": [4.5, 10.625, 4.75, 11.75], "texture": "#1"},
				"up": {"uv": [12.375, 7, 10.375, 6.75], "texture": "#1"},
				"down": {"uv": [12.375, 7, 10.375, 7.25], "texture": "#1"}
			}
		},
		{
			"from": [-1.5, 7, -7],
			"to": [17.5, 13, -6],
			"rotation": {"angle": 22.5, "axis": "x", "origin": [0, 0, 0]},
			"faces": {
				"north": {"uv": [8, 6.5, 10.375, 7.25], "texture": "#1"},
				"east": {"uv": [9.75, 8.125, 9.875, 8.875], "texture": "#1"},
				"south": {"uv": [8.25, 4.875, 10.625, 5.625], "texture": "#1"},
				"west": {"uv": [2.375, 9.875, 2.5, 10.625], "texture": "#1"},
				"up": {"uv": [12.875, 4.875, 10.5, 4.75], "texture": "#1"},
				"down": {"uv": [8.875, 10.5, 6.5, 10.625], "texture": "#1"}
			}
		},
		{
			"from": [-1.5, 7, -6],
			"to": [-0.5, 13, 1],
			"rotation": {"angle": 22.5, "axis": "x", "origin": [0, 0, 0]},
			"faces": {
				"north": {"uv": [9.875, 8.125, 10, 8.875], "texture": "#1"},
				"east": {"uv": [2.5, 5, 3.375, 5.75], "texture": "#1"},
				"south": {"uv": [2.375, 10.625, 2.5, 11.375], "texture": "#1"},
				"west": {"uv": [3.375, 5, 4.25, 5.75], "texture": "#1"},
				"up": {"uv": [2.5, 7.125, 2.375, 6.25], "texture": "#1"},
				"down": {"uv": [2, 7.375, 1.875, 8.25], "texture": "#1"}
			}
		},
		{
			"from": [16.5, 7, -6],
			"to": [17.5, 13, 1],
			"rotation": {"angle": 22.5, "axis": "x", "origin": [0, 0, 0]},
			"faces": {
				"north": {"uv": [6.5, 10.625, 6.625, 11.375], "texture": "#1"},
				"east": {"uv": [10.25, 2.125, 11.125, 2.875], "texture": "#1"},
				"south": {"uv": [6.625, 10.625, 6.75, 11.375], "texture": "#1"},
				"west": {"uv": [10.25, 2.875, 11.125, 3.625], "texture": "#1"},
				"up": {"uv": [9.625, 9, 9.5, 8.125], "texture": "#1"},
				"down": {"uv": [9.75, 8.125, 9.625, 9], "texture": "#1"}
			}
		}
	],
	"display": {
		"thirdperson_righthand": {
			"rotation": [75, 45, 0],
			"translation": [0, 2.5, 0],
			"scale": [0.375, 0.375, 0.375]
		},
		"thirdperson_lefthand": {
			"rotation": [75, 45, 0],
			"translation": [0, 2.5, 0],
			"scale": [0.375, 0.375, 0.375]
		},
		"firstperson_righthand": {
			"rotation": [0, 45, 0],
			"scale": [0.4, 0.4, 0.4]
		},
		"firstperson_lefthand": {
			"rotation": [0, 45, 0],
			"scale": [0.4, 0.4, 0.4]
		},
		"ground": {
			"translation": [0, 2.75, 0],
			"scale": [0.8, 0.8, 0.8]
		},
		"gui": {
			"rotation": [-150, 0, -180],
			"translation": [0, 0.25, 0],
			"scale": [0.5, 0.5, 0.5]
		},
		"head": {
			"scale": [0.9, 0.9, 0.9]
		},
		"fixed": {
			"translation": [0, 3.75, -10]
		}
	}
}