{
	"credit": "Made with Blockbench",
	"texture_size": [64, 64],
	"textures": {
		"1": "netc/heart_of_the_sea/speederhat"
	},
	"elements": [
		{
			"from": [-0.25, 7, 6.5],
			"to": [16.25, 16.25, 9.5],
			"faces": {
				"north": {"uv": [0, 0, 4.25, 2.25], "texture": "#1"},
				"east": {"uv": [4.25, 1.5, 5, 3.75], "texture": "#1"},
				"south": {"uv": [0, 2.25, 4.25, 4.5], "texture": "#1"},
				"west": {"uv": [4.25, 3.75, 5, 6], "texture": "#1"},
				"up": {"uv": [8.5, 0.75, 4.25, 0], "texture": "#1"},
				"down": {"uv": [8.5, 0.75, 4.25, 1.5], "texture": "#1"}
			}
		},
		{
			"from": [15, 13.5, 7],
			"to": [17, 21.5, 8],
			"rotation": {"angle": 0, "axis": "y", "origin": [15, 13.5, 6]},
			"faces": {
				"north": {"uv": [3.5, 4.5, 4, 6.5], "texture": "#1"},
				"east": {"uv": [2, 6, 2.25, 8], "texture": "#1"},
				"south": {"uv": [5, 1.5, 5.5, 3.5], "texture": "#1"},
				"west": {"uv": [4.75, 6, 5, 8], "texture": "#1"},
				"up": {"uv": [7.5, 6.5, 7, 6.25], "texture": "#1"},
				"down": {"uv": [7.5, 6.5, 7, 6.75], "texture": "#1"}
			}
		},
		{
			"from": [-1, 13.5, 7],
			"to": [1, 21.5, 8],
			"rotation": {"angle": 0, "axis": "y", "origin": [17, 13.5, 6]},
			"faces": {
				"north": {"uv": [5, 3.5, 5.5, 5.5], "texture": "#1"},
				"east": {"uv": [3.5, 6.5, 3.75, 8.5], "texture": "#1"},
				"south": {"uv": [0, 5.5, 0.5, 7.5], "texture": "#1"},
				"west": {"uv": [3.75, 6.5, 4, 8.5], "texture": "#1"},
				"up": {"uv": [5.5, 7.5, 5, 7.25], "texture": "#1"},
				"down": {"uv": [6, 7.25, 5.5, 7.5], "texture": "#1"}
			}
		},
		{
			"from": [9.34315, 11.84315, 8],
			"to": [16.34315, 13.84315, 9],
			"rotation": {"angle": 45, "axis": "z", "origin": [6.92893, 15.25736, 8]},
			"faces": {
				"north": {"uv": [0.5, 5.5, 2.25, 6], "texture": "#1"},
				"east": {"uv": [7.25, 2, 7.5, 2.5], "texture": "#1"},
				"south": {"uv": [5.5, 1.5, 7.25, 2], "texture": "#1"},
				"west": {"uv": [7.25, 2.5, 7.5, 3], "texture": "#1"},
				"up": {"uv": [8.25, 4.75, 6.5, 4.5], "texture": "#1"},
				"down": {"uv": [8.25, 4.75, 6.5, 5], "texture": "#1"}
			}
		},
		{
			"from": [3.46015, 18.14645, 8],
			"to": [5.46015, 22.64645, 9],
			"rotation": {"angle": 45, "axis": "z", "origin": [9.54594, 15.73223, 8.025]},
			"faces": {
				"north": {"uv": [4.25, 6, 4.75, 7.25], "texture": "#1"},
				"east": {"uv": [6.25, 7, 6.5, 8.25], "texture": "#1"},
				"south": {"uv": [6, 4.5, 6.5, 5.75], "texture": "#1"},
				"west": {"uv": [6.5, 7, 6.75, 8.25], "texture": "#1"},
				"up": {"uv": [1, 7.75, 0.5, 7.5], "texture": "#1"},
				"down": {"uv": [1.5, 7.5, 1, 7.75], "texture": "#1"}
			}
		},
		{
			"from": [5.46015, 18.14645, 8],
			"to": [7.46015, 25.14645, 9],
			"rotation": {"angle": 45, "axis": "z", "origin": [9.54594, 15.73223, 8.025]},
			"faces": {
				"north": {"uv": [5.5, 4, 6, 5.75], "texture": "#1"},
				"east": {"uv": [2.5, 7, 2.75, 8.75], "texture": "#1"},
				"south": {"uv": [5, 5.5, 5.5, 7.25], "texture": "#1"},
				"west": {"uv": [2.75, 7, 3, 8.75], "texture": "#1"},
				"up": {"uv": [8, 2.5, 7.5, 2.25], "texture": "#1"},
				"down": {"uv": [8, 2.5, 7.5, 2.75], "texture": "#1"}
			}
		},
		{
			"from": [14, 13.5, 7.975],
			"to": [16, 19.5, 9.025],
			"rotation": {"angle": 0, "axis": "y", "origin": [14, 11.5, 8]},
			"faces": {
				"north": {"uv": [5.5, 5.75, 6, 7.25], "texture": "#1"},
				"east": {"uv": [3, 7, 3.25, 8.5], "texture": "#1"},
				"south": {"uv": [0.5, 6, 1, 7.5], "texture": "#1"},
				"west": {"uv": [3.25, 7, 3.5, 8.5], "texture": "#1"},
				"up": {"uv": [7.75, 1.75, 7.25, 1.5], "texture": "#1"},
				"down": {"uv": [7.75, 1.75, 7.25, 2], "texture": "#1"}
			}
		},
		{
			"from": [0, 13.5, 7.975],
			"to": [2, 19.5, 9.025],
			"rotation": {"angle": 0, "axis": "y", "origin": [16, 11.5, 8]},
			"faces": {
				"north": {"uv": [1, 6, 1.5, 7.5], "texture": "#1"},
				"east": {"uv": [4, 7, 4.25, 8.5], "texture": "#1"},
				"south": {"uv": [1.5, 6, 2, 7.5], "texture": "#1"},
				"west": {"uv": [6, 7, 6.25, 8.5], "texture": "#1"},
				"up": {"uv": [2, 7.75, 1.5, 7.5], "texture": "#1"},
				"down": {"uv": [8, 2, 7.5, 2.25], "texture": "#1"}
			}
		},
		{
			"from": [14.26256, 14.30546, 8],
			"to": [18.76256, 16.30546, 9],
			"rotation": {"angle": 45, "axis": "z", "origin": [14.76256, 11.55546, 8]},
			"faces": {
				"north": {"uv": [6, 5.75, 7, 6.25], "texture": "#1"},
				"east": {"uv": [4.25, 7.25, 4.5, 7.75], "texture": "#1"},
				"south": {"uv": [6, 6.25, 7, 6.75], "texture": "#1"},
				"west": {"uv": [4.5, 7.25, 4.75, 7.75], "texture": "#1"},
				"up": {"uv": [8, 6, 7, 5.75], "texture": "#1"},
				"down": {"uv": [8, 6, 7, 6.25], "texture": "#1"}
			}
		},
		{
			"from": [7.92893, 15.25736, 6.975],
			"to": [17.92893, 17.25736, 8.025],
			"rotation": {"angle": 45, "axis": "z", "origin": [9.92893, 17.25736, 6]},
			"faces": {
				"north": {"uv": [0, 4.5, 2.5, 5], "texture": "#1"},
				"east": {"uv": [6.75, 7, 7, 7.5], "texture": "#1"},
				"south": {"uv": [0, 5, 2.5, 5.5], "texture": "#1"},
				"west": {"uv": [7, 7, 7.25, 7.5], "texture": "#1"},
				"up": {"uv": [8.5, 4.25, 6, 4], "texture": "#1"},
				"down": {"uv": [8.5, 4.25, 6, 4.5], "texture": "#1"}
			}
		},
		{
			"from": [4.65685, 13.84315, 6.975],
			"to": [6.65685, 23.84315, 8.025],
			"rotation": {"angle": 45, "axis": "z", "origin": [4.65685, 15.84315, 5.95]},
			"faces": {
				"north": {"uv": [2.5, 4.5, 3, 7], "texture": "#1"},
				"east": {"uv": [4, 4.5, 4.25, 7], "texture": "#1"},
				"south": {"uv": [3, 4.5, 3.5, 7], "texture": "#1"},
				"west": {"uv": [2.25, 5.5, 2.5, 8], "texture": "#1"},
				"up": {"uv": [7.75, 7.25, 7.25, 7], "texture": "#1"},
				"down": {"uv": [7.75, 7.25, 7.25, 7.5], "texture": "#1"}
			}
		},
		{
			"from": [10.92893, 7.25736, 6.975],
			"to": [17.92893, 9.25736, 8.025],
			"rotation": {"angle": 45, "axis": "z", "origin": [9.92893, 9.25736, 6.025]},
			"faces": {
				"north": {"uv": [5.5, 2, 7.25, 2.5], "texture": "#1"},
				"east": {"uv": [7.25, 3, 7.5, 3.5], "texture": "#1"},
				"south": {"uv": [5.5, 2.5, 7.25, 3], "texture": "#1"},
				"west": {"uv": [7.25, 3.5, 7.5, 4], "texture": "#1"},
				"up": {"uv": [8.25, 5.25, 6.5, 5], "texture": "#1"},
				"down": {"uv": [8.25, 5.25, 6.5, 5.5], "texture": "#1"}
			}
		},
		{
			"from": [-7.73654, -2.76346, 6.975],
			"to": [-0.73654, -0.76346, 8.025],
			"rotation": {"angle": -45, "axis": "z", "origin": [15.26346, -2.76346, 6.05]},
			"faces": {
				"north": {"uv": [5.5, 3, 7.25, 3.5], "texture": "#1"},
				"east": {"uv": [0, 7.5, 0.25, 8], "texture": "#1"},
				"south": {"uv": [5.5, 3.5, 7.25, 4], "texture": "#1"},
				"west": {"uv": [0.25, 7.5, 0.5, 8], "texture": "#1"},
				"up": {"uv": [8.25, 5.75, 6.5, 5.5], "texture": "#1"},
				"down": {"uv": [7.75, 6.75, 6, 7], "texture": "#1"}
			}
		}
	],
	"display": {
		"thirdperson_righthand": {
			"rotation": [75, 45, 0],
			"translation": [0, 2.5, 0],
			"scale": [0.375, 0.375, 0.375]
		},
		"thirdperson_lefthand": {
			"rotation": [75, 45, 0],
			"translation": [0, 2.5, 0],
			"scale": [0.375, 0.375, 0.375]
		},
		"firstperson_righthand": {
			"rotation": [0, 45, 0],
			"scale": [0.4, 0.4, 0.4]
		},
		"firstperson_lefthand": {
			"rotation": [0, 45, 0],
			"scale": [0.4, 0.4, 0.4]
		},
		"ground": {
			"translation": [0, 2.75, 0],
			"scale": [0.8, 0.8, 0.8]
		},
		"gui": {
			"rotation": [30, 225, 0],
			"scale": [0.5, 0.5, 0.5]
		},
		"head": {
			"scale": [0.9, 0.9, 0.9]
		},
		"fixed": {
			"translation": [0, -1, 0]
		}
	}
}