{
	"credit": "Made with Blockbench",
	"texture_size": [64, 64],
	"textures": {
		"0": "netc/heart_of_the_sea/summoner",
		"particle": "netc/heart_of_the_sea/summoner"
	},
	"elements": [
		{
			"from": [2.5, 3.75, -1],
			"to": [20.5, 5.75, 17],
			"rotation": {"angle": 22.5, "axis": "z", "origin": [0, -3, 0]},
			"faces": {
				"north": {"uv": [9, 7.25, 13.5, 7.75], "texture": "#0"},
				"east": {"uv": [9, 7.75, 13.5, 8.25], "texture": "#0"},
				"south": {"uv": [9, 8.25, 13.5, 8.75], "texture": "#0"},
				"west": {"uv": [9.5, 0.5, 14, 1], "texture": "#0"},
				"up": {"uv": [4.5, 4.5, 0, 0], "texture": "#0"},
				"down": {"uv": [4.5, 4.5, 0, 9], "texture": "#0"}
			}
		},
		{
			"from": [-5.75, 10, -0.75],
			"to": [12.25, 12, 17.25],
			"rotation": {"angle": -22.5, "axis": "z", "origin": [0, -3, 0]},
			"faces": {
				"north": {"uv": [1, 9.5, 5.5, 10], "texture": "#0"},
				"east": {"uv": [9.5, 1, 14, 1.5], "texture": "#0"},
				"south": {"uv": [9.5, 1.5, 14, 2], "texture": "#0"},
				"west": {"uv": [9.5, 2, 14, 2.5], "texture": "#0"},
				"up": {"uv": [9, 4.5, 4.5, 0], "texture": "#0"},
				"down": {"uv": [9, 4.5, 4.5, 9], "texture": "#0"}
			}
		},
		{
			"from": [2.97697, 4.82686, 5.76537],
			"to": [4.97697, 11.82686, 7.76537],
			"rotation": {"angle": 22.5, "axis": "z", "origin": [7.97697, -2.17314, 16.76537]},
			"faces": {
				"north": {"uv": [4.75, 10.5, 5.25, 12.25], "texture": "#0"},
				"east": {"uv": [10.75, 10, 11.25, 11.75], "texture": "#0"},
				"south": {"uv": [1.5, 11, 2, 12.75], "texture": "#0"},
				"west": {"uv": [2, 11, 2.5, 12.75], "texture": "#0"},
				"up": {"uv": [14, 9.25, 13.5, 8.75], "texture": "#0"},
				"down": {"uv": [9.75, 13.5, 9.25, 14], "texture": "#0"}
			}
		},
		{
			"from": [8.33304, 12.29942, 5.51537],
			"to": [10.33304, 19.29942, 7.51537],
			"rotation": {"angle": 45, "axis": "z", "origin": [8.33304, -1.70058, 16.76537]},
			"faces": {
				"north": {"uv": [8.25, 11.75, 8.75, 13.5], "texture": "#0"},
				"east": {"uv": [8.75, 11.75, 9.25, 13.5], "texture": "#0"},
				"south": {"uv": [9.25, 11.75, 9.75, 13.5], "texture": "#0"},
				"west": {"uv": [9.75, 11.75, 10.25, 13.5], "texture": "#0"},
				"up": {"uv": [3.5, 14.25, 3, 13.75], "texture": "#0"},
				"down": {"uv": [14.25, 9.75, 13.75, 10.25], "texture": "#0"}
			}
		},
		{
			"from": [-2, 5.17108, 2.24926],
			"to": [0, 12.17108, 4.24926],
			"rotation": {"angle": 22.5, "axis": "x", "origin": [3, -1.82892, 13.24926]},
			"faces": {
				"north": {"uv": [12.25, 11.75, 12.75, 13.5], "texture": "#0"},
				"east": {"uv": [1, 12.75, 1.5, 14.5], "texture": "#0"},
				"south": {"uv": [1.5, 12.75, 2, 14.5], "texture": "#0"},
				"west": {"uv": [2, 12.75, 2.5, 14.5], "texture": "#0"},
				"up": {"uv": [4, 14.5, 3.5, 14], "texture": "#0"},
				"down": {"uv": [14.5, 3.5, 14, 4], "texture": "#0"}
			}
		},
		{
			"from": [-0.25, 7.17108, 10.24926],
			"to": [1.75, 9.17108, 26.24926],
			"rotation": {"angle": -22.5, "axis": "x", "origin": [3, -1.82892, 13.24926]},
			"faces": {
				"north": {"uv": [4.5, 14, 5, 14.5], "texture": "#0"},
				"east": {"uv": [9.5, 2.5, 13.5, 3], "texture": "#0"},
				"south": {"uv": [14, 4.5, 14.5, 5], "texture": "#0"},
				"west": {"uv": [9.5, 3, 13.5, 3.5], "texture": "#0"},
				"up": {"uv": [6, 13.5, 5.5, 9.5], "texture": "#0"},
				"down": {"uv": [7.25, 9.5, 6.75, 13.5], "texture": "#0"}
			}
		},
		{
			"from": [14.25, 7.17108, 10.24926],
			"to": [16.25, 9.17108, 26.24926],
			"rotation": {"angle": -22.5, "axis": "x", "origin": [3, -1.82892, 13.24926]},
			"faces": {
				"north": {"uv": [14, 5, 14.5, 5.5], "texture": "#0"},
				"east": {"uv": [9.5, 3.5, 13.5, 4], "texture": "#0"},
				"south": {"uv": [14, 5.5, 14.5, 6], "texture": "#0"},
				"west": {"uv": [9.5, 4, 13.5, 4.5], "texture": "#0"},
				"up": {"uv": [7.75, 13.5, 7.25, 9.5], "texture": "#0"},
				"down": {"uv": [8.25, 9.5, 7.75, 13.5], "texture": "#0"}
			}
		},
		{
			"from": [0, 5.17108, -7.75074],
			"to": [2, 7.17108, 17.24926],
			"rotation": {"angle": 22.5, "axis": "x", "origin": [3, -1.82892, 13.24926]},
			"faces": {
				"north": {"uv": [14, 7.75, 14.5, 8.25], "texture": "#0"},
				"east": {"uv": [6.75, 9, 13, 9.5], "texture": "#0"},
				"south": {"uv": [8.25, 14, 8.75, 14.5], "texture": "#0"},
				"west": {"uv": [9, 6.75, 15.25, 7.25], "texture": "#0"},
				"up": {"uv": [0.5, 15.75, 0, 9.5], "texture": "#0"},
				"down": {"uv": [1, 9.5, 0.5, 15.75], "texture": "#0"}
			}
		},
		{
			"from": [14, 5.17108, -7.75074],
			"to": [16, 7.17108, 17.24926],
			"rotation": {"angle": 22.5, "axis": "x", "origin": [3, -1.82892, 13.24926]},
			"faces": {
				"north": {"uv": [14, 7.25, 14.5, 7.75], "texture": "#0"},
				"east": {"uv": [0, 9, 6.25, 9.5], "texture": "#0"},
				"south": {"uv": [7.75, 14, 8.25, 14.5], "texture": "#0"},
				"west": {"uv": [9, 0, 15.25, 0.5], "texture": "#0"},
				"up": {"uv": [9.5, 6.75, 9, 0.5], "texture": "#0"},
				"down": {"uv": [6.75, 9, 6.25, 15.25], "texture": "#0"}
			}
		},
		{
			"from": [16.25, 12.23882, 13.03427],
			"to": [18.25, 14.23882, 22.03427],
			"rotation": {"angle": -22.5, "axis": "x", "origin": [21.25, 3.23882, 8.03427]},
			"faces": {
				"north": {"uv": [13.5, 8.25, 14, 8.75], "texture": "#0"},
				"east": {"uv": [9.5, 5.5, 11.75, 6], "texture": "#0"},
				"south": {"uv": [8.75, 13.5, 9.25, 14], "texture": "#0"},
				"west": {"uv": [9.5, 6, 11.75, 6.5], "texture": "#0"},
				"up": {"uv": [9.75, 11.75, 9.25, 9.5], "texture": "#0"},
				"down": {"uv": [10.25, 9.5, 9.75, 11.75], "texture": "#0"}
			}
		},
		{
			"from": [16.5, 13.00121, 17.68679],
			"to": [18.5, 15.00121, 26.68679],
			"rotation": {"angle": -45, "axis": "x", "origin": [21.5, 4.00121, 12.68679]},
			"faces": {
				"north": {"uv": [7.75, 13.5, 8.25, 14], "texture": "#0"},
				"east": {"uv": [9.5, 4.5, 11.75, 5], "texture": "#0"},
				"south": {"uv": [8.25, 13.5, 8.75, 14], "texture": "#0"},
				"west": {"uv": [9.5, 5, 11.75, 5.5], "texture": "#0"},
				"up": {"uv": [8.75, 11.75, 8.25, 9.5], "texture": "#0"},
				"down": {"uv": [9.25, 9.5, 8.75, 11.75], "texture": "#0"}
			}
		},
		{
			"from": [16, 5.17108, 2.24926],
			"to": [18, 12.17108, 4.24926],
			"rotation": {"angle": 22.5, "axis": "x", "origin": [21, -1.82892, 13.24926]},
			"faces": {
				"north": {"uv": [11.75, 11.75, 12.25, 13.5], "texture": "#0"},
				"east": {"uv": [12.25, 4.5, 12.75, 6.25], "texture": "#0"},
				"south": {"uv": [4.75, 12.25, 5.25, 14], "texture": "#0"},
				"west": {"uv": [12.25, 10, 12.75, 11.75], "texture": "#0"},
				"up": {"uv": [14.25, 11.75, 13.75, 11.25], "texture": "#0"},
				"down": {"uv": [14.25, 11.75, 13.75, 12.25], "texture": "#0"}
			}
		},
		{
			"from": [10.41407, 1.7654, 5.76537],
			"to": [12.41407, 8.7654, 7.76537],
			"rotation": {"angle": -22.5, "axis": "z", "origin": [15.41407, -5.2346, 16.76537]},
			"faces": {
				"north": {"uv": [2.5, 11, 3, 12.75], "texture": "#0"},
				"east": {"uv": [3, 11, 3.5, 12.75], "texture": "#0"},
				"south": {"uv": [11.25, 10, 11.75, 11.75], "texture": "#0"},
				"west": {"uv": [11.75, 4.5, 12.25, 6.25], "texture": "#0"},
				"up": {"uv": [14, 9.75, 13.5, 9.25], "texture": "#0"},
				"down": {"uv": [10.25, 13.5, 9.75, 14], "texture": "#0"}
			}
		},
		{
			"from": [9.73803, 8.12784, 5.51537],
			"to": [11.73803, 15.12784, 7.51537],
			"rotation": {"angle": -45, "axis": "z", "origin": [14.73803, 1.12784, 16.76537]},
			"faces": {
				"north": {"uv": [11.75, 10, 12.25, 11.75], "texture": "#0"},
				"east": {"uv": [10.25, 11.75, 10.75, 13.5], "texture": "#0"},
				"south": {"uv": [10.75, 11.75, 11.25, 13.5], "texture": "#0"},
				"west": {"uv": [11.25, 11.75, 11.75, 13.5], "texture": "#0"},
				"up": {"uv": [14.25, 10.75, 13.75, 10.25], "texture": "#0"},
				"down": {"uv": [14.25, 10.75, 13.75, 11.25], "texture": "#0"}
			}
		},
		{
			"from": [-2.5, 13.00121, 17.68679],
			"to": [-0.5, 15.00121, 26.68679],
			"rotation": {"angle": -45, "axis": "x", "origin": [2.5, 4.00121, 12.68679]},
			"faces": {
				"north": {"uv": [14, 1.5, 14.5, 2], "texture": "#0"},
				"east": {"uv": [1, 10, 3.25, 10.5], "texture": "#0"},
				"south": {"uv": [14, 2, 14.5, 2.5], "texture": "#0"},
				"west": {"uv": [3.25, 10, 5.5, 10.5], "texture": "#0"},
				"up": {"uv": [10.75, 11.75, 10.25, 9.5], "texture": "#0"},
				"down": {"uv": [1.5, 10.5, 1, 12.75], "texture": "#0"}
			}
		},
		{
			"from": [-2.5, 15.00121, 23.68679],
			"to": [-0.5, 19.00121, 25.68679],
			"rotation": {"angle": -45, "axis": "x", "origin": [2.5, 4.00121, 12.68679]},
			"faces": {
				"north": {"uv": [5.75, 13.5, 6.25, 14.5], "texture": "#0"},
				"east": {"uv": [6.75, 13.5, 7.25, 14.5], "texture": "#0"},
				"south": {"uv": [7.25, 13.5, 7.75, 14.5], "texture": "#0"},
				"west": {"uv": [13.5, 7.25, 14, 8.25], "texture": "#0"},
				"up": {"uv": [4.5, 14.5, 4, 14], "texture": "#0"},
				"down": {"uv": [14.5, 4, 14, 4.5], "texture": "#0"}
			}
		},
		{
			"from": [16.5, 15.00121, 23.68679],
			"to": [18.5, 19.00121, 25.68679],
			"rotation": {"angle": -45, "axis": "x", "origin": [3.25, 4.00121, 12.68679]},
			"faces": {
				"north": {"uv": [13.25, 13, 13.75, 14], "texture": "#0"},
				"east": {"uv": [13.5, 2.5, 14, 3.5], "texture": "#0"},
				"south": {"uv": [13.5, 3.5, 14, 4.5], "texture": "#0"},
				"west": {"uv": [5.25, 13.5, 5.75, 14.5], "texture": "#0"},
				"up": {"uv": [12.75, 14, 12.25, 13.5], "texture": "#0"},
				"down": {"uv": [3, 13.75, 2.5, 14.25], "texture": "#0"}
			}
		},
		{
			"from": [16.75, 18.60278, 19.39823],
			"to": [18.75, 20.60278, 24.39823],
			"rotation": {"angle": -22.5, "axis": "x", "origin": [21.5, 9.60278, 14.39823]},
			"faces": {
				"north": {"uv": [10.25, 13.5, 10.75, 14], "texture": "#0"},
				"east": {"uv": [11.75, 6.25, 13, 6.75], "texture": "#0"},
				"south": {"uv": [10.75, 13.5, 11.25, 14], "texture": "#0"},
				"west": {"uv": [2.5, 12.75, 3.75, 13.25], "texture": "#0"},
				"up": {"uv": [4.25, 14, 3.75, 12.75], "texture": "#0"},
				"down": {"uv": [4.75, 12.75, 4.25, 14], "texture": "#0"}
			}
		},
		{
			"from": [-2.75, 18.60278, 19.39823],
			"to": [-0.75, 20.60278, 24.39823],
			"rotation": {"angle": -22.5, "axis": "x", "origin": [2.5, 9.60278, 14.39823]},
			"faces": {
				"north": {"uv": [13.75, 13, 14.25, 13.5], "texture": "#0"},
				"east": {"uv": [12.75, 5.5, 14, 6], "texture": "#0"},
				"south": {"uv": [13.75, 13.5, 14.25, 14], "texture": "#0"},
				"west": {"uv": [12.75, 12.5, 14, 13], "texture": "#0"},
				"up": {"uv": [13.5, 10, 13, 8.75], "texture": "#0"},
				"down": {"uv": [13.25, 13, 12.75, 14.25], "texture": "#0"}
			}
		},
		{
			"from": [-2.25, 12.23882, 13.03427],
			"to": [-0.25, 14.23882, 22.03427],
			"rotation": {"angle": -22.5, "axis": "x", "origin": [2.75, 3.23882, 8.03427]},
			"faces": {
				"north": {"uv": [14, 2.5, 14.5, 3], "texture": "#0"},
				"east": {"uv": [1.5, 10.5, 3.75, 11], "texture": "#0"},
				"south": {"uv": [14, 3, 14.5, 3.5], "texture": "#0"},
				"west": {"uv": [10.75, 9.5, 13, 10], "texture": "#0"},
				"up": {"uv": [4.25, 12.75, 3.75, 10.5], "texture": "#0"},
				"down": {"uv": [4.75, 10.5, 4.25, 12.75], "texture": "#0"}
			}
		},
		{
			"from": [16.5, 16.75907, 16.75907],
			"to": [18.5, 18.75907, 21.75907],
			"rotation": {"angle": 0, "axis": "y", "origin": [21.25, 7.75907, 11.75907]},
			"faces": {
				"north": {"uv": [11.25, 13.5, 11.75, 14], "texture": "#0"},
				"east": {"uv": [12.75, 4.5, 14, 5], "texture": "#0"},
				"south": {"uv": [11.75, 13.5, 12.25, 14], "texture": "#0"},
				"west": {"uv": [12.75, 5, 14, 5.5], "texture": "#0"},
				"up": {"uv": [13.25, 11.25, 12.75, 10], "texture": "#0"},
				"down": {"uv": [13.25, 11.25, 12.75, 12.5], "texture": "#0"}
			}
		},
		{
			"from": [-2.5, 16.75907, 16.75907],
			"to": [-0.5, 18.75907, 21.75907],
			"rotation": {"angle": 0, "axis": "y", "origin": [2.75, 7.75907, 11.75907]},
			"faces": {
				"north": {"uv": [14, 0.5, 14.5, 1], "texture": "#0"},
				"east": {"uv": [13, 6, 14.25, 6.5], "texture": "#0"},
				"south": {"uv": [14, 1, 14.5, 1.5], "texture": "#0"},
				"west": {"uv": [2.5, 13.25, 3.75, 13.75], "texture": "#0"},
				"up": {"uv": [13.75, 11.25, 13.25, 10], "texture": "#0"},
				"down": {"uv": [13.75, 11.25, 13.25, 12.5], "texture": "#0"}
			}
		}
	],
	"display": {
		"thirdperson_righthand": {
			"rotation": [55, 0, 0],
			"translation": [0.75, 1.5, 0],
			"scale": [0.4, 0.4, 0.4]
		},
		"thirdperson_lefthand": {
			"rotation": [55, 0, 0],
			"translation": [0.75, 1.5, 0],
			"scale": [0.4, 0.4, 0.4]
		},
		"firstperson_righthand": {
			"rotation": [0, 180, 0],
			"translation": [-9, 5.75, -4],
			"scale": [0.5, 0.5, 0.5]
		},
		"firstperson_lefthand": {
			"rotation": [0, 180, 0],
			"translation": [-9, 5.75, -4],
			"scale": [0.5, 0.5, 0.5]
		},
		"ground": {
			"translation": [0, 3, 0],
			"scale": [0.5, 0.5, 0.5]
		},
		"gui": {
			"rotation": [19, 135, 0],
			"translation": [0, -0.25, 0],
			"scale": [0.5, 0.5, 0.5]
		},
		"head": {
			"translation": [0, 1.25, 0],
			"scale": [0.95, 0.95, 0.95]
		},
		"fixed": {
			"translation": [0, 0, 2.5]
		}
	}
}