{
	"credit": "Made with Blockbench",
	"texture_size": [128, 128],
	"textures": {
		"0": "netc/heart_of_the_sea/turkey",
		"particle": "netc/heart_of_the_sea/turkey"
	},
	"elements": [
		{
			"from": [2.5, 1.75, -2],
			"to": [21.5, 5.75, 17],
			"rotation": {"angle": 22.5, "axis": "z", "origin": [0, -3, 0]},
			"faces": {
				"north": {"uv": [7, 0, 9.375, 0.5], "texture": "#0"},
				"east": {"uv": [7, 0.5, 9.375, 1], "texture": "#0"},
				"south": {"uv": [7, 1, 9.375, 1.5], "texture": "#0"},
				"west": {"uv": [7, 1.5, 9.375, 2], "texture": "#0"},
				"up": {"uv": [4.75, 2.375, 2.375, 0], "texture": "#0"},
				"down": {"uv": [4.75, 2.375, 2.375, 4.75], "texture": "#0"}
			}
		},
		{
			"from": [11.575, -2.75, -3],
			"to": [15.575, 1.25, 0],
			"rotation": {"angle": 45, "axis": "z", "origin": [0, -3, 0]},
			"faces": {
				"north": {"uv": [7, 7.25, 7.5, 7.75], "texture": "#0"},
				"east": {"uv": [2.75, 7.375, 3.125, 7.875], "texture": "#0"},
				"south": {"uv": [2.25, 7.375, 2.75, 7.875], "texture": "#0"},
				"west": {"uv": [3.125, 7.375, 3.5, 7.875], "texture": "#0"},
				"up": {"uv": [4, 7.75, 3.5, 7.375], "texture": "#0"},
				"down": {"uv": [4.5, 7.375, 4, 7.75], "texture": "#0"}
			}
		},
		{
			"from": [15.575, 1.25, -2],
			"to": [17.575, 3.25, 0],
			"rotation": {"angle": 45, "axis": "z", "origin": [0, -3, 0]},
			"faces": {
				"north": {"uv": [4.5, 5.25, 4.75, 5.5], "texture": "#0"},
				"east": {"uv": [4.5, 5.5, 4.75, 5.75], "texture": "#0"},
				"south": {"uv": [4.5, 5.75, 4.75, 6], "texture": "#0"},
				"west": {"uv": [4.5, 6, 4.75, 6.25], "texture": "#0"},
				"up": {"uv": [7.5, 6.375, 7.25, 6.125], "texture": "#0"},
				"down": {"uv": [7, 7.375, 6.75, 7.625], "texture": "#0"}
			}
		},
		{
			"from": [12.325, -2, -3.25],
			"to": [14.825, 0.5, 0],
			"rotation": {"angle": 45, "axis": "z", "origin": [0, -3, 0]},
			"faces": {
				"north": {"uv": [4.5, 7.375, 4.875, 7.75], "texture": "#0"},
				"east": {"uv": [4.875, 7.375, 5.25, 7.75], "texture": "#0"},
				"south": {"uv": [5.25, 7.375, 5.625, 7.75], "texture": "#0"},
				"west": {"uv": [5.625, 7.375, 6, 7.75], "texture": "#0"},
				"up": {"uv": [6.375, 7.75, 6, 7.375], "texture": "#0"},
				"down": {"uv": [6.75, 7.375, 6.375, 7.75], "texture": "#0"}
			}
		},
		{
			"from": [10.075, -4.25, -2.5],
			"to": [11.575, -2.75, -2],
			"rotation": {"angle": 45, "axis": "z", "origin": [0, -3, 0]},
			"faces": {
				"north": {"uv": [4.5, 4.75, 4.75, 5], "texture": "#0"},
				"east": {"uv": [0, 7.5, 0.125, 7.75], "texture": "#0"},
				"south": {"uv": [4.5, 5, 4.75, 5.25], "texture": "#0"},
				"west": {"uv": [0.125, 7.5, 0.25, 7.75], "texture": "#0"},
				"up": {"uv": [4.75, 6.375, 4.5, 6.25], "texture": "#0"},
				"down": {"uv": [7.25, 4.25, 7, 4.375], "texture": "#0"}
			}
		},
		{
			"from": [3.5, 5.75, -1],
			"to": [21, 9.75, 16.5],
			"rotation": {"angle": 22.5, "axis": "z", "origin": [0, -3, 0]},
			"faces": {
				"north": {"uv": [0, 7, 2.25, 7.5], "texture": "#0"},
				"east": {"uv": [7, 2, 9.25, 2.5], "texture": "#0"},
				"south": {"uv": [7, 2.5, 9.25, 3], "texture": "#0"},
				"west": {"uv": [7, 3, 9.25, 3.5], "texture": "#0"},
				"up": {"uv": [2.25, 7, 0, 4.75], "texture": "#0"},
				"down": {"uv": [7, 0, 4.75, 2.25], "texture": "#0"}
			}
		},
		{
			"from": [9.5, 9.75, 0],
			"to": [19, 12.75, 16],
			"rotation": {"angle": 22.5, "axis": "z", "origin": [0, -3, 0]},
			"faces": {
				"north": {"uv": [7.25, 5.375, 8.5, 5.75], "texture": "#0"},
				"east": {"uv": [7.25, 4.625, 9.25, 5], "texture": "#0"},
				"south": {"uv": [7.25, 5.75, 8.5, 6.125], "texture": "#0"},
				"west": {"uv": [7.25, 5, 9.25, 5.375], "texture": "#0"},
				"up": {"uv": [6, 6.375, 4.75, 4.375], "texture": "#0"},
				"down": {"uv": [7.25, 4.375, 6, 6.375], "texture": "#0"}
			}
		},
		{
			"from": [-6.75, 8, -1.75],
			"to": [12.25, 12, 17.25],
			"rotation": {"angle": -22.5, "axis": "z", "origin": [0, -3, 0]},
			"faces": {
				"north": {"uv": [4.5, 6.375, 6.875, 6.875], "texture": "#0"},
				"east": {"uv": [2.25, 6.875, 4.625, 7.375], "texture": "#0"},
				"south": {"uv": [4.625, 6.875, 7, 7.375], "texture": "#0"},
				"west": {"uv": [6.875, 6.375, 9.25, 6.875], "texture": "#0"},
				"up": {"uv": [2.375, 2.375, 0, 0], "texture": "#0"},
				"down": {"uv": [2.375, 2.375, 0, 4.75], "texture": "#0"}
			}
		},
		{
			"from": [-6.5, 12, -0.75],
			"to": [11.25, 15, 16.25],
			"rotation": {"angle": -22.5, "axis": "z", "origin": [0, -3, 0]},
			"faces": {
				"north": {"uv": [7, 3.5, 9.25, 3.875], "texture": "#0"},
				"east": {"uv": [7, 6.875, 9.125, 7.25], "texture": "#0"},
				"south": {"uv": [7, 3.875, 9.25, 4.25], "texture": "#0"},
				"west": {"uv": [7.25, 4.25, 9.375, 4.625], "texture": "#0"},
				"up": {"uv": [4.5, 6.875, 2.25, 4.75], "texture": "#0"},
				"down": {"uv": [7, 2.25, 4.75, 4.375], "texture": "#0"}
			}
		}
	],
	"display": {
		"thirdperson_righthand": {
			"rotation": [55, 0, 0],
			"translation": [0.75, 1.5, 0],
			"scale": [0.4, 0.4, 0.4]
		},
		"thirdperson_lefthand": {
			"rotation": [55, 0, 0],
			"translation": [0.75, 1.5, 0],
			"scale": [0.4, 0.4, 0.4]
		},
		"firstperson_righthand": {
			"rotation": [0, 180, 0],
			"translation": [-9, 5.75, -4],
			"scale": [0.5, 0.5, 0.5]
		},
		"firstperson_lefthand": {
			"rotation": [0, 180, 0],
			"translation": [-9, 5.75, -4],
			"scale": [0.5, 0.5, 0.5]
		},
		"ground": {
			"translation": [0, 3, 0],
			"scale": [0.5, 0.5, 0.5]
		},
		"gui": {
			"rotation": [19, 135, 0],
			"translation": [0, -0.25, 0],
			"scale": [0.5, 0.5, 0.5]
		},
		"head": {
			"translation": [0, 1.25, 0],
			"scale": [0.95, 0.95, 0.95]
		},
		"fixed": {
			"translation": [0, 0, 2.5]
		}
	}
}