{
	"credit": "Made with Blockbench",
	"texture_size": [128, 128],
	"textures": {
		"2": "netc/heart_of_the_sea/wizard",
		"particle": "netc/heart_of_the_sea/wizard"
	},
	"elements": [
		{
			"from": [-2, 6, -4.5],
			"to": [18, 9, 20],
			"faces": {
				"north": {"uv": [8.875, 0.375, 11.375, 0.75], "texture": "#2"},
				"east": {"uv": [7.75, 4.375, 10.875, 4.75], "texture": "#2"},
				"south": {"uv": [8.875, 0.75, 11.375, 1.125], "texture": "#2"},
				"west": {"uv": [7.75, 4.75, 10.875, 5.125], "texture": "#2"},
				"up": {"uv": [5.75, 3.125, 3.25, 0], "texture": "#2"},
				"down": {"uv": [5.75, 3.125, 3.25, 6.25], "texture": "#2"}
			}
		},
		{
			"from": [0, 9, 0],
			"to": [16, 15, 16],
			"faces": {
				"north": {"uv": [7.5, 7.125, 9.5, 7.875], "texture": "#2"},
				"east": {"uv": [1.5, 7.625, 3.5, 8.375], "texture": "#2"},
				"south": {"uv": [7.75, 2.125, 9.75, 2.875], "texture": "#2"},
				"west": {"uv": [7.75, 2.875, 9.75, 3.625], "texture": "#2"},
				"up": {"uv": [7.75, 4.125, 5.75, 2.125], "texture": "#2"},
				"down": {"uv": [7.75, 4.125, 5.75, 6.125], "texture": "#2"}
			}
		},
		{
			"from": [0, -5, 0],
			"to": [16, -1, 8],
			"rotation": {"angle": -22.5, "axis": "x", "origin": [0, 0, 0]},
			"faces": {
				"north": {"uv": [8.375, 7.875, 10.375, 8.375], "texture": "#2"},
				"east": {"uv": [9.75, 2.125, 10.75, 2.625], "texture": "#2"},
				"south": {"uv": [8.375, 8.375, 10.375, 8.875], "texture": "#2"},
				"west": {"uv": [9.75, 2.625, 10.75, 3.125], "texture": "#2"},
				"up": {"uv": [7.375, 8.5, 5.375, 7.5], "texture": "#2"},
				"down": {"uv": [9.5, 6.125, 7.5, 7.125], "texture": "#2"}
			}
		},
		{
			"from": [1, -3, 3],
			"to": [15, 0, 14],
			"faces": {
				"north": {"uv": [0, 9.5, 1.75, 9.875], "texture": "#2"},
				"east": {"uv": [7.75, 9.5, 9.125, 9.875], "texture": "#2"},
				"south": {"uv": [1.75, 9.5, 3.5, 9.875], "texture": "#2"},
				"west": {"uv": [9.125, 9.5, 10.5, 9.875], "texture": "#2"},
				"up": {"uv": [7.5, 7.5, 5.75, 6.125], "texture": "#2"},
				"down": {"uv": [3.875, 6.25, 2.125, 7.625], "texture": "#2"}
			}
		},
		{
			"from": [10, -13, 2],
			"to": [15, -1, 4],
			"faces": {
				"north": {"uv": [6.5, 8.875, 7.125, 10.375], "texture": "#2"},
				"east": {"uv": [5.75, 9.5, 6, 11], "texture": "#2"},
				"south": {"uv": [7.125, 9, 7.75, 10.5], "texture": "#2"},
				"west": {"uv": [6, 9.5, 6.25, 11], "texture": "#2"},
				"up": {"uv": [2.125, 7.625, 1.5, 7.375], "texture": "#2"},
				"down": {"uv": [0.625, 9.875, 0, 10.125], "texture": "#2"}
			}
		},
		{
			"from": [-4, 14.5, 2],
			"to": [8, 19.5, 14],
			"rotation": {"angle": -22.5, "axis": "z", "origin": [0, 0, 0]},
			"faces": {
				"north": {"uv": [0, 8.875, 1.5, 9.5], "texture": "#2"},
				"east": {"uv": [3.5, 8.875, 5, 9.5], "texture": "#2"},
				"south": {"uv": [5, 8.875, 6.5, 9.5], "texture": "#2"},
				"west": {"uv": [8.375, 8.875, 9.875, 9.5], "texture": "#2"},
				"up": {"uv": [5.375, 7.75, 3.875, 6.25], "texture": "#2"},
				"down": {"uv": [1.5, 7.375, 0, 8.875], "texture": "#2"}
			}
		},
		{
			"from": [20, 14.25, 6],
			"to": [29, 18.25, 10],
			"rotation": {"angle": 22.5, "axis": "z", "origin": [0, 0, 0]},
			"faces": {
				"north": {"uv": [3.5, 9.5, 4.625, 10], "texture": "#2"},
				"east": {"uv": [7.75, 9, 8.25, 9.5], "texture": "#2"},
				"south": {"uv": [4.625, 9.5, 5.75, 10], "texture": "#2"},
				"west": {"uv": [9.75, 3.125, 10.25, 3.625], "texture": "#2"},
				"up": {"uv": [10.625, 6.625, 9.5, 6.125], "texture": "#2"},
				"down": {"uv": [10.625, 6.625, 9.5, 7.125], "texture": "#2"}
			}
		},
		{
			"from": [-10, 16.75, 4],
			"to": [-2, 25.75, 12],
			"rotation": {"angle": -45, "axis": "z", "origin": [0, 0, 0]},
			"faces": {
				"north": {"uv": [3.5, 7.75, 4.5, 8.875], "texture": "#2"},
				"east": {"uv": [7.875, 0, 8.875, 1.125], "texture": "#2"},
				"south": {"uv": [7.375, 7.875, 8.375, 9], "texture": "#2"},
				"west": {"uv": [1.5, 8.375, 2.5, 9.5], "texture": "#2"},
				"up": {"uv": [3.125, 6.25, 2.125, 5.25], "texture": "#2"},
				"down": {"uv": [3.5, 8.375, 2.5, 9.375], "texture": "#2"}
			}
		},
		{
			"from": [-5, 5.75, -2.5],
			"to": [21, 8.75, 18],
			"faces": {
				"north": {"uv": [7.75, 3.625, 11, 4], "texture": "#2"},
				"east": {"uv": [4.5, 8.5, 7.125, 8.875], "texture": "#2"},
				"south": {"uv": [7.75, 4, 11, 4.375], "texture": "#2"},
				"west": {"uv": [8.875, 0, 11.5, 0.375], "texture": "#2"},
				"up": {"uv": [3.25, 2.625, 0, 0], "texture": "#2"},
				"down": {"uv": [3.25, 2.625, 0, 5.25], "texture": "#2"}
			}
		},
		{
			"from": [-0.5, 9.5, -0.5],
			"to": [16.5, 13, 16.5],
			"faces": {
				"north": {"uv": [7.75, 5.125, 9.875, 5.625], "texture": "#2"},
				"east": {"uv": [7.75, 5.625, 9.875, 6.125], "texture": "#2"},
				"south": {"uv": [7.875, 1.125, 10, 1.625], "texture": "#2"},
				"west": {"uv": [7.875, 1.625, 10, 2.125], "texture": "#2"},
				"up": {"uv": [2.125, 7.375, 0, 5.25], "texture": "#2"},
				"down": {"uv": [7.875, 0, 5.75, 2.125], "texture": "#2"}
			}
		},
		{
			"from": [8, 9, -1],
			"to": [15, 13.75, 0],
			"faces": {
				"north": {"uv": [4.5, 7.75, 5.375, 8.375], "texture": "#2"},
				"east": {"uv": [3.125, 5.25, 3.25, 5.875], "texture": "#2"},
				"south": {"uv": [9.5, 7.125, 10.375, 7.75], "texture": "#2"},
				"west": {"uv": [5.375, 6.25, 5.5, 6.875], "texture": "#2"},
				"up": {"uv": [5.375, 8.5, 4.5, 8.375], "texture": "#2"},
				"down": {"uv": [3.375, 9.375, 2.5, 9.5], "texture": "#2"}
			}
		}
	],
	"display": {
		"thirdperson_righthand": {
			"rotation": [55, 0, 0],
			"translation": [0.75, 1.5, 0],
			"scale": [0.4, 0.4, 0.4]
		},
		"thirdperson_lefthand": {
			"rotation": [55, 0, 0],
			"translation": [0.75, 1.5, 0],
			"scale": [0.4, 0.4, 0.4]
		},
		"firstperson_righthand": {
			"rotation": [0, 180, 0],
			"translation": [-9, 5.75, -4],
			"scale": [0.5, 0.5, 0.5]
		},
		"firstperson_lefthand": {
			"rotation": [0, 180, 0],
			"translation": [-9, 5.75, -4],
			"scale": [0.5, 0.5, 0.5]
		},
		"ground": {
			"translation": [0, 3, 0],
			"scale": [0.5, 0.5, 0.5]
		},
		"gui": {
			"rotation": [19, 135, 0],
			"translation": [0, -0.25, 0],
			"scale": [0.5, 0.5, 0.5]
		},
		"head": {
			"translation": [0, 1.25, 0],
			"scale": [0.95, 0.95, 0.95]
		},
		"fixed": {
			"translation": [0, 0, 2.5]
		}
	}
}