{
	"credit": "Made with Blockbench",
	"texture_size": [128, 128],
	"textures": {
		"1": "netc/heart_of_the_sea/wood_pro_boat",
		"particle": "netc/heart_of_the_sea/wood_pro_boat"
	},
	"elements": [
		{
			"from": [-0.25, -0.12132, 20.52132],
			"to": [1, 1.87868, 23.52132],
			"rotation": {"angle": 0, "axis": "y", "origin": [9, 1.37868, 20.52132]},
			"faces": {
				"north": {"uv": [9, 1.75, 9.125, 2], "texture": "#1"},
				"east": {"uv": [8.5, 7.125, 8.875, 7.375], "texture": "#1"},
				"south": {"uv": [9, 2, 9.125, 2.25], "texture": "#1"},
				"west": {"uv": [2, 8.625, 2.375, 8.875], "texture": "#1"},
				"up": {"uv": [0.375, 9.25, 0.25, 8.875], "texture": "#1"},
				"down": {"uv": [0.5, 8.875, 0.375, 9.25], "texture": "#1"}
			}
		},
		{
			"from": [-0.275, 0.93934, 21.96066],
			"to": [0.975, 3.93934, 23.96066],
			"rotation": {"angle": 45, "axis": "x", "origin": [9, 0.93934, 22.46066]},
			"faces": {
				"north": {"uv": [1.75, 8.875, 1.875, 9.25], "texture": "#1"},
				"east": {"uv": [1, 8.625, 1.25, 9], "texture": "#1"},
				"south": {"uv": [1.875, 8.875, 2, 9.25], "texture": "#1"},
				"west": {"uv": [2.375, 8.625, 2.625, 9], "texture": "#1"},
				"up": {"uv": [2.5, 9.25, 2.375, 9], "texture": "#1"},
				"down": {"uv": [2.625, 9, 2.5, 9.25], "texture": "#1"}
			}
		},
		{
			"from": [-0.25, 2, 23.64264],
			"to": [1, 5, 25.64264],
			"rotation": {"angle": 0, "axis": "y", "origin": [9, 2, 24.14264]},
			"faces": {
				"north": {"uv": [0, 8.875, 0.125, 9.25], "texture": "#1"},
				"east": {"uv": [0.5, 8.625, 0.75, 9], "texture": "#1"},
				"south": {"uv": [0.125, 8.875, 0.25, 9.25], "texture": "#1"},
				"west": {"uv": [0.75, 8.625, 1, 9], "texture": "#1"},
				"up": {"uv": [1.25, 9.25, 1.125, 9], "texture": "#1"},
				"down": {"uv": [9.125, 1.25, 9, 1.5], "texture": "#1"}
			}
		},
		{
			"from": [-0.275, 3.43934, 21.58198],
			"to": [0.975, 5.43934, 24.58198],
			"rotation": {"angle": 45, "axis": "x", "origin": [9, 3.93934, 24.58198]},
			"faces": {
				"north": {"uv": [9, 0, 9.125, 0.25], "texture": "#1"},
				"east": {"uv": [3.625, 8.5, 4, 8.75], "texture": "#1"},
				"south": {"uv": [0.5, 9, 0.625, 9.25], "texture": "#1"},
				"west": {"uv": [8.5, 3.75, 8.875, 4], "texture": "#1"},
				"up": {"uv": [7.125, 9.125, 7, 8.75], "texture": "#1"},
				"down": {"uv": [7.25, 8.75, 7.125, 9.125], "texture": "#1"}
			}
		},
		{
			"from": [-0.25, 5.12132, 20.52132],
			"to": [1, 7.12132, 23.52132],
			"rotation": {"angle": 0, "axis": "y", "origin": [9, 7.12132, 20.52132]},
			"faces": {
				"north": {"uv": [8.875, 8.125, 9, 8.375], "texture": "#1"},
				"east": {"uv": [8.5, 2.875, 8.875, 3.125], "texture": "#1"},
				"south": {"uv": [8.875, 8.375, 9, 8.625], "texture": "#1"},
				"west": {"uv": [8.5, 3.125, 8.875, 3.375], "texture": "#1"},
				"up": {"uv": [8.125, 9, 8, 8.625], "texture": "#1"},
				"down": {"uv": [3.375, 8.75, 3.25, 9.125], "texture": "#1"}
			}
		},
		{
			"from": [-0.275, 5, 18.4],
			"to": [0.975, 8, 20.4],
			"rotation": {"angle": 45, "axis": "x", "origin": [9, 5, 18.4]},
			"faces": {
				"north": {"uv": [8.75, 6.375, 8.875, 6.75], "texture": "#1"},
				"east": {"uv": [3.375, 8.5, 3.625, 8.875], "texture": "#1"},
				"south": {"uv": [8.75, 6.75, 8.875, 7.125], "texture": "#1"},
				"west": {"uv": [8.5, 3.375, 8.75, 3.75], "texture": "#1"},
				"up": {"uv": [9, 8.875, 8.875, 8.625], "texture": "#1"},
				"down": {"uv": [9, 8.875, 8.875, 9.125], "texture": "#1"}
			}
		},
		{
			"from": [-0.25, 2, 18.4],
			"to": [1, 5, 20.4],
			"rotation": {"angle": 0, "axis": "y", "origin": [9, 2, 24.4]},
			"faces": {
				"north": {"uv": [8.375, 8.75, 8.5, 9.125], "texture": "#1"},
				"east": {"uv": [5, 8.5, 5.25, 8.875], "texture": "#1"},
				"south": {"uv": [8.5, 8.75, 8.625, 9.125], "texture": "#1"},
				"west": {"uv": [8.5, 5, 8.75, 5.375], "texture": "#1"},
				"up": {"uv": [1, 9.25, 0.875, 9], "texture": "#1"},
				"down": {"uv": [1.125, 9, 1, 9.25], "texture": "#1"}
			}
		},
		{
			"from": [-0.275, -0.12132, 20.52132],
			"to": [0.975, 2.87868, 22.52132],
			"rotation": {"angle": -45, "axis": "x", "origin": [9, -0.12132, 20.52132]},
			"faces": {
				"north": {"uv": [8.125, 8.75, 8.25, 9.125], "texture": "#1"},
				"east": {"uv": [8.5, 4, 8.75, 4.375], "texture": "#1"},
				"south": {"uv": [8.25, 8.75, 8.375, 9.125], "texture": "#1"},
				"west": {"uv": [8.5, 4.625, 8.75, 5], "texture": "#1"},
				"up": {"uv": [0.75, 9.25, 0.625, 9], "texture": "#1"},
				"down": {"uv": [0.875, 9, 0.75, 9.25], "texture": "#1"}
			}
		},
		{
			"from": [15, -0.12132, 20.52132],
			"to": [16.25, 1.87868, 23.52132],
			"rotation": {"angle": 0, "axis": "y", "origin": [24.25, 1.37868, 20.52132]},
			"faces": {
				"north": {"uv": [2.625, 9, 2.75, 9.25], "texture": "#1"},
				"east": {"uv": [4.5, 8.625, 4.875, 8.875], "texture": "#1"},
				"south": {"uv": [9, 2.625, 9.125, 2.875], "texture": "#1"},
				"west": {"uv": [8.625, 5.375, 9, 5.625], "texture": "#1"},
				"up": {"uv": [2.125, 9.25, 2, 8.875], "texture": "#1"},
				"down": {"uv": [2.25, 8.875, 2.125, 9.25], "texture": "#1"}
			}
		},
		{
			"from": [15.025, 0.93934, 21.96066],
			"to": [16.275, 3.93934, 23.96066],
			"rotation": {"angle": 45, "axis": "x", "origin": [24.3, 0.93934, 22.46066]},
			"faces": {
				"north": {"uv": [2.25, 8.875, 2.375, 9.25], "texture": "#1"},
				"east": {"uv": [2.625, 8.625, 2.875, 9], "texture": "#1"},
				"south": {"uv": [8.875, 2.625, 9, 3], "texture": "#1"},
				"west": {"uv": [4, 8.625, 4.25, 9], "texture": "#1"},
				"up": {"uv": [2.875, 9.25, 2.75, 9], "texture": "#1"},
				"down": {"uv": [3, 9, 2.875, 9.25], "texture": "#1"}
			}
		},
		{
			"from": [15, 2, 23.64264],
			"to": [16.25, 5, 25.64264],
			"rotation": {"angle": 0, "axis": "y", "origin": [24.25, 2, 24.14264]},
			"faces": {
				"north": {"uv": [8.875, 3, 9, 3.375], "texture": "#1"},
				"east": {"uv": [6.5, 8.625, 6.75, 9], "texture": "#1"},
				"south": {"uv": [3.375, 8.875, 3.5, 9.25], "texture": "#1"},
				"west": {"uv": [6.75, 8.625, 7, 9], "texture": "#1"},
				"up": {"uv": [9.125, 3.125, 9, 2.875], "texture": "#1"},
				"down": {"uv": [3.125, 9, 3, 9.25], "texture": "#1"}
			}
		},
		{
			"from": [15.025, 3.43934, 21.58198],
			"to": [16.275, 5.43934, 24.58198],
			"rotation": {"angle": 45, "axis": "x", "origin": [24.3, 3.93934, 24.58198]},
			"faces": {
				"north": {"uv": [3.125, 9, 3.25, 9.25], "texture": "#1"},
				"east": {"uv": [8.625, 5.625, 9, 5.875], "texture": "#1"},
				"south": {"uv": [9, 3.125, 9.125, 3.375], "texture": "#1"},
				"west": {"uv": [7.25, 8.625, 7.625, 8.875], "texture": "#1"},
				"up": {"uv": [3.625, 9.25, 3.5, 8.875], "texture": "#1"},
				"down": {"uv": [4.625, 8.875, 4.5, 9.25], "texture": "#1"}
			}
		},
		{
			"from": [15, 5.12132, 20.52132],
			"to": [16.25, 7.12132, 23.52132],
			"rotation": {"angle": 0, "axis": "y", "origin": [24.25, 7.12132, 20.52132]},
			"faces": {
				"north": {"uv": [3.625, 9, 3.75, 9.25], "texture": "#1"},
				"east": {"uv": [8.625, 7.375, 9, 7.625], "texture": "#1"},
				"south": {"uv": [3.75, 9, 3.875, 9.25], "texture": "#1"},
				"west": {"uv": [7.625, 8.625, 8, 8.875], "texture": "#1"},
				"up": {"uv": [4.75, 9.25, 4.625, 8.875], "texture": "#1"},
				"down": {"uv": [4.875, 8.875, 4.75, 9.25], "texture": "#1"}
			}
		},
		{
			"from": [15.025, 5, 18.4],
			"to": [16.275, 8, 20.4],
			"rotation": {"angle": 45, "axis": "x", "origin": [24.3, 5, 18.4]},
			"faces": {
				"north": {"uv": [5, 8.875, 5.125, 9.25], "texture": "#1"},
				"east": {"uv": [8.625, 7.875, 8.875, 8.25], "texture": "#1"},
				"south": {"uv": [5.125, 8.875, 5.25, 9.25], "texture": "#1"},
				"west": {"uv": [8.625, 8.25, 8.875, 8.625], "texture": "#1"},
				"up": {"uv": [9.125, 4, 9, 3.75], "texture": "#1"},
				"down": {"uv": [4, 9, 3.875, 9.25], "texture": "#1"}
			}
		},
		{
			"from": [15, 2, 18.4],
			"to": [16.25, 5, 20.4],
			"rotation": {"angle": 0, "axis": "y", "origin": [24.25, 2, 24.4]},
			"faces": {
				"north": {"uv": [8.875, 6.375, 9, 6.75], "texture": "#1"},
				"east": {"uv": [8.625, 8.625, 8.875, 9], "texture": "#1"},
				"south": {"uv": [8.875, 6.75, 9, 7.125], "texture": "#1"},
				"west": {"uv": [8.75, 0, 9, 0.375], "texture": "#1"},
				"up": {"uv": [4.125, 9.25, 4, 9], "texture": "#1"},
				"down": {"uv": [4.25, 9, 4.125, 9.25], "texture": "#1"}
			}
		},
		{
			"from": [15.025, -0.12132, 20.52132],
			"to": [16.275, 2.87868, 22.52132],
			"rotation": {"angle": -45, "axis": "x", "origin": [24.3, -0.12132, 20.52132]},
			"faces": {
				"north": {"uv": [7.25, 8.875, 7.375, 9.25], "texture": "#1"},
				"east": {"uv": [1.25, 8.75, 1.5, 9.125], "texture": "#1"},
				"south": {"uv": [7.375, 8.875, 7.5, 9.25], "texture": "#1"},
				"west": {"uv": [8.75, 1.25, 9, 1.625], "texture": "#1"},
				"up": {"uv": [9.125, 5, 9, 4.75], "texture": "#1"},
				"down": {"uv": [5, 9, 4.875, 9.25], "texture": "#1"}
			}
		},
		{
			"from": [11, 5.75, 27.5],
			"to": [12, 7.75, 29],
			"faces": {
				"north": {"uv": [5.5, 9, 5.625, 9.25], "texture": "#1"},
				"east": {"uv": [8.75, 6.125, 9, 6.375], "texture": "#1"},
				"south": {"uv": [5.625, 9, 5.75, 9.25], "texture": "#1"},
				"west": {"uv": [6.25, 8.75, 6.5, 9], "texture": "#1"},
				"up": {"uv": [9.125, 5.875, 9, 5.625], "texture": "#1"},
				"down": {"uv": [5.875, 9, 5.75, 9.25], "texture": "#1"}
			}
		},
		{
			"from": [4, 5.75, 27.5],
			"to": [5, 7.75, 29],
			"faces": {
				"north": {"uv": [9, 5, 9.125, 5.25], "texture": "#1"},
				"east": {"uv": [5.75, 8.75, 6, 9], "texture": "#1"},
				"south": {"uv": [5.25, 9, 5.375, 9.25], "texture": "#1"},
				"west": {"uv": [8.75, 5.875, 9, 6.125], "texture": "#1"},
				"up": {"uv": [5.5, 9.25, 5.375, 9], "texture": "#1"},
				"down": {"uv": [9.125, 5.375, 9, 5.625], "texture": "#1"}
			}
		},
		{
			"from": [3.75, 6.25, 28],
			"to": [12.25, 7.25, 28.75],
			"faces": {
				"north": {"uv": [8, 1.625, 9.125, 1.75], "texture": "#1"},
				"east": {"uv": [7.375, 3, 7.5, 3.125], "texture": "#1"},
				"south": {"uv": [8, 7.75, 9.125, 7.875], "texture": "#1"},
				"west": {"uv": [0.875, 8.25, 1, 8.375], "texture": "#1"},
				"up": {"uv": [9.25, 4.5, 8.125, 4.375], "texture": "#1"},
				"down": {"uv": [9.25, 4.5, 8.125, 4.625], "texture": "#1"}
			}
		},
		{
			"from": [1.65, 6.15, 27.9],
			"to": [3.75, 7.35, 28.85],
			"faces": {
				"north": {"uv": [9, 0.25, 9.25, 0.375], "texture": "#1"},
				"east": {"uv": [5.625, 5.75, 5.75, 5.875], "texture": "#1"},
				"south": {"uv": [9, 1.5, 9.25, 1.625], "texture": "#1"},
				"west": {"uv": [6.875, 4.75, 7, 4.875], "texture": "#1"},
				"up": {"uv": [9.25, 2.375, 9, 2.25], "texture": "#1"},
				"down": {"uv": [9.25, 5.875, 9, 6], "texture": "#1"}
			}
		},
		{
			"from": [12.25, 6.15, 27.9],
			"to": [14.35, 7.35, 28.85],
			"faces": {
				"north": {"uv": [8.625, 9, 8.875, 9.125], "texture": "#1"},
				"east": {"uv": [9.125, 1.75, 9.25, 1.875], "texture": "#1"},
				"south": {"uv": [9, 8.625, 9.25, 8.75], "texture": "#1"},
				"west": {"uv": [9.125, 1.875, 9.25, 2], "texture": "#1"},
				"up": {"uv": [9.25, 8.875, 9, 8.75], "texture": "#1"},
				"down": {"uv": [9.25, 8.875, 9, 9], "texture": "#1"}
			}
		},
		{
			"from": [0.26109, 7.53597, 27.9],
			"to": [1.86109, 8.23597, 28.85],
			"rotation": {"angle": 0, "axis": "y", "origin": [-1.88891, 0.88597, -0.1]},
			"faces": {
				"north": {"uv": [6.75, 9, 7, 9.125], "texture": "#1"},
				"east": {"uv": [9.125, 1.25, 9.25, 1.375], "texture": "#1"},
				"south": {"uv": [9, 6.75, 9.25, 6.875], "texture": "#1"},
				"west": {"uv": [1.375, 9.125, 1.5, 9.25], "texture": "#1"},
				"up": {"uv": [9.25, 7, 9, 6.875], "texture": "#1"},
				"down": {"uv": [9.25, 7, 9, 7.125], "texture": "#1"}
			}
		},
		{
			"from": [0.26109, 5.26403, 27.9],
			"to": [1.86109, 5.96403, 28.85],
			"rotation": {"angle": 0, "axis": "y", "origin": [-1.88891, -0.88597, -0.1]},
			"faces": {
				"north": {"uv": [9, 7.125, 9.25, 7.25], "texture": "#1"},
				"east": {"uv": [9.125, 1.375, 9.25, 1.5], "texture": "#1"},
				"south": {"uv": [9, 7.25, 9.25, 7.375], "texture": "#1"},
				"west": {"uv": [1.5, 9.125, 1.625, 9.25], "texture": "#1"},
				"up": {"uv": [9.25, 7.5, 9, 7.375], "texture": "#1"},
				"down": {"uv": [9.25, 7.5, 9, 7.625], "texture": "#1"}
			}
		},
		{
			"from": [0.36109, 5.96403, 28.1],
			"to": [0.96109, 7.53903, 28.65],
			"rotation": {"angle": 0, "axis": "y", "origin": [-1.88891, -0.88597, -0.1]},
			"faces": {
				"north": {"uv": [5.875, 9, 6, 9.25], "texture": "#1"},
				"east": {"uv": [8, 9, 8.125, 9.25], "texture": "#1"},
				"south": {"uv": [9, 8.125, 9.125, 8.375], "texture": "#1"},
				"west": {"uv": [9, 8.375, 9.125, 8.625], "texture": "#1"},
				"up": {"uv": [1.75, 9.25, 1.625, 9.125], "texture": "#1"},
				"down": {"uv": [9.25, 1.625, 9.125, 1.75], "texture": "#1"}
			}
		},
		{
			"from": [-2.75036, 10.85294, 28],
			"to": [-1.00036, 11.80294, 28.75],
			"rotation": {"angle": -45, "axis": "z", "origin": [-4.75036, 4.45294, 0]},
			"faces": {
				"north": {"uv": [9, 6, 9.25, 6.125], "texture": "#1"},
				"east": {"uv": [5.875, 8.625, 6, 8.75], "texture": "#1"},
				"south": {"uv": [9, 6.125, 9.25, 6.25], "texture": "#1"},
				"west": {"uv": [9.125, 0.125, 9.25, 0.25], "texture": "#1"},
				"up": {"uv": [6.5, 9.125, 6.25, 9], "texture": "#1"},
				"down": {"uv": [9.25, 6.25, 9, 6.375], "texture": "#1"}
			}
		},
		{
			"from": [6.79558, 5.65111, 28],
			"to": [8.54558, 6.60111, 28.75],
			"rotation": {"angle": 45, "axis": "z", "origin": [4.79558, -0.49889, 0]},
			"faces": {
				"north": {"uv": [9, 6.375, 9.25, 6.5], "texture": "#1"},
				"east": {"uv": [9.125, 1.125, 9.25, 1.25], "texture": "#1"},
				"south": {"uv": [6.5, 9, 6.75, 9.125], "texture": "#1"},
				"west": {"uv": [1.25, 9.125, 1.375, 9.25], "texture": "#1"},
				"up": {"uv": [9.25, 6.625, 9, 6.5], "texture": "#1"},
				"down": {"uv": [9.25, 6.625, 9, 6.75], "texture": "#1"}
			}
		},
		{
			"from": [10.24964, 10.65294, 28.15],
			"to": [11.19964, 11.80294, 28.6],
			"rotation": {"angle": -45, "axis": "z", "origin": [8.24964, 4.45294, 0]},
			"faces": {
				"north": {"uv": [9.125, 3, 9.25, 3.125], "texture": "#1"},
				"east": {"uv": [9.125, 3.125, 9.25, 3.25], "texture": "#1"},
				"south": {"uv": [3.25, 9.125, 3.375, 9.25], "texture": "#1"},
				"west": {"uv": [9.125, 3.25, 9.25, 3.375], "texture": "#1"},
				"up": {"uv": [9.25, 3.5, 9.125, 3.375], "texture": "#1"},
				"down": {"uv": [9.25, 3.5, 9.125, 3.625], "texture": "#1"}
			}
		},
		{
			"from": [11.19964, 10.65294, 28.15],
			"to": [12.34964, 11.80294, 28.6],
			"rotation": {"angle": -45, "axis": "z", "origin": [8.24964, 4.45294, 0]},
			"faces": {
				"north": {"uv": [9.125, 3.75, 9.25, 3.875], "texture": "#1"},
				"east": {"uv": [9.125, 3.875, 9.25, 4], "texture": "#1"},
				"south": {"uv": [9.125, 4, 9.25, 4.125], "texture": "#1"},
				"west": {"uv": [9.125, 4.125, 9.25, 4.25], "texture": "#1"},
				"up": {"uv": [9.25, 4.875, 9.125, 4.75], "texture": "#1"},
				"down": {"uv": [9.25, 4.875, 9.125, 5], "texture": "#1"}
			}
		},
		{
			"from": [12.48609, 5.26403, 28.125],
			"to": [14.86109, 8.23903, 28.575],
			"rotation": {"angle": 0, "axis": "y", "origin": [11.11109, -0.88597, -0.1]},
			"faces": {
				"north": {"uv": [1.5, 8.75, 1.75, 9.125], "texture": "#1"},
				"east": {"uv": [7.5, 8.875, 7.625, 9.25], "texture": "#1"},
				"south": {"uv": [8.75, 2, 9, 2.375], "texture": "#1"},
				"west": {"uv": [7.625, 8.875, 7.75, 9.25], "texture": "#1"},
				"up": {"uv": [9.25, 9.125, 9, 9], "texture": "#1"},
				"down": {"uv": [9.375, 0, 9.125, 0.125], "texture": "#1"}
			}
		},
		{
			"from": [19.79558, 5.65111, 28.15],
			"to": [20.74558, 6.80111, 28.6],
			"rotation": {"angle": 45, "axis": "z", "origin": [17.79558, -0.49889, 0]},
			"faces": {
				"north": {"uv": [9.125, 2, 9.25, 2.125], "texture": "#1"},
				"east": {"uv": [9.125, 2.125, 9.25, 2.25], "texture": "#1"},
				"south": {"uv": [9.125, 2.5, 9.25, 2.625], "texture": "#1"},
				"west": {"uv": [9.125, 2.625, 9.25, 2.75], "texture": "#1"},
				"up": {"uv": [9.25, 2.875, 9.125, 2.75], "texture": "#1"},
				"down": {"uv": [9.25, 2.875, 9.125, 3], "texture": "#1"}
			}
		},
		{
			"from": [5, 6, 2],
			"to": [11, 9, 5],
			"faces": {
				"north": {"uv": [7, 2.625, 7.75, 3], "texture": "#1"},
				"east": {"uv": [8.125, 4.625, 8.5, 5], "texture": "#1"},
				"south": {"uv": [7, 4.75, 7.75, 5.125], "texture": "#1"},
				"west": {"uv": [8.125, 5, 8.5, 5.375], "texture": "#1"},
				"up": {"uv": [7.75, 5.5, 7, 5.125], "texture": "#1"},
				"down": {"uv": [7.75, 5.5, 7, 5.875], "texture": "#1"}
			}
		},
		{
			"from": [6.5, 9, 3],
			"to": [9.5, 9.5, 4],
			"faces": {
				"north": {"uv": [7, 3, 7.375, 3.125], "texture": "#1"},
				"east": {"uv": [9.125, 5, 9.25, 5.125], "texture": "#1"},
				"south": {"uv": [8.375, 1.5, 8.75, 1.625], "texture": "#1"},
				"west": {"uv": [9.125, 5.125, 9.25, 5.25], "texture": "#1"},
				"up": {"uv": [9.125, 5.375, 8.75, 5.25], "texture": "#1"},
				"down": {"uv": [9.25, 1, 8.875, 1.125], "texture": "#1"}
			}
		},
		{
			"from": [6.275, -0.75, -4],
			"to": [9.725, 4.25, 26],
			"rotation": {"angle": 0, "axis": "y", "origin": [0, 0, 7]},
			"faces": {
				"north": {"uv": [2.875, 7.625, 3.25, 8.25], "texture": "#1"},
				"east": {"uv": [0, 0, 3.75, 0.625], "texture": "#1"},
				"south": {"uv": [3.25, 7.625, 3.625, 8.25], "texture": "#1"},
				"west": {"uv": [0, 0.625, 3.75, 1.25], "texture": "#1"},
				"up": {"uv": [2.875, 5.625, 2.5, 1.875], "texture": "#1"},
				"down": {"uv": [3.25, 1.875, 2.875, 5.625], "texture": "#1"}
			}
		},
		{
			"from": [7.25, -2.2, -1.8],
			"to": [8.75, -0.75, 25],
			"rotation": {"angle": 0, "axis": "y", "origin": [0, 0, 7]},
			"faces": {
				"north": {"uv": [7, 7.25, 7.25, 7.375], "texture": "#1"},
				"east": {"uv": [5.5, 1, 8.875, 1.125], "texture": "#1"},
				"south": {"uv": [8.875, 1.125, 9.125, 1.25], "texture": "#1"},
				"west": {"uv": [5.5, 1.125, 8.875, 1.25], "texture": "#1"},
				"up": {"uv": [4.25, 7.25, 4, 3.875], "texture": "#1"},
				"down": {"uv": [4.5, 3.875, 4.25, 7.25], "texture": "#1"}
			}
		},
		{
			"from": [3, 1.5, 24.525],
			"to": [6, 4.5, 26.75],
			"rotation": {"angle": 0, "axis": "y", "origin": [0, 0, 7]},
			"faces": {
				"north": {"uv": [8.125, 3.625, 8.5, 4], "texture": "#1"},
				"east": {"uv": [6.75, 8.25, 7, 8.625], "texture": "#1"},
				"south": {"uv": [8.125, 4, 8.5, 4.375], "texture": "#1"},
				"west": {"uv": [1.25, 8.375, 1.5, 8.75], "texture": "#1"},
				"up": {"uv": [8.75, 1.5, 8.375, 1.25], "texture": "#1"},
				"down": {"uv": [8.75, 6.375, 8.375, 6.625], "texture": "#1"}
			}
		},
		{
			"from": [10, 1.5, 24.525],
			"to": [13, 4.5, 26.75],
			"rotation": {"angle": 0, "axis": "y", "origin": [0, 0, 7]},
			"faces": {
				"north": {"uv": [8, 1.25, 8.375, 1.625], "texture": "#1"},
				"east": {"uv": [1, 7.375, 1.25, 7.75], "texture": "#1"},
				"south": {"uv": [8, 7.375, 8.375, 7.75], "texture": "#1"},
				"west": {"uv": [6.5, 8.25, 6.75, 8.625], "texture": "#1"},
				"up": {"uv": [0.875, 8.625, 0.5, 8.375], "texture": "#1"},
				"down": {"uv": [1.25, 8.375, 0.875, 8.625], "texture": "#1"}
			}
		},
		{
			"from": [3, 4.5, 25.275],
			"to": [6, 8.1, 27.5],
			"rotation": {"angle": 0, "axis": "y", "origin": [0, 0, 7]},
			"faces": {
				"north": {"uv": [7.875, 5.875, 8.25, 6.375], "texture": "#1"},
				"east": {"uv": [5.625, 8.25, 5.875, 8.75], "texture": "#1"},
				"south": {"uv": [7, 7.875, 7.375, 8.375], "texture": "#1"},
				"west": {"uv": [6.25, 8.25, 6.5, 8.75], "texture": "#1"},
				"up": {"uv": [8.875, 2, 8.5, 1.75], "texture": "#1"},
				"down": {"uv": [8.875, 2.625, 8.5, 2.875], "texture": "#1"}
			}
		},
		{
			"from": [6, 4, 25.275],
			"to": [10, 7.675, 27.5],
			"rotation": {"angle": 0, "axis": "y", "origin": [0, 0, 7]},
			"faces": {
				"north": {"uv": [7.5, 1.25, 8, 1.75], "texture": "#1"},
				"east": {"uv": [3.125, 8.25, 3.375, 8.75], "texture": "#1"},
				"south": {"uv": [7.5, 3, 8, 3.5], "texture": "#1"},
				"west": {"uv": [8.25, 3.125, 8.5, 3.625], "texture": "#1"},
				"up": {"uv": [8.75, 2.5, 8.25, 2.25], "texture": "#1"},
				"down": {"uv": [3.875, 8.25, 3.375, 8.5], "texture": "#1"}
			}
		},
		{
			"from": [7.25, -1.5, 25],
			"to": [8.75, 8.1, 28.25],
			"rotation": {"angle": 0, "axis": "y", "origin": [0, 0, 7]},
			"faces": {
				"north": {"uv": [0.75, 6.625, 1, 7.875], "texture": "#1"},
				"east": {"uv": [2.875, 5.625, 3.25, 6.875], "texture": "#1"},
				"south": {"uv": [4.5, 6.75, 4.75, 8], "texture": "#1"},
				"west": {"uv": [5.875, 1.875, 6.25, 3.125], "texture": "#1"},
				"up": {"uv": [0.5, 8.875, 0.25, 8.5], "texture": "#1"},
				"down": {"uv": [2, 8.5, 1.75, 8.875], "texture": "#1"}
			}
		},
		{
			"from": [10, 4.5, 25.275],
			"to": [13, 8.1, 27.5],
			"rotation": {"angle": 0, "axis": "y", "origin": [0, 0, 7]},
			"faces": {
				"north": {"uv": [7.75, 5.375, 8.125, 5.875], "texture": "#1"},
				"east": {"uv": [8.25, 2.625, 8.5, 3.125], "texture": "#1"},
				"south": {"uv": [6.25, 7.75, 6.625, 8.25], "texture": "#1"},
				"west": {"uv": [2.875, 8.25, 3.125, 8.75], "texture": "#1"},
				"up": {"uv": [8.75, 6.875, 8.375, 6.625], "texture": "#1"},
				"down": {"uv": [8.75, 6.875, 8.375, 7.125], "texture": "#1"}
			}
		},
		{
			"from": [6, 1, 24.525],
			"to": [10, 4.5, 26.75],
			"rotation": {"angle": 0, "axis": "y", "origin": [0, 0, 7]},
			"faces": {
				"north": {"uv": [2, 7.25, 2.5, 7.75], "texture": "#1"},
				"east": {"uv": [5, 8, 5.25, 8.5], "texture": "#1"},
				"south": {"uv": [4, 7.25, 4.5, 7.75], "texture": "#1"},
				"west": {"uv": [2.5, 8.125, 2.75, 8.625], "texture": "#1"},
				"up": {"uv": [8.625, 5.625, 8.125, 5.375], "texture": "#1"},
				"down": {"uv": [8.625, 5.625, 8.125, 5.875], "texture": "#1"}
			}
		},
		{
			"from": [9.725, -0.25, 6],
			"to": [13, 4.25, 26],
			"rotation": {"angle": 0, "axis": "y", "origin": [0, 0, 7]},
			"faces": {
				"north": {"uv": [3.625, 7.625, 4, 8.25], "texture": "#1"},
				"east": {"uv": [0, 1.25, 2.5, 1.875], "texture": "#1"},
				"south": {"uv": [5.625, 7.625, 6, 8.25], "texture": "#1"},
				"west": {"uv": [0, 1.875, 2.5, 2.5], "texture": "#1"},
				"up": {"uv": [2.125, 5.625, 1.75, 3.125], "texture": "#1"},
				"down": {"uv": [2.5, 3.125, 2.125, 5.625], "texture": "#1"}
			}
		},
		{
			"from": [3, -0.25, 6],
			"to": [6.3, 4.25, 26],
			"rotation": {"angle": 0, "axis": "y", "origin": [0, 0, 7]},
			"faces": {
				"north": {"uv": [1, 7.75, 1.375, 8.375], "texture": "#1"},
				"east": {"uv": [0, 2.5, 2.5, 3.125], "texture": "#1"},
				"south": {"uv": [1.375, 7.75, 1.75, 8.375], "texture": "#1"},
				"west": {"uv": [2.5, 1.25, 5, 1.875], "texture": "#1"},
				"up": {"uv": [3.625, 6.375, 3.25, 3.875], "texture": "#1"},
				"down": {"uv": [4, 3.875, 3.625, 6.375], "texture": "#1"}
			}
		},
		{
			"from": [1, 2.5, 6],
			"to": [3, 6.2, 26.75],
			"rotation": {"angle": 0, "axis": "y", "origin": [0, 0, 7]},
			"faces": {
				"north": {"uv": [8.125, 6.625, 8.375, 7.125], "texture": "#1"},
				"east": {"uv": [3.25, 1.875, 5.875, 2.375], "texture": "#1"},
				"south": {"uv": [7.375, 8.125, 7.625, 8.625], "texture": "#1"},
				"west": {"uv": [3.25, 2.375, 5.875, 2.875], "texture": "#1"},
				"up": {"uv": [1.5, 7, 1.25, 4.375], "texture": "#1"},
				"down": {"uv": [1.75, 4.375, 1.5, 7], "texture": "#1"}
			}
		},
		{
			"from": [13, 6.2, 17.275],
			"to": [15, 8.1, 27.5],
			"rotation": {"angle": 0, "axis": "y", "origin": [0, 0, 7]},
			"faces": {
				"north": {"uv": [5.25, 8.75, 5.5, 9], "texture": "#1"},
				"east": {"uv": [6.875, 3.875, 8.125, 4.125], "texture": "#1"},
				"south": {"uv": [5.5, 8.75, 5.75, 9], "texture": "#1"},
				"west": {"uv": [6.875, 4.125, 8.125, 4.375], "texture": "#1"},
				"up": {"uv": [4, 7.625, 3.75, 6.375], "texture": "#1"},
				"down": {"uv": [0.75, 6.625, 0.5, 7.875], "texture": "#1"}
			}
		},
		{
			"from": [1, 6.2, 17.275],
			"to": [3, 8.1, 27.5],
			"rotation": {"angle": 0, "axis": "y", "origin": [0, 0, 7]},
			"faces": {
				"north": {"uv": [8.75, 4.75, 9, 5], "texture": "#1"},
				"east": {"uv": [6.625, 2, 7.875, 2.25], "texture": "#1"},
				"south": {"uv": [8.75, 5, 9, 5.25], "texture": "#1"},
				"west": {"uv": [6.5, 6.625, 7.75, 6.875], "texture": "#1"},
				"up": {"uv": [3.5, 7.625, 3.25, 6.375], "texture": "#1"},
				"down": {"uv": [3.75, 6.375, 3.5, 7.625], "texture": "#1"}
			}
		},
		{
			"from": [0.51753, 2.5, -8.37445],
			"to": [2.51753, 7.95, 5.62555],
			"rotation": {"angle": -22.5, "axis": "y", "origin": [-0.18247, 0, 7.02555]},
			"faces": {
				"north": {"uv": [1.75, 7.875, 2, 8.5], "texture": "#1"},
				"east": {"uv": [0, 3.125, 1.75, 3.75], "texture": "#1"},
				"south": {"uv": [8, 3, 8.25, 3.625], "texture": "#1"},
				"west": {"uv": [0, 3.75, 1.75, 4.375], "texture": "#1"},
				"up": {"uv": [1.25, 7.375, 1, 5.625], "texture": "#1"},
				"down": {"uv": [5.875, 5.875, 5.625, 7.625], "texture": "#1"}
			}
		},
		{
			"from": [0.01753, 6.5, -1.37445],
			"to": [3.01753, 8.45, 4.62555],
			"rotation": {"angle": -22.5, "axis": "y", "origin": [-0.18247, 0, 7.02555]},
			"faces": {
				"north": {"uv": [3.625, 8.75, 4, 9], "texture": "#1"},
				"east": {"uv": [8, 0, 8.75, 0.25], "texture": "#1"},
				"south": {"uv": [8.75, 4, 9.125, 4.25], "texture": "#1"},
				"west": {"uv": [8, 0.25, 8.75, 0.5], "texture": "#1"},
				"up": {"uv": [1.625, 7.75, 1.25, 7], "texture": "#1"},
				"down": {"uv": [6.5, 7, 6.125, 7.75], "texture": "#1"}
			}
		},
		{
			"from": [6.25, 6.2, -13],
			"to": [9.75, 8.15, -5],
			"rotation": {"angle": 0, "axis": "y", "origin": [0, 3.7, 7]},
			"faces": {
				"north": {"uv": [8.25, 5.875, 8.75, 6.125], "texture": "#1"},
				"east": {"uv": [7.375, 6.375, 8.375, 6.625], "texture": "#1"},
				"south": {"uv": [8.25, 6.125, 8.75, 6.375], "texture": "#1"},
				"west": {"uv": [7.5, 1.75, 8.5, 2], "texture": "#1"},
				"up": {"uv": [1, 6.625, 0.5, 5.625], "texture": "#1"},
				"down": {"uv": [6.25, 4.875, 5.75, 5.875], "texture": "#1"}
			}
		},
		{
			"from": [7, -2.10738, -12],
			"to": [9, 0.59262, -4.66332],
			"rotation": {"angle": 22.5, "axis": "x", "origin": [0, 3.39262, 6.53668]},
			"faces": {
				"north": {"uv": [1.5, 8.375, 1.75, 8.75], "texture": "#1"},
				"east": {"uv": [6.5, 5.875, 7.375, 6.25], "texture": "#1"},
				"south": {"uv": [7, 8.375, 7.25, 8.75], "texture": "#1"},
				"west": {"uv": [6.5, 6.25, 7.375, 6.625], "texture": "#1"},
				"up": {"uv": [2.75, 8.125, 2.5, 7.25], "texture": "#1"},
				"down": {"uv": [2.25, 7.75, 2, 8.625], "texture": "#1"}
			}
		},
		{
			"from": [7.35, -4.90609, -5.22305],
			"to": [8.65, -2.20609, 1.11364],
			"rotation": {"angle": 22.5, "axis": "x", "origin": [0, 3.39391, 6.51364]},
			"faces": {
				"north": {"uv": [7.625, 4.375, 7.75, 4.75], "texture": "#1"},
				"east": {"uv": [6.875, 4.375, 7.625, 4.75], "texture": "#1"},
				"south": {"uv": [0.875, 7.875, 1, 8.25], "texture": "#1"},
				"west": {"uv": [6.5, 6.875, 7.25, 7.25], "texture": "#1"},
				"up": {"uv": [5.25, 7.5, 5.125, 6.75], "texture": "#1"},
				"down": {"uv": [1.75, 7, 1.625, 7.75], "texture": "#1"}
			}
		},
		{
			"from": [7.25, -8.53519, -8.1126],
			"to": [8.75, -5.83519, -0.77592],
			"rotation": {"angle": 45, "axis": "x", "origin": [0, 3.96481, 6.42408]},
			"faces": {
				"north": {"uv": [8.375, 7.375, 8.625, 7.75], "texture": "#1"},
				"east": {"uv": [6.625, 1.25, 7.5, 1.625], "texture": "#1"},
				"south": {"uv": [8.125, 8.375, 8.375, 8.75], "texture": "#1"},
				"west": {"uv": [6.625, 1.625, 7.5, 2], "texture": "#1"},
				"up": {"uv": [2.5, 8.625, 2.25, 7.75], "texture": "#1"},
				"down": {"uv": [4.25, 7.75, 4, 8.625], "texture": "#1"}
			}
		},
		{
			"from": [7.35995, 0.8, -6.55443],
			"to": [8.35995, 2.5, 6.44557],
			"rotation": {"angle": 22.5, "axis": "y", "origin": [10.05995, -3.7, -7.95443]},
			"faces": {
				"north": {"uv": [7.25, 8.375, 7.375, 8.625], "texture": "#1"},
				"east": {"uv": [5.875, 3.625, 7.5, 3.875], "texture": "#1"},
				"south": {"uv": [8.875, 1.75, 9, 2], "texture": "#1"},
				"west": {"uv": [6.25, 2.375, 7.875, 2.625], "texture": "#1"},
				"up": {"uv": [4.5, 9.375, 4.375, 7.75], "texture": "#1"},
				"down": {"uv": [6.25, 7.75, 6.125, 9.375], "texture": "#1"}
			}
		},
		{
			"from": [4.35995, -0.25, -2.55443],
			"to": [7.35995, 4.15, 6.44557],
			"rotation": {"angle": 22.5, "axis": "y", "origin": [9.05995, -4.75, -7.95443]},
			"faces": {
				"north": {"uv": [6.625, 7.75, 7, 8.25], "texture": "#1"},
				"east": {"uv": [1.75, 5.625, 2.875, 6.125], "texture": "#1"},
				"south": {"uv": [7.75, 6.625, 8.125, 7.125], "texture": "#1"},
				"west": {"uv": [5.75, 3.875, 6.875, 4.375], "texture": "#1"},
				"up": {"uv": [2.375, 7.25, 2, 6.125], "texture": "#1"},
				"down": {"uv": [2.75, 6.125, 2.375, 7.25], "texture": "#1"}
			}
		},
		{
			"from": [1.59365, 0.8, -7.75713],
			"to": [2.59365, 2.5, 5.24287],
			"rotation": {"angle": -22.5, "axis": "y", "origin": [-0.10635, -3.7, 6.64287]},
			"faces": {
				"north": {"uv": [8, 3.625, 8.125, 3.875], "texture": "#1"},
				"east": {"uv": [5.875, 3.125, 7.5, 3.375], "texture": "#1"},
				"south": {"uv": [3.875, 8.25, 4, 8.5], "texture": "#1"},
				"west": {"uv": [5.875, 3.375, 7.5, 3.625], "texture": "#1"},
				"up": {"uv": [6.125, 9.25, 6, 7.625], "texture": "#1"},
				"down": {"uv": [4.375, 7.75, 4.25, 9.375], "texture": "#1"}
			}
		},
		{
			"from": [2.59365, -0.25, -3.75713],
			"to": [5.59365, 4.15, 5.24287],
			"rotation": {"angle": -22.5, "axis": "y", "origin": [0.89365, -4.75, 6.64287]},
			"faces": {
				"north": {"uv": [0.5, 7.875, 0.875, 8.375], "texture": "#1"},
				"east": {"uv": [5.75, 4.375, 6.875, 4.875], "texture": "#1"},
				"south": {"uv": [7.875, 2, 8.25, 2.5], "texture": "#1"},
				"west": {"uv": [4.5, 5.75, 5.625, 6.25], "texture": "#1"},
				"up": {"uv": [6.5, 7, 6.125, 5.875], "texture": "#1"},
				"down": {"uv": [6.625, 1.25, 6.25, 2.375], "texture": "#1"}
			}
		},
		{
			"from": [7.43607, 2.5, -7.17174],
			"to": [9.43607, 7.95, 6.82826],
			"rotation": {"angle": 22.5, "axis": "y", "origin": [10.13607, 0, -7.57174]},
			"faces": {
				"north": {"uv": [4.5, 8, 4.75, 8.625], "texture": "#1"},
				"east": {"uv": [3.75, 0, 5.5, 0.625], "texture": "#1"},
				"south": {"uv": [4.75, 8, 5, 8.625], "texture": "#1"},
				"west": {"uv": [3.75, 0.625, 5.5, 1.25], "texture": "#1"},
				"up": {"uv": [6.125, 7.625, 5.875, 5.875], "texture": "#1"},
				"down": {"uv": [2, 6.125, 1.75, 7.875], "texture": "#1"}
			}
		},
		{
			"from": [6.93607, 6.5, -0.17174],
			"to": [9.93607, 8.45, 5.82826],
			"rotation": {"angle": 22.5, "axis": "y", "origin": [10.13607, 0, -7.57174]},
			"faces": {
				"north": {"uv": [2.875, 8.75, 3.25, 9], "texture": "#1"},
				"east": {"uv": [7.75, 7.125, 8.5, 7.375], "texture": "#1"},
				"south": {"uv": [8.75, 3.375, 9.125, 3.625], "texture": "#1"},
				"west": {"uv": [7.375, 7.875, 8.125, 8.125], "texture": "#1"},
				"up": {"uv": [5.125, 7.5, 4.75, 6.75], "texture": "#1"},
				"down": {"uv": [3.25, 6.875, 2.875, 7.625], "texture": "#1"}
			}
		},
		{
			"from": [13, 2.5, 6],
			"to": [15, 6.2, 26.75],
			"rotation": {"angle": 0, "axis": "y", "origin": [0, 0, 7]},
			"faces": {
				"north": {"uv": [7.625, 8.125, 7.875, 8.625], "texture": "#1"},
				"east": {"uv": [3.25, 2.875, 5.875, 3.375], "texture": "#1"},
				"south": {"uv": [7.875, 8.125, 8.125, 8.625], "texture": "#1"},
				"west": {"uv": [3.25, 3.375, 5.875, 3.875], "texture": "#1"},
				"up": {"uv": [0.25, 8.25, 0, 5.625], "texture": "#1"},
				"down": {"uv": [0.5, 5.625, 0.25, 8.25], "texture": "#1"}
			}
		},
		{
			"from": [3, 4.5, 11.5],
			"to": [13, 5.95, 16.5],
			"rotation": {"angle": 0, "axis": "y", "origin": [0, 0, 7]},
			"faces": {
				"north": {"uv": [8, 0.5, 9.25, 0.625], "texture": "#1"},
				"east": {"uv": [8.75, 2.375, 9.375, 2.5], "texture": "#1"},
				"south": {"uv": [8, 0.625, 9.25, 0.75], "texture": "#1"},
				"west": {"uv": [8.75, 3.625, 9.375, 3.75], "texture": "#1"},
				"up": {"uv": [5.75, 5.125, 4.5, 4.5], "texture": "#1"},
				"down": {"uv": [1.25, 5, 0, 5.625], "texture": "#1"}
			}
		},
		{
			"from": [3, 4.5, 2],
			"to": [13, 5.95, 7],
			"rotation": {"angle": 0, "axis": "y", "origin": [0, 0, 7]},
			"faces": {
				"north": {"uv": [8, 0.75, 9.25, 0.875], "texture": "#1"},
				"east": {"uv": [8.75, 4.25, 9.375, 4.375], "texture": "#1"},
				"south": {"uv": [8, 0.875, 9.25, 1], "texture": "#1"},
				"west": {"uv": [8.75, 4.625, 9.375, 4.75], "texture": "#1"},
				"up": {"uv": [6.25, 1.875, 5, 1.25], "texture": "#1"},
				"down": {"uv": [5.75, 5.125, 4.5, 5.75], "texture": "#1"}
			}
		},
		{
			"from": [5.25, 4, -4],
			"to": [10.75, 7.85, 0],
			"rotation": {"angle": 0, "axis": "y", "origin": [0, 0, 7]},
			"faces": {
				"north": {"uv": [6.25, 2.625, 7, 3.125], "texture": "#1"},
				"east": {"uv": [4.75, 7.5, 5.25, 8], "texture": "#1"},
				"south": {"uv": [4.5, 6.25, 5.25, 6.75], "texture": "#1"},
				"west": {"uv": [7.5, 7.375, 8, 7.875], "texture": "#1"},
				"up": {"uv": [7, 5.375, 6.25, 4.875], "texture": "#1"},
				"down": {"uv": [7, 5.375, 6.25, 5.875], "texture": "#1"}
			}
		},
		{
			"from": [7.25, 4.5, -5.1],
			"to": [8.75, 7.85, -4],
			"rotation": {"angle": 0, "axis": "y", "origin": [0, 0, 7]},
			"faces": {
				"north": {"uv": [8.375, 8.375, 8.625, 8.75], "texture": "#1"},
				"east": {"uv": [5.875, 8.25, 6, 8.625], "texture": "#1"},
				"south": {"uv": [0, 8.5, 0.25, 8.875], "texture": "#1"},
				"west": {"uv": [4.875, 8.625, 5, 9], "texture": "#1"},
				"up": {"uv": [9.125, 8, 8.875, 7.875], "texture": "#1"},
				"down": {"uv": [9.125, 8, 8.875, 8.125], "texture": "#1"}
			}
		},
		{
			"from": [3, 4.5, 20.275],
			"to": [13, 5.95, 25.275],
			"rotation": {"angle": 0, "axis": "y", "origin": [0, 0, 7]},
			"faces": {
				"north": {"uv": [6.625, 2.25, 7.875, 2.375], "texture": "#1"},
				"east": {"uv": [8.625, 7.625, 9.25, 7.75], "texture": "#1"},
				"south": {"uv": [7.875, 2.5, 9.125, 2.625], "texture": "#1"},
				"west": {"uv": [8.75, 0.375, 9.375, 0.5], "texture": "#1"},
				"up": {"uv": [1.25, 5, 0, 4.375], "texture": "#1"},
				"down": {"uv": [5.75, 3.875, 4.5, 4.5], "texture": "#1"}
			}
		},
		{
			"from": [2, 0.8, 6],
			"to": [3, 2.5, 26],
			"rotation": {"angle": 0, "axis": "y", "origin": [0, 0, 7]},
			"faces": {
				"north": {"uv": [7.75, 8.875, 7.875, 9.125], "texture": "#1"},
				"east": {"uv": [5.5, 0.5, 8, 0.75], "texture": "#1"},
				"south": {"uv": [7.875, 8.875, 8, 9.125], "texture": "#1"},
				"west": {"uv": [5.5, 0.75, 8, 1], "texture": "#1"},
				"up": {"uv": [5.5, 8.75, 5.375, 6.25], "texture": "#1"},
				"down": {"uv": [5.625, 6.25, 5.5, 8.75], "texture": "#1"}
			}
		},
		{
			"from": [13, 0.8, 6],
			"to": [14, 2.5, 26],
			"rotation": {"angle": 0, "axis": "y", "origin": [0, 0, 7]},
			"faces": {
				"north": {"uv": [8.875, 3.75, 9, 4], "texture": "#1"},
				"east": {"uv": [5.5, 0, 8, 0.25], "texture": "#1"},
				"south": {"uv": [8.875, 7.125, 9, 7.375], "texture": "#1"},
				"west": {"uv": [5.5, 0.25, 8, 0.5], "texture": "#1"},
				"up": {"uv": [2.875, 8.625, 2.75, 6.125], "texture": "#1"},
				"down": {"uv": [5.375, 6.25, 5.25, 8.75], "texture": "#1"}
			}
		},
		{
			"from": [6.25, 2.5, -8],
			"to": [9.75, 6.2, -5],
			"rotation": {"angle": 0, "axis": "y", "origin": [0, 0, 7]},
			"faces": {
				"north": {"uv": [6.5, 7.25, 7, 7.75], "texture": "#1"},
				"east": {"uv": [7.75, 4.375, 8.125, 4.875], "texture": "#1"},
				"south": {"uv": [7.25, 6.875, 7.75, 7.375], "texture": "#1"},
				"west": {"uv": [7.75, 4.875, 8.125, 5.375], "texture": "#1"},
				"up": {"uv": [8, 3.875, 7.5, 3.5], "texture": "#1"},
				"down": {"uv": [8.25, 2.625, 7.75, 3], "texture": "#1"}
			}
		},
		{
			"from": [6.25, 0.8, -8],
			"to": [9.75, 2.5, -4],
			"rotation": {"angle": 0, "axis": "y", "origin": [0, 0, 7]},
			"faces": {
				"north": {"uv": [8.125, 7.875, 8.625, 8.125], "texture": "#1"},
				"east": {"uv": [8.125, 8.125, 8.625, 8.375], "texture": "#1"},
				"south": {"uv": [0, 8.25, 0.5, 8.5], "texture": "#1"},
				"west": {"uv": [8.25, 2, 8.75, 2.25], "texture": "#1"},
				"up": {"uv": [7.875, 6.375, 7.375, 5.875], "texture": "#1"},
				"down": {"uv": [7.5, 7.375, 7, 7.875], "texture": "#1"}
			}
		}
	],
	"display": {
		"thirdperson_righthand": {
			"translation": [0, 2.5, 0],
			"scale": [0.25, 0.25, 0.25]
		},
		"thirdperson_lefthand": {
			"translation": [0, 2.5, 0],
			"scale": [0.25, 0.25, 0.25]
		},
		"firstperson_righthand": {
			"rotation": [17.04, 14.33, 4.7],
			"translation": [0, 1, -7.5],
			"scale": [0.5, 0.5, 0.5]
		},
		"firstperson_lefthand": {
			"rotation": [17.04, 14.33, 4.7],
			"translation": [0, 1, -7.5],
			"scale": [0.5, 0.5, 0.5]
		},
		"ground": {
			"translation": [0, 7, -5.25]
		},
		"gui": {
			"rotation": [44, 23, 1],
			"translation": [-1.25, 1.25, 1.75],
			"scale": [0.45, 0.45, 0.45]
		},
		"head": {
			"translation": [0, 14.5, -4.5]
		},
		"fixed": {
			"rotation": [-50.5, -90, 0],
			"translation": [0.75, 1.5, -3],
			"scale": [0.5, 0.5, 0.5]
		}
	},
	"groups": [
		{
			"name": "group",
			"origin": [9, -0.12132, 19.12132],
			"color": 0,
			"children": [0, 1, 2, 3, 4, 5, 6, 7]
		},
		{
			"name": "group",
			"origin": [9, -0.12132, 19.12132],
			"color": 0,
			"children": [8, 9, 10, 11, 12, 13, 14, 15]
		},
		{
			"name": "group",
			"origin": [17.79558, -0.49889, 0],
			"color": 0,
			"children": [16, 17, 18, 19, 20, 21, 22, 23, 24, 25, 26, 27, 28, 29]
		},
		30,
		31,
		{
			"name": "group",
			"origin": [0, 0, 7],
			"color": 0,
			"children": [32, 33, 34, 35, 36, 37, 38, 39, 40, 41, 42, 43, 44, 45, 46, 47, 48, 49, 50, 51, 52, 53, 54, 55, 56, 57, 58, 59, 60, 61, 62, 63, 64, 65, 66, 67]
		}
	]
}