{
	"credit": "Made with Blockbench",
	"texture_size": [64, 64],
	"textures": {
		"2": "nw/zhanglang/zhanglang003"
	},
	"elements": [
		{
			"from": [4, -15, 4],
			"to": [12, -7, 12],
			"rotation": {"angle": 0, "axis": "y", "origin": [11, -15, 4]},
			"faces": {
				"north": {"uv": [0, 8.5, 2, 10.5], "texture": "#2"},
				"east": {"uv": [2, 8.5, 4, 10.5], "texture": "#2"},
				"south": {"uv": [4, 8.5, 6, 10.5], "texture": "#2"},
				"west": {"uv": [6, 8.5, 8, 10.5], "texture": "#2"},
				"up": {"uv": [10, 10.5, 8, 8.5], "texture": "#2"},
				"down": {"uv": [11, 4.5, 9, 6.5], "texture": "#2"}
			}
		},
		{
			"from": [4.25, -14.75, 4.25],
			"to": [11.75, -7.25, 11.75],
			"rotation": {"angle": 0, "axis": "y", "origin": [11, -15, 4]},
			"faces": {
				"north": {"uv": [9, 6.5, 10.75, 8.25], "texture": "#2"},
				"east": {"uv": [10, 8.25, 11.75, 10], "texture": "#2"},
				"south": {"uv": [10, 10, 11.75, 11.75], "texture": "#2"},
				"west": {"uv": [10.25, 0, 12, 1.75], "texture": "#2"},
				"up": {"uv": [12, 3.5, 10.25, 1.75], "texture": "#2"},
				"down": {"uv": [1.75, 10.5, 0, 12.25], "texture": "#2"}
			}
		},
		{
			"from": [8, -8, 4],
			"to": [8, 17, 12],
			"rotation": {"angle": 22.5, "axis": "z", "origin": [8, -8, 4]},
			"faces": {
				"north": {"uv": [0, 0, 0, 6.25], "texture": "#2"},
				"east": {"uv": [0, 0, 2, 6.25], "texture": "#2"},
				"south": {"uv": [0, 0, 0, 6.25], "texture": "#2"},
				"west": {"uv": [2, 0, 0, 6.25], "texture": "#2"},
				"up": {"uv": [0, 2, 0, 0], "texture": "#2"},
				"down": {"uv": [0, 0, 0, 2], "texture": "#2"}
			}
		},
		{
			"from": [3.75, -15.25, 3.75],
			"to": [12.25, -6.75, 12.25],
			"rotation": {"angle": 0, "axis": "y", "origin": [11, -15, 4]},
			"faces": {
				"north": {"uv": [0, 6.25, 2.25, 8.5], "texture": "#2"},
				"east": {"uv": [2.25, 6.25, 4.5, 8.5], "texture": "#2"},
				"south": {"uv": [4.5, 6.25, 6.75, 8.5], "texture": "#2"},
				"west": {"uv": [6.75, 6.25, 9, 8.5], "texture": "#2"},
				"up": {"uv": [10.25, 2.25, 8, 0], "texture": "#2"},
				"down": {"uv": [10.25, 2.25, 8, 4.5], "texture": "#2"}
			}
		},
		{
			"from": [8, -8, 4],
			"to": [8, 17, 12],
			"rotation": {"angle": -22.5, "axis": "z", "origin": [8, -8, 4]},
			"faces": {
				"north": {"uv": [0, 0, 0, 6.25], "texture": "#2"},
				"east": {"uv": [0, 0, 2, 6.25], "texture": "#2"},
				"south": {"uv": [0, 0, 0, 6.25], "texture": "#2"},
				"west": {"uv": [2, 0, 0, 6.25], "texture": "#2"},
				"up": {"uv": [0, 2, 0, 0], "texture": "#2"},
				"down": {"uv": [0, 0, 0, 2], "texture": "#2"}
			}
		},
		{
			"from": [5, -14, 5],
			"to": [11, -8, 11],
			"rotation": {"angle": 0, "axis": "y", "origin": [5, -14, 9]},
			"faces": {
				"north": {"uv": [14.5, 0, 16, 1.5], "texture": "#2"},
				"east": {"uv": [14.5, 0, 16, 1.5], "texture": "#2"},
				"south": {"uv": [14.5, 0, 16, 1.5], "texture": "#2"},
				"west": {"uv": [14.5, 0, 16, 1.5], "texture": "#2"},
				"up": {"uv": [14.5, 0, 16, 1.5], "texture": "#2"},
				"down": {"uv": [14.5, 0, 16, 1.5], "texture": "#2"}
			}
		}
	],
	"display": {
		"thirdperson_righthand": {
			"rotation": [75, 45, 0],
			"translation": [0, 2.5, 5.75],
			"scale": [0.375, 0.375, 0.375]
		},
		"thirdperson_lefthand": {
			"rotation": [75, 45, 0],
			"translation": [0, 2.5, 5.75],
			"scale": [0.375, 0.375, 0.375]
		},
		"firstperson_righthand": {
			"rotation": [0, 135, 0],
			"translation": [0, 9.5, 0],
			"scale": [0.4, 0.4, 0.4]
		},
		"firstperson_lefthand": {
			"rotation": [0, 135, 0],
			"translation": [0, 9.5, 0],
			"scale": [0.4, 0.4, 0.4]
		},
		"ground": {
			"translation": [0, 8.25, 0],
			"scale": [0.5, 0.5, 0.5]
		},
		"gui": {
			"rotation": [30, 225, 0],
			"translation": [0, 3, 0],
			"scale": [0.5, 0.5, 0.5]
		},
		"head": {
			"translation": [0, 38.75, 0],
			"scale": [2, 2, 2]
		},
		"fixed": {
			"rotation": [-90, 0, 0],
			"translation": [0, 0, -45.5],
			"scale": [2, 2, 2]
		}
	}
}