{
	"credit": "Made with Blockbench",
	"texture_size": [64, 64],
	"textures": {
		"0": "netc/food/food3",
		"particle": "netc/food/food3"
	},
	"elements": [
		{
			"from": [4, 0, 1],
			"to": [12, 1, 15],
			"rotation": {"angle": 0, "axis": "y", "origin": [1, 0, 1]},
			"faces": {
				"north": {"uv": [7, 4, 9, 4.25], "texture": "#0"},
				"east": {"uv": [7, 2, 10.5, 2.25], "texture": "#0"},
				"south": {"uv": [7, 4.25, 9, 4.5], "texture": "#0"},
				"west": {"uv": [7, 2.25, 10.5, 2.5], "texture": "#0"},
				"up": {"uv": [7, 3.5, 5, 0], "texture": "#0"},
				"down": {"uv": [7, 3.5, 5, 7], "texture": "#0"}
			}
		},
		{
			"from": [3, 1, 0],
			"to": [13, 2, 16],
			"rotation": {"angle": 0, "axis": "y", "origin": [1, 1, 1]},
			"faces": {
				"north": {"uv": [7, 3.5, 9.5, 3.75], "texture": "#0"},
				"east": {"uv": [7, 1.5, 11, 1.75], "texture": "#0"},
				"south": {"uv": [7, 3.75, 9.5, 4], "texture": "#0"},
				"west": {"uv": [7, 1.75, 11, 2], "texture": "#0"},
				"up": {"uv": [2.5, 4, 0, 0], "texture": "#0"},
				"down": {"uv": [5, 0, 2.5, 4], "texture": "#0"}
			}
		},
		{
			"from": [3, 2.1, 0],
			"to": [13, 2.1, 16],
			"rotation": {"angle": 0, "axis": "y", "origin": [1, 1.1, 1]},
			"faces": {
				"north": {"uv": [0, 0, 2.5, 0], "texture": "#0"},
				"east": {"uv": [0, 0, 4, 0], "texture": "#0"},
				"south": {"uv": [0, 0, 2.5, 0], "texture": "#0"},
				"west": {"uv": [0, 0, 4, 0], "texture": "#0"},
				"up": {"uv": [2.5, 8, 0, 4], "texture": "#0"},
				"down": {"uv": [5, 4, 2.5, 8], "texture": "#0"}
			}
		},
		{
			"from": [5, 2, 1],
			"to": [11, 4, 4],
			"rotation": {"angle": 0, "axis": "y", "origin": [4, 2, 0]},
			"faces": {
				"north": {"uv": [7, 2.5, 8.5, 3], "texture": "#0"},
				"east": {"uv": [7, 4.5, 7.75, 5], "texture": "#0"},
				"south": {"uv": [7, 3, 8.5, 3.5], "texture": "#0"},
				"west": {"uv": [5, 7, 5.75, 7.5], "texture": "#0"},
				"up": {"uv": [8.5, 0.75, 7, 0], "texture": "#0"},
				"down": {"uv": [8.5, 0.75, 7, 1.5], "texture": "#0"}
			}
		},
		{
			"from": [7, 2, 4],
			"to": [13, 4, 7],
			"rotation": {"angle": -22.5, "axis": "y", "origin": [6, 2, 3]},
			"faces": {
				"north": {"uv": [7, 2.5, 8.5, 3], "texture": "#0"},
				"east": {"uv": [7, 4.5, 7.75, 5], "texture": "#0"},
				"south": {"uv": [7, 3, 8.5, 3.5], "texture": "#0"},
				"west": {"uv": [5, 7, 5.75, 7.5], "texture": "#0"},
				"up": {"uv": [8.5, 0.75, 7, 0], "texture": "#0"},
				"down": {"uv": [8.5, 0.75, 7, 1.5], "texture": "#0"}
			}
		},
		{
			"from": [4, 2, 12],
			"to": [10, 4, 15],
			"rotation": {"angle": 22.5, "axis": "y", "origin": [3, 2, 11]},
			"faces": {
				"north": {"uv": [7, 2.5, 8.5, 3], "texture": "#0"},
				"east": {"uv": [7, 4.5, 7.75, 5], "texture": "#0"},
				"south": {"uv": [7, 3, 8.5, 3.5], "texture": "#0"},
				"west": {"uv": [5, 7, 5.75, 7.5], "texture": "#0"},
				"up": {"uv": [8.5, 0.75, 7, 0], "texture": "#0"},
				"down": {"uv": [8.5, 0.75, 7, 1.5], "texture": "#0"}
			}
		},
		{
			"from": [5, 2, 8],
			"to": [7, 4, 9],
			"rotation": {"angle": -45, "axis": "y", "origin": [6, 3, 8.5]},
			"faces": {
				"north": {"uv": [7, 5, 7.5, 5.5], "texture": "#0"},
				"east": {"uv": [6.25, 7, 6.5, 7.5], "texture": "#0"},
				"south": {"uv": [7, 5.5, 7.5, 6], "texture": "#0"},
				"west": {"uv": [6.5, 7, 6.75, 7.5], "texture": "#0"},
				"up": {"uv": [7.5, 6.75, 7, 6.5], "texture": "#0"},
				"down": {"uv": [7.25, 7, 6.75, 7.25], "texture": "#0"}
			}
		},
		{
			"from": [8, 2, 13.25],
			"to": [10, 3, 15.25],
			"rotation": {"angle": 0, "axis": "y", "origin": [9, 2.5, 14.25]},
			"faces": {
				"north": {"uv": [7.5, 6.75, 7, 6.5], "rotation": 180, "texture": "#0"},
				"east": {"uv": [6.25, 7, 6.5, 7.5], "rotation": 90, "texture": "#0"},
				"south": {"uv": [7.25, 7, 6.75, 7.25], "texture": "#0"},
				"west": {"uv": [6.5, 7, 6.75, 7.5], "rotation": 270, "texture": "#0"},
				"up": {"uv": [7, 5.5, 7.5, 6], "texture": "#0"},
				"down": {"uv": [7, 5, 7.5, 5.5], "rotation": 180, "texture": "#0"}
			}
		},
		{
			"from": [3.75, 2, 4.25],
			"to": [5.75, 3, 6.25],
			"rotation": {"angle": 0, "axis": "y", "origin": [4.75, 2.5, 5.25]},
			"faces": {
				"north": {"uv": [7.5, 6.75, 7, 6.5], "texture": "#0"},
				"east": {"uv": [6.5, 7, 6.75, 7.5], "rotation": 90, "texture": "#0"},
				"south": {"uv": [7.25, 7, 6.75, 7.25], "rotation": 180, "texture": "#0"},
				"west": {"uv": [6.25, 7, 6.5, 7.5], "rotation": 270, "texture": "#0"},
				"up": {"uv": [7, 5, 7.5, 5.5], "texture": "#0"},
				"down": {"uv": [7, 5.5, 7.5, 6], "rotation": 180, "texture": "#0"}
			}
		},
		{
			"from": [11, 2, 9],
			"to": [12, 4, 11],
			"rotation": {"angle": -22.5, "axis": "y", "origin": [11.5, 3, 10]},
			"faces": {
				"north": {"uv": [6.25, 7, 6.5, 7.5], "texture": "#0"},
				"east": {"uv": [7, 5.5, 7.5, 6], "texture": "#0"},
				"south": {"uv": [6.5, 7, 6.75, 7.5], "texture": "#0"},
				"west": {"uv": [7, 5, 7.5, 5.5], "texture": "#0"},
				"up": {"uv": [7.5, 6.75, 7, 6.5], "rotation": 270, "texture": "#0"},
				"down": {"uv": [7.25, 7, 6.75, 7.25], "rotation": 90, "texture": "#0"}
			}
		},
		{
			"from": [10.5, 2.5, 4],
			"to": [12.5, 3.5, 6],
			"rotation": {"angle": -45, "axis": "z", "origin": [11.5, 3, 5]},
			"faces": {
				"north": {"uv": [6.25, 7, 6.5, 7.5], "rotation": 270, "texture": "#0"},
				"east": {"uv": [7.5, 6.75, 7, 6.5], "texture": "#0"},
				"south": {"uv": [6.5, 7, 6.75, 7.5], "rotation": 90, "texture": "#0"},
				"west": {"uv": [7.25, 7, 6.75, 7.25], "rotation": 180, "texture": "#0"},
				"up": {"uv": [7, 5, 7.5, 5.5], "rotation": 90, "texture": "#0"},
				"down": {"uv": [7, 5.5, 7.5, 6], "rotation": 90, "texture": "#0"}
			}
		},
		{
			"from": [8.29289, 4, 2.12132],
			"to": [10.29289, 4, 4.12132],
			"rotation": {"angle": -45, "axis": "y", "origin": [9.29289, 4, 3.12132]},
			"faces": {
				"north": {"uv": [0, 0, 0.5, 0], "texture": "#0"},
				"east": {"uv": [0, 0, 0.5, 0], "texture": "#0"},
				"south": {"uv": [0, 0, 0.5, 0], "texture": "#0"},
				"west": {"uv": [0, 0, 0.5, 0], "texture": "#0"},
				"up": {"uv": [6.25, 7.5, 5.75, 7], "texture": "#0"},
				"down": {"uv": [6.25, 7, 5.75, 7.5], "texture": "#0"}
			}
		},
		{
			"from": [10.79289, 2.25, 2.62132],
			"to": [12.79289, 2.25, 4.62132],
			"rotation": {"angle": 22.5, "axis": "y", "origin": [11.79289, 2.25, 3.62132]},
			"faces": {
				"north": {"uv": [0, 0, 0.5, 0], "texture": "#0"},
				"east": {"uv": [0, 0, 0.5, 0], "texture": "#0"},
				"south": {"uv": [0, 0, 0.5, 0], "texture": "#0"},
				"west": {"uv": [0, 0, 0.5, 0], "texture": "#0"},
				"up": {"uv": [6.25, 7.5, 5.75, 7], "rotation": 270, "texture": "#0"},
				"down": {"uv": [6.25, 7, 5.75, 7.5], "rotation": 90, "texture": "#0"}
			}
		},
		{
			"from": [2.79289, 2.25, 3.12132],
			"to": [4.79289, 2.25, 5.12132],
			"rotation": {"angle": 0, "axis": "y", "origin": [3.79289, 2.25, 4.12132]},
			"faces": {
				"north": {"uv": [0, 0, 0.5, 0], "texture": "#0"},
				"east": {"uv": [0, 0, 0.5, 0], "texture": "#0"},
				"south": {"uv": [0, 0, 0.5, 0], "texture": "#0"},
				"west": {"uv": [0, 0, 0.5, 0], "texture": "#0"},
				"up": {"uv": [6.25, 7.5, 5.75, 7], "rotation": 180, "texture": "#0"},
				"down": {"uv": [6.25, 7, 5.75, 7.5], "rotation": 180, "texture": "#0"}
			}
		},
		{
			"from": [11.79289, 2.25, 8.87132],
			"to": [13.79289, 2.25, 10.87132],
			"rotation": {"angle": 22.5, "axis": "y", "origin": [12.79289, 2.25, 9.87132]},
			"faces": {
				"north": {"uv": [0, 0, 0.5, 0], "texture": "#0"},
				"east": {"uv": [0, 0, 0.5, 0], "texture": "#0"},
				"south": {"uv": [0, 0, 0.5, 0], "texture": "#0"},
				"west": {"uv": [0, 0, 0.5, 0], "texture": "#0"},
				"up": {"uv": [6.25, 7.5, 5.75, 7], "texture": "#0"},
				"down": {"uv": [6.25, 7, 5.75, 7.5], "texture": "#0"}
			}
		},
		{
			"from": [4.04289, 2.25, 7.87132],
			"to": [6.04289, 2.25, 9.87132],
			"rotation": {"angle": -22.5, "axis": "y", "origin": [5.04289, 2.25, 8.87132]},
			"faces": {
				"north": {"uv": [0, 0, 0.5, 0], "texture": "#0"},
				"east": {"uv": [0, 0, 0.5, 0], "texture": "#0"},
				"south": {"uv": [0, 0, 0.5, 0], "texture": "#0"},
				"west": {"uv": [0, 0, 0.5, 0], "texture": "#0"},
				"up": {"uv": [6.25, 7.5, 5.75, 7], "rotation": 90, "texture": "#0"},
				"down": {"uv": [6.25, 7, 5.75, 7.5], "rotation": 270, "texture": "#0"}
			}
		},
		{
			"from": [6.29289, 4.25, 10.12132],
			"to": [8.29289, 4.25, 12.12132],
			"rotation": {"angle": 22.5, "axis": "y", "origin": [7.29289, 4.25, 11.12132]},
			"faces": {
				"north": {"uv": [0, 0, 0.5, 0], "texture": "#0"},
				"east": {"uv": [0, 0, 0.5, 0], "texture": "#0"},
				"south": {"uv": [0, 0, 0.5, 0], "texture": "#0"},
				"west": {"uv": [0, 0, 0.5, 0], "texture": "#0"},
				"up": {"uv": [6.25, 7.5, 5.75, 7], "rotation": 90, "texture": "#0"},
				"down": {"uv": [6.25, 7, 5.75, 7.5], "rotation": 270, "texture": "#0"}
			}
		},
		{
			"from": [9, 2.25, 14.25],
			"to": [11, 2.25, 16.25],
			"rotation": {"angle": -45, "axis": "y", "origin": [9, 2.25, 13.25]},
			"faces": {
				"north": {"uv": [0, 0, 0.5, 0], "texture": "#0"},
				"east": {"uv": [0, 0, 0.5, 0], "texture": "#0"},
				"south": {"uv": [0, 0, 0.5, 0], "texture": "#0"},
				"west": {"uv": [0, 0, 0.5, 0], "texture": "#0"},
				"up": {"uv": [6.25, 7.5, 5.75, 7], "texture": "#0"},
				"down": {"uv": [6.25, 7, 5.75, 7.5], "texture": "#0"}
			}
		}
	],
	"display": {
		"thirdperson_righthand": {
			"rotation": [75, 45, 0],
			"translation": [0, 2.5, 2.25],
			"scale": [0.5, 0.5, 0.5]
		},
		"thirdperson_lefthand": {
			"rotation": [75, 45, 0],
			"translation": [0, 2.5, 2.25],
			"scale": [0.5, 0.5, 0.5]
		},
		"firstperson_righthand": {
			"rotation": [0, 135, 0],
			"translation": [0, 5.5, 0],
			"scale": [0.6, 0.6, 0.6]
		},
		"firstperson_lefthand": {
			"rotation": [0, 135, 0],
			"translation": [0, 5.5, 0],
			"scale": [0.6, 0.6, 0.6]
		},
		"ground": {
			"translation": [0, 3, 0],
			"scale": [0.5, 0.5, 0.5]
		},
		"gui": {
			"rotation": [30, 225, 0],
			"translation": [0, 4.75, 0],
			"scale": [0.9, 0.9, 0.9]
		},
		"head": {
			"translation": [0, 15.25, 0]
		},
		"fixed": {
			"rotation": [-90, 0, 0],
			"translation": [0, 0, -16],
			"scale": [2, 2, 2]
		}
	}
}