{
	"credit": "Made with Blockbench",
	"texture_size": [32, 32],
	"textures": {
		"0": "af/af009",
		"particle": "af/af009"
	},
	"elements": [
		{
			"from": [6, 0, 6],
			"to": [10, 1, 10],
			"rotation": {"angle": 0, "axis": "y", "origin": [7, 0, 7]},
			"faces": {
				"north": {"uv": [10.5, 4, 12.5, 4.5], "texture": "#0", "tintindex": 1},
				"east": {"uv": [10.5, 4, 12.5, 4.5], "texture": "#0", "tintindex": 1},
				"south": {"uv": [10.5, 4, 12.5, 4.5], "texture": "#0", "tintindex": 1},
				"west": {"uv": [10.5, 4, 12.5, 4.5], "texture": "#0", "tintindex": 1},
				"down": {"uv": [10, 5, 8, 7], "texture": "#0", "tintindex": 1}
			}
		},
		{
			"from": [6, 6, 6],
			"to": [10, 7, 10],
			"rotation": {"angle": 0, "axis": "y", "origin": [7, 6, 7]},
			"faces": {
				"north": {"uv": [4, 11, 6, 11.5], "texture": "#0", "tintindex": 1},
				"east": {"uv": [4, 11, 6, 11.5], "texture": "#0", "tintindex": 1},
				"south": {"uv": [4, 11, 6, 11.5], "texture": "#0", "tintindex": 1},
				"west": {"uv": [4, 11, 6, 11.5], "texture": "#0", "tintindex": 1},
				"up": {"uv": [10, 9, 8, 7], "texture": "#0"},
				"down": {"uv": [10, 9, 8, 11], "texture": "#0", "tintindex": 1}
			}
		},
		{
			"from": [5.5, 1, 5.5],
			"to": [10.5, 4, 10.5],
			"rotation": {"angle": 0, "axis": "y", "origin": [7, 0, 7]},
			"faces": {
				"north": {"uv": [10, 5, 12.5, 6.5], "texture": "#0", "tintindex": 1},
				"east": {"uv": [10, 5, 12.5, 6.5], "texture": "#0", "tintindex": 1},
				"south": {"uv": [10, 5, 12.5, 6.5], "texture": "#0", "tintindex": 1},
				"west": {"uv": [10, 5, 12.5, 6.5], "texture": "#0", "tintindex": 1},
				"up": {"uv": [10.5, 2.5, 8, 0], "texture": "#0", "tintindex": 1},
				"down": {"uv": [10.5, 2.5, 8, 5], "texture": "#0", "tintindex": 1}
			}
		},
		{
			"from": [6.5, 4, 6.5],
			"to": [9.5, 6, 9.5],
			"rotation": {"angle": 0, "axis": "y", "origin": [7, 0, 7]},
			"faces": {
				"north": {"uv": [10.5, 0, 12, 1], "texture": "#0", "tintindex": 1},
				"east": {"uv": [10.5, 0, 12, 1], "texture": "#0", "tintindex": 1},
				"south": {"uv": [10.5, 0, 12, 1], "texture": "#0", "tintindex": 1},
				"west": {"uv": [10.5, 0, 12, 1], "texture": "#0", "tintindex": 1}
			}
		},
		{
			"from": [8, 7, -3],
			"to": [8, 18, 19],
			"rotation": {"angle": 45, "axis": "y", "origin": [8, 12.5, 8]},
			"faces": {
				"north": {"uv": [0, 0, 0, 5.5], "texture": "#0"},
				"east": {"uv": [0, 0, 8, 5.5], "texture": "#0"},
				"south": {"uv": [0, 0, 0, 5.5], "texture": "#0"},
				"west": {"uv": [0, 0, 8, 5.5], "texture": "#0"},
				"up": {"uv": [0, 8, 0, 0], "texture": "#0"},
				"down": {"uv": [0, 0, 0, 8], "texture": "#0"}
			}
		},
		{
			"from": [-3, 7, 8],
			"to": [19, 18, 8],
			"rotation": {"angle": 45, "axis": "y", "origin": [8, 12.5, 8]},
			"faces": {
				"north": {"uv": [0, 0, 8, 5.5], "texture": "#0"},
				"east": {"uv": [0, 0, 0, 5.5], "texture": "#0"},
				"south": {"uv": [0, 0, 8, 5.5], "texture": "#0"},
				"west": {"uv": [0, 0, 0, 5.5], "texture": "#0"},
				"up": {"uv": [0, 8, 0, 0], "rotation": 270, "texture": "#0"},
				"down": {"uv": [0, 0, 0, 8], "rotation": 90, "texture": "#0"}
			}
		}
	],
	"display": {
		"thirdperson_righthand": {
			"rotation": [75, 45, 0],
			"translation": [0, 2.5, 0],
			"scale": [0.375, 0.375, 0.375]
		},
		"thirdperson_lefthand": {
			"rotation": [75, 45, 0],
			"translation": [0, 2.5, 0],
			"scale": [0.375, 0.375, 0.375]
		},
		"firstperson_righthand": {
			"rotation": [0, 135, 0],
			"translation": [0, 3.75, 0],
			"scale": [0.4, 0.4, 0.4]
		},
		"firstperson_lefthand": {
			"rotation": [0, 135, 0],
			"translation": [0, 3.75, 0],
			"scale": [0.4, 0.4, 0.4]
		},
		"ground": {
			"translation": [0, 3, 0],
			"scale": [0.25, 0.25, 0.25]
		},
		"gui": {
			"rotation": [30, 225, 0],
			"scale": [0.625, 0.625, 0.625]
		},
		"head": {
			"translation": [0, 15.25, 0]
		},
		"fixed": {
			"rotation": [-90, 0, 0],
			"translation": [0, 0, -16],
			"scale": [2, 2, 2]
		}
	}
}