{
	"credit": "Made with Blockbench",
	"texture_size": [32, 32],
	"textures": {
		"0": "af/af006",
		"particle": "af/af006"
	},
	"elements": [
		{
			"from": [5, 0, 5],
			"to": [11, 5, 11],
			"rotation": {"angle": 0, "axis": "y", "origin": [7, 0, 7]},
			"faces": {
				"north": {"uv": [11.5, 8, 14.5, 10.5], "texture": "#0", "tintindex": 1},
				"east": {"uv": [11.5, 8, 14.5, 10.5], "texture": "#0", "tintindex": 1},
				"south": {"uv": [11.5, 8, 14.5, 10.5], "texture": "#0", "tintindex": 1},
				"west": {"uv": [11.5, 8, 14.5, 10.5], "texture": "#0", "tintindex": 1},
				"up": {"uv": [6.5, 14, 3.5, 11], "texture": "#0"},
				"down": {"uv": [9.5, 11.5, 6.5, 14.5], "texture": "#0", "tintindex": 1}
			}
		},
		{
			"from": [4, 0.25, 4],
			"to": [12, 0.25, 12],
			"rotation": {"angle": 0, "axis": "y", "origin": [7, 0, 7]},
			"faces": {
				"up": {"uv": [12, 4, 8, 0], "texture": "#0", "tintindex": 1},
				"down": {"uv": [12, 4, 8, 8], "texture": "#0", "tintindex": 1}
			}
		},
		{
			"from": [4.5, 4.25, 4.5],
			"to": [11.5, 5.25, 11.5],
			"rotation": {"angle": 0, "axis": "y", "origin": [6.5, 3.25, 7.5]},
			"faces": {
				"north": {"uv": [12, 0, 15.5, 0.5], "texture": "#0", "tintindex": 1},
				"east": {"uv": [12, 0, 15.5, 0.5], "texture": "#0", "tintindex": 1},
				"south": {"uv": [12, 0, 15.5, 0.5], "texture": "#0", "tintindex": 1},
				"west": {"uv": [12, 0, 15.5, 0.5], "texture": "#0", "tintindex": 1},
				"up": {"uv": [11.5, 11.5, 8, 8], "texture": "#0", "tintindex": 1}
			}
		},
		{
			"from": [8, 5, -3],
			"to": [8, 16, 18],
			"rotation": {"angle": -45, "axis": "y", "origin": [8, 10.5, 8]},
			"faces": {
				"north": {"uv": [0, 0, 0, 5.5], "texture": "#0"},
				"east": {"uv": [0, 0, 8, 5.5], "texture": "#0"},
				"south": {"uv": [0, 0, 0, 5.5], "texture": "#0"},
				"west": {"uv": [0, 0, 8, 5.5], "texture": "#0"},
				"up": {"uv": [8, 0, 0, 0], "rotation": 270, "texture": "#0"},
				"down": {"uv": [8, 0, 0, 0], "rotation": 90, "texture": "#0"}
			}
		},
		{
			"from": [-3, 5, 8],
			"to": [19, 16, 8],
			"rotation": {"angle": -45, "axis": "y", "origin": [8, 10.5, 8]},
			"faces": {
				"north": {"uv": [0, 0, 8, 5.5], "texture": "#0"},
				"east": {"uv": [0, 0, 0, 5.5], "texture": "#0"},
				"south": {"uv": [0, 0, 8, 5.5], "texture": "#0"},
				"west": {"uv": [0, 0, 0, 5.5], "texture": "#0"},
				"up": {"uv": [8, 0, 0, 0], "texture": "#0"},
				"down": {"uv": [8, 0, 0, 0], "texture": "#0"}
			}
		}
	],
	"display": {
		"thirdperson_righthand": {
			"rotation": [75, 45, 0],
			"translation": [0, 2.5, 0],
			"scale": [0.375, 0.375, 0.375]
		},
		"thirdperson_lefthand": {
			"rotation": [75, 45, 0],
			"translation": [0, 2.5, 0],
			"scale": [0.375, 0.375, 0.375]
		},
		"firstperson_righthand": {
			"rotation": [0, 135, 0],
			"translation": [0, 3.75, 0],
			"scale": [0.4, 0.4, 0.4]
		},
		"firstperson_lefthand": {
			"rotation": [0, 135, 0],
			"translation": [0, 3.75, 0],
			"scale": [0.4, 0.4, 0.4]
		},
		"ground": {
			"translation": [0, 3, 0],
			"scale": [0.25, 0.25, 0.25]
		},
		"gui": {
			"rotation": [30, 225, 0],
			"scale": [0.625, 0.625, 0.625]
		},
		"head": {
			"translation": [0, 15.25, 0]
		},
		"fixed": {
			"rotation": [-90, 0, 0],
			"translation": [0, 0, -16],
			"scale": [2, 2, 2]
		}
	}
}