{
	"credit": "Made with Blockbench",
	"texture_size": [32, 32],
	"textures": {
		"0": "af/af003",
		"particle": "af/af003"
	},
	"elements": [
		{
			"from": [4, 0, 5],
			"to": [12, 4, 11],
			"rotation": {"angle": 0, "axis": "y", "origin": [7, 0, 7]},
			"faces": {
				"north": {"uv": [4, 10, 8, 12], "texture": "#0", "tintindex": 1},
				"east": {"uv": [0, 11, 3, 13], "texture": "#0", "tintindex": 1},
				"south": {"uv": [4, 10, 8, 12], "texture": "#0", "tintindex": 1},
				"west": {"uv": [0, 11, 3, 13], "texture": "#0", "tintindex": 1},
				"up": {"uv": [11, 10, 7, 7], "texture": "#0"}
			}
		},
		{
			"from": [3.5, 2.25, 4.5],
			"to": [12.5, 4.25, 11.5],
			"rotation": {"angle": 0, "axis": "y", "origin": [7, 0.25, 7]},
			"faces": {
				"north": {"uv": [11, 7, 15.5, 8], "texture": "#0", "tintindex": 1},
				"east": {"uv": [11.5, 0, 15, 1], "texture": "#0", "tintindex": 1},
				"south": {"uv": [11, 7, 15.5, 8], "texture": "#0", "tintindex": 1},
				"west": {"uv": [11.5, 0, 15, 1], "texture": "#0", "tintindex": 1},
				"up": {"uv": [11.5, 3.5, 7, 0], "texture": "#0", "tintindex": 1}
			}
		},
		{
			"from": [8, 4, 0],
			"to": [8, 12, 16],
			"rotation": {"angle": 45, "axis": "y", "origin": [8, 8, 8]},
			"faces": {
				"north": {"uv": [0, 0, 0, 4], "texture": "#0"},
				"east": {"uv": [0, 4, 7, 8], "texture": "#0"},
				"south": {"uv": [0, 0, 0, 4], "texture": "#0"},
				"west": {"uv": [0, 4, 7, 8], "texture": "#0"},
				"up": {"uv": [7, 0, 0, 0], "rotation": 270, "texture": "#0"},
				"down": {"uv": [7, 0, 0, 0], "rotation": 90, "texture": "#0"}
			}
		},
		{
			"from": [0, 4, 8],
			"to": [16, 12, 8],
			"rotation": {"angle": 45, "axis": "y", "origin": [8, 8, 8]},
			"faces": {
				"north": {"uv": [0, 4, 7, 8], "texture": "#0"},
				"east": {"uv": [0, 0, 0, 4], "texture": "#0"},
				"south": {"uv": [0, 4, 7, 8], "texture": "#0"},
				"west": {"uv": [0, 0, 0, 4], "texture": "#0"},
				"up": {"uv": [7, 0, 0, 0], "texture": "#0"},
				"down": {"uv": [7, 0, 0, 0], "texture": "#0"}
			}
		},
		{
			"from": [4, 1, 5],
			"to": [12, 1, 11],
			"rotation": {"angle": 0, "axis": "y", "origin": [5, 1, 5]},
			"faces": {
				"down": {"uv": [0, 8, 4, 11], "texture": "#0", "tintindex": 1}
			}
		}
	],
	"display": {
		"thirdperson_righthand": {
			"rotation": [75, 45, 0],
			"translation": [0, 2.5, 0],
			"scale": [0.375, 0.375, 0.375]
		},
		"thirdperson_lefthand": {
			"rotation": [75, 45, 0],
			"translation": [0, 2.5, 0],
			"scale": [0.375, 0.375, 0.375]
		},
		"firstperson_righthand": {
			"rotation": [0, 135, 0],
			"translation": [0, 3.75, 0],
			"scale": [0.4, 0.4, 0.4]
		},
		"firstperson_lefthand": {
			"rotation": [0, 135, 0],
			"translation": [0, 3.75, 0],
			"scale": [0.4, 0.4, 0.4]
		},
		"ground": {
			"translation": [0, 3, 0],
			"scale": [0.25, 0.25, 0.25]
		},
		"gui": {
			"rotation": [30, 225, 0],
			"scale": [0.625, 0.625, 0.625]
		},
		"head": {
			"translation": [0, 15.25, 0]
		},
		"fixed": {
			"rotation": [-90, 0, 0],
			"translation": [0, 0, -16],
			"scale": [2, 2, 2]
		}
	}
}