{
	"credit": "Made with Blockbench",
	"texture_size": [64, 64],
	"textures": {
		"0": "af/af004",
		"particle": "af/af004"
	},
	"elements": [
		{
			"from": [3, 0, 4],
			"to": [13, 4, 12],
			"rotation": {"angle": 0, "axis": "y", "origin": [7, -1, 7]},
			"faces": {
				"north": {"uv": [2.5, 6.5, 5, 7.5], "texture": "#0", "tintindex": 1},
				"east": {"uv": [6.5, 5.5, 8.5, 6.5], "texture": "#0", "tintindex": 1},
				"south": {"uv": [2.5, 6.5, 5, 7.5], "texture": "#0", "tintindex": 1},
				"west": {"uv": [6.5, 5.5, 8.5, 6.5], "texture": "#0", "tintindex": 1},
				"up": {"uv": [6.5, 6.5, 4, 4.5], "texture": "#0"},
				"down": {"uv": [7.5, 6.5, 5, 8.5], "texture": "#0", "tintindex": 1}
			}
		},
		{
			"from": [2.5, 2.25, 3.5],
			"to": [13.5, 4.25, 12.5],
			"rotation": {"angle": 0, "axis": "y", "origin": [7, -0.75, 7]},
			"faces": {
				"north": {"uv": [6.75, 0, 9.5, 0.5], "texture": "#0", "tintindex": 1},
				"east": {"uv": [6.75, 1, 9, 1.5], "texture": "#0", "tintindex": 1},
				"south": {"uv": [6.75, 0, 9.5, 0.5], "texture": "#0", "tintindex": 1},
				"west": {"uv": [6.75, 1, 9, 1.5], "texture": "#0", "tintindex": 1},
				"up": {"uv": [6.75, 2.25, 4, 0], "texture": "#0", "tintindex": 1}
			}
		},
		{
			"from": [-3, 3, 8],
			"to": [19, 16, 8],
			"rotation": {"angle": 45, "axis": "y", "origin": [8, 9.5, 8]},
			"faces": {
				"north": {"uv": [0, 0, 4, 3.25], "texture": "#0"},
				"east": {"uv": [0, 0, 0, 3.25], "texture": "#0"},
				"south": {"uv": [0, 0, 4, 3.25], "texture": "#0"},
				"west": {"uv": [0, 0, 0, 3.25], "texture": "#0"},
				"up": {"uv": [4, 0, 0, 0], "texture": "#0"},
				"down": {"uv": [4, 0, 0, 0], "texture": "#0"}
			}
		},
		{
			"from": [8, 3, -3],
			"to": [8, 16, 19],
			"rotation": {"angle": 45, "axis": "y", "origin": [8, 9.5, 8]},
			"faces": {
				"north": {"uv": [0, 0, 0, 3.25], "texture": "#0"},
				"east": {"uv": [0, 0, 4, 3.25], "texture": "#0"},
				"south": {"uv": [0, 0, 0, 3.25], "texture": "#0"},
				"west": {"uv": [0, 0, 4, 3.25], "texture": "#0"},
				"up": {"uv": [4, 0, 0, 0], "rotation": 270, "texture": "#0"},
				"down": {"uv": [4, 0, 0, 0], "rotation": 90, "texture": "#0"}
			}
		},
		{
			"from": [3, 1, 4],
			"to": [13, 1, 12],
			"rotation": {"angle": 0, "axis": "y", "origin": [3, -1, 4]},
			"faces": {
				"down": {"uv": [0, 6.5, 2.5, 8.5], "texture": "#0", "tintindex": 1}
			}
		}
	],
	"display": {
		"thirdperson_righthand": {
			"rotation": [75, 45, 0],
			"translation": [0, 2.5, 0],
			"scale": [0.375, 0.375, 0.375]
		},
		"thirdperson_lefthand": {
			"rotation": [75, 45, 0],
			"translation": [0, 2.5, 0],
			"scale": [0.375, 0.375, 0.375]
		},
		"firstperson_righthand": {
			"rotation": [0, 135, 0],
			"translation": [0, 3.75, 0],
			"scale": [0.4, 0.4, 0.4]
		},
		"firstperson_lefthand": {
			"rotation": [0, 135, 0],
			"translation": [0, 3.75, 0],
			"scale": [0.4, 0.4, 0.4]
		},
		"ground": {
			"translation": [0, 3, 0],
			"scale": [0.25, 0.25, 0.25]
		},
		"gui": {
			"rotation": [30, 225, 0],
			"scale": [0.625, 0.625, 0.625]
		},
		"head": {
			"translation": [0, 15.25, 0]
		},
		"fixed": {
			"rotation": [-90, 0, 0],
			"translation": [0, 0, -16],
			"scale": [2, 2, 2]
		}
	}
}