{
	"credit": "Made with Blockbench",
	"texture_size": [32, 32],
	"textures": {
		"0": "af/af008",
		"particle": "af/af008"
	},
	"elements": [
		{
			"from": [5, 0, 5],
			"to": [11, 6, 11],
			"rotation": {"angle": 0, "axis": "y", "origin": [7, 0, 7]},
			"faces": {
				"north": {"uv": [8, 3.5, 11, 6.5], "texture": "#0", "tintindex": 1},
				"east": {"uv": [8, 3.5, 11, 6.5], "texture": "#0", "tintindex": 1},
				"south": {"uv": [8, 3.5, 11, 6.5], "texture": "#0", "tintindex": 1},
				"west": {"uv": [8, 3.5, 11, 6.5], "texture": "#0", "tintindex": 1},
				"up": {"uv": [14, 6.5, 11, 3.5], "texture": "#0"}
			}
		},
		{
			"from": [5, 1, 5],
			"to": [11, 1, 11],
			"rotation": {"angle": 0, "axis": "y", "origin": [7, 0, 7]},
			"faces": {
				"down": {"uv": [11, 9.5, 8, 12.5], "texture": "#0", "tintindex": 1}
			}
		},
		{
			"from": [4.5, 4.25, 4.5],
			"to": [11.5, 6.25, 11.5],
			"rotation": {"angle": 0, "axis": "y", "origin": [7, 0.25, 7]},
			"faces": {
				"north": {"uv": [11.5, 0, 15, 1], "texture": "#0", "tintindex": 1},
				"east": {"uv": [11.5, 0, 15, 1], "texture": "#0", "tintindex": 1},
				"south": {"uv": [11.5, 0, 15, 1], "texture": "#0", "tintindex": 1},
				"west": {"uv": [11.5, 0, 15, 1], "texture": "#0", "tintindex": 1},
				"up": {"uv": [11.5, 3.5, 8, 0], "texture": "#0", "tintindex": 1}
			}
		},
		{
			"from": [-3, 6, 8],
			"to": [19, 16, 8],
			"rotation": {"angle": -45, "axis": "y", "origin": [8, 11, 8]},
			"faces": {
				"north": {"uv": [0, 0, 8, 5], "texture": "#0"},
				"east": {"uv": [0, 0, 0, 5], "texture": "#0"},
				"south": {"uv": [0, 0, 8, 5], "texture": "#0"},
				"west": {"uv": [0, 0, 0, 5], "texture": "#0"},
				"up": {"uv": [8, 0, 0, 0], "rotation": 180, "texture": "#0"},
				"down": {"uv": [8, 0, 0, 0], "rotation": 180, "texture": "#0"}
			}
		},
		{
			"from": [8, 6, -3],
			"to": [8, 16, 19],
			"rotation": {"angle": -45, "axis": "y", "origin": [8, 11, 8]},
			"faces": {
				"north": {"uv": [0, 0, 0, 5], "texture": "#0"},
				"east": {"uv": [0, 0, 8, 5], "texture": "#0"},
				"south": {"uv": [0, 0, 0, 5], "texture": "#0"},
				"west": {"uv": [0, 0, 8, 5], "texture": "#0"},
				"up": {"uv": [8, 0, 0, 0], "rotation": 90, "texture": "#0"},
				"down": {"uv": [8, 0, 0, 0], "rotation": 270, "texture": "#0"}
			}
		}
	],
	"display": {
		"thirdperson_righthand": {
			"rotation": [75, 45, 0],
			"translation": [0, 2.5, 0],
			"scale": [0.375, 0.375, 0.375]
		},
		"thirdperson_lefthand": {
			"rotation": [75, 45, 0],
			"translation": [0, 2.5, 0],
			"scale": [0.375, 0.375, 0.375]
		},
		"firstperson_righthand": {
			"rotation": [0, 135, 0],
			"translation": [0, 3.75, 0],
			"scale": [0.4, 0.4, 0.4]
		},
		"firstperson_lefthand": {
			"rotation": [0, 135, 0],
			"translation": [0, 3.75, 0],
			"scale": [0.4, 0.4, 0.4]
		},
		"ground": {
			"translation": [0, 3, 0],
			"scale": [0.25, 0.25, 0.25]
		},
		"gui": {
			"rotation": [30, 225, 0],
			"scale": [0.625, 0.625, 0.625]
		},
		"head": {
			"translation": [0, 15.25, 0]
		},
		"fixed": {
			"rotation": [-90, 0, 0],
			"translation": [0, 0, -16],
			"scale": [2, 2, 2]
		}
	}
}