{
	"credit": "Made with Blockbench",
	"texture_size": [64, 64],
	"textures": {
		"0": "af/af013",
		"particle": "af/af013"
	},
	"elements": [
		{
			"from": [4, 0, 4],
			"to": [12, 1, 12],
			"rotation": {"angle": 0, "axis": "y", "origin": [2, 0, 2]},
			"faces": {
				"north": {"uv": [7, 1.5, 9, 1.75], "texture": "#0", "tintindex": 1},
				"east": {"uv": [7, 1.5, 9, 1.75], "texture": "#0", "tintindex": 1},
				"south": {"uv": [7, 1.5, 9, 1.75], "texture": "#0", "tintindex": 1},
				"west": {"uv": [7, 1.5, 9, 1.75], "texture": "#0", "tintindex": 1},
				"down": {"uv": [4.25, 2.5, 2.25, 4.5], "texture": "#0", "tintindex": 1}
			}
		},
		{
			"from": [3.5, 1, 3.5],
			"to": [12.5, 8, 12.5],
			"rotation": {"angle": 0, "axis": "y", "origin": [2, -2, 2]},
			"faces": {
				"north": {"uv": [4.75, 0, 7, 1.75], "texture": "#0", "tintindex": 1},
				"east": {"uv": [4.75, 0, 7, 1.75], "texture": "#0", "tintindex": 1},
				"south": {"uv": [4.75, 0, 7, 1.75], "texture": "#0", "tintindex": 1},
				"west": {"uv": [4.75, 0, 7, 1.75], "texture": "#0", "tintindex": 1},
				"up": {"uv": [2.25, 4.75, 0, 2.5], "texture": "#0"},
				"down": {"uv": [4.75, 0, 2.5, 2.25], "texture": "#0", "tintindex": 1}
			}
		},
		{
			"from": [3, 5.25, 3],
			"to": [13, 8.25, 13],
			"rotation": {"angle": 0, "axis": "y", "origin": [2, -1.75, 2]},
			"faces": {
				"north": {"uv": [6.5, 1.75, 9, 2.5], "texture": "#0", "tintindex": 1},
				"east": {"uv": [6.5, 1.75, 9, 2.5], "texture": "#0", "tintindex": 1},
				"south": {"uv": [6.5, 1.75, 9, 2.5], "texture": "#0", "tintindex": 1},
				"west": {"uv": [6.5, 1.75, 9, 2.5], "texture": "#0", "tintindex": 1},
				"up": {"uv": [2.5, 2.5, 0, 0], "texture": "#0", "tintindex": 1}
			}
		},
		{
			"from": [6, 8, 6],
			"to": [10, 13, 10],
			"rotation": {"angle": 0, "axis": "y", "origin": [7, 8, 7]},
			"faces": {
				"north": {"uv": [0, 14.75, 1, 16], "texture": "#0"},
				"east": {"uv": [0, 14.75, 1, 16], "texture": "#0"},
				"south": {"uv": [0, 14.75, 1, 16], "texture": "#0"},
				"west": {"uv": [0, 14.75, 1, 16], "texture": "#0"},
				"up": {"uv": [6.75, 7.5, 5.75, 6.5], "texture": "#0"},
				"down": {"uv": [7.75, 6.5, 6.75, 7.5], "texture": "#0"}
			}
		},
		{
			"from": [6.5, 13, 6.5],
			"to": [9.5, 21, 9.5],
			"rotation": {"angle": 0, "axis": "y", "origin": [7, 8, 7]},
			"faces": {
				"north": {"uv": [0, 14, 0.75, 16], "texture": "#0"},
				"east": {"uv": [0, 14, 0.75, 16], "texture": "#0"},
				"south": {"uv": [0, 14, 0.75, 16], "texture": "#0"},
				"west": {"uv": [0, 14, 0.75, 16], "texture": "#0"},
				"up": {"uv": [8.25, 5.75, 7.5, 5], "texture": "#0"},
				"down": {"uv": [6.5, 7.5, 5.75, 8.25], "texture": "#0"}
			}
		},
		{
			"from": [5.31802, 21.11091, 7],
			"to": [7.31802, 27.11091, 9],
			"rotation": {"angle": -22.5, "axis": "z", "origin": [5.31802, 16.11091, 7]},
			"faces": {
				"north": {"uv": [0, 14.5, 0.5, 16], "texture": "#0"},
				"east": {"uv": [0, 14.5, 0.5, 16], "texture": "#0"},
				"south": {"uv": [0, 14.5, 0.5, 16], "texture": "#0"},
				"west": {"uv": [0, 14.5, 0.5, 16], "texture": "#0"},
				"up": {"uv": [7.5, 8.5, 7, 8], "texture": "#0"},
				"down": {"uv": [8, 8, 7.5, 8.5], "texture": "#0"}
			}
		},
		{
			"from": [0.31802, 10.11091, 7],
			"to": [6.31802, 12.11091, 9],
			"rotation": {"angle": -45, "axis": "z", "origin": [11.31802, 10.11091, 7]},
			"faces": {
				"north": {"uv": [0, 14.5, 0.5, 16], "rotation": 90, "texture": "#0"},
				"east": {"uv": [8, 8, 8.5, 8.5], "texture": "#0"},
				"south": {"uv": [0, 14.5, 0.5, 16], "rotation": 90, "texture": "#0"},
				"west": {"uv": [8.25, 5, 8.75, 5.5], "texture": "#0"},
				"up": {"uv": [0.5, 16, 0, 14.5], "rotation": 90, "texture": "#0"},
				"down": {"uv": [0, 16, 0.5, 14.5], "rotation": 90, "texture": "#0"}
			}
		},
		{
			"from": [9.31802, 4.11091, 7],
			"to": [15.31802, 6.11091, 9],
			"rotation": {"angle": 45, "axis": "z", "origin": [4.31802, 6.11091, 7]},
			"faces": {
				"north": {"uv": [0, 14.5, 0.5, 16], "rotation": 90, "texture": "#0"},
				"east": {"uv": [2, 8.5, 2.5, 9], "texture": "#0"},
				"south": {"uv": [0, 14.5, 0.5, 16], "rotation": 90, "texture": "#0"},
				"west": {"uv": [2.5, 8.5, 3, 9], "texture": "#0"},
				"up": {"uv": [0.5, 16, 0, 14.5], "rotation": 90, "texture": "#0"},
				"down": {"uv": [0, 16, 0.5, 14.5], "rotation": 90, "texture": "#0"}
			}
		},
		{
			"from": [7.06802, 11.11091, 10],
			"to": [9.06802, 14.11091, 12],
			"rotation": {"angle": -45, "axis": "x", "origin": [7.06802, 6.11091, 10]},
			"faces": {
				"north": {"uv": [0, 15.25, 0.5, 16], "texture": "#0"},
				"east": {"uv": [0, 15.25, 0.5, 16], "texture": "#0"},
				"south": {"uv": [0, 15.25, 0.5, 16], "texture": "#0"},
				"west": {"uv": [0, 15.25, 0.5, 16], "texture": "#0"},
				"up": {"uv": [6.25, 8.75, 5.75, 8.25], "texture": "#0"},
				"down": {"uv": [8.75, 6.5, 8.25, 7], "texture": "#0"}
			}
		},
		{
			"from": [7.06802, 15.11091, 7],
			"to": [9.06802, 17.11091, 12],
			"rotation": {"angle": -22.5, "axis": "x", "origin": [7.06802, 17.11091, 3]},
			"faces": {
				"north": {"uv": [8.25, 7, 8.75, 7.5], "texture": "#0"},
				"east": {"uv": [0, 14.75, 0.5, 16], "rotation": 90, "texture": "#0"},
				"south": {"uv": [1.5, 8.5, 2, 9], "texture": "#0"},
				"west": {"uv": [0, 14.75, 0.5, 16], "rotation": 90, "texture": "#0"},
				"up": {"uv": [0.5, 16, 0, 14.75], "texture": "#0"},
				"down": {"uv": [0.5, 14.75, 0, 16], "texture": "#0"}
			}
		}
	],
	"display": {
		"thirdperson_righthand": {
			"rotation": [75, 45, 0],
			"translation": [0, 2.5, 0],
			"scale": [0.375, 0.375, 0.375]
		},
		"thirdperson_lefthand": {
			"rotation": [75, 45, 0],
			"translation": [0, 2.5, 0],
			"scale": [0.375, 0.375, 0.375]
		},
		"firstperson_righthand": {
			"rotation": [0, 135, 0],
			"translation": [0, 3.75, 0],
			"scale": [0.4, 0.4, 0.4]
		},
		"firstperson_lefthand": {
			"rotation": [0, 135, 0],
			"translation": [0, 3.75, 0],
			"scale": [0.4, 0.4, 0.4]
		},
		"ground": {
			"translation": [0, 3, 0],
			"scale": [0.25, 0.25, 0.25]
		},
		"gui": {
			"rotation": [30, 225, 0],
			"translation": [0, -1.5, 0],
			"scale": [0.5, 0.5, 0.5]
		},
		"head": {
			"translation": [0, 15.25, 0]
		},
		"fixed": {
			"rotation": [-90, 0, 0],
			"translation": [0, 0, -16],
			"scale": [2, 2, 2]
		}
	}
}