{
	"credit": "Made with Blockbench",
	"texture_size": [64, 64],
	"textures": {
		"0": "af/af011",
		"particle": "af/af011"
	},
	"elements": [
		{
			"from": [3, 1, 5],
			"to": [13, 3, 11],
			"rotation": {"angle": 0, "axis": "y", "origin": [7, 0, 7]},
			"faces": {
				"north": {"uv": [6, 5.75, 8.5, 6.25], "texture": "#0", "tintindex": 1},
				"east": {"uv": [6.5, 2.75, 8, 3.25], "texture": "#0", "tintindex": 1},
				"south": {"uv": [6, 5.75, 8.5, 6.25], "texture": "#0", "tintindex": 1},
				"west": {"uv": [6.5, 2.75, 8, 3.25], "texture": "#0", "tintindex": 1},
				"up": {"uv": [6.5, 3.25, 4, 1.75], "texture": "#0"},
				"down": {"uv": [6.5, 3.25, 4, 4.75], "texture": "#0", "tintindex": 1}
			}
		},
		{
			"from": [2.5, 1.25, 4.5],
			"to": [13.5, 3.25, 11.5],
			"rotation": {"angle": 0, "axis": "y", "origin": [7, 0.25, 7]},
			"faces": {
				"north": {"uv": [6, 4.75, 8.75, 5.25], "texture": "#0", "tintindex": 1},
				"east": {"uv": [6.5, 1.75, 8.25, 2.25], "texture": "#0", "tintindex": 1},
				"south": {"uv": [6, 4.75, 8.75, 5.25], "texture": "#0", "tintindex": 1},
				"west": {"uv": [6.5, 1.75, 8.25, 2.25], "texture": "#0", "tintindex": 1},
				"up": {"uv": [6.75, 1.75, 4, 0], "texture": "#0", "tintindex": 1}
			}
		},
		{
			"from": [4, 0, 5.5],
			"to": [12, 1, 10.5],
			"rotation": {"angle": 0, "axis": "y", "origin": [7, 0, 7]},
			"faces": {
				"north": {"uv": [6.5, 3.75, 8.5, 4], "texture": "#0", "tintindex": 1},
				"east": {"uv": [6.5, 4.25, 7.75, 4.5], "texture": "#0", "tintindex": 1},
				"south": {"uv": [6.5, 3.75, 8.5, 4], "texture": "#0", "tintindex": 1},
				"west": {"uv": [6.5, 4.25, 7.75, 4.5], "texture": "#0", "tintindex": 1},
				"down": {"uv": [6, 6, 4, 7.25], "texture": "#0", "tintindex": 1}
			}
		},
		{
			"from": [8, 2, -4],
			"to": [8, 20, 20],
			"rotation": {"angle": 45, "axis": "y", "origin": [8, 11, 8]},
			"faces": {
				"north": {"uv": [0, 0, 0, 4], "texture": "#0"},
				"east": {"uv": [0, 0, 4, 4], "texture": "#0"},
				"south": {"uv": [0, 0, 0, 4], "texture": "#0"},
				"west": {"uv": [0, 0, 4, 4], "texture": "#0"},
				"up": {"uv": [4, 0, 0, 0], "rotation": 90, "texture": "#0"},
				"down": {"uv": [4, 0, 0, 0], "rotation": 270, "texture": "#0"}
			}
		},
		{
			"from": [-4, 2, 8],
			"to": [20, 20, 8],
			"rotation": {"angle": 45, "axis": "y", "origin": [8, 11, 8]},
			"faces": {
				"north": {"uv": [0, 0, 4, 4], "texture": "#0"},
				"east": {"uv": [0, 0, 0, 4], "texture": "#0"},
				"south": {"uv": [0, 0, 4, 4], "texture": "#0"},
				"west": {"uv": [0, 0, 0, 4], "texture": "#0"},
				"up": {"uv": [4, 0, 0, 0], "texture": "#0"},
				"down": {"uv": [4, 0, 0, 0], "texture": "#0"}
			}
		}
	],
	"display": {
		"thirdperson_righthand": {
			"rotation": [75, 45, 0],
			"translation": [0, 2.5, 0],
			"scale": [0.375, 0.375, 0.375]
		},
		"thirdperson_lefthand": {
			"rotation": [75, 45, 0],
			"translation": [0, 2.5, 0],
			"scale": [0.375, 0.375, 0.375]
		},
		"firstperson_righthand": {
			"rotation": [0, 135, 0],
			"translation": [0, 3.75, 0],
			"scale": [0.4, 0.4, 0.4]
		},
		"firstperson_lefthand": {
			"rotation": [0, 135, 0],
			"translation": [0, 3.75, 0],
			"scale": [0.4, 0.4, 0.4]
		},
		"ground": {
			"translation": [0, 3, 0],
			"scale": [0.25, 0.25, 0.25]
		},
		"gui": {
			"rotation": [30, 225, 0],
			"scale": [0.625, 0.625, 0.625]
		},
		"head": {
			"translation": [0, 15.25, 0]
		},
		"fixed": {
			"rotation": [-90, 0, 0],
			"translation": [0, 0, -16],
			"scale": [2, 2, 2]
		}
	}
}