{
	"credit": "Made with Blockbench",
	"textures": {
		"0": "af/af016",
		"particle": "af/af016"
	},
	"elements": [
		{
			"from": [2, 1, 4],
			"to": [14, 7, 12],
			"rotation": {"angle": 0, "axis": "y", "origin": [7, 0, 2]},
			"faces": {
				"north": {"uv": [0, 6, 3, 7.5], "texture": "#0", "tintindex": 1},
				"east": {"uv": [6, 7, 8, 8.5], "texture": "#0", "tintindex": 1},
				"south": {"uv": [0, 6, 3, 7.5], "texture": "#0", "tintindex": 1},
				"west": {"uv": [6, 7, 8, 8.5], "texture": "#0", "tintindex": 1},
				"up": {"uv": [6, 2, 3, 0], "texture": "#0", "tintindex": 1},
				"down": {"uv": [6, 2, 3, 4], "texture": "#0", "tintindex": 1}
			}
		},
		{
			"from": [4, 0, 4],
			"to": [12, 1, 12],
			"rotation": {"angle": 0, "axis": "y", "origin": [7, 0, 2]},
			"faces": {
				"north": {"uv": [9, 2.25, 11, 2.5], "texture": "#0", "tintindex": 1},
				"east": {"uv": [9, 2.25, 11, 2.5], "texture": "#0", "tintindex": 1},
				"south": {"uv": [9, 2.25, 11, 2.5], "texture": "#0", "tintindex": 1},
				"west": {"uv": [9, 2.25, 11, 2.5], "texture": "#0", "tintindex": 1},
				"down": {"uv": [5.5, 2, 3.5, 4], "texture": "#0", "tintindex": 1}
			}
		},
		{
			"from": [4, 1, 2],
			"to": [12, 7, 14],
			"rotation": {"angle": 0, "axis": "y", "origin": [7, 0, 2]},
			"faces": {
				"north": {"uv": [6, 7, 8, 8.5], "texture": "#0", "tintindex": 1},
				"east": {"uv": [6, 1.5, 9, 3], "texture": "#0", "tintindex": 1},
				"south": {"uv": [6, 7, 8, 8.5], "texture": "#0", "tintindex": 1},
				"west": {"uv": [6, 1.5, 9, 3], "texture": "#0", "tintindex": 1},
				"up": {"uv": [5, 7, 3, 4], "texture": "#0", "tintindex": 1},
				"down": {"uv": [3, 4, 6, 2], "rotation": 90, "texture": "#0", "tintindex": 1}
			}
		},
		{
			"from": [4, 1, 4],
			"to": [12, 6.5, 12],
			"rotation": {"angle": 0, "axis": "y", "origin": [7, -0.5, 2]},
			"faces": {
				"north": {"uv": [0, 3.25, 2, 4.5], "texture": "#0"},
				"east": {"uv": [0, 3.25, 2, 4.5], "texture": "#0"},
				"south": {"uv": [0, 3.25, 2, 4.5], "texture": "#0"},
				"west": {"uv": [0, 3.25, 2, 4.5], "texture": "#0"},
				"up": {"uv": [2.5, 2.5, 0.5, 0.5], "texture": "#0"},
				"down": {"uv": [2, 3.25, 0, 4.5], "texture": "#0"}
			}
		},
		{
			"from": [6.5, 6, 6.5],
			"to": [9.5, 14, 9.5],
			"rotation": {"angle": 0, "axis": "y", "origin": [8, 7.69134, 6.96194]},
			"faces": {
				"north": {"uv": [4, 8.5, 4.75, 10.5], "texture": "#0"},
				"east": {"uv": [4, 8.5, 4.75, 10.5], "texture": "#0"},
				"south": {"uv": [4, 8.5, 4.75, 10.5], "texture": "#0"},
				"west": {"uv": [4, 8.5, 4.75, 10.5], "texture": "#0"},
				"up": {"uv": [4, 9.75, 4.75, 10.5], "texture": "#0"},
				"down": {"uv": [0, 0, 3, 3], "texture": "#0"}
			}
		},
		{
			"from": [6.25, 13, 7],
			"to": [8.25, 16, 9],
			"rotation": {"angle": -45, "axis": "z", "origin": [6.75, 10.69134, 6.46194]},
			"faces": {
				"north": {"uv": [4, 8.5, 4.75, 9.25], "texture": "#0"},
				"east": {"uv": [4, 8.5, 4.75, 9.25], "texture": "#0"},
				"south": {"uv": [4, 8.5, 4.75, 9.25], "texture": "#0"},
				"west": {"uv": [4, 8.5, 4.75, 9.25], "texture": "#0"},
				"up": {"uv": [6.5, 3, 7.25, 3.75], "texture": "#0"},
				"down": {"uv": [12.5, 5.5, 14.5, 7.5], "texture": "#0"}
			}
		},
		{
			"from": [7, 14, 7],
			"to": [9, 23, 9],
			"rotation": {"angle": 0, "axis": "y", "origin": [8, 13.69134, 6.96194]},
			"faces": {
				"north": {"uv": [4, 8.5, 4.5, 10.75], "texture": "#0"},
				"east": {"uv": [4, 8.5, 4.5, 10.75], "texture": "#0"},
				"south": {"uv": [4, 8.5, 4.5, 10.75], "texture": "#0"},
				"west": {"uv": [4, 8.5, 4.5, 10.75], "texture": "#0"},
				"up": {"uv": [4, 8.5, 4.5, 9], "texture": "#0"},
				"down": {"uv": [12.5, 5.5, 14.5, 7.5], "texture": "#0"}
			}
		},
		{
			"from": [7.25, 21.5, 7.25],
			"to": [8.75, 27.5, 8.75],
			"rotation": {"angle": -45, "axis": "z", "origin": [8, 21.19134, 6.96194]},
			"faces": {
				"north": {"uv": [4, 8.5, 4.5, 10], "texture": "#0"},
				"east": {"uv": [4, 8.5, 4.5, 10], "texture": "#0"},
				"south": {"uv": [4, 8.5, 4.5, 10], "texture": "#0"},
				"west": {"uv": [4, 8.5, 4.5, 10], "texture": "#0"},
				"up": {"uv": [6.5, 3, 7, 3.5], "rotation": 180, "texture": "#0"},
				"down": {"uv": [12.5, 5.5, 14, 7], "texture": "#0"}
			}
		},
		{
			"from": [7.25, 21.5, 7.25],
			"to": [8.75, 27.5, 8.75],
			"rotation": {"angle": 45, "axis": "z", "origin": [8, 21.19134, 6.96194]},
			"faces": {
				"north": {"uv": [4, 8.5, 4.5, 10], "texture": "#0"},
				"east": {"uv": [4, 8.5, 4.5, 10], "texture": "#0"},
				"south": {"uv": [4, 8.5, 4.5, 10], "texture": "#0"},
				"west": {"uv": [4, 8.5, 4.5, 10], "texture": "#0"},
				"up": {"uv": [6.5, 3, 7, 3.5], "texture": "#0"},
				"down": {"uv": [12.5, 5.5, 14, 7], "texture": "#0"}
			}
		},
		{
			"from": [7, 5.87955, 4.5021],
			"to": [9, 7.87955, 6.5021],
			"rotation": {"angle": -22.5, "axis": "x", "origin": [8, 7.69134, 6.96194]},
			"faces": {
				"north": {"uv": [6.5, 3, 7, 3.5], "rotation": 90, "texture": "#0"},
				"east": {"uv": [4, 8.5, 4.5, 9], "rotation": 90, "texture": "#0"},
				"south": {"uv": [4, 8.5, 4.5, 9], "rotation": 90, "texture": "#0"},
				"west": {"uv": [4, 8.5, 4.5, 9], "rotation": 180, "texture": "#0"},
				"up": {"uv": [4, 8.5, 4.5, 9], "texture": "#0"},
				"down": {"uv": [4, 8.5, 4.5, 9], "rotation": 90, "texture": "#0"}
			}
		},
		{
			"from": [7, 4.67955, 9.2521],
			"to": [9, 6.67955, 11.2521],
			"rotation": {"angle": 22.5, "axis": "x", "origin": [8, 6.49134, 11.71194]},
			"faces": {
				"north": {"uv": [4, 8.5, 4.5, 9], "rotation": 90, "texture": "#0"},
				"east": {"uv": [4, 8.5, 4.5, 9], "rotation": 90, "texture": "#0"},
				"south": {"uv": [6.5, 3, 7, 3.5], "rotation": 90, "texture": "#0"},
				"west": {"uv": [4, 8.5, 4.5, 9], "rotation": 90, "texture": "#0"},
				"up": {"uv": [4, 8.5, 4.5, 9], "texture": "#0"},
				"down": {"uv": [4, 8.5, 4.5, 9], "rotation": 90, "texture": "#0"}
			}
		},
		{
			"from": [9.25, 5.15, 7],
			"to": [11.25, 7.15, 9],
			"rotation": {"angle": -22.5, "axis": "z", "origin": [10.25, 6.96179, 9.45984]},
			"faces": {
				"north": {"uv": [4, 8.5, 4.5, 9], "rotation": 90, "texture": "#0"},
				"east": {"uv": [6.5, 3, 7, 3.5], "rotation": 90, "texture": "#0"},
				"south": {"uv": [4, 8.5, 4.5, 9], "rotation": 90, "texture": "#0"},
				"west": {"uv": [4, 8.5, 4.5, 9], "rotation": 90, "texture": "#0"},
				"up": {"uv": [4, 8.5, 4.5, 9], "rotation": 90, "texture": "#0"},
				"down": {"uv": [4, 8.5, 4.5, 9], "rotation": 90, "texture": "#0"}
			}
		},
		{
			"from": [4.75, 5.17955, 7.0021],
			"to": [6.75, 7.17955, 9.0021],
			"rotation": {"angle": 22.5, "axis": "z", "origin": [5.75, 6.99134, 9.46194]},
			"faces": {
				"north": {"uv": [4, 8.5, 4.5, 9], "rotation": 90, "texture": "#0"},
				"east": {"uv": [4, 8.5, 4.5, 9], "rotation": 90, "texture": "#0"},
				"south": {"uv": [4, 8.5, 4.5, 9], "rotation": 90, "texture": "#0"},
				"west": {"uv": [6.5, 3, 7, 3.5], "rotation": 90, "texture": "#0"},
				"up": {"uv": [4, 8.5, 4.5, 9], "rotation": 90, "texture": "#0"},
				"down": {"uv": [4, 8.5, 4.5, 9], "rotation": 90, "texture": "#0"}
			}
		}
	],
	"display": {
		"thirdperson_righthand": {
			"rotation": [75, 45, 0],
			"translation": [0, 2.5, 0],
			"scale": [0.375, 0.375, 0.375]
		},
		"thirdperson_lefthand": {
			"rotation": [75, 45, 0],
			"translation": [0, 2.5, 0],
			"scale": [0.375, 0.375, 0.375]
		},
		"firstperson_righthand": {
			"rotation": [0, 135, 0],
			"translation": [0, 3.75, 0],
			"scale": [0.4, 0.4, 0.4]
		},
		"firstperson_lefthand": {
			"rotation": [0, 135, 0],
			"translation": [0, 3.75, 0],
			"scale": [0.4, 0.4, 0.4]
		},
		"ground": {
			"translation": [0, 3, 0],
			"scale": [0.25, 0.25, 0.25]
		},
		"gui": {
			"rotation": [30, 225, 0],
			"translation": [0, -2.75, 0],
			"scale": [0.5, 0.5, 0.5]
		},
		"head": {
			"translation": [0, 15.25, 0]
		},
		"fixed": {
			"rotation": [-90, 0, 0],
			"translation": [0, 0, -16],
			"scale": [2, 2, 2]
		}
	}
}