{
	"credit": "Made with Blockbench",
	"texture_size": [64, 64],
	"textures": {
		"0": "af/af015",
		"particle": "af/af015"
	},
	"elements": [
		{
			"from": [3, 1, 3],
			"to": [13, 7, 13],
			"rotation": {"angle": 0, "axis": "y", "origin": [3, 0, 3]},
			"faces": {
				"north": {"uv": [2.5, 4.25, 5, 5.75], "texture": "#0", "tintindex": 1},
				"east": {"uv": [2.5, 4.25, 5, 5.75], "texture": "#0", "tintindex": 1},
				"south": {"uv": [2.5, 4.25, 5, 5.75], "texture": "#0", "tintindex": 1},
				"west": {"uv": [2.5, 4.25, 5, 5.75], "texture": "#0", "tintindex": 1},
				"up": {"uv": [2.5, 2.5, 0, 0], "texture": "#0", "tintindex": 1},
				"down": {"uv": [2.5, 2.5, 0, 5], "texture": "#0", "tintindex": 1}
			}
		},
		{
			"from": [4, 7, 4],
			"to": [12, 6, 12],
			"rotation": {"angle": 0, "axis": "y", "origin": [3, 0, 3]},
			"faces": {
				"north": {"uv": [6.5, 4.5, 8.5, 4.75], "texture": "#0", "tintindex": 1},
				"east": {"uv": [6.5, 4.5, 8.5, 4.75], "texture": "#0", "tintindex": 1},
				"south": {"uv": [6.5, 4.5, 8.5, 4.75], "texture": "#0", "tintindex": 1},
				"west": {"uv": [6.5, 4.5, 8.5, 4.75], "texture": "#0", "tintindex": 1},
				"up": {"uv": [4.5, 4.25, 2.5, 2.25], "texture": "#0"}
			}
		},
		{
			"from": [3.5, 0, 3.5],
			"to": [12.5, 1, 12.5],
			"rotation": {"angle": 0, "axis": "y", "origin": [3, 0, 3]},
			"faces": {
				"north": {"uv": [4.75, 2, 7, 2.25], "texture": "#0", "tintindex": 1},
				"east": {"uv": [4.75, 2, 7, 2.25], "texture": "#0", "tintindex": 1},
				"south": {"uv": [4.75, 2, 7, 2.25], "texture": "#0", "tintindex": 1},
				"west": {"uv": [4.75, 2, 7, 2.25], "texture": "#0", "tintindex": 1},
				"down": {"uv": [4.75, 0, 2.5, 2.25], "texture": "#0", "tintindex": 1}
			}
		},
		{
			"from": [7, 6, 7],
			"to": [9, 21, 9],
			"rotation": {"angle": 0, "axis": "y", "origin": [7, 6, 7]},
			"faces": {
				"north": {"uv": [5, 3.75, 5.5, 7.5], "texture": "#0"},
				"east": {"uv": [5, 3.75, 5.5, 7.5], "texture": "#0"},
				"south": {"uv": [5, 3.75, 5.5, 7.5], "texture": "#0"},
				"west": {"uv": [5, 3.75, 5.5, 7.5], "texture": "#0"},
				"up": {"uv": [6, 4.25, 5.5, 3.75], "texture": "#0"},
				"down": {"uv": [7.75, 1.25, 7.25, 1.75], "texture": "#0"}
			}
		},
		{
			"from": [7.25, 21, 7.25],
			"to": [8.75, 30, 8.75],
			"rotation": {"angle": 0, "axis": "y", "origin": [7, 14, 7]},
			"faces": {
				"north": {"uv": [5, 3.75, 5.5, 6], "texture": "#0"},
				"east": {"uv": [5, 3.75, 5.5, 6], "texture": "#0"},
				"south": {"uv": [5, 3.75, 5.5, 6], "texture": "#0"},
				"west": {"uv": [5, 3.75, 5.5, 6], "texture": "#0"},
				"up": {"uv": [6, 4.25, 5.5, 3.75], "texture": "#0"},
				"down": {"uv": [8, 0.5, 7.5, 1], "texture": "#0"}
			}
		},
		{
			"from": [12.36396, 9.94975, 7.25],
			"to": [13.86396, 13.94975, 8.75],
			"rotation": {"angle": -45, "axis": "z", "origin": [13.36396, 17.94975, 8]},
			"faces": {
				"north": {"uv": [5, 3.75, 5.5, 4.75], "texture": "#0"},
				"east": {"uv": [5, 3.75, 5.5, 4.75], "texture": "#0"},
				"south": {"uv": [5, 3.75, 5.5, 4.75], "texture": "#0"},
				"west": {"uv": [5, 3.75, 5.5, 4.75], "texture": "#0"},
				"up": {"uv": [6, 4.25, 5.5, 3.75], "texture": "#0"},
				"down": {"uv": [7, 7.25, 6.5, 7.75], "texture": "#0"}
			}
		},
		{
			"from": [1.36396, 16.94975, 7.25],
			"to": [2.86396, 19.94975, 8.75],
			"rotation": {"angle": 45, "axis": "z", "origin": [2.36396, 24.94975, 8]},
			"faces": {
				"north": {"uv": [5, 3.75, 5.5, 4.5], "texture": "#0"},
				"east": {"uv": [5, 3.75, 5.5, 4.5], "texture": "#0"},
				"south": {"uv": [5, 3.75, 5.5, 4.5], "texture": "#0"},
				"west": {"uv": [5, 3.75, 5.5, 4.5], "texture": "#0"},
				"up": {"uv": [6, 4.25, 5.5, 3.75], "rotation": 180, "texture": "#0"},
				"down": {"uv": [7.75, 7, 7.25, 7.5], "texture": "#0"}
			}
		},
		{
			"from": [7.51396, 22.94975, 1.5],
			"to": [8.51396, 27.94975, 3],
			"rotation": {"angle": -45, "axis": "x", "origin": [8.26396, 30.94975, 2.25]},
			"faces": {
				"north": {"uv": [5, 3.75, 5.5, 5], "texture": "#0"},
				"east": {"uv": [5, 3.75, 5.5, 5], "texture": "#0"},
				"south": {"uv": [5, 3.75, 5.5, 5], "texture": "#0"},
				"west": {"uv": [5, 3.75, 5.5, 5], "texture": "#0"},
				"up": {"uv": [6, 4.25, 5.5, 3.75], "texture": "#0"},
				"down": {"uv": [2, 7.5, 1.75, 8], "texture": "#0"}
			}
		},
		{
			"from": [7.51396, 27.94975, 6],
			"to": [8.51396, 29.44975, 11],
			"rotation": {"angle": -45, "axis": "x", "origin": [8.26396, 28.69975, 14]},
			"faces": {
				"north": {"uv": [7.5, 1.75, 7.75, 2.25], "texture": "#0"},
				"east": {"uv": [5, 3.75, 5.5, 5], "rotation": 90, "texture": "#0"},
				"south": {"uv": [5.5, 3.75, 6, 4.25], "texture": "#0"},
				"west": {"uv": [5, 3.75, 5.5, 5], "rotation": 90, "texture": "#0"},
				"up": {"uv": [5.5, 5, 5, 3.75], "texture": "#0"},
				"down": {"uv": [5.5, 3.75, 5, 5], "texture": "#0"}
			}
		}
	],
	"display": {
		"thirdperson_righthand": {
			"rotation": [75, 45, 0],
			"translation": [0, 2.5, 0],
			"scale": [0.375, 0.375, 0.375]
		},
		"thirdperson_lefthand": {
			"rotation": [75, 45, 0],
			"translation": [0, 2.5, 0],
			"scale": [0.375, 0.375, 0.375]
		},
		"firstperson_righthand": {
			"rotation": [0, 135, 0],
			"translation": [0, 3.75, 0],
			"scale": [0.4, 0.4, 0.4]
		},
		"firstperson_lefthand": {
			"rotation": [0, 135, 0],
			"translation": [0, 3.75, 0],
			"scale": [0.4, 0.4, 0.4]
		},
		"ground": {
			"translation": [0, 3, 0],
			"scale": [0.25, 0.25, 0.25]
		},
		"gui": {
			"rotation": [30, 225, 0],
			"translation": [0, -2.25, 0],
			"scale": [0.5, 0.5, 0.5]
		},
		"head": {
			"translation": [0, 15.25, 0]
		},
		"fixed": {
			"rotation": [-90, 0, 0],
			"translation": [0, 0, -16],
			"scale": [2, 2, 2]
		}
	}
}