{
	"credit": "Made with Blockbench",
	"texture_size": [64, 64],
	"textures": {
		"0": "af/af014",
		"particle": "af/af014"
	},
	"elements": [
		{
			"from": [3, 6, 4],
			"to": [13, 4, 12],
			"rotation": {"angle": 0, "axis": "y", "origin": [0, 22, 0]},
			"faces": {
				"north": {"uv": [10.5, 7.25, 13, 7.75], "texture": "#0", "tintindex": 1},
				"east": {"uv": [11, 6, 13, 6.5], "texture": "#0", "tintindex": 1},
				"south": {"uv": [10.5, 7.25, 13, 7.75], "texture": "#0", "tintindex": 1},
				"west": {"uv": [11, 6, 13, 6.5], "texture": "#0", "tintindex": 1},
				"up": {"uv": [10.5, 4, 8, 2], "texture": "#0"}
			}
		},
		{
			"from": [3, 0, 4],
			"to": [13, 6, 4],
			"rotation": {"angle": 0, "axis": "y", "origin": [0, 0, -8]},
			"faces": {
				"north": {"uv": [10.75, 0, 13.25, 1.5], "texture": "#0"}
			}
		},
		{
			"from": [3, 0, 4],
			"to": [13, 6, 12],
			"faces": {
				"north": {"uv": [8, 6, 10.5, 7.5], "texture": "#0", "tintindex": 1},
				"east": {"uv": [10, 9, 8, 10.5], "texture": "#0", "tintindex": 1},
				"south": {"uv": [8, 7.5, 10.5, 9], "texture": "#0", "tintindex": 1},
				"west": {"uv": [8, 9, 10, 10.5], "texture": "#0", "tintindex": 1},
				"down": {"uv": [10.5, 4, 8, 6], "texture": "#0", "tintindex": 1}
			}
		},
		{
			"from": [2.5, 2.25, 4],
			"to": [13.5, 6.25, 12],
			"rotation": {"angle": 0, "axis": "y", "origin": [0.5, 0.25, 0]},
			"faces": {
				"east": {"uv": [10.5, 2, 12.5, 3], "texture": "#0", "tintindex": 1},
				"west": {"uv": [10.5, 2, 12.5, 3], "texture": "#0", "tintindex": 1},
				"up": {"uv": [10.75, 2, 8, 0], "texture": "#0", "tintindex": 1}
			}
		},
		{
			"from": [6.5, 4, 6.5],
			"to": [9.5, 12, 9.5],
			"rotation": {"angle": 0, "axis": "y", "origin": [7, 4, 7]},
			"faces": {
				"north": {"uv": [8, 10.5, 8.75, 12.5], "texture": "#0"},
				"east": {"uv": [8, 10.5, 8.75, 12.5], "texture": "#0"},
				"south": {"uv": [8, 10.5, 8.75, 12.5], "texture": "#0"},
				"west": {"uv": [8, 10.5, 8.75, 12.5], "texture": "#0"},
				"up": {"uv": [9.25, 13.25, 8.5, 12.5], "texture": "#0"},
				"down": {"uv": [12.25, 1.25, 11.5, 2], "texture": "#0"}
			}
		},
		{
			"from": [7, 12, 7],
			"to": [9, 25, 9],
			"rotation": {"angle": 0, "axis": "y", "origin": [7.6512, 20.14905, 6.86091]},
			"faces": {
				"north": {"uv": [8, 10.5, 8.5, 13.75], "texture": "#0"},
				"east": {"uv": [8, 10.5, 8.5, 13.75], "texture": "#0"},
				"south": {"uv": [8, 10.5, 8.5, 13.75], "texture": "#0"},
				"west": {"uv": [8, 10.5, 8.5, 13.75], "texture": "#0"},
				"up": {"uv": [9, 13.75, 8.5, 13.25], "texture": "#0"},
				"down": {"uv": [9, 13.25, 8.5, 13.75], "texture": "#0"}
			}
		},
		{
			"from": [5.17481, 21.70451, 7.25],
			"to": [6.92481, 26.70451, 8.75],
			"rotation": {"angle": -45, "axis": "z", "origin": [7.6512, 20.14905, 6.86091]},
			"faces": {
				"north": {"uv": [8, 12.5, 8.5, 13.75], "texture": "#0"},
				"east": {"uv": [8, 12.5, 8.5, 13.75], "texture": "#0"},
				"south": {"uv": [8, 12.5, 8.5, 13.75], "texture": "#0"},
				"west": {"uv": [8, 12.5, 8.5, 13.75], "texture": "#0"},
				"up": {"uv": [9, 13.75, 8.5, 13.25], "texture": "#0"},
				"down": {"uv": [13.25, 6.5, 12.75, 7], "texture": "#0"}
			}
		},
		{
			"from": [7.28249, 17.97779, 4.82874],
			"to": [8.78249, 22.97779, 6.32874],
			"rotation": {"angle": -45, "axis": "x", "origin": [7.6512, 20.14905, 6.86091]},
			"faces": {
				"north": {"uv": [8, 12.5, 8.5, 13.75], "texture": "#0"},
				"east": {"uv": [8, 12.5, 8.5, 13.75], "texture": "#0"},
				"south": {"uv": [8, 12.5, 8.5, 13.75], "texture": "#0"},
				"west": {"uv": [8, 12.5, 8.5, 13.75], "texture": "#0"},
				"up": {"uv": [9, 13.75, 8.5, 13.25], "texture": "#0"},
				"down": {"uv": [13, 10, 12.75, 10.5], "texture": "#0"}
			}
		},
		{
			"from": [7.28249, 18.97779, 8.32874],
			"to": [8.78249, 23.97779, 9.82874],
			"rotation": {"angle": 45, "axis": "x", "origin": [7.6512, 21.14905, 10.36091]},
			"faces": {
				"north": {"uv": [8, 12.5, 8.5, 13.75], "texture": "#0"},
				"east": {"uv": [8, 12.5, 8.5, 13.75], "texture": "#0"},
				"south": {"uv": [8, 12.5, 8.5, 13.75], "texture": "#0"},
				"west": {"uv": [8, 12.5, 8.5, 13.75], "texture": "#0"},
				"up": {"uv": [9, 13.75, 8.5, 13.25], "texture": "#0"},
				"down": {"uv": [11, 12.5, 10.75, 13], "texture": "#0"}
			}
		},
		{
			"from": [10.83166, 16.04765, 7.25],
			"to": [12.58166, 21.04765, 8.75],
			"rotation": {"angle": -45, "axis": "z", "origin": [7.6512, 20.14905, 6.86091]},
			"faces": {
				"north": {"uv": [8, 12.5, 8.5, 13.75], "texture": "#0"},
				"east": {"uv": [8, 12.5, 8.5, 13.75], "texture": "#0"},
				"south": {"uv": [8, 12.5, 8.5, 13.75], "texture": "#0"},
				"west": {"uv": [8, 12.5, 8.5, 13.75], "texture": "#0"},
				"up": {"uv": [9, 13.75, 8.5, 13.25], "texture": "#0"},
				"down": {"uv": [13.25, 3.75, 12.75, 4.25], "texture": "#0"}
			}
		},
		{
			"from": [4.83166, 7.04765, 7.25],
			"to": [6.58166, 10.04765, 8.75],
			"rotation": {"angle": 45, "axis": "z", "origin": [1.6512, 11.14905, 6.86091]},
			"faces": {
				"north": {"uv": [8, 13, 8.5, 13.75], "texture": "#0"},
				"east": {"uv": [8, 13, 8.5, 13.75], "texture": "#0"},
				"south": {"uv": [8, 13, 8.5, 13.75], "texture": "#0"},
				"west": {"uv": [8, 13, 8.5, 13.75], "texture": "#0"},
				"up": {"uv": [9, 13.75, 8.5, 13.25], "texture": "#0"},
				"down": {"uv": [12.5, 12.5, 12, 13], "texture": "#0"}
			}
		},
		{
			"from": [7.83839, 19.16529, 7.25],
			"to": [9.58839, 24.16529, 8.75],
			"rotation": {"angle": 45, "axis": "z", "origin": [7.6512, 18.14905, 6.86091]},
			"faces": {
				"north": {"uv": [8, 12.5, 8.5, 13.75], "texture": "#0"},
				"east": {"uv": [8, 12.5, 8.5, 13.75], "texture": "#0"},
				"south": {"uv": [8, 12.5, 8.5, 13.75], "texture": "#0"},
				"west": {"uv": [8, 12.5, 8.5, 13.75], "texture": "#0"},
				"up": {"uv": [9, 13.75, 8.5, 13.25], "texture": "#0"},
				"down": {"uv": [13.25, 4.75, 12.75, 5.25], "texture": "#0"}
			}
		}
	],
	"display": {
		"thirdperson_righthand": {
			"rotation": [75, 45, 0],
			"translation": [0, 2.5, 0],
			"scale": [0.375, 0.375, 0.375]
		},
		"thirdperson_lefthand": {
			"rotation": [75, 45, 0],
			"translation": [0, 2.5, 0],
			"scale": [0.375, 0.375, 0.375]
		},
		"firstperson_righthand": {
			"rotation": [0, 135, 0],
			"translation": [0, 3.75, 0],
			"scale": [0.4, 0.4, 0.4]
		},
		"firstperson_lefthand": {
			"rotation": [0, 135, 0],
			"translation": [0, 3.75, 0],
			"scale": [0.4, 0.4, 0.4]
		},
		"ground": {
			"translation": [0, 3, 0],
			"scale": [0.25, 0.25, 0.25]
		},
		"gui": {
			"rotation": [30, 225, 0],
			"translation": [0, -1.75, 0],
			"scale": [0.5, 0.5, 0.5]
		},
		"head": {
			"translation": [0, 15.25, 0]
		},
		"fixed": {
			"rotation": [-90, 0, 0],
			"translation": [0, 0, -16],
			"scale": [2, 2, 2]
		}
	}
}