{
	"credit": "Made with Blockbench",
	"texture_size": [64, 64],
	"textures": {
		"0": "af/af018",
		"particle": "af/af018"
	},
	"elements": [
		{
			"from": [0.975, 5, 0.975],
			"to": [15.025, 9.025, 15.025],
			"faces": {
				"north": {"uv": [3.5, 3.5, 7, 4.5], "texture": "#0"},
				"east": {"uv": [3.5, 4.5, 7, 5.5], "texture": "#0"},
				"south": {"uv": [3.5, 3.5, 7, 4.5], "texture": "#0"},
				"west": {"uv": [3.5, 4.5, 7, 5.5], "texture": "#0"},
				"up": {"uv": [3.5, 3.5, 0, 0], "texture": "#0"}
			}
		},
		{
			"from": [1, 5, 1],
			"to": [15, 9, 15],
			"faces": {
				"north": {"uv": [7, 1, 10.5, 2], "texture": "#0", "tintindex": 1},
				"east": {"uv": [7, 0, 10.5, 1], "texture": "#0", "tintindex": 1},
				"south": {"uv": [10.5, 1, 7, 2], "texture": "#0", "tintindex": 1},
				"west": {"uv": [7, 0, 10.5, 1], "texture": "#0", "tintindex": 1},
				"up": {"uv": [3.5, 7, 0, 3.5], "texture": "#0", "tintindex": 1},
				"down": {"uv": [7, 0, 3.5, 3.5], "texture": "#0", "tintindex": 1}
			}
		},
		{
			"from": [10.30448, 1.46927, 2.025],
			"to": [14.30448, 5.46927, 6.025],
			"rotation": {"angle": 22.5, "axis": "z", "origin": [10.30448, 1.46927, 1.025]},
			"faces": {
				"north": {"uv": [7, 5, 8, 6], "texture": "#0", "tintindex": 1},
				"east": {"uv": [7, 6, 8, 7], "texture": "#0", "tintindex": 1},
				"south": {"uv": [7, 7, 8, 8], "texture": "#0", "tintindex": 1},
				"west": {"uv": [3.5, 7.5, 4.5, 8.5], "texture": "#0", "tintindex": 1},
				"up": {"uv": [5.5, 8.5, 4.5, 7.5], "texture": "#0", "tintindex": 1},
				"down": {"uv": [6.5, 7.5, 5.5, 8.5], "texture": "#0", "tintindex": 1}
			}
		},
		{
			"from": [10, 0, 2],
			"to": [14, 3, 6],
			"rotation": {"angle": 0, "axis": "y", "origin": [10, 0, 1]},
			"faces": {
				"north": {"uv": [0, 8, 1, 8.75], "texture": "#0", "tintindex": 1},
				"east": {"uv": [1, 8, 2, 8.75], "texture": "#0", "tintindex": 1},
				"south": {"uv": [2, 8, 3, 8.75], "texture": "#0", "tintindex": 1},
				"west": {"uv": [8, 3, 9, 3.75], "texture": "#0", "tintindex": 1},
				"up": {"uv": [8, 4, 7, 3], "texture": "#0", "tintindex": 1},
				"down": {"uv": [8, 4, 7, 5], "texture": "#0", "tintindex": 1}
			}
		},
		{
			"from": [1.69552, 1.46927, 9.975],
			"to": [5.69552, 5.46927, 13.975],
			"rotation": {"angle": -22.5, "axis": "z", "origin": [5.69552, 1.46927, 8.975]},
			"faces": {
				"north": {"uv": [8, 5, 7, 6], "texture": "#0", "tintindex": 1},
				"east": {"uv": [4.5, 7.5, 3.5, 8.5], "texture": "#0", "tintindex": 1},
				"south": {"uv": [8, 7, 7, 8], "texture": "#0", "tintindex": 1},
				"west": {"uv": [8, 6, 7, 7], "texture": "#0", "tintindex": 1},
				"up": {"uv": [4.5, 8.5, 5.5, 7.5], "texture": "#0", "tintindex": 1},
				"down": {"uv": [5.5, 7.5, 6.5, 8.5], "texture": "#0", "tintindex": 1}
			}
		},
		{
			"from": [2, 0, 10],
			"to": [6, 3, 14],
			"rotation": {"angle": 0, "axis": "y", "origin": [6, 0, 9]},
			"faces": {
				"north": {"uv": [1, 8, 0, 8.75], "texture": "#0", "tintindex": 1},
				"east": {"uv": [9, 3, 8, 3.75], "texture": "#0", "tintindex": 1},
				"south": {"uv": [3, 8, 2, 8.75], "texture": "#0", "tintindex": 1},
				"west": {"uv": [2, 8, 1, 8.75], "texture": "#0", "tintindex": 1},
				"up": {"uv": [7, 4, 8, 3], "texture": "#0", "tintindex": 1},
				"down": {"uv": [7, 4, 8, 5], "texture": "#0", "tintindex": 1}
			}
		},
		{
			"from": [1.69552, 1.46927, 2.025],
			"to": [5.69552, 5.46927, 6.025],
			"rotation": {"angle": -22.5, "axis": "z", "origin": [5.69552, 1.46927, 1.025]},
			"faces": {
				"north": {"uv": [8, 5, 7, 6], "texture": "#0", "tintindex": 1},
				"east": {"uv": [4.5, 7.5, 3.5, 8.5], "texture": "#0", "tintindex": 1},
				"south": {"uv": [8, 7, 7, 8], "texture": "#0", "tintindex": 1},
				"west": {"uv": [8, 6, 7, 7], "texture": "#0", "tintindex": 1},
				"up": {"uv": [4.5, 8.5, 5.5, 7.5], "texture": "#0", "tintindex": 1},
				"down": {"uv": [5.5, 7.5, 6.5, 8.5], "texture": "#0", "tintindex": 1}
			}
		},
		{
			"from": [2, 0, 2],
			"to": [6, 3, 6],
			"rotation": {"angle": 0, "axis": "y", "origin": [6, 0, 1]},
			"faces": {
				"north": {"uv": [1, 8, 0, 8.75], "texture": "#0", "tintindex": 1},
				"east": {"uv": [9, 3, 8, 3.75], "texture": "#0", "tintindex": 1},
				"south": {"uv": [3, 8, 2, 8.75], "texture": "#0", "tintindex": 1},
				"west": {"uv": [2, 8, 1, 8.75], "texture": "#0", "tintindex": 1},
				"up": {"uv": [7, 4, 8, 3], "texture": "#0", "tintindex": 1},
				"down": {"uv": [7, 4, 8, 5], "texture": "#0", "tintindex": 1}
			}
		},
		{
			"from": [10.30448, 1.46927, 9.975],
			"to": [14.30448, 5.46927, 13.975],
			"rotation": {"angle": 22.5, "axis": "z", "origin": [10.30448, 1.46927, 8.975]},
			"faces": {
				"north": {"uv": [7, 5, 8, 6], "texture": "#0", "tintindex": 1},
				"east": {"uv": [7, 6, 8, 7], "texture": "#0", "tintindex": 1},
				"south": {"uv": [7, 7, 8, 8], "texture": "#0", "tintindex": 1},
				"west": {"uv": [3.5, 7.5, 4.5, 8.5], "texture": "#0", "tintindex": 1},
				"up": {"uv": [5.5, 8.5, 4.5, 7.5], "texture": "#0", "tintindex": 1},
				"down": {"uv": [6.5, 7.5, 5.5, 8.5], "texture": "#0", "tintindex": 1}
			}
		},
		{
			"from": [10, 0, 10],
			"to": [14, 3, 14],
			"rotation": {"angle": 0, "axis": "y", "origin": [10, 0, 9]},
			"faces": {
				"north": {"uv": [0, 8, 1, 8.75], "texture": "#0", "tintindex": 1},
				"east": {"uv": [1, 8, 2, 8.75], "texture": "#0", "tintindex": 1},
				"south": {"uv": [2, 8, 3, 8.75], "texture": "#0", "tintindex": 1},
				"west": {"uv": [8, 3, 9, 3.75], "texture": "#0", "tintindex": 1},
				"up": {"uv": [8, 4, 7, 3], "texture": "#0", "tintindex": 1},
				"down": {"uv": [8, 4, 7, 5], "texture": "#0", "tintindex": 1}
			}
		},
		{
			"from": [6, 1, 3],
			"to": [10, 3, 5],
			"rotation": {"angle": 0, "axis": "y", "origin": [6, 1, 3]},
			"faces": {
				"north": {"uv": [8, 3.75, 9, 4.25], "texture": "#0", "tintindex": 1},
				"south": {"uv": [8, 3.75, 9, 4.25], "texture": "#0", "tintindex": 1},
				"up": {"uv": [8, 4.25, 9, 4.75], "texture": "#0", "tintindex": 1},
				"down": {"uv": [8, 4.75, 9, 5.25], "texture": "#0", "tintindex": 1}
			}
		},
		{
			"from": [6, 1, 11],
			"to": [10, 3, 13],
			"rotation": {"angle": 0, "axis": "y", "origin": [6, 1, 11]},
			"faces": {
				"north": {"uv": [8, 3.75, 9, 4.25], "texture": "#0", "tintindex": 1},
				"south": {"uv": [8, 3.75, 9, 4.25], "texture": "#0", "tintindex": 1},
				"up": {"uv": [8, 4.25, 9, 4.75], "texture": "#0", "tintindex": 1},
				"down": {"uv": [8, 4.75, 9, 5.25], "texture": "#0", "tintindex": 1}
			}
		},
		{
			"from": [3, 1, 6],
			"to": [5, 3, 10],
			"rotation": {"angle": 0, "axis": "y", "origin": [3, 1, 6]},
			"faces": {
				"east": {"uv": [9, 3, 10, 3.5], "texture": "#0", "tintindex": 1},
				"west": {"uv": [9, 3, 10, 3.5], "texture": "#0", "tintindex": 1},
				"up": {"uv": [9.5, 3.5, 10, 4.5], "texture": "#0", "tintindex": 1},
				"down": {"uv": [9, 3.5, 9.5, 4.5], "texture": "#0", "tintindex": 1}
			}
		},
		{
			"from": [11, 1, 6],
			"to": [13, 3, 10],
			"rotation": {"angle": 0, "axis": "y", "origin": [11, 1, 6]},
			"faces": {
				"east": {"uv": [9, 3, 10, 3.5], "texture": "#0", "tintindex": 1},
				"west": {"uv": [9, 3, 10, 3.5], "texture": "#0", "tintindex": 1},
				"up": {"uv": [9.5, 3.5, 10, 4.5], "texture": "#0", "tintindex": 1},
				"down": {"uv": [9, 3.5, 9.5, 4.5], "texture": "#0", "tintindex": 1}
			}
		}
	],
	"display": {
		"thirdperson_righthand": {
			"rotation": [75, 45, 0],
			"translation": [0, 2.5, 0],
			"scale": [0.375, 0.375, 0.375]
		},
		"thirdperson_lefthand": {
			"rotation": [75, 45, 0],
			"translation": [0, 2.5, 0],
			"scale": [0.375, 0.375, 0.375]
		},
		"firstperson_righthand": {
			"rotation": [0, 135, 0],
			"translation": [0, 3.75, 0],
			"scale": [0.4, 0.4, 0.4]
		},
		"firstperson_lefthand": {
			"rotation": [0, 135, 0],
			"translation": [0, 3.75, 0],
			"scale": [0.4, 0.4, 0.4]
		},
		"ground": {
			"translation": [0, 3, 0],
			"scale": [0.25, 0.25, 0.25]
		},
		"gui": {
			"rotation": [30, 225, 0],
			"scale": [0.625, 0.625, 0.625]
		},
		"head": {
			"translation": [0, 15.25, 0]
		},
		"fixed": {
			"rotation": [-90, 0, 0],
			"translation": [0, 0, -16],
			"scale": [2, 2, 2]
		}
	}
}