{
	"credit": "Made with Blockbench",
	"textures": {
		"0": "af/af020",
		"particle": "af/af020"
	},
	"elements": [
		{
			"from": [-2.3, 2, 6.8],
			"to": [17.7, 6, 9.8],
			"rotation": {"angle": -45, "axis": "y", "origin": [8, 0, 8]},
			"faces": {
				"north": {"uv": [0, 0, 5, 1], "texture": "#0", "tintindex": 1},
				"east": {"uv": [3.75, 7.75, 4.5, 8.75], "texture": "#0", "tintindex": 1},
				"south": {"uv": [0, 0, 5, 1], "texture": "#0", "tintindex": 1},
				"west": {"uv": [3.75, 7.75, 4.5, 8.75], "texture": "#0", "tintindex": 1},
				"up": {"uv": [0, 10.5, 0.75, 5.5], "rotation": 90, "texture": "#0", "tintindex": 1},
				"down": {"uv": [16, 0, 15.25, 0.5], "texture": "#0", "tintindex": 1}
			}
		},
		{
			"from": [6.7, 2, -2.2],
			"to": [9.7, 6, 17.8],
			"rotation": {"angle": -45, "axis": "y", "origin": [8, 0, 8]},
			"faces": {
				"north": {"uv": [3.75, 7.75, 4.5, 8.75], "texture": "#0", "tintindex": 1},
				"east": {"uv": [0, 0, 5, 1], "texture": "#0", "tintindex": 1},
				"south": {"uv": [3.75, 7.75, 4.5, 8.75], "texture": "#0", "tintindex": 1},
				"west": {"uv": [0, 0, 5, 1], "texture": "#0", "tintindex": 1},
				"up": {"uv": [0.75, 10.5, 0, 5.5], "texture": "#0", "tintindex": 1},
				"down": {"uv": [16, 0, 15.25, 0.5], "texture": "#0", "tintindex": 1}
			}
		},
		{
			"from": [1.975, 1.525, 1.3],
			"to": [14.025, 6.475, 14.7],
			"rotation": {"angle": 0, "axis": "y", "origin": [16, 0, 16]},
			"faces": {
				"north": {"uv": [12, 5.5, 9, 6.75], "texture": "#0"},
				"east": {"uv": [5, 1.25, 8.25, 2.5], "texture": "#0"},
				"south": {"uv": [9, 5.5, 12, 6.75], "texture": "#0"},
				"west": {"uv": [8.25, 1.25, 5, 2.5], "texture": "#0"}
			}
		},
		{
			"from": [1.975, 1.525, 1.3],
			"to": [14.025, 6.475, 14.7],
			"rotation": {"angle": 0, "axis": "y", "origin": [16, 0, 16]},
			"faces": {
				"north": {"uv": [1.5, 5.5, 4.5, 6.75], "texture": "#0", "tintindex": 1},
				"east": {"uv": [5, 0, 8.25, 1.25], "texture": "#0", "tintindex": 1},
				"south": {"uv": [1.5, 5.5, 4.5, 6.75], "texture": "#0", "tintindex": 1},
				"west": {"uv": [8.25, 0, 5, 1.25], "texture": "#0", "tintindex": 1}
			}
		},
		{
			"from": [2, 0.025, 5],
			"to": [14, 8, 11],
			"rotation": {"angle": 0, "axis": "y", "origin": [16, 0, 16]},
			"faces": {
				"east": {"uv": [5.25, 1.25, 6, 1.75], "texture": "#0"},
				"west": {"uv": [5.25, 1.25, 6, 1.75], "texture": "#0"},
				"up": {"uv": [10.5, 5.5, 7.5, 4], "texture": "#0"},
				"down": {"uv": [6, 1.25, 5.25, 1.75], "texture": "#0"}
			}
		},
		{
			"from": [2.025, 7.91134, 2.60894],
			"to": [13.975, 9.91134, 6.60894],
			"rotation": {"angle": -22.5, "axis": "x", "origin": [16, 4.91134, 10.60894]},
			"faces": {
				"east": {"uv": [15, 0, 16, 0.5], "texture": "#0", "tintindex": 1},
				"west": {"uv": [15, 0, 16, 0.5], "texture": "#0", "tintindex": 1},
				"up": {"uv": [4.5, 7.75, 1.5, 6.75], "texture": "#0", "tintindex": 1}
			}
		},
		{
			"from": [2.025, 1.48392, 9.70387],
			"to": [13.975, 3.48392, 13.70387],
			"rotation": {"angle": 22.5, "axis": "x", "origin": [16, 2.48392, 21.70387]},
			"faces": {
				"east": {"uv": [15, 0, 16, 0.5], "texture": "#0", "tintindex": 1},
				"west": {"uv": [15, 0, 16, 0.5], "texture": "#0", "tintindex": 1},
				"up": {"uv": [4.5, 6.75, 1.5, 7.75], "texture": "#0", "tintindex": 1}
			}
		},
		{
			"from": [2, 0.025, 5],
			"to": [14, 8, 11],
			"rotation": {"angle": 0, "axis": "y", "origin": [16, 0, 16]},
			"faces": {
				"east": {"uv": [15.25, 0, 16, 0.5], "texture": "#0", "tintindex": 1},
				"west": {"uv": [15.25, 0, 16, 0.5], "texture": "#0", "tintindex": 1},
				"up": {"uv": [3, 5.5, 0, 4], "texture": "#0", "tintindex": 1},
				"down": {"uv": [16, 0, 15.25, 0.5], "texture": "#0", "tintindex": 1}
			}
		},
		{
			"from": [2.025, 4.5922, 10.08655],
			"to": [13.975, 6.5922, 14.08655],
			"rotation": {"angle": -22.5, "axis": "x", "origin": [16, 4.5922, 22.08655]},
			"faces": {
				"east": {"uv": [15, 0, 16, 0.5], "texture": "#0", "tintindex": 1},
				"west": {"uv": [15, 0, 16, 0.5], "texture": "#0", "tintindex": 1},
				"down": {"uv": [16, 0, 15, 0.5], "texture": "#0", "tintindex": 1}
			}
		},
		{
			"from": [2.025, -1.53073, 0.69552],
			"to": [13.975, 0.46927, 4.69552],
			"rotation": {"angle": 22.5, "axis": "x", "origin": [16, -1.53073, 8.69552]},
			"faces": {
				"east": {"uv": [15, 0, 16, 0.5], "texture": "#0", "tintindex": 1},
				"west": {"uv": [15, 0, 16, 0.5], "texture": "#0", "tintindex": 1},
				"down": {"uv": [16, 0, 15, 0.5], "texture": "#0", "tintindex": 1}
			}
		},
		{
			"from": [2.025, 1.48392, 9.70387],
			"to": [13.975, 3.48392, 13.70387],
			"rotation": {"angle": 22.5, "axis": "x", "origin": [16, 2.48392, 21.70387]},
			"faces": {
				"east": {"uv": [5, 1.25, 6, 1.75], "texture": "#0", "tintindex": 1},
				"west": {"uv": [5, 1.25, 6, 1.75], "texture": "#0", "tintindex": 1},
				"up": {"uv": [12, 6.75, 9, 7.75], "texture": "#0"}
			}
		},
		{
			"from": [2.025, 7.91134, 2.60894],
			"to": [13.975, 9.91134, 6.60894],
			"rotation": {"angle": -22.5, "axis": "x", "origin": [16, 4.91134, 10.60894]},
			"faces": {
				"east": {"uv": [5, 1.25, 6, 1.75], "texture": "#0", "tintindex": 0},
				"west": {"uv": [5, 1.25, 6, 1.75], "texture": "#0", "tintindex": 0},
				"up": {"uv": [12, 7.75, 9, 6.75], "texture": "#0"}
			}
		}
	],
	"display": {
		"thirdperson_righthand": {
			"rotation": [75, 45, 0],
			"translation": [0, 2.5, 0],
			"scale": [0.375, 0.375, 0.375]
		},
		"thirdperson_lefthand": {
			"rotation": [75, 45, 0],
			"translation": [0, 2.5, 0],
			"scale": [0.375, 0.375, 0.375]
		},
		"firstperson_righthand": {
			"rotation": [0, 135, 0],
			"translation": [0, 3.75, 0],
			"scale": [0.4, 0.4, 0.4]
		},
		"firstperson_lefthand": {
			"rotation": [0, 135, 0],
			"translation": [0, 3.75, 0],
			"scale": [0.4, 0.4, 0.4]
		},
		"ground": {
			"translation": [0, 3, 0],
			"scale": [0.25, 0.25, 0.25]
		},
		"gui": {
			"rotation": [30, 225, 0],
			"scale": [0.625, 0.625, 0.625]
		},
		"head": {
			"translation": [0, 15.25, 0]
		},
		"fixed": {
			"rotation": [-90, 0, 0],
			"translation": [0, 0, -16],
			"scale": [2, 2, 2]
		}
	}
}