{
	"credit": "Made with Blockbench",
	"texture_size": [8, 8],
	"textures": {
		"0": "af/af026",
		"1": "af/candlefire",
		"particle": "af/af026"
	},
	"elements": [
		{
			"from": [5, 13, 5],
			"to": [11, 15, 11],
			"faces": {
				"north": {"uv": [0, 8, 1.5, 8.5], "texture": "#0", "tintindex": 1},
				"east": {"uv": [0, 8, 1.5, 8.5], "texture": "#0", "tintindex": 1},
				"south": {"uv": [0, 8, 1.5, 8.5], "texture": "#0", "tintindex": 1},
				"west": {"uv": [0, 8, 1.5, 8.5], "texture": "#0", "tintindex": 1},
				"up": {"uv": [5, 7.25, 3.5, 5.75], "texture": "#0", "tintindex": 1}
			}
		},
		{
			"from": [6.5, 15, 8],
			"to": [9.5, 18, 8],
			"faces": {
				"north": {"uv": [8, 5.5, 8.75, 6.25], "texture": "#0", "tintindex": 1},
				"south": {"uv": [8, 5.5, 8.75, 6.25], "texture": "#0", "tintindex": 1}
			}
		},
		{
			"from": [4, 11, 4],
			"to": [12, 13, 12],
			"faces": {
				"north": {"uv": [0, 7.5, 2, 8], "texture": "#0", "tintindex": 1},
				"east": {"uv": [0, 7.5, 2, 8], "texture": "#0", "tintindex": 1},
				"south": {"uv": [0, 7.5, 2, 8], "texture": "#0", "tintindex": 1},
				"west": {"uv": [0, 7.5, 2, 8], "texture": "#0", "tintindex": 1},
				"up": {"uv": [4, 2, 2, 0], "texture": "#0", "tintindex": 1},
				"down": {"uv": [4, 2, 2, 4], "texture": "#0", "tintindex": 1}
			}
		},
		{
			"from": [6, 3, 6],
			"to": [10, 7, 10],
			"faces": {
				"north": {"uv": [7.5, 0, 8.5, 1], "texture": "#0"},
				"east": {"uv": [7.5, 0, 8.5, 1], "texture": "#0"},
				"south": {"uv": [7.5, 0, 8.5, 1], "texture": "#0"},
				"west": {"uv": [7.5, 0, 8.5, 1], "texture": "#0"},
				"up": {"uv": [8.5, 2, 7.5, 1], "texture": "#0"}
			}
		},
		{
			"from": [8, 7, 5],
			"to": [8, 11, 11],
			"rotation": {"angle": 45, "axis": "y", "origin": [8, 0, 8]},
			"faces": {
				"north": {"uv": [0, 0, 0, 1], "texture": "#0"},
				"east": {"uv": [0, 6, 1.5, 7], "texture": "#0"},
				"south": {"uv": [0, 0, 0, 1], "texture": "#0"},
				"west": {"uv": [0, 6, 1.5, 7], "texture": "#0"},
				"up": {"uv": [0, 1.5, 0, 0], "texture": "#0"},
				"down": {"uv": [0, 0, 0, 1.5], "texture": "#0"}
			}
		},
		{
			"from": [5, 7, 8],
			"to": [11, 11, 8],
			"rotation": {"angle": 45, "axis": "y", "origin": [8, 0, 8]},
			"faces": {
				"north": {"uv": [0, 6, 1.5, 7], "texture": "#0"},
				"east": {"uv": [0, 0, 0, 1], "texture": "#0"},
				"south": {"uv": [0, 6, 1.5, 7], "texture": "#0"},
				"west": {"uv": [0, 0, 0, 1], "texture": "#0"},
				"up": {"uv": [1.5, 0, 0, 0], "texture": "#0"},
				"down": {"uv": [1.5, 0, 0, 0], "texture": "#0"}
			}
		},
		{
			"from": [4, 1, 4],
			"to": [12, 3, 12],
			"faces": {
				"north": {"uv": [0, 7, 2, 7.5], "texture": "#0", "tintindex": 1},
				"east": {"uv": [0, 7, 2, 7.5], "texture": "#0", "tintindex": 1},
				"south": {"uv": [0, 7, 2, 7.5], "texture": "#0", "tintindex": 1},
				"west": {"uv": [0, 7, 2, 7.5], "texture": "#0", "tintindex": 1},
				"up": {"uv": [2, 2, 0, 0], "texture": "#0", "tintindex": 1},
				"down": {"uv": [2, 2, 0, 4], "texture": "#0", "tintindex": 1}
			}
		},
		{
			"from": [4.5, 0, 4.5],
			"to": [11.5, 1, 11.5],
			"faces": {
				"north": {"uv": [4, 8.25, 5.75, 8.5], "texture": "#0", "tintindex": 1},
				"east": {"uv": [4, 8.25, 5.75, 8.5], "texture": "#0", "tintindex": 1},
				"south": {"uv": [4, 8.25, 5.75, 8.5], "texture": "#0", "tintindex": 1},
				"west": {"uv": [4, 8.25, 5.75, 8.5], "texture": "#0", "tintindex": 1},
				"down": {"uv": [7.5, 1.75, 5.75, 3.5], "texture": "#0", "tintindex": 1}
			}
		},
		{
			"from": [4.5, 3, 4.5],
			"to": [11.5, 11, 11.5],
			"faces": {
				"north": {"uv": [0, 4, 1.75, 6], "texture": "#0", "tintindex": 1},
				"east": {"uv": [0, 4, 1.75, 6], "texture": "#0", "tintindex": 1},
				"south": {"uv": [0, 4, 1.75, 6], "texture": "#0", "tintindex": 1},
				"west": {"uv": [0, 4, 1.75, 6], "texture": "#0", "tintindex": 1}
			}
		},
		{
			"from": [6, 7, 8],
			"to": [10, 11, 8],
			"rotation": {"angle": 0, "axis": "y", "origin": [7, 8, 7]},
			"faces": {
				"north": {"uv": [0, 0, 4, 4], "texture": "#1"},
				"east": {"uv": [0, 0, 0, 16], "texture": "#1"},
				"south": {"uv": [0, 0, 4, 4], "texture": "#1"},
				"west": {"uv": [0, 0, 0, 16], "texture": "#1"},
				"up": {"uv": [16, 0, 0, 0], "texture": "#1"},
				"down": {"uv": [16, 0, 0, 0], "texture": "#1"}
			}
		},
		{
			"from": [8, 7, 6],
			"to": [8, 11, 10],
			"rotation": {"angle": 0, "axis": "y", "origin": [8, 9, 8]},
			"faces": {
				"north": {"uv": [0, 0, 0, 16], "texture": "#1"},
				"east": {"uv": [0, 0, 4, 4], "texture": "#1"},
				"south": {"uv": [0, 0, 0, 16], "texture": "#1"},
				"west": {"uv": [0, 0, 4, 4], "texture": "#1"},
				"up": {"uv": [16, 0, 0, 0], "rotation": 270, "texture": "#1"},
				"down": {"uv": [16, 0, 0, 0], "rotation": 90, "texture": "#1"}
			}
		}
	],
	"display": {
		"thirdperson_righthand": {
			"rotation": [75, 45, 0],
			"translation": [0, 2.5, 0],
			"scale": [0.375, 0.375, 0.375]
		},
		"thirdperson_lefthand": {
			"rotation": [75, 45, 0],
			"translation": [0, 2.5, 0],
			"scale": [0.375, 0.375, 0.375]
		},
		"firstperson_righthand": {
			"rotation": [0, 45, 0],
			"scale": [0.4, 0.4, 0.4]
		},
		"firstperson_lefthand": {
			"rotation": [0, 225, 0],
			"scale": [0.4, 0.4, 0.4]
		},
		"ground": {
			"translation": [0, 3, 0],
			"scale": [0.25, 0.25, 0.25]
		},
		"gui": {
			"rotation": [30, 225, 0],
			"scale": [0.625, 0.625, 0.625]
		},
		"fixed": {
			"scale": [0.5, 0.5, 0.5]
		}
	}
}