{
	"credit": "Made with Blockbench",
	"texture_size": [64, 64],
	"textures": {
		"0": "af/af025",
		"particle": "af/af025"
	},
	"elements": [
		{
			"from": [5, 12, 5],
			"to": [11, 13, 11],
			"faces": {
				"north": {"uv": [9.25, 3.5, 10.75, 3.75], "texture": "#0"},
				"east": {"uv": [9.25, 3.5, 10.75, 3.75], "texture": "#0"},
				"south": {"uv": [9.25, 3.5, 10.75, 3.75], "texture": "#0"},
				"west": {"uv": [9.25, 3.5, 10.75, 3.75], "texture": "#0"},
				"up": {"uv": [9.75, 1.5, 8.25, 0], "texture": "#0"}
			}
		},
		{
			"from": [6.5, 13.5, 6.5],
			"to": [9.5, 16.5, 9.5],
			"faces": {
				"north": {"uv": [0, 9.25, 0.75, 10], "texture": "#0"},
				"east": {"uv": [0, 9.25, 0.75, 10], "texture": "#0"},
				"south": {"uv": [0, 9.25, 0.75, 10], "texture": "#0"},
				"west": {"uv": [0, 9.25, 0.75, 10], "texture": "#0"},
				"up": {"uv": [1.5, 10, 0.75, 9.25], "texture": "#0"},
				"down": {"uv": [10, 2.75, 9.25, 3.5], "texture": "#0"}
			}
		},
		{
			"from": [7, 13, 7],
			"to": [9, 13.5, 9],
			"faces": {
				"north": {"uv": [9.25, 4.5, 9.75, 4.75], "texture": "#0"},
				"east": {"uv": [9.25, 4.5, 9.75, 4.75], "texture": "#0"},
				"south": {"uv": [9.25, 4.5, 9.75, 4.75], "texture": "#0"},
				"west": {"uv": [9.25, 4.5, 9.75, 4.75], "texture": "#0"}
			}
		},
		{
			"from": [3, 1, 3],
			"to": [13, 3, 13],
			"faces": {
				"north": {"uv": [8.25, 1.5, 10.75, 2], "texture": "#0"},
				"east": {"uv": [8.25, 1.5, 10.75, 2], "texture": "#0"},
				"south": {"uv": [8.25, 1.5, 10.75, 2], "texture": "#0"},
				"west": {"uv": [8.25, 1.5, 10.75, 2], "texture": "#0"},
				"up": {"uv": [2.5, 2.5, 0, 0], "texture": "#0"},
				"down": {"uv": [2.5, 2.5, 0, 5], "texture": "#0"}
			}
		},
		{
			"from": [4.5, 3, 4.5],
			"to": [11.5, 9, 11.5],
			"faces": {
				"north": {"uv": [5.75, 2, 7.5, 3.5], "texture": "#0"},
				"east": {"uv": [5.75, 2, 7.5, 3.5], "texture": "#0"},
				"south": {"uv": [5.75, 2, 7.5, 3.5], "texture": "#0"},
				"west": {"uv": [5.75, 2, 7.5, 3.5], "texture": "#0"}
			}
		},
		{
			"from": [4, 9, 4],
			"to": [12, 12, 12],
			"rotation": {"angle": 0, "axis": "y", "origin": [8, 0, 8]},
			"faces": {
				"north": {"uv": [8.25, 6.5, 10.25, 7.25], "texture": "#0"},
				"east": {"uv": [8.25, 6.5, 10.25, 7.25], "texture": "#0"},
				"south": {"uv": [8.25, 6.5, 10.25, 7.25], "texture": "#0"},
				"west": {"uv": [8.25, 6.5, 10.25, 7.25], "texture": "#0"},
				"up": {"uv": [4.5, 6.5, 2.5, 4.5], "texture": "#0"},
				"down": {"uv": [6.5, 4.5, 4.5, 6.5], "texture": "#0"}
			}
		},
		{
			"from": [5.12296, 7.24512, 1],
			"to": [9.12296, 7.24512, 15],
			"rotation": {"angle": 22.5, "axis": "z", "origin": [-2.87704, -3.75488, -1]},
			"faces": {
				"north": {"uv": [0, 0, 1, 0], "texture": "#0"},
				"east": {"uv": [0, 0, 3.5, 0], "texture": "#0"},
				"south": {"uv": [0, 0, 1, 0], "texture": "#0"},
				"west": {"uv": [0, 0, 3.5, 0], "texture": "#0"},
				"up": {"uv": [8.25, 1, 4.75, 0], "rotation": 90, "texture": "#0"},
				"down": {"uv": [4.75, 2, 8.25, 1], "rotation": 90, "texture": "#0"}
			}
		},
		{
			"from": [8.09496, 13.36806, 1],
			"to": [12.09496, 13.36806, 15],
			"rotation": {"angle": -22.5, "axis": "z", "origin": [4.09496, 2.36806, 1]},
			"faces": {
				"north": {"uv": [0, 0, 1, 0], "texture": "#0"},
				"east": {"uv": [0, 0, 3.5, 0], "texture": "#0"},
				"south": {"uv": [0, 0, 1, 0], "texture": "#0"},
				"west": {"uv": [0, 0, 3.5, 0], "texture": "#0"},
				"up": {"uv": [8.25, 1, 4.75, 0], "rotation": 270, "texture": "#0"},
				"down": {"uv": [4.75, 2, 8.25, 1], "rotation": 270, "texture": "#0"}
			}
		},
		{
			"from": [1, 10.23463, 0.15224],
			"to": [15, 10.23463, 4.15224],
			"rotation": {"angle": -22.5, "axis": "x", "origin": [8, 10.23463, 2.15224]},
			"faces": {
				"north": {"uv": [0, 0, 3.5, 0], "texture": "#0"},
				"east": {"uv": [0, 0, 1, 0], "texture": "#0"},
				"south": {"uv": [0, 0, 3.5, 0], "texture": "#0"},
				"west": {"uv": [0, 0, 1, 0], "texture": "#0"},
				"up": {"uv": [8.25, 1, 4.75, 0], "rotation": 180, "texture": "#0"},
				"down": {"uv": [8.25, 1, 4.75, 2], "rotation": 180, "texture": "#0"}
			}
		},
		{
			"from": [1, 13.36806, 8.09496],
			"to": [15, 13.36806, 12.09496],
			"rotation": {"angle": 22.5, "axis": "x", "origin": [0, 2.36806, 4.09496]},
			"faces": {
				"north": {"uv": [0, 0, 3.5, 0], "texture": "#0"},
				"east": {"uv": [0, 0, 1, 0], "texture": "#0"},
				"south": {"uv": [0, 0, 3.5, 0], "texture": "#0"},
				"west": {"uv": [0, 0, 1, 0], "texture": "#0"},
				"up": {"uv": [8.25, 1, 4.75, 0], "texture": "#0"},
				"down": {"uv": [8.25, 1, 4.75, 2], "texture": "#0"}
			}
		},
		{
			"from": [3.5, 0, 3.5],
			"to": [12.5, 1, 12.5],
			"faces": {
				"north": {"uv": [9.25, 2, 11.5, 2.25], "texture": "#0"},
				"east": {"uv": [9.25, 2, 11.5, 2.25], "texture": "#0"},
				"south": {"uv": [9.25, 2, 11.5, 2.25], "texture": "#0"},
				"west": {"uv": [9.25, 2, 11.5, 2.25], "texture": "#0"},
				"up": {"uv": [4.75, 2.25, 2.5, 0], "texture": "#0"},
				"down": {"uv": [4.75, 2.25, 2.5, 4.5], "texture": "#0"}
			}
		}
	],
	"display": {
		"thirdperson_righthand": {
			"rotation": [75, 45, 0],
			"translation": [0, 2.5, 0],
			"scale": [0.375, 0.375, 0.375]
		},
		"thirdperson_lefthand": {
			"rotation": [75, 45, 0],
			"translation": [0, 2.5, 0],
			"scale": [0.375, 0.375, 0.375]
		},
		"firstperson_righthand": {
			"rotation": [0, 135, 0],
			"translation": [0, 3.75, 0],
			"scale": [0.4, 0.4, 0.4]
		},
		"firstperson_lefthand": {
			"rotation": [0, 135, 0],
			"translation": [0, 3.75, 0],
			"scale": [0.4, 0.4, 0.4]
		},
		"ground": {
			"translation": [0, 3, 0],
			"scale": [0.25, 0.25, 0.25]
		},
		"gui": {
			"rotation": [30, 225, 0],
			"scale": [0.625, 0.625, 0.625]
		},
		"head": {
			"translation": [0, 15.25, 0]
		},
		"fixed": {
			"rotation": [-90, 0, 0],
			"translation": [0, 0, -16],
			"scale": [2, 2, 2]
		}
	}
}