{
	"credit": "Made with Blockbench",
	"texture_size": [64, 64],
	"textures": {
		"0": "af/af031",
		"particle": "af/af031"
	},
	"elements": [
		{
			"from": [8.5, 0, 6],
			"to": [12.5, 16, 10],
			"faces": {
				"north": {"uv": [0, 0, 1, 4], "texture": "#0"},
				"east": {"uv": [0, 0, 1, 4], "texture": "#0"},
				"south": {"uv": [0, 0, 1, 4], "texture": "#0"},
				"west": {"uv": [0, 0, 1, 4], "texture": "#0"},
				"up": {"uv": [3, 1, 2, 0], "texture": "#0"},
				"down": {"uv": [2, 0, 1, 1], "texture": "#0"}
			}
		},
		{
			"from": [2.5, 0, 6],
			"to": [6.5, 16, 10],
			"faces": {
				"north": {"uv": [0, 0, 1, 4], "texture": "#0"},
				"east": {"uv": [0, 0, 1, 4], "texture": "#0"},
				"south": {"uv": [0, 0, 1, 4], "texture": "#0"},
				"west": {"uv": [0, 0, 1, 4], "texture": "#0"},
				"up": {"uv": [3, 1, 2, 0], "texture": "#0"},
				"down": {"uv": [2, 0, 1, 1], "texture": "#0"}
			}
		},
		{
			"from": [1, 7, 5.75],
			"to": [4.5, 9, 5.75],
			"faces": {
				"north": {"uv": [2, 8.5, 3, 9], "texture": "#0"},
				"south": {"uv": [2, 8.5, 3, 9], "texture": "#0"}
			}
		},
		{
			"from": [14, 0, 6],
			"to": [16, 16, 10],
			"faces": {
				"north": {"uv": [0.5, 0, 1, 4], "texture": "#0"},
				"east": {"uv": [0, 0, 1, 4], "texture": "#0"},
				"south": {"uv": [0, 0, 0.5, 4], "texture": "#0"},
				"west": {"uv": [0, 0, 1, 4], "texture": "#0"},
				"up": {"uv": [3, 1, 2.5, 0], "texture": "#0"},
				"down": {"uv": [2, 0, 1.5, 1], "texture": "#0"}
			}
		},
		{
			"from": [0, 0, 6],
			"to": [2, 16, 10],
			"faces": {
				"north": {"uv": [0, 0, 0.5, 4], "texture": "#0"},
				"east": {"uv": [0, 0, 1, 4], "texture": "#0"},
				"south": {"uv": [0.5, 0, 1, 4], "texture": "#0"},
				"west": {"uv": [0, 0, 1, 4], "texture": "#0"},
				"up": {"uv": [2.5, 1, 2, 0], "texture": "#0"},
				"down": {"uv": [1.5, 0, 1, 1], "texture": "#0"}
			}
		},
		{
			"from": [0, 4, 5.5],
			"to": [3, 8, 5.5],
			"faces": {
				"north": {"uv": [3.5, 8, 4.25, 9], "texture": "#0"},
				"south": {"uv": [4.25, 8, 3.5, 9], "texture": "#0"}
			}
		},
		{
			"from": [6.5, 9, 7],
			"to": [13.5, 14, 9],
			"faces": {
				"north": {"uv": [6, 0, 7.75, 1.25], "texture": "#0"},
				"east": {"uv": [1, 0, 1.5, 1.25], "texture": "#0"},
				"south": {"uv": [6, 0, 7.75, 1.25], "texture": "#0"},
				"west": {"uv": [8.25, 6.25, 8.75, 7.5], "texture": "#0"},
				"up": {"uv": [1.75, 8.5, 0, 8], "texture": "#0"},
				"down": {"uv": [1, 1.75, 1.5, 0], "rotation": 90, "texture": "#0"}
			}
		},
		{
			"from": [13, 2.5, 9.25],
			"to": [14, 13.5, 9.25],
			"faces": {
				"north": {"uv": [8, 5, 8.25, 7.75], "texture": "#0"},
				"east": {"uv": [0, 0, 0, 2.75], "texture": "#0"},
				"south": {"uv": [8, 5, 8.25, 7.75], "texture": "#0"},
				"west": {"uv": [0, 0, 0, 2.75], "texture": "#0"},
				"up": {"uv": [0.25, 0, 0, 0], "texture": "#0"},
				"down": {"uv": [0.25, 0, 0, 0], "texture": "#0"}
			}
		},
		{
			"from": [6.5, 2, 7],
			"to": [13.5, 7, 9],
			"faces": {
				"north": {"uv": [6, 0, 7.75, 1.25], "texture": "#0"},
				"east": {"uv": [1, 0, 1.5, 1.25], "texture": "#0"},
				"south": {"uv": [6, 0, 7.75, 1.25], "texture": "#0"},
				"west": {"uv": [8, 7.75, 8.5, 9], "texture": "#0"},
				"up": {"uv": [1.75, 8.5, 0, 8], "texture": "#0"},
				"down": {"uv": [1, 1.75, 1.5, 0], "rotation": 90, "texture": "#0"}
			}
		}
	],
	"display": {
		"thirdperson_righthand": {
			"rotation": [75, 45, 0],
			"translation": [0, 2.5, 0],
			"scale": [0.375, 0.375, 0.375]
		},
		"thirdperson_lefthand": {
			"rotation": [75, 45, 0],
			"translation": [0, 2.5, 0],
			"scale": [0.375, 0.375, 0.375]
		},
		"firstperson_righthand": {
			"rotation": [0, 135, 0],
			"translation": [0, 3.75, 0],
			"scale": [0.4, 0.4, 0.4]
		},
		"firstperson_lefthand": {
			"rotation": [0, 135, 0],
			"translation": [0, 3.75, 0],
			"scale": [0.4, 0.4, 0.4]
		},
		"ground": {
			"translation": [0, 3, 0],
			"scale": [0.25, 0.25, 0.25]
		},
		"gui": {
			"rotation": [30, 225, 0],
			"scale": [0.625, 0.625, 0.625]
		},
		"head": {
			"translation": [0, 15.25, 0]
		},
		"fixed": {
			"rotation": [-90, 0, 0],
			"translation": [0, 0, -16],
			"scale": [2, 2, 2]
		}
	}
}