{
	"credit": "Made with Blockbench",
	"texture_size": [32, 32],
	"textures": {
		"0": "af/af033",
		"particle": "af/af033"
	},
	"elements": [
		{
			"from": [7, 0, 7],
			"to": [9, 16, 9],
			"rotation": {"angle": 0, "axis": "y", "origin": [7, 0, 7]},
			"faces": {
				"north": {"uv": [0, 8, 1, 16], "texture": "#0"},
				"east": {"uv": [0, 8, 1, 16], "texture": "#0"},
				"south": {"uv": [0, 8, 1, 16], "texture": "#0"},
				"west": {"uv": [0, 8, 1, 16], "texture": "#0"},
				"up": {"uv": [5, 9, 4, 8], "texture": "#0"},
				"down": {"uv": [6, 8, 5, 9], "texture": "#0"}
			}
		},
		{
			"from": [9, 0, 8],
			"to": [15, 16, 8],
			"rotation": {"angle": 0, "axis": "y", "origin": [7, 0, 7]},
			"faces": {
				"north": {"uv": [0, 0, 3, 8], "texture": "#0", "tintindex": 1},
				"south": {"uv": [3, 0, 0, 8], "texture": "#0", "tintindex": 1}
			}
		},
		{
			"from": [15, 0, 7],
			"to": [16, 16, 9],
			"rotation": {"angle": 0, "axis": "y", "origin": [15, 0, 7]},
			"faces": {
				"north": {"uv": [0.5, 8, 1, 16], "texture": "#0"},
				"east": {"uv": [1, 8, 2, 16], "texture": "#0"},
				"south": {"uv": [0, 8, 0.5, 16], "texture": "#0"},
				"west": {"uv": [0, 8, 1, 16], "texture": "#0"},
				"up": {"uv": [5, 9, 4.5, 8], "texture": "#0"},
				"down": {"uv": [7, 8, 6.5, 9], "texture": "#0"}
			}
		},
		{
			"from": [1, 0, 8],
			"to": [7, 16, 8],
			"rotation": {"angle": 0, "axis": "y", "origin": [8, 0, 8]},
			"faces": {
				"north": {"uv": [3, 0, 0, 8], "texture": "#0", "tintindex": 1},
				"south": {"uv": [0, 0, 3, 8], "texture": "#0", "tintindex": 1}
			}
		},
		{
			"from": [0, 0, 7],
			"to": [1, 16, 9],
			"rotation": {"angle": 0, "axis": "y", "origin": [8, 0, 8]},
			"faces": {
				"north": {"uv": [0, 8, 0.5, 16], "texture": "#0"},
				"east": {"uv": [0, 8, 1, 16], "texture": "#0"},
				"south": {"uv": [0.5, 8, 1, 16], "texture": "#0"},
				"west": {"uv": [1, 8, 2, 16], "texture": "#0"},
				"up": {"uv": [5, 9, 4.5, 8], "rotation": 180, "texture": "#0"},
				"down": {"uv": [7, 8, 6.5, 9], "rotation": 180, "texture": "#0"}
			}
		},
		{
			"from": [8, 0, 9],
			"to": [8, 16, 15],
			"rotation": {"angle": 0, "axis": "y", "origin": [8, 0, 8]},
			"faces": {
				"east": {"uv": [0, 0, 3, 8], "texture": "#0", "tintindex": 1},
				"west": {"uv": [3, 0, 0, 8], "texture": "#0", "tintindex": 1}
			}
		},
		{
			"from": [7, 0, 15],
			"to": [9, 16, 16],
			"rotation": {"angle": 0, "axis": "y", "origin": [8, 0, 8]},
			"faces": {
				"north": {"uv": [0, 8, 1, 16], "texture": "#0"},
				"east": {"uv": [0.5, 8, 1, 16], "texture": "#0"},
				"south": {"uv": [1, 8, 2, 16], "texture": "#0"},
				"west": {"uv": [0, 8, 0.5, 16], "texture": "#0"},
				"up": {"uv": [5, 9, 4.5, 8], "rotation": 90, "texture": "#0"},
				"down": {"uv": [7, 8, 6.5, 9], "rotation": 270, "texture": "#0"}
			}
		},
		{
			"from": [8, 0, 1],
			"to": [8, 16, 7],
			"rotation": {"angle": 0, "axis": "y", "origin": [8, 0, 8]},
			"faces": {
				"east": {"uv": [3, 0, 0, 8], "texture": "#0", "tintindex": 1},
				"west": {"uv": [0, 0, 3, 8], "texture": "#0", "tintindex": 1}
			}
		},
		{
			"from": [7, 0, 0],
			"to": [9, 16, 1],
			"rotation": {"angle": 0, "axis": "y", "origin": [8, 0, 8]},
			"faces": {
				"north": {"uv": [1, 8, 2, 16], "texture": "#0"},
				"east": {"uv": [0, 8, 0.5, 16], "texture": "#0"},
				"south": {"uv": [0, 8, 1, 16], "texture": "#0"},
				"west": {"uv": [0.5, 8, 1, 16], "texture": "#0"},
				"up": {"uv": [5, 9, 4.5, 8], "rotation": 270, "texture": "#0"},
				"down": {"uv": [7, 8, 6.5, 9], "rotation": 90, "texture": "#0"}
			}
		},
		{
			"from": [6.9, 7.5, 6.9],
			"to": [9.1, 10.5, 9.1],
			"rotation": {"angle": 0, "axis": "y", "origin": [7, 8, 7]},
			"faces": {
				"north": {"uv": [3, 3, 3.975, 4.5], "texture": "#0", "tintindex": 1},
				"east": {"uv": [3, 3, 3.975, 4.5], "texture": "#0", "tintindex": 1},
				"south": {"uv": [3, 3, 3.975, 4.5], "texture": "#0", "tintindex": 1},
				"west": {"uv": [3, 3, 3.975, 4.5], "texture": "#0", "tintindex": 1}
			}
		}
	],
	"display": {
		"thirdperson_righthand": {
			"rotation": [75, 45, 0],
			"translation": [0, 2.5, 0],
			"scale": [0.375, 0.375, 0.375]
		},
		"thirdperson_lefthand": {
			"rotation": [75, 45, 0],
			"translation": [0, 2.5, 0],
			"scale": [0.375, 0.375, 0.375]
		},
		"firstperson_righthand": {
			"rotation": [0, 135, 0],
			"translation": [0, 3.75, 0],
			"scale": [0.4, 0.4, 0.4]
		},
		"firstperson_lefthand": {
			"rotation": [0, 135, 0],
			"translation": [0, 3.75, 0],
			"scale": [0.4, 0.4, 0.4]
		},
		"ground": {
			"translation": [0, 3, 0],
			"scale": [0.25, 0.25, 0.25]
		},
		"gui": {
			"rotation": [30, 225, 0],
			"scale": [0.625, 0.625, 0.625]
		},
		"head": {
			"translation": [0, 15.25, 0]
		},
		"fixed": {
			"rotation": [-90, 0, 0],
			"translation": [0, 0, -16],
			"scale": [2, 2, 2]
		}
	}
}