{
	"credit": "Made with Blockbench",
	"parent": "minecraft:item/generated",
	"textures": {
		"layer0": "item/custom/hga_jumper"
	},
	"display": {
		"thirdperson_righthand": {
			"translation": [0, 3, 1],
			"scale": [0.8, 0.8, 0.4]
		},
		"firstperson_righthand": {
			"rotation": [0, -90, 20],
			"translation": [1, 3.25, 1],
			"scale": [0.8, 0.8, 0.4]
		},
		"ground": {
			"translation": [0, 1, 0],
			"scale": [1, 1, 0.5]
		},
		"gui": {
			"scale": [1.6, 1.6, 0.8]
		},
		"head": {
			"rotation": [0, 180, 0],
			"translation": [0, 10, 6],
			"scale": [1, 1, 0.5]
		},
		"fixed": {
			"rotation": [0, 180, 0],
			"scale": [1.4, 1.4, 0.7]
		}
	}
}