{
	"credit": "Made with Blockbench",
	"texture_size": [64, 64],
	"textures": {
		"0": "item/custom/hga_mage",
		"particle": "item/custom/hga_mage"
	},
	"elements": [
		{
			"from": [-5.5, 9.5, -6],
			"to": [21.5, 10.5, 21],
			"rotation": {"angle": 22.5, "axis": "x", "origin": [8, 8.5, 12]},
			"faces": {
				"north": {"uv": [9, 8.75, 15.75, 9], "texture": "#0"},
				"east": {"uv": [9, 8.75, 15.75, 9], "texture": "#0"},
				"south": {"uv": [9, 8.75, 15.75, 9], "texture": "#0"},
				"west": {"uv": [9, 8.75, 15.75, 9], "texture": "#0"},
				"up": {"uv": [9, 9, 15.75, 15.75], "texture": "#0"},
				"down": {"uv": [9, 9, 15.75, 15.75], "texture": "#0"}
			}
		},
		{
			"from": [-1, 13.5, -1.5],
			"to": [17, 16.5, 16.5],
			"rotation": {"angle": 22.5, "axis": "x", "origin": [8, 8.5, 12]},
			"faces": {
				"north": {"uv": [11.25, 6.75, 15.75, 7.5], "texture": "#0"},
				"east": {"uv": [6.5, 6.75, 11, 7.5], "texture": "#0"},
				"south": {"uv": [11.25, 6.75, 15.75, 7.5], "texture": "#0"},
				"west": {"uv": [6.5, 6.75, 11, 7.5], "texture": "#0"},
				"up": {"uv": [3.875, 10.125, 8.375, 14.625], "texture": "#0"}
			}
		},
		{
			"from": [0, 16.25, 4.5],
			"to": [3, 18.75, 5.5],
			"rotation": {"angle": 22.5, "axis": "x", "origin": [8, 8.5, 12]},
			"faces": {
				"north": {"uv": [13.875, 0.5, 14.625, 1.125], "texture": "#0"},
				"east": {"uv": [12.875, 0.5, 13.125, 1.125], "texture": "#0"},
				"south": {"uv": [13.125, 0.5, 13.875, 1.125], "texture": "#0"},
				"west": {"uv": [12.875, 0.5, 13.125, 1.125], "texture": "#0"},
				"up": {"uv": [13.875, 0.5, 14.625, 0.625], "texture": "#0"}
			}
		},
		{
			"from": [0.5, 18.75, 4.5],
			"to": [2.5, 19.25, 5.5],
			"rotation": {"angle": 22.5, "axis": "x", "origin": [8, 8.5, 12]},
			"faces": {
				"north": {"uv": [14, 0.375, 14.5, 0.5], "texture": "#0"},
				"east": {"uv": [12.875, 0.375, 13.125, 0.5], "texture": "#0"},
				"south": {"uv": [13.25, 0.375, 13.75, 0.5], "texture": "#0"},
				"west": {"uv": [12.875, 0.375, 13.125, 0.5], "texture": "#0"},
				"up": {"uv": [14, 0.375, 14.5, 0.5], "texture": "#0"}
			}
		},
		{
			"from": [1, 19.25, 4.5],
			"to": [2, 19.75, 5.5],
			"rotation": {"angle": 22.5, "axis": "x", "origin": [8, 8.5, 12]},
			"faces": {
				"north": {"uv": [14.125, 0.25, 14.375, 0.375], "texture": "#0"},
				"east": {"uv": [12.875, 0.25, 13.125, 0.375], "texture": "#0"},
				"south": {"uv": [13.375, 0.25, 13.625, 0.375], "texture": "#0"},
				"west": {"uv": [12.875, 0.25, 13.125, 0.375], "texture": "#0"},
				"up": {"uv": [14.125, 0.25, 14.375, 0.375], "texture": "#0"}
			}
		},
		{
			"from": [13, 16.25, 4.5],
			"to": [16, 18.75, 5.5],
			"rotation": {"angle": 22.5, "axis": "x", "origin": [8, 8.5, 12]},
			"faces": {
				"north": {"uv": [13.875, 0.5, 14.625, 1.125], "texture": "#0"},
				"east": {"uv": [12.875, 0.5, 13.125, 1.125], "texture": "#0"},
				"south": {"uv": [13.125, 0.5, 13.875, 1.125], "texture": "#0"},
				"west": {"uv": [12.875, 0.5, 13.125, 1.125], "texture": "#0"},
				"up": {"uv": [13.875, 0.5, 14.625, 0.625], "texture": "#0"}
			}
		},
		{
			"from": [13.5, 18.75, 4.5],
			"to": [15.5, 19.25, 5.5],
			"rotation": {"angle": 22.5, "axis": "x", "origin": [8, 8.5, 12]},
			"faces": {
				"north": {"uv": [14, 0.375, 14.5, 0.5], "texture": "#0"},
				"east": {"uv": [12.875, 0.375, 13.125, 0.5], "texture": "#0"},
				"south": {"uv": [13.25, 0.375, 13.75, 0.5], "texture": "#0"},
				"west": {"uv": [12.875, 0.375, 13.125, 0.5], "texture": "#0"},
				"up": {"uv": [14, 0.375, 14.5, 0.5], "texture": "#0"}
			}
		},
		{
			"from": [14, 19.25, 4.5],
			"to": [15, 19.75, 5.5],
			"rotation": {"angle": 22.5, "axis": "x", "origin": [8, 8.5, 12]},
			"faces": {
				"north": {"uv": [14.125, 0.25, 14.375, 0.375], "texture": "#0"},
				"east": {"uv": [12.875, 0.25, 13.125, 0.375], "texture": "#0"},
				"south": {"uv": [13.375, 0.25, 13.625, 0.375], "texture": "#0"},
				"west": {"uv": [12.875, 0.25, 13.125, 0.375], "texture": "#0"},
				"up": {"uv": [14.125, 0.25, 14.375, 0.375], "texture": "#0"}
			}
		},
		{
			"from": [-2.5, 10.5, -3],
			"to": [18.5, 13.5, 18],
			"rotation": {"angle": 22.5, "axis": "x", "origin": [8, 8.5, 12]},
			"faces": {
				"north": {"uv": [10.5, 7.75, 15.75, 8.5], "texture": "#0"},
				"east": {"uv": [15.75, 7.75, 10.5, 8.5], "texture": "#0"},
				"south": {"uv": [10.5, 7.75, 15.75, 8.5], "texture": "#0"},
				"west": {"uv": [15.75, 7.75, 10.5, 8.5], "texture": "#0"},
				"up": {"uv": [3.5, 9.75, 8.75, 15], "texture": "#0"}
			}
		},
		{
			"from": [3.5, 12, 0.5],
			"to": [12.5, 17.5, 9.5],
			"rotation": {"angle": 45, "axis": "x", "origin": [8, 8.5, 12]},
			"faces": {
				"north": {"uv": [11, 6.5, 13.25, 5.125], "texture": "#0"},
				"east": {"uv": [13.5, 6.5, 15.75, 5.125], "texture": "#0"},
				"south": {"uv": [13.5, 6.5, 15.75, 5.125], "texture": "#0"},
				"west": {"uv": [13.5, 6.5, 15.75, 5.125], "texture": "#0"},
				"up": {"uv": [5, 11.25, 7.25, 13.5], "texture": "#0"}
			}
		},
		{
			"from": [5.5, 17, 11.5],
			"to": [10.5, 22, 20.5],
			"rotation": {"angle": 0, "axis": "x", "origin": [8, 8.5, 12]},
			"faces": {
				"east": {"uv": [14.5, 4.875, 15.75, 2.625], "rotation": 90, "texture": "#0"},
				"south": {"uv": [5.375, 11.75, 6.625, 13], "texture": "#0"},
				"west": {"uv": [14.5, 2.625, 15.75, 4.875], "rotation": 90, "texture": "#0"},
				"up": {"uv": [14.5, 4.875, 15.75, 2.625], "texture": "#0"},
				"down": {"uv": [14.5, 2.625, 15.75, 4.875], "texture": "#0"}
			}
		},
		{
			"from": [6.5, 21, 8.5],
			"to": [9.5, 24, 13],
			"rotation": {"angle": 45, "axis": "x", "origin": [8, 8.5, 11]},
			"faces": {
				"east": {"uv": [15, 2.375, 15.75, 1.25], "rotation": 90, "texture": "#0"},
				"south": {"uv": [5.875, 12, 6.625, 12.75], "texture": "#0"},
				"west": {"uv": [15, 1.25, 15.75, 2.375], "rotation": 90, "texture": "#0"},
				"up": {"uv": [15, 2.375, 15.75, 1.25], "texture": "#0"},
				"down": {"uv": [15, 1.25, 15.75, 2.375], "texture": "#0"}
			}
		},
		{
			"from": [7, 16, 21.25],
			"to": [9, 18, 23.25],
			"rotation": {"angle": 0, "axis": "y", "origin": [8, 8.5, 11]},
			"faces": {
				"east": {"uv": [15.375, 0.125, 15.875, 0.625], "texture": "#0"},
				"south": {"uv": [15.375, 0.125, 15.875, 0.625], "texture": "#0"},
				"west": {"uv": [15.375, 0.125, 15.875, 0.625], "texture": "#0"},
				"down": {"uv": [15.375, 0.125, 15.875, 0.625], "texture": "#0"}
			}
		},
		{
			"from": [16, 6.5, 6.5],
			"to": [16.1, 11, 10.5],
			"faces": {
				"east": {"uv": [1.125, 5.625, 2.125, 6.75], "texture": "#0"},
				"west": {"uv": [2.125, 5.625, 1.125, 6.75], "texture": "#0"}
			}
		},
		{
			"from": [-0.1, 6.5, 6.5],
			"to": [0, 11, 10.5],
			"faces": {
				"east": {"uv": [1.125, 5.625, 2.125, 6.75], "texture": "#0"},
				"west": {"uv": [2.125, 5.625, 1.125, 6.75], "texture": "#0"}
			}
		},
		{
			"from": [1.5, 3, 0],
			"to": [5.5, 4.5, 0.1],
			"faces": {
				"north": {"uv": [1.375, 0.125, 2.5, 0.5], "texture": "#0"},
				"south": {"uv": [1.375, 0.125, 2.5, 0.5], "texture": "#0"}
			}
		},
		{
			"from": [2, 9, 0],
			"to": [4.5, 12.5, 0.1],
			"faces": {
				"north": {"uv": [3, 0.125, 3.625, 1], "texture": "#0"},
				"south": {"uv": [3, 0.125, 3.625, 1], "texture": "#0"}
			}
		},
		{
			"from": [10.5, 3, 0],
			"to": [14.5, 4.5, 0.1],
			"faces": {
				"north": {"uv": [1.375, 0.125, 2.5, 0.5], "texture": "#0"},
				"south": {"uv": [1.375, 0.125, 2.5, 0.5], "texture": "#0"}
			}
		}
	],
	"gui_light": "front",
	"display": {
		"thirdperson_righthand": {
			"scale": [0.3, 0.3, 0.3]
		},
		"firstperson_righthand": {
			"rotation": [-20, 145, 0],
			"translation": [0, 4.5, 0],
			"scale": [0.4, 0.4, 0.4]
		},
		"ground": {
			"translation": [0, 4, 0],
			"scale": [0.3, 0.3, 0.3]
		},
		"gui": {
			"rotation": [25, 145, 0],
			"translation": [0, -2, 0],
			"scale": [0.45, 0.45, 0.45]
		},
		"head": {
			"translation": [0, -0.75, 0.5]
		},
		"fixed": {
			"translation": [0, -2, 0]
		}
	}
}