{
	"credit": "Made with Blockbench",
	"texture_size": [64, 64],
	"textures": {
		"0": "item/custom/hga_assassin_dagger",
		"particle": "item/custom/hga_assassin_dagger"
	},
	"elements": [
		{
			"from": [7.75, 7.5, 8],
			"to": [8.25, 17, 9],
			"faces": {
				"north": {"uv": [14.75, 0.75, 15, 5.5], "texture": "#0"},
				"east": {"uv": [15.5, 0.75, 15, 5.5], "texture": "#0"},
				"south": {"uv": [15.5, 0.75, 15.75, 5.5], "texture": "#0"},
				"west": {"uv": [15, 0.75, 15.5, 5.5], "texture": "#0"},
				"up": {"uv": [14.75, 0.25, 15, 0.75], "texture": "#0"}
			}
		},
		{
			"from": [7.5, 5.5, 6.75],
			"to": [8.5, 7.5, 9.25],
			"rotation": {"angle": 0, "axis": "y", "origin": [0, -0.5, 0]},
			"faces": {
				"north": {"uv": [13.5, 7.25, 14, 8.25], "texture": "#0"},
				"east": {"uv": [15.25, 7.25, 14, 8.25], "texture": "#0"},
				"south": {"uv": [15.25, 7.25, 15.75, 8.25], "texture": "#0"},
				"west": {"uv": [14, 7.25, 15.25, 8.25], "texture": "#0"},
				"up": {"uv": [13.5, 6, 14, 7.25], "texture": "#0"},
				"down": {"uv": [14, 6, 14.5, 7.25], "texture": "#0"}
			}
		},
		{
			"from": [7.5, 0.25, 7],
			"to": [8.5, 5.75, 9],
			"rotation": {"angle": 0, "axis": "y", "origin": [0, 0.25, 0]},
			"faces": {
				"north": {"uv": [11, 5.5, 11.5, 8.25], "texture": "#0"},
				"east": {"uv": [12.5, 5.5, 11.5, 8.25], "texture": "#0"},
				"south": {"uv": [11, 5.5, 11.5, 8.25], "texture": "#0"},
				"west": {"uv": [11.5, 5.5, 12.5, 8.25], "texture": "#0"},
				"down": {"uv": [11, 4.5, 11.5, 5.5], "texture": "#0"}
			}
		},
		{
			"from": [7.75, 7.5, 7],
			"to": [8.25, 16, 8],
			"faces": {
				"north": {"uv": [13.5, 1.25, 13.75, 5.5], "texture": "#0"},
				"east": {"uv": [14.25, 1.25, 13.75, 5.5], "texture": "#0"},
				"west": {"uv": [13.75, 1.25, 14.25, 5.5], "texture": "#0"},
				"up": {"uv": [13.5, 0.75, 13.75, 1.25], "texture": "#0"}
			}
		},
		{
			"from": [7.85, 16, 7],
			"to": [8.15, 17.5, 8],
			"rotation": {"angle": 45, "axis": "x", "origin": [8, 16, 7]},
			"faces": {
				"north": {"uv": [15.25, 6.125, 15.125, 6.5], "texture": "#0"},
				"east": {"uv": [15.375, 6.125, 15.125, 6.5], "texture": "#0"},
				"west": {"uv": [15.125, 6.125, 15.375, 6.5], "texture": "#0"},
				"up": {"uv": [15.25, 6.125, 15.125, 6.5], "texture": "#0"}
			}
		}
	],
	"gui_light": "front",
	"display": {
		"thirdperson_righthand": {
			"translation": [0, 1.5, 0],
			"scale": [0.7, 0.7, 0.7]
		},
		"thirdperson_lefthand": {
			"rotation": [0, 0, 180],
			"translation": [0, -5, 0],
			"scale": [0.7, 0.7, 0.7]
		},
		"firstperson_righthand": {
			"rotation": [-15, 0, 0],
			"translation": [0, 2, 0]
		},
		"ground": {
			"rotation": [-45, 0, 0],
			"translation": [0, 2.5, 0],
			"scale": [0.8, 0.8, 0.8]
		},
		"gui": {
			"rotation": [-90, 45, 90]
		},
		"head": {
			"rotation": [0, 0, 90],
			"translation": [1, -6, -7]
		},
		"fixed": {
			"rotation": [-90, -50, -90]
		}
	}
}