{
	"credit": "Made with Blockbench",
	"texture_size": [64, 64],
	"textures": {
		"0": "item/custom/hga_warrior_shield",
		"particle": "item/custom/hga_warrior_shield"
	},
	"elements": [
		{
			"from": [4, 1, 4],
			"to": [12, 15, 5.5],
			"faces": {
				"north": {"uv": [7, 8.75, 11, 15.75], "texture": "#0"},
				"east": {"uv": [6.25, 8.75, 7, 15.75], "texture": "#0"},
				"south": {"uv": [11.75, 8.75, 15.75, 15.75], "texture": "#0"},
				"west": {"uv": [11, 8.75, 11.75, 15.75], "texture": "#0"},
				"up": {"uv": [7, 8, 11, 8.75], "texture": "#0"},
				"down": {"uv": [11.75, 8, 15.75, 8.75], "texture": "#0"}
			}
		},
		{
			"from": [7, 5.5, 5.5],
			"to": [9, 10.5, 10.5],
			"faces": {
				"east": {"uv": [8.75, 2.75, 11.25, 5.25], "texture": "#0"},
				"south": {"uv": [14.75, 2.75, 15.75, 5.25], "texture": "#0"},
				"west": {"uv": [12.25, 2.75, 14.75, 5.25], "texture": "#0"},
				"up": {"uv": [11.25, 0.25, 12.25, 2.75], "texture": "#0"},
				"down": {"uv": [12.25, 0.25, 13.25, 2.75], "texture": "#0"}
			}
		}
	],
	"gui_light": "front",
	"display": {
		"thirdperson_righthand": {
			"rotation": [0, -90, 0],
			"translation": [0, -2, 4]
		},
		"firstperson_righthand": {
			"rotation": [0, 0, -5],
			"translation": [0, -4, 4],
			"scale": [1.25, 1.25, 1.25]
		},
		"ground": {
			"translation": [0, 2.5, 0],
			"scale": [0.6, 0.6, 0.6]
		},
		"gui": {
			"rotation": [5, 165, 10],
			"translation": [-0.5, 0, 0],
			"scale": [0.8, 0.8, 0.8]
		},
		"head": {
			"rotation": [90, 0, 0],
			"translation": [0, 4, 0]
		},
		"fixed": {
			"translation": [0, 0, 2]
		}
	}
}