{
	"credit": "Made with Blockbench",
	"texture_size": [64, 64],
	"textures": {
		"0": "block/f002",
		"particle": "block/f002"
	},
	"elements": [
		{
			"from": [13, 13, 13],
			"to": [3, 3, 3],
			"rotation": {"angle": 45, "axis": "y", "origin": [8, 8, 8]},
			"faces": {
				"north": {"uv": [7, 0, 15, 8], "texture": "#0"},
				"east": {"uv": [7, 0, 15, 8], "texture": "#0"},
				"south": {"uv": [7, 0, 15, 8], "texture": "#0"},
				"west": {"uv": [7, 0, 15, 8], "texture": "#0"},
				"up": {"uv": [15, 8, 7, 0], "texture": "#0"},
				"down": {"uv": [15, 0, 7, 8], "texture": "#0"}
			}
		},
		{
			"from": [12, 12, 12],
			"to": [4, 4, 4],
			"rotation": {"angle": 45, "axis": "y", "origin": [8, 8, 8]},
			"faces": {
				"north": {"uv": [0, 7, 7, 14], "rotation": 270, "texture": "#0"},
				"east": {"uv": [0, 7, 7, 14], "texture": "#0"},
				"south": {"uv": [0, 0, 7, 7], "texture": "#0"},
				"west": {"uv": [0, 0, 7, 7], "rotation": 270, "texture": "#0"},
				"up": {"uv": [7, 14, 0, 7], "rotation": 180, "texture": "#0"},
				"down": {"uv": [7, 0, 0, 7], "rotation": 180, "texture": "#0"}
			}
		},
		{
			"from": [6.5, 6.5, 8],
			"to": [9.5, 9.5, 8],
			"rotation": {"angle": 45, "axis": "z", "origin": [8, 8, 6.5]},
			"faces": {
				"north": {"uv": [7, 8, 8.5, 9.5], "texture": "#0"},
				"east": {"uv": [7, 8, 8.5, 9.5], "texture": "#0"},
				"south": {"uv": [7, 8, 8.5, 9.5], "texture": "#0"},
				"west": {"uv": [7, 8, 8.5, 9.5], "texture": "#0"},
				"up": {"uv": [7, 8, 8.5, 9.5], "texture": "#0"},
				"down": {"uv": [7, 8, 8.5, 9.5], "texture": "#0"}
			}
		}
	],
	"display": {
		"thirdperson_righthand": {
			"rotation": [75, 45, 0],
			"translation": [0, 2.5, 0],
			"scale": [0.375, 0.375, 0.375]
		},
		"thirdperson_lefthand": {
			"rotation": [75, 45, 0],
			"translation": [0, 2.5, 0],
			"scale": [0.375, 0.375, 0.375]
		},
		"firstperson_righthand": {
			"rotation": [0, 45, 0],
			"scale": [0.4, 0.4, 0.4]
		},
		"firstperson_lefthand": {
			"rotation": [0, 225, 0],
			"scale": [0.4, 0.4, 0.4]
		},
		"ground": {
			"translation": [0, 3, 0],
			"scale": [0.25, 0.25, 0.25]
		},
		"gui": {
			"rotation": [30, 225, 0],
			"scale": [0.625, 0.625, 0.625]
		},
		"head": {
			"translation": [0, 15.25, 0]
		},
		"fixed": {
			"rotation": [-90, 0, 0],
			"translation": [0, 0, -16],
			"scale": [2, 2, 2]
		}
	}
}