{
	"credit": "Made with Blockbench",
	"textures": {
		"1": "block/fwater",
		"2": "block/f003",
		"3": "block/brushicon",
		"particle": "block/f003"
	},
	"elements": [
		{
			"from": [3, 8, 3],
			"to": [13, 9, 13],
			"rotation": {"angle": 0, "axis": "y", "origin": [0, -5, 0]},
			"faces": {
				"north": {"uv": [0, 9.5, 5, 10], "texture": "#2"},
				"east": {"uv": [0, 9.5, 5, 10], "texture": "#2"},
				"south": {"uv": [0, 9.5, 5, 10], "texture": "#2"},
				"west": {"uv": [0, 9.5, 5, 10], "texture": "#2"}
			}
		},
		{
			"from": [2, 1, 2],
			"to": [14, 8, 14],
			"rotation": {"angle": 0, "axis": "y", "origin": [0, -5, 0]},
			"faces": {
				"north": {"uv": [0, 6, 6, 9.5], "texture": "#2"},
				"east": {"uv": [0, 6, 6, 9.5], "texture": "#2"},
				"south": {"uv": [0, 6, 6, 9.5], "texture": "#2"},
				"west": {"uv": [0, 6, 6, 9.5], "texture": "#2"},
				"up": {"uv": [12, 6, 6, 0], "texture": "#2"},
				"down": {"uv": [6, 0, 0, 6], "texture": "#2"}
			}
		},
		{
			"from": [1.75, 2, 1.75],
			"to": [14.25, 6, 14.25],
			"rotation": {"angle": 0, "axis": "y", "origin": [0, -5, 0]},
			"faces": {
				"north": {"uv": [9.5, 7.5, 16, 9.5], "texture": "#2", "tintindex": 1},
				"east": {"uv": [9.5, 7.5, 16, 9.5], "texture": "#2", "tintindex": 1},
				"south": {"uv": [9.5, 7.5, 16, 9.5], "texture": "#2", "tintindex": 1},
				"west": {"uv": [9.5, 7.5, 16, 9.5], "texture": "#2", "tintindex": 1},
				"up": {"uv": [16, 16, 9.5, 9.5], "texture": "#2", "tintindex": 1},
				"down": {"uv": [16, 9.5, 9.5, 16], "texture": "#2", "tintindex": 1}
			}
		},
		{
			"from": [2.88864, 3.29397, 4],
			"to": [3.88864, 6.29397, 5],
			"rotation": {"angle": -45, "axis": "z", "origin": [8.25, 9.125, 7.25]},
			"faces": {
				"north": {"uv": [6, 6, 6.5, 7.5], "texture": "#2"},
				"east": {"uv": [6, 6, 6.5, 7.5], "texture": "#2"},
				"south": {"uv": [6, 6, 6.5, 7.5], "texture": "#2"},
				"west": {"uv": [6, 6, 6.5, 7.5], "texture": "#2"},
				"up": {"uv": [6.5, 8, 6, 7.5], "rotation": 90, "texture": "#2"},
				"down": {"uv": [6.5, 7.5, 6, 8], "rotation": 270, "texture": "#2"}
			}
		},
		{
			"from": [12.61136, 3.29397, 11],
			"to": [13.61136, 6.29397, 12],
			"rotation": {"angle": 45, "axis": "z", "origin": [8.25, 9.125, 7.25]},
			"faces": {
				"north": {"uv": [6, 6, 6.5, 7.5], "texture": "#2"},
				"east": {"uv": [6, 6, 6.5, 7.5], "texture": "#2"},
				"south": {"uv": [6, 6, 6.5, 7.5], "texture": "#2"},
				"west": {"uv": [6, 6, 6.5, 7.5], "texture": "#2"},
				"up": {"uv": [6.5, 8, 6, 7.5], "rotation": 90, "texture": "#2"},
				"down": {"uv": [6.5, 7.5, 6, 8], "rotation": 270, "texture": "#2"}
			}
		},
		{
			"from": [12.61136, 3.29397, 4],
			"to": [13.61136, 6.29397, 5],
			"rotation": {"angle": 45, "axis": "z", "origin": [8.25, 9.125, 7.25]},
			"faces": {
				"north": {"uv": [6, 6, 6.5, 7.5], "texture": "#2"},
				"east": {"uv": [6, 6, 6.5, 7.5], "texture": "#2"},
				"south": {"uv": [6, 6, 6.5, 7.5], "texture": "#2"},
				"west": {"uv": [6, 6, 6.5, 7.5], "texture": "#2"},
				"up": {"uv": [6.5, 8, 6, 7.5], "rotation": 90, "texture": "#2"},
				"down": {"uv": [6.5, 7.5, 6, 8], "rotation": 270, "texture": "#2"}
			}
		},
		{
			"from": [2.88864, 3.29397, 11],
			"to": [3.88864, 6.29397, 12],
			"rotation": {"angle": -45, "axis": "z", "origin": [8.25, 9.125, 7.25]},
			"faces": {
				"north": {"uv": [6, 6, 6.5, 7.5], "texture": "#2"},
				"east": {"uv": [6, 6, 6.5, 7.5], "texture": "#2"},
				"south": {"uv": [6, 6, 6.5, 7.5], "texture": "#2"},
				"west": {"uv": [6, 6, 6.5, 7.5], "texture": "#2"},
				"up": {"uv": [6.5, 8, 6, 7.5], "rotation": 90, "texture": "#2"},
				"down": {"uv": [6.5, 7.5, 6, 8], "rotation": 270, "texture": "#2"}
			}
		},
		{
			"from": [-0.25, 7.5, 5],
			"to": [1.25, 9, 11],
			"rotation": {"angle": 0, "axis": "y", "origin": [8.25, 9.125, 7.25]},
			"faces": {
				"north": {"uv": [6.5, 9.5, 7.5, 10.5], "texture": "#2", "tintindex": 1},
				"east": {"uv": [6.5, 7.5, 9.5, 8.5], "texture": "#2", "tintindex": 1},
				"south": {"uv": [6.5, 9.5, 7.5, 10.5], "texture": "#2", "tintindex": 1},
				"west": {"uv": [6.5, 8.5, 9.5, 7.5], "texture": "#2", "tintindex": 1},
				"up": {"uv": [6.5, 7.5, 9.5, 8.5], "rotation": 90, "texture": "#2", "tintindex": 1},
				"down": {"uv": [9.5, 7.5, 6.5, 8.5], "rotation": 270, "texture": "#2", "tintindex": 1}
			}
		},
		{
			"from": [15.25, 7.75, 5],
			"to": [16.75, 9.25, 11],
			"rotation": {"angle": 0, "axis": "y", "origin": [8.25, 9.125, 7.25]},
			"faces": {
				"north": {"uv": [6.5, 9.5, 7.5, 10.5], "texture": "#2", "tintindex": 1},
				"east": {"uv": [6.5, 7.5, 9.5, 8.5], "texture": "#2", "tintindex": 1},
				"south": {"uv": [6.5, 9.5, 7.5, 10.5], "texture": "#2", "tintindex": 1},
				"west": {"uv": [6.5, 7.5, 9.5, 8.5], "texture": "#2", "tintindex": 1},
				"up": {"uv": [9.5, 8.5, 6.5, 7.5], "rotation": 90, "texture": "#2", "tintindex": 1},
				"down": {"uv": [9.5, 7.5, 6.5, 8.5], "rotation": 270, "texture": "#2", "tintindex": 1}
			}
		},
		{
			"from": [3, 0, 3],
			"to": [13, 1, 13],
			"rotation": {"angle": 0, "axis": "y", "origin": [0, -5, 0]},
			"faces": {
				"north": {"uv": [0, 9.5, 5, 10], "texture": "#2"},
				"east": {"uv": [0, 9.5, 5, 10], "texture": "#2"},
				"south": {"uv": [0, 9.5, 5, 10], "texture": "#2"},
				"west": {"uv": [0, 9.5, 5, 10], "texture": "#2"},
				"down": {"uv": [5, 10, 0, 15], "texture": "#2"}
			}
		},
		{
			"from": [2, 9, 2],
			"to": [14, 11, 14],
			"rotation": {"angle": 0, "axis": "y", "origin": [0, -5, 0]},
			"faces": {
				"north": {"uv": [0, 6, 6, 7], "texture": "#2"},
				"east": {"uv": [0, 6, 6, 7], "texture": "#2"},
				"south": {"uv": [0, 6, 6, 7], "texture": "#2"},
				"west": {"uv": [0, 6, 6, 7], "texture": "#2"},
				"up": {"uv": [12, 6, 6, 0], "texture": "#2"},
				"down": {"uv": [6, 0, 0, 6], "texture": "#2"}
			}
		},
		{
			"from": [4, 1, 1.25],
			"to": [12, 9, 1.25],
			"rotation": {"angle": 0, "axis": "y", "origin": [0, -5, 0]},
			"faces": {
				"north": {"uv": [0, 0, 16, 16], "texture": "#3"},
				"east": {"uv": [0, 0, 0, 8], "texture": "#3"},
				"south": {"uv": [16, 0, 0, 16], "texture": "#3"},
				"west": {"uv": [0, 0, 0, 8], "texture": "#3"},
				"up": {"uv": [8, 0, 0, 0], "texture": "#3"},
				"down": {"uv": [8, 0, 0, 0], "texture": "#3"}
			}
		},
		{
			"from": [2, 5.5, 7],
			"to": [5, 18.5, 10],
			"rotation": {"angle": -22.5, "axis": "z", "origin": [0, -5, 0]},
			"faces": {
				"north": {"uv": [5, 9.5, 6.5, 16], "texture": "#2"},
				"east": {"uv": [5, 9.5, 6.5, 16], "texture": "#2"},
				"south": {"uv": [5, 9.5, 6.5, 16], "texture": "#2"},
				"west": {"uv": [5, 9.5, 6.5, 16], "texture": "#2"},
				"up": {"uv": [9, 11, 7.5, 9.5], "texture": "#2"}
			}
		},
		{
			"from": [1.75, 15.5, 6.75],
			"to": [5.25, 17.5, 10.25],
			"rotation": {"angle": -22.5, "axis": "z", "origin": [0, -5, 0]},
			"faces": {
				"north": {"uv": [6.5, 8.5, 8.5, 9.5], "texture": "#2", "tintindex": 1},
				"east": {"uv": [6.5, 8.5, 8.5, 9.5], "texture": "#2", "tintindex": 1},
				"south": {"uv": [6.5, 8.5, 8.5, 9.5], "texture": "#2", "tintindex": 1},
				"west": {"uv": [6.5, 8.5, 8.5, 9.5], "texture": "#2", "tintindex": 1},
				"up": {"uv": [8.5, 13, 6.5, 11], "texture": "#2", "tintindex": 1},
				"down": {"uv": [8.5, 11, 6.5, 13], "texture": "#2", "tintindex": 1}
			}
		},
		{
			"from": [5.25, 8.75, 1.75],
			"to": [11.25, 11.25, 4.25],
			"rotation": {"angle": 0, "axis": "y", "origin": [8.25, 9.125, 7.25]},
			"faces": {
				"north": {"uv": [9.5, 6, 6.5, 7.5], "texture": "#2", "tintindex": 1},
				"east": {"uv": [6.5, 13, 8, 14.5], "texture": "#2", "tintindex": 1},
				"south": {"uv": [6.5, 6, 9.5, 7.5], "texture": "#2", "tintindex": 1},
				"west": {"uv": [6.5, 13, 8, 14.5], "texture": "#2", "tintindex": 1},
				"up": {"uv": [9.5, 7.5, 6.5, 6], "rotation": 180, "texture": "#2", "tintindex": 1},
				"down": {"uv": [6.5, 7.5, 9.5, 6], "texture": "#2", "tintindex": 1}
			}
		},
		{
			"from": [12, 9, 4],
			"to": [4, 11, 12],
			"rotation": {"angle": 0, "axis": "y", "origin": [0, -5, 0]},
			"faces": {
				"north": {"uv": [0, 15, 5, 16], "texture": "#2"},
				"east": {"uv": [0, 15, 5, 16], "texture": "#2"},
				"south": {"uv": [0, 15, 5, 16], "texture": "#2"},
				"west": {"uv": [0, 15, 5, 16], "texture": "#2"}
			}
		},
		{
			"from": [4, 7, 4],
			"to": [12, 9, 12],
			"faces": {
				"up": {"uv": [4, 4, 12, 12], "texture": "#1"}
			}
		}
	],
	"display": {
		"thirdperson_righthand": {
			"rotation": [75, 45, 0],
			"translation": [0, 2.5, 0],
			"scale": [0.375, 0.375, 0.375]
		},
		"thirdperson_lefthand": {
			"rotation": [75, 45, 0],
			"translation": [0, 2.5, 0],
			"scale": [0.375, 0.375, 0.375]
		},
		"firstperson_righthand": {
			"rotation": [0, 45, 0],
			"scale": [0.4, 0.4, 0.4]
		},
		"firstperson_lefthand": {
			"rotation": [0, 225, 0],
			"scale": [0.4, 0.4, 0.4]
		},
		"ground": {
			"translation": [0, 3, 0],
			"scale": [0.25, 0.25, 0.25]
		},
		"gui": {
			"rotation": [30, 225, 0],
			"scale": [0.625, 0.625, 0.625]
		},
		"head": {
			"translation": [0, 15.25, 0]
		},
		"fixed": {
			"rotation": [-90, 0, 0],
			"translation": [0, 0, -16],
			"scale": [2, 2, 2]
		}
	}
}