{
	"credit": "Made with Blockbench",
	"texture_size": [32, 32],
	"textures": {
		"0": "block/stonecutter_saw",
		"1": "block/b004",
		"particle": "block/stonecutter_saw"
	},
	"elements": [
		{
			"from": [0, 4, 0],
			"to": [16, 12, 16],
			"rotation": {"angle": 0, "axis": "y", "origin": [0, 4, 0]},
			"faces": {
				"north": {"uv": [16, 8, 8, 12], "texture": "#1"},
				"east": {"uv": [8, 4, 16, 8], "texture": "#1"},
				"south": {"uv": [8, 8, 16, 12], "texture": "#1"},
				"west": {"uv": [16, 4, 8, 8], "texture": "#1"},
				"up": {"uv": [8, 8, 0, 0], "texture": "#1"},
				"down": {"uv": [8, 8, 0, 16], "texture": "#1"}
			}
		},
		{
			"from": [13.5, 12, 0],
			"to": [13.5, 20, 16],
			"rotation": {"angle": 0, "axis": "y", "origin": [25.5, 4, 0]},
			"faces": {
				"north": {"uv": [0, 0, 0, 4], "texture": "#missing"},
				"east": {"uv": [0, 8, 16, 16], "texture": "#0"},
				"south": {"uv": [0, 0, 0, 4], "texture": "#missing"},
				"west": {"uv": [0, 8, 16, 16], "texture": "#0"},
				"up": {"uv": [0, 0, 8, 0], "rotation": 90, "texture": "#missing"},
				"down": {"uv": [0, 0, 8, 0], "rotation": 270, "texture": "#missing"}
			}
		},
		{
			"from": [0, 0, 0],
			"to": [3, 4, 3],
			"faces": {
				"north": {"uv": [14, 9.5, 16, 11], "rotation": 90, "texture": "#1"},
				"east": {"uv": [14, 9.5, 16, 11], "rotation": 90, "texture": "#1"},
				"south": {"uv": [14, 9.5, 16, 11], "rotation": 90, "texture": "#1"},
				"west": {"uv": [14, 9.5, 16, 11], "rotation": 90, "texture": "#1"},
				"up": {"uv": [0, 0, 1.5, 1.5], "texture": "#missing"},
				"down": {"uv": [9, 5.5, 10.5, 7], "texture": "#1"}
			}
		},
		{
			"from": [13, 0, 0],
			"to": [16, 4, 3],
			"rotation": {"angle": 0, "axis": "y", "origin": [16, 0, 0]},
			"faces": {
				"north": {"uv": [14, 9.5, 16, 11], "rotation": 90, "texture": "#1"},
				"east": {"uv": [14, 9.5, 16, 11], "rotation": 90, "texture": "#1"},
				"south": {"uv": [14, 9.5, 16, 11], "rotation": 90, "texture": "#1"},
				"west": {"uv": [14, 9.5, 16, 11], "rotation": 90, "texture": "#1"},
				"up": {"uv": [0, 0, 1.5, 1.5], "rotation": 90, "texture": "#missing"},
				"down": {"uv": [9, 5.5, 10.5, 7], "rotation": 270, "texture": "#1"}
			}
		},
		{
			"from": [0, 0, 13],
			"to": [3, 4, 16],
			"rotation": {"angle": 0, "axis": "y", "origin": [0, 0, 16]},
			"faces": {
				"north": {"uv": [14, 9.5, 16, 11], "rotation": 90, "texture": "#1"},
				"east": {"uv": [14, 9.5, 16, 11], "rotation": 90, "texture": "#1"},
				"south": {"uv": [14, 9.5, 16, 11], "rotation": 90, "texture": "#1"},
				"west": {"uv": [14, 9.5, 16, 11], "rotation": 90, "texture": "#1"},
				"up": {"uv": [0, 0, 1.5, 1.5], "rotation": 270, "texture": "#missing"},
				"down": {"uv": [9, 5.5, 10.5, 7], "rotation": 90, "texture": "#1"}
			}
		},
		{
			"from": [13, 0, 13],
			"to": [16, 4, 16],
			"rotation": {"angle": 0, "axis": "y", "origin": [16, 0, 16]},
			"faces": {
				"north": {"uv": [14, 9.5, 16, 11], "rotation": 90, "texture": "#1"},
				"east": {"uv": [14, 9.5, 16, 11], "rotation": 90, "texture": "#1"},
				"south": {"uv": [14, 9.5, 16, 11], "rotation": 90, "texture": "#1"},
				"west": {"uv": [14, 9.5, 16, 11], "rotation": 90, "texture": "#1"},
				"up": {"uv": [0, 0, 1.5, 1.5], "rotation": 180, "texture": "#missing"},
				"down": {"uv": [9, 5.5, 10.5, 7], "rotation": 180, "texture": "#1"}
			}
		}
	],
	"display": {
		"thirdperson_righthand": {
			"rotation": [75, 45, 0],
			"translation": [0, 2.5, 0],
			"scale": [0.375, 0.375, 0.375]
		},
		"thirdperson_lefthand": {
			"rotation": [75, 45, 0],
			"translation": [0, 2.5, 0],
			"scale": [0.375, 0.375, 0.375]
		},
		"firstperson_righthand": {
			"rotation": [0, 135, 0],
			"translation": [0, 3.75, 0],
			"scale": [0.4, 0.4, 0.4]
		},
		"firstperson_lefthand": {
			"rotation": [0, 135, 0],
			"translation": [0, 3.75, 0],
			"scale": [0.4, 0.4, 0.4]
		},
		"ground": {
			"translation": [0, 3, 0],
			"scale": [0.25, 0.25, 0.25]
		},
		"gui": {
			"rotation": [30, 225, 0],
			"scale": [0.625, 0.625, 0.625]
		},
		"head": {
			"translation": [0, 15.25, 0]
		},
		"fixed": {
			"rotation": [-90, 0, 0],
			"translation": [0, 0, -16],
			"scale": [2, 2, 2]
		}
	}
}