{
	"credit": "Made with Blockbench",
	"texture_size": [64, 64],
	"textures": {
		"0": "block/b005",
		"1": "block/fwater",
		"particle": "block/b005"
	},
	"elements": [
		{
			"from": [0, 0, 0],
			"to": [16, 13, 16],
			"faces": {
				"north": {"uv": [4, 0, 8, 3.25], "texture": "#0"},
				"east": {"uv": [4, 0, 8, 3.25], "texture": "#0"},
				"south": {"uv": [4, 0, 8, 3.25], "texture": "#0"},
				"west": {"uv": [4, 0, 8, 3.25], "texture": "#0"},
				"up": {"uv": [4, 4, 0, 0], "texture": "#0"},
				"down": {"uv": [4, 4, 0, 8], "texture": "#0"}
			}
		},
		{
			"from": [2, 13, 2],
			"to": [14, 11, 14],
			"rotation": {"angle": 0, "axis": "y", "origin": [2, 13, 2]},
			"faces": {
				"north": {"uv": [4.5, 0, 7.5, 0.5], "texture": "#0"},
				"east": {"uv": [4.5, 0, 7.5, 0.5], "texture": "#0"},
				"south": {"uv": [4.5, 0, 7.5, 0.5], "texture": "#0"},
				"west": {"uv": [4.5, 0, 7.5, 0.5], "texture": "#0"},
				"up": {"uv": [1, 1, 15, 15], "rotation": 90, "texture": "#1", "tintindex": 1}
			}
		},
		{
			"from": [0, 3, 0],
			"to": [16, 0, 16],
			"rotation": {"angle": 0, "axis": "y", "origin": [2, 2, 2]},
			"faces": {
				"north": {"uv": [4, 3.25, 8, 2.5], "texture": "#0"},
				"east": {"uv": [4, 3.25, 8, 2.5], "texture": "#0"},
				"south": {"uv": [4, 3.25, 8, 2.5], "texture": "#0"},
				"west": {"uv": [4, 3.25, 8, 2.5], "texture": "#0"},
				"up": {"uv": [9, 9.5, 13, 13.5], "texture": "#0"},
				"down": {"uv": [4, 3.25, 8, 7.25], "texture": "#0"}
			}
		},
		{
			"from": [7, 11, 7],
			"to": [9, 16, 9],
			"rotation": {"angle": 0, "axis": "y", "origin": [7, 11, 7]},
			"faces": {
				"north": {"uv": [0, 8, 0.5, 9.25], "texture": "#0"},
				"east": {"uv": [0, 8, 0.5, 9.25], "texture": "#0"},
				"south": {"uv": [0, 8, 0.5, 9.25], "texture": "#0"},
				"west": {"uv": [0, 8, 0.5, 9.25], "texture": "#0"},
				"up": {"uv": [0, 9.25, 0.5, 9.75], "texture": "#0"},
				"down": {"uv": [0, 9.25, 0.5, 9.75], "texture": "#0"}
			}
		},
		{
			"from": [9, 11, 3],
			"to": [9, 15, 7],
			"rotation": {"angle": 0, "axis": "y", "origin": [8, 11, 7]},
			"faces": {
				"north": {"uv": [0, 0, 0, 1], "texture": "#0"},
				"east": {"uv": [0.5, 8, 1.5, 9], "texture": "#0"},
				"south": {"uv": [0, 0, 0, 1], "texture": "#0"},
				"west": {"uv": [1.5, 8, 0.5, 9], "texture": "#0"},
				"up": {"uv": [0, 0, 0, 1], "texture": "#0"},
				"down": {"uv": [0, 0, 0, 1], "texture": "#0"}
			}
		},
		{
			"from": [9, 11, 9],
			"to": [13, 15, 9],
			"rotation": {"angle": 0, "axis": "y", "origin": [9, 11, 8]},
			"faces": {
				"north": {"uv": [1.5, 8, 0.5, 9], "texture": "#0"},
				"east": {"uv": [0, 0, 0, 1], "texture": "#0"},
				"south": {"uv": [0.5, 8, 1.5, 9], "texture": "#0"},
				"west": {"uv": [0, 0, 0, 1], "texture": "#0"},
				"up": {"uv": [0, 0, 0, 1], "rotation": 90, "texture": "#0"},
				"down": {"uv": [0, 0, 0, 1], "rotation": 270, "texture": "#0"}
			}
		},
		{
			"from": [3, 11, 7],
			"to": [7, 15, 7],
			"rotation": {"angle": 0, "axis": "y", "origin": [7, 11, 8]},
			"faces": {
				"north": {"uv": [0.5, 8, 1.5, 9], "texture": "#0"},
				"east": {"uv": [0, 0, 0, 1], "texture": "#0"},
				"south": {"uv": [1.5, 8, 0.5, 9], "texture": "#0"},
				"west": {"uv": [0, 0, 0, 1], "texture": "#0"},
				"up": {"uv": [0, 0, 0, 1], "rotation": 270, "texture": "#0"},
				"down": {"uv": [0, 0, 0, 1], "rotation": 90, "texture": "#0"}
			}
		},
		{
			"from": [7, 11, 9],
			"to": [7, 15, 13],
			"rotation": {"angle": 0, "axis": "y", "origin": [8, 11, 9]},
			"faces": {
				"north": {"uv": [0, 0, 0, 1], "texture": "#0"},
				"east": {"uv": [1.5, 8, 0.5, 9], "texture": "#0"},
				"south": {"uv": [0, 0, 0, 1], "texture": "#0"},
				"west": {"uv": [0.5, 8, 1.5, 9], "texture": "#0"},
				"up": {"uv": [0, 0, 0, 1], "rotation": 180, "texture": "#0"},
				"down": {"uv": [0, 0, 0, 1], "rotation": 180, "texture": "#0"}
			}
		}
	],
	"display": {
		"thirdperson_righthand": {
			"rotation": [75, 45, 0],
			"translation": [0, 2.5, 0],
			"scale": [0.375, 0.375, 0.375]
		},
		"thirdperson_lefthand": {
			"rotation": [75, 45, 0],
			"translation": [0, 2.5, 0],
			"scale": [0.375, 0.375, 0.375]
		},
		"firstperson_righthand": {
			"rotation": [0, 135, 0],
			"translation": [0, 3.75, 0],
			"scale": [0.4, 0.4, 0.4]
		},
		"firstperson_lefthand": {
			"rotation": [0, 135, 0],
			"translation": [0, 3.75, 0],
			"scale": [0.4, 0.4, 0.4]
		},
		"ground": {
			"translation": [0, 3, 0],
			"scale": [0.25, 0.25, 0.25]
		},
		"gui": {
			"rotation": [30, 225, 0],
			"scale": [0.625, 0.625, 0.625]
		},
		"head": {
			"translation": [0, 15.25, 0]
		},
		"fixed": {
			"rotation": [-90, 0, 0],
			"translation": [0, 0, -16],
			"scale": [2, 2, 2]
		}
	}
}