{
	"credit": "Made with Blockbench",
	"texture_size": [64, 64],
	"textures": {
		"0": "block/b006",
		"1": "block/copper_block",
		"2": "block/campfire_fire",
		"particle": "block/b006"
	},
	"elements": [
		{
			"from": [2, 8, 2],
			"to": [14, 9, 14],
			"rotation": {"angle": 0, "axis": "y", "origin": [0, 5, 0]},
			"faces": {
				"north": {"uv": [8.25, 6, 11.25, 6.25], "texture": "#0"},
				"east": {"uv": [8.25, 6, 11.25, 6.25], "texture": "#0"},
				"south": {"uv": [8.25, 6, 11.25, 6.25], "texture": "#0"},
				"west": {"uv": [8.25, 6, 11.25, 6.25], "texture": "#0"},
				"up": {"uv": [3, 3, 0, 0], "texture": "#0"},
				"down": {"uv": [3, 3, 0, 6], "texture": "#0"}
			}
		},
		{
			"from": [8, 0, -1],
			"to": [8, 9, 17],
			"rotation": {"angle": 45, "axis": "y", "origin": [8, 4.5, 8]},
			"faces": {
				"north": {"uv": [0, 0, 0, 2.25], "texture": "#0"},
				"east": {"uv": [3, 0, 7, 2.25], "texture": "#0"},
				"south": {"uv": [0, 0, 0, 2.25], "texture": "#0"},
				"west": {"uv": [3, 0, 7, 2.25], "texture": "#0"},
				"up": {"uv": [0, 4, 0, 0], "texture": "#0"},
				"down": {"uv": [0, 0, 0, 4], "texture": "#0"}
			}
		},
		{
			"from": [8, 0, -1],
			"to": [8, 9, 17],
			"rotation": {"angle": -45, "axis": "y", "origin": [8, 4.5, 8]},
			"faces": {
				"north": {"uv": [0, 0, 0, 2.25], "texture": "#0"},
				"east": {"uv": [3, 0, 7, 2.25], "texture": "#0"},
				"south": {"uv": [0, 0, 0, 2.25], "texture": "#0"},
				"west": {"uv": [3, 0, 7, 2.25], "texture": "#0"},
				"up": {"uv": [0, 4, 0, 0], "texture": "#0"},
				"down": {"uv": [0, 0, 0, 4], "texture": "#0"}
			}
		},
		{
			"from": [7, 2, 7],
			"to": [9, 5, 9],
			"rotation": {"angle": 0, "axis": "y", "origin": [0, -1, 0]},
			"faces": {
				"north": {"uv": [6.25, 8, 6.75, 8.75], "texture": "#0"},
				"east": {"uv": [8.5, 2.25, 9, 3], "texture": "#0"},
				"south": {"uv": [4.5, 8.5, 5, 9.25], "texture": "#0"},
				"west": {"uv": [5, 8.5, 5.5, 9.25], "texture": "#0"},
				"up": {"uv": [9.25, 0.5, 8.75, 0], "texture": "#0"},
				"down": {"uv": [9.25, 0.5, 8.75, 1], "texture": "#0"}
			}
		},
		{
			"from": [6, 3, 6],
			"to": [10, 3, 10],
			"rotation": {"angle": 0, "axis": "y", "origin": [0, -1, 0]},
			"faces": {
				"north": {"uv": [0, 0, 1, 0], "texture": "#0"},
				"east": {"uv": [0, 0, 1, 0], "texture": "#0"},
				"south": {"uv": [0, 0, 1, 0], "texture": "#0"},
				"west": {"uv": [0, 0, 1, 0], "texture": "#0"},
				"up": {"uv": [8, 4.25, 7, 3.25], "texture": "#0"},
				"down": {"uv": [9, 3.25, 8, 4.25], "texture": "#0"}
			}
		},
		{
			"from": [4.5, 0, 4.5],
			"to": [11.5, 2, 11.5],
			"rotation": {"angle": 0, "axis": "y", "origin": [0, -3, 0]},
			"faces": {
				"north": {"uv": [4.5, 8, 6.25, 8.5], "texture": "#0"},
				"east": {"uv": [8.25, 4.25, 10, 4.75], "texture": "#0"},
				"south": {"uv": [8.25, 4.75, 10, 5.25], "texture": "#0"},
				"west": {"uv": [8.25, 5.25, 10, 5.75], "texture": "#0"},
				"up": {"uv": [4.75, 6.25, 3, 4.5], "texture": "#0"},
				"down": {"uv": [6.5, 4.5, 4.75, 6.25], "texture": "#0"}
			}
		},
		{
			"from": [7, -1, 6],
			"to": [9, 1, 8],
			"rotation": {"angle": -22.5, "axis": "x", "origin": [0, -4, 2]},
			"faces": {
				"north": {"uv": [8.75, 1, 9.25, 1.5], "texture": "#0"},
				"east": {"uv": [6, 8.75, 6.5, 9.25], "texture": "#0"},
				"south": {"uv": [6.5, 8.75, 7, 9.25], "texture": "#0"},
				"west": {"uv": [8.5, 8.75, 9, 9.25], "texture": "#0"},
				"up": {"uv": [9.5, 2.75, 9, 2.25], "texture": "#0"},
				"down": {"uv": [9.5, 3.25, 9, 3.75], "texture": "#0"}
			}
		},
		{
			"from": [5, 10, 5],
			"to": [11, 16, 11],
			"rotation": {"angle": 0, "axis": "y", "origin": [8, 13, 5]},
			"faces": {
				"north": {"uv": [0, 0, 16, 16], "texture": "#1"},
				"east": {"uv": [0, 0, 16, 16], "texture": "#1"},
				"south": {"uv": [0, 0, 16, 16], "texture": "#1"},
				"west": {"uv": [0, 0, 16, 16], "texture": "#1"},
				"up": {"uv": [16, 16, 0, 0], "texture": "#1"},
				"down": {"uv": [16, 0, 0, 16], "texture": "#1"}
			}
		},
		{
			"from": [4.5, 16.5, 4.5],
			"to": [11.5, 9.5, 11.5],
			"rotation": {"angle": 0, "axis": "y", "origin": [8, 20, 5]},
			"faces": {
				"north": {"uv": [0, 6, 1.75, 7.75], "texture": "#0"},
				"east": {"uv": [1.75, 6.25, 3.5, 8], "texture": "#0"},
				"south": {"uv": [3.5, 6.25, 5.25, 8], "texture": "#0"},
				"west": {"uv": [5.25, 6.25, 7, 8], "texture": "#0"},
				"up": {"uv": [8.25, 6.25, 6.5, 4.5], "texture": "#0"},
				"down": {"uv": [8.75, 0, 7, 1.75], "texture": "#0"}
			}
		},
		{
			"from": [6, 4, 8],
			"to": [10, 8, 8],
			"rotation": {"angle": 0, "axis": "y", "origin": [7, 5, 7]},
			"faces": {
				"north": {"uv": [0, 0, 16, 16], "texture": "#2"},
				"east": {"uv": [0, 0, 0, 1], "texture": "#missing"},
				"south": {"uv": [0, 0, 16, 16], "texture": "#2"},
				"west": {"uv": [0, 0, 0, 1], "texture": "#missing"},
				"up": {"uv": [0, 0, 1, 0], "texture": "#missing"},
				"down": {"uv": [0, 0, 1, 0], "texture": "#missing"}
			}
		},
		{
			"from": [8, 4, 6],
			"to": [8, 8, 10],
			"rotation": {"angle": 0, "axis": "y", "origin": [8, 6, 8]},
			"faces": {
				"north": {"uv": [0, 0, 0, 1], "texture": "#missing"},
				"east": {"uv": [0, 0, 16, 16], "texture": "#2"},
				"south": {"uv": [0, 0, 0, 1], "texture": "#missing"},
				"west": {"uv": [0, 0, 16, 16], "texture": "#2"},
				"up": {"uv": [0, 0, 1, 0], "rotation": 90, "texture": "#missing"},
				"down": {"uv": [0, 0, 1, 0], "rotation": 270, "texture": "#missing"}
			}
		}
	],
	"display": {
		"thirdperson_righthand": {
			"rotation": [75, 45, 0],
			"translation": [0, 2.5, 0],
			"scale": [0.375, 0.375, 0.375]
		},
		"thirdperson_lefthand": {
			"rotation": [75, 45, 0],
			"translation": [0, 2.5, 0],
			"scale": [0.375, 0.375, 0.375]
		},
		"firstperson_righthand": {
			"rotation": [0, 135, 0],
			"translation": [0, 3.75, 0],
			"scale": [0.4, 0.4, 0.4]
		},
		"firstperson_lefthand": {
			"rotation": [0, 135, 0],
			"translation": [0, 3.75, 0],
			"scale": [0.4, 0.4, 0.4]
		},
		"ground": {
			"translation": [0, 3, 0],
			"scale": [0.25, 0.25, 0.25]
		},
		"gui": {
			"rotation": [30, 225, 0],
			"scale": [0.625, 0.625, 0.625]
		},
		"head": {
			"translation": [0, 15.25, 0]
		},
		"fixed": {
			"rotation": [-90, 0, 0],
			"translation": [0, 0, -16],
			"scale": [2, 2, 2]
		}
	}
}