{
	"credit": "Made with Blockbench",
	"texture_size": [128, 128],
	"textures": {
		"0": "block/broker",
		"particle": "block/broker"
	},
	"elements": [
		{
			"from": [1, 0, 1],
			"to": [15, 2, 15],
			"rotation": {"angle": 0, "axis": "y", "origin": [0, -5, 0]},
			"faces": {
				"north": {"uv": [7.75, 6.875, 9.5, 7.125], "texture": "#0"},
				"east": {"uv": [7.75, 6.875, 9.5, 7.125], "texture": "#0"},
				"south": {"uv": [7.75, 6.875, 9.5, 7.125], "texture": "#0"},
				"west": {"uv": [7.75, 6.875, 9.5, 7.125], "texture": "#0"},
				"up": {"uv": [7.75, 1.75, 6, 0], "texture": "#0"},
				"down": {"uv": [7.75, 1.75, 6, 3.5], "texture": "#0"}
			}
		},
		{
			"from": [4, 19, 4],
			"to": [12, 27, 12],
			"rotation": {"angle": 0, "axis": "y", "origin": [0, 18, 0]},
			"faces": {
				"north": {"uv": [6.75, 3.5, 7.75, 4.5], "texture": "#0"},
				"east": {"uv": [6.75, 3.5, 7.75, 4.5], "texture": "#0"},
				"south": {"uv": [6.75, 3.5, 7.75, 4.5], "texture": "#0"},
				"west": {"uv": [6.75, 3.5, 7.75, 4.5], "texture": "#0"},
				"up": {"uv": [3, 8.25, 2, 7.25], "texture": "#0"},
				"down": {"uv": [4, 7.25, 3, 8.25], "texture": "#0"}
			}
		},
		{
			"from": [5, 18, 5],
			"to": [11, 32, 11],
			"rotation": {"angle": 0, "axis": "y", "origin": [0, 22, 0]},
			"faces": {
				"north": {"uv": [4.5, 6, 5.25, 7.75], "texture": "#0"},
				"east": {"uv": [4.5, 6, 5.25, 7.75], "texture": "#0"},
				"south": {"uv": [4.5, 6, 5.25, 7.75], "texture": "#0"},
				"west": {"uv": [4.5, 6, 5.25, 7.75], "texture": "#0"},
				"up": {"uv": [4.75, 8.5, 4, 7.75], "texture": "#0"},
				"down": {"uv": [8.5, 4.125, 7.75, 4.875], "texture": "#0"}
			}
		},
		{
			"from": [0, 15, 0],
			"to": [16, 18, 16],
			"rotation": {"angle": 0, "axis": "y", "origin": [0, 12, 0]},
			"faces": {
				"north": {"uv": [7.75, 0, 9.75, 0.375], "texture": "#0"},
				"east": {"uv": [7.75, 0, 9.75, 0.375], "texture": "#0"},
				"south": {"uv": [7.75, 0, 9.75, 0.375], "texture": "#0"},
				"west": {"uv": [7.75, 0, 9.75, 0.375], "texture": "#0"},
				"up": {"uv": [2, 6, 0, 4], "texture": "#0"},
				"down": {"uv": [6, 0, 4, 2], "texture": "#0"}
			}
		},
		{
			"from": [3, 4, 3],
			"to": [13, 6, 13],
			"rotation": {"angle": 0, "axis": "y", "origin": [0, 4, 0]},
			"faces": {
				"north": {"uv": [8, 7.875, 9.25, 8.125], "texture": "#0"},
				"east": {"uv": [8, 7.875, 9.25, 8.125], "texture": "#0"},
				"south": {"uv": [8, 7.875, 9.25, 8.125], "texture": "#0"},
				"west": {"uv": [8, 7.875, 9.25, 8.125], "texture": "#0"},
				"up": {"uv": [3.25, 7.25, 2, 6], "texture": "#0"},
				"down": {"uv": [4.5, 6, 3.25, 7.25], "texture": "#0"}
			}
		},
		{
			"from": [0, 21, 0],
			"to": [16, 23, 16],
			"rotation": {"angle": 0, "axis": "y", "origin": [0, 18, 0]},
			"faces": {
				"north": {"uv": [7.75, 5.625, 9.75, 5.875], "texture": "#0"},
				"east": {"uv": [7.75, 5.625, 9.75, 5.875], "texture": "#0"},
				"south": {"uv": [7.75, 5.625, 9.75, 5.875], "texture": "#0"},
				"west": {"uv": [7.75, 5.625, 9.75, 5.875], "texture": "#0"},
				"up": {"uv": [2, 2, 0, 0], "texture": "#0"},
				"down": {"uv": [2, 2, 0, 4], "texture": "#0"}
			}
		},
		{
			"from": [0, 2, 0],
			"to": [16, 4, 16],
			"rotation": {"angle": 0, "axis": "y", "origin": [0, -1, 0]},
			"faces": {
				"north": {"uv": [7.75, 5.625, 9.75, 5.875], "texture": "#0"},
				"east": {"uv": [7.75, 5.625, 9.75, 5.875], "texture": "#0"},
				"south": {"uv": [7.75, 5.625, 9.75, 5.875], "texture": "#0"},
				"west": {"uv": [7.75, 5.625, 9.75, 5.875], "texture": "#0"},
				"up": {"uv": [2, 2, 0, 0], "texture": "#0"},
				"down": {"uv": [2, 2, 0, 4], "texture": "#0"}
			}
		},
		{
			"from": [1, 23, 1],
			"to": [15, 26, 15],
			"rotation": {"angle": 0, "axis": "y", "origin": [0, 18, 0]},
			"faces": {
				"north": {"uv": [7.75, 1.5, 9.75, 1.875], "texture": "#0"},
				"east": {"uv": [7.75, 1.5, 9.75, 1.875], "texture": "#0"},
				"south": {"uv": [7.75, 1.5, 9.75, 1.875], "texture": "#0"},
				"west": {"uv": [7.75, 1.5, 9.75, 1.875], "texture": "#0"}
			}
		},
		{
			"from": [1, 26, 1],
			"to": [15, 23, 15],
			"rotation": {"angle": 0, "axis": "y", "origin": [1, 21, 1]},
			"faces": {
				"north": {"uv": [7.75, 1.5, 9.75, 1.875], "texture": "#0"},
				"east": {"uv": [7.75, 1.5, 9.75, 1.875], "texture": "#0"},
				"south": {"uv": [7.75, 1.5, 9.75, 1.875], "texture": "#0"},
				"west": {"uv": [7.75, 1.5, 9.75, 1.875], "texture": "#0"}
			}
		},
		{
			"from": [13, 4, 1],
			"to": [15, 19, 3],
			"rotation": {"angle": 0, "axis": "y", "origin": [1, 13, -3]},
			"faces": {
				"north": {"uv": [5, 7.75, 5.25, 9.625], "texture": "#0"},
				"east": {"uv": [5, 7.75, 5.25, 9.625], "texture": "#0"},
				"south": {"uv": [5, 7.75, 5.25, 9.625], "texture": "#0"},
				"west": {"uv": [5, 7.75, 5.25, 9.625], "texture": "#0"},
				"up": {"uv": [3.25, 9.125, 3, 8.875], "texture": "#0"},
				"down": {"uv": [3.5, 8.875, 3.25, 9.125], "texture": "#0"}
			}
		},
		{
			"from": [12.5, 18, 0.5],
			"to": [15.5, 19, 3.5],
			"rotation": {"angle": 0, "axis": "y", "origin": [1, 17, -3]},
			"faces": {
				"north": {"uv": [8.75, 9, 9.125, 9.125], "texture": "#0"},
				"east": {"uv": [8.75, 9, 9.125, 9.125], "texture": "#0"},
				"south": {"uv": [8.75, 9, 9.125, 9.125], "texture": "#0"},
				"west": {"uv": [8.75, 9, 9.125, 9.125], "texture": "#0"},
				"up": {"uv": [1.875, 8.875, 1.5, 8.5], "texture": "#0"},
				"down": {"uv": [4.25, 8.5, 3.875, 8.875], "texture": "#0"}
			}
		},
		{
			"from": [0.5, 19, 0.5],
			"to": [3.5, 21, 3.5],
			"rotation": {"angle": 0, "axis": "y", "origin": [-11, 18, -3]},
			"faces": {
				"north": {"uv": [3.375, 8.625, 3.75, 8.875], "texture": "#0"},
				"east": {"uv": [3.375, 8.625, 3.75, 8.875], "texture": "#0"},
				"south": {"uv": [3.375, 8.625, 3.75, 8.875], "texture": "#0"},
				"west": {"uv": [3.375, 8.625, 3.75, 8.875], "texture": "#0"},
				"up": {"uv": [4.375, 7.625, 4, 7.25], "texture": "#0"},
				"down": {"uv": [2.375, 8.25, 2, 8.625], "texture": "#0"}
			}
		},
		{
			"from": [1, 4, 1],
			"to": [3, 19, 3],
			"rotation": {"angle": 0, "axis": "y", "origin": [-11, 13, -3]},
			"faces": {
				"north": {"uv": [5, 7.75, 5.25, 9.625], "texture": "#0"},
				"east": {"uv": [5, 7.75, 5.25, 9.625], "texture": "#0"},
				"south": {"uv": [5, 7.75, 5.25, 9.625], "texture": "#0"},
				"west": {"uv": [5, 7.75, 5.25, 9.625], "texture": "#0"},
				"up": {"uv": [3.25, 9.125, 3, 8.875], "texture": "#0"},
				"down": {"uv": [3.5, 8.875, 3.25, 9.125], "texture": "#0"}
			}
		},
		{
			"from": [0.5, 18, 0.5],
			"to": [3.5, 19, 3.5],
			"rotation": {"angle": 0, "axis": "y", "origin": [-11, 17, -3]},
			"faces": {
				"north": {"uv": [8.75, 9, 9.125, 9.125], "texture": "#0"},
				"east": {"uv": [8.75, 9, 9.125, 9.125], "texture": "#0"},
				"south": {"uv": [8.75, 9, 9.125, 9.125], "texture": "#0"},
				"west": {"uv": [8.75, 9, 9.125, 9.125], "texture": "#0"},
				"up": {"uv": [1.875, 8.875, 1.5, 8.5], "texture": "#0"},
				"down": {"uv": [4.25, 8.5, 3.875, 8.875], "texture": "#0"}
			}
		},
		{
			"from": [13, 4, 13],
			"to": [15, 19, 15],
			"rotation": {"angle": 0, "axis": "y", "origin": [1, 13, 9]},
			"faces": {
				"north": {"uv": [5, 7.75, 5.25, 9.625], "texture": "#0"},
				"east": {"uv": [5, 7.75, 5.25, 9.625], "texture": "#0"},
				"south": {"uv": [5, 7.75, 5.25, 9.625], "texture": "#0"},
				"west": {"uv": [5, 7.75, 5.25, 9.625], "texture": "#0"},
				"up": {"uv": [3.25, 9.125, 3, 8.875], "texture": "#0"},
				"down": {"uv": [3.5, 8.875, 3.25, 9.125], "texture": "#0"}
			}
		},
		{
			"from": [12.5, 18, 12.5],
			"to": [15.5, 19, 15.5],
			"rotation": {"angle": 0, "axis": "y", "origin": [1, 17, 9]},
			"faces": {
				"north": {"uv": [8.75, 9, 9.125, 9.125], "texture": "#0"},
				"east": {"uv": [8.75, 9, 9.125, 9.125], "texture": "#0"},
				"south": {"uv": [8.75, 9, 9.125, 9.125], "texture": "#0"},
				"west": {"uv": [8.75, 9, 9.125, 9.125], "texture": "#0"},
				"up": {"uv": [1.875, 8.875, 1.5, 8.5], "texture": "#0"},
				"down": {"uv": [4.25, 8.5, 3.875, 8.875], "texture": "#0"}
			}
		},
		{
			"from": [0.5, 19, 12.5],
			"to": [3.5, 21, 15.5],
			"rotation": {"angle": 0, "axis": "y", "origin": [-11, 18, 9]},
			"faces": {
				"north": {"uv": [3.375, 8.625, 3.75, 8.875], "texture": "#0"},
				"east": {"uv": [3.375, 8.625, 3.75, 8.875], "texture": "#0"},
				"south": {"uv": [3.375, 8.625, 3.75, 8.875], "texture": "#0"},
				"west": {"uv": [3.375, 8.625, 3.75, 8.875], "texture": "#0"},
				"up": {"uv": [4.375, 7.625, 4, 7.25], "texture": "#0"},
				"down": {"uv": [2.375, 8.25, 2, 8.625], "texture": "#0"}
			}
		},
		{
			"from": [1, 4, 13],
			"to": [3, 19, 15],
			"rotation": {"angle": 0, "axis": "y", "origin": [-11, 13, 9]},
			"faces": {
				"north": {"uv": [5, 7.75, 5.25, 9.625], "texture": "#0"},
				"east": {"uv": [5, 7.75, 5.25, 9.625], "texture": "#0"},
				"south": {"uv": [5, 7.75, 5.25, 9.625], "texture": "#0"},
				"west": {"uv": [5, 7.75, 5.25, 9.625], "texture": "#0"},
				"up": {"uv": [3.25, 9.125, 3, 8.875], "texture": "#0"},
				"down": {"uv": [3.5, 8.875, 3.25, 9.125], "texture": "#0"}
			}
		},
		{
			"from": [0.5, 18, 12.5],
			"to": [3.5, 19, 15.5],
			"rotation": {"angle": 0, "axis": "y", "origin": [-11, 17, 9]},
			"faces": {
				"north": {"uv": [8.75, 9, 9.125, 9.125], "texture": "#0"},
				"east": {"uv": [8.75, 9, 9.125, 9.125], "texture": "#0"},
				"south": {"uv": [8.75, 9, 9.125, 9.125], "texture": "#0"},
				"west": {"uv": [8.75, 9, 9.125, 9.125], "texture": "#0"},
				"up": {"uv": [1.875, 8.875, 1.5, 8.5], "texture": "#0"},
				"down": {"uv": [4.25, 8.5, 3.875, 8.875], "texture": "#0"}
			}
		},
		{
			"from": [12.5, 19, 0.5],
			"to": [15.5, 21, 3.5],
			"rotation": {"angle": 0, "axis": "y", "origin": [1, 18, -3]},
			"faces": {
				"north": {"uv": [3.375, 8.625, 3.75, 8.875], "texture": "#0"},
				"east": {"uv": [3.375, 8.625, 3.75, 8.875], "texture": "#0"},
				"south": {"uv": [3.375, 8.625, 3.75, 8.875], "texture": "#0"},
				"west": {"uv": [3.375, 8.625, 3.75, 8.875], "texture": "#0"},
				"up": {"uv": [4.375, 7.625, 4, 7.25], "texture": "#0"},
				"down": {"uv": [2.375, 8.25, 2, 8.625], "texture": "#0"}
			}
		},
		{
			"from": [12.5, 19, 12.5],
			"to": [15.5, 21, 15.5],
			"rotation": {"angle": 0, "axis": "y", "origin": [1, 18, 9]},
			"faces": {
				"north": {"uv": [3.375, 8.625, 3.75, 8.875], "texture": "#0"},
				"east": {"uv": [3.375, 8.625, 3.75, 8.875], "texture": "#0"},
				"south": {"uv": [3.375, 8.625, 3.75, 8.875], "texture": "#0"},
				"west": {"uv": [3.375, 8.625, 3.75, 8.875], "texture": "#0"},
				"up": {"uv": [4.375, 7.625, 4, 7.25], "texture": "#0"},
				"down": {"uv": [2.375, 8.25, 2, 8.625], "texture": "#0"}
			}
		}
	],
	"display": {
		"thirdperson_righthand": {
			"rotation": [75, 45, 0],
			"translation": [0, 2.5, 0],
			"scale": [0.375, 0.375, 0.375]
		},
		"thirdperson_lefthand": {
			"rotation": [75, 45, 0],
			"translation": [0, 2.5, 0],
			"scale": [0.375, 0.375, 0.375]
		},
		"firstperson_righthand": {
			"rotation": [0, 135, 0],
			"translation": [0, 3.75, 0],
			"scale": [0.4, 0.4, 0.4]
		},
		"firstperson_lefthand": {
			"rotation": [0, 135, 0],
			"translation": [0, 3.75, 0],
			"scale": [0.4, 0.4, 0.4]
		},
		"ground": {
			"translation": [0, 3, 0],
			"scale": [0.25, 0.25, 0.25]
		},
		"gui": {
			"rotation": [30, 225, 0],
			"scale": [0.625, 0.625, 0.625]
		},
		"head": {
			"translation": [0, 15.25, 0]
		},
		"fixed": {
			"rotation": [-90, 0, 0],
			"translation": [0, 0, -16],
			"scale": [2, 2, 2]
		}
	}
}