{
	"credit": "Made with Blockbench",
	"textures": {
		"0": "custom/consume/potion_of_healing"
	},
	"elements": [
		{
			"from": [6.5, 3, 7],
			"to": [9.5, 13, 9],
			"faces": {
				"up": {"uv": [1.5, 2, 4.5, 4], "texture": "#0"},
				"down": {"uv": [11.5, 2, 14.5, 4], "texture": "#0"}
			}
		},
		{
			"from": [7, 3, 6.5],
			"to": [9, 13, 7],
			"faces": {
				"up": {"uv": [2, 1.5, 4, 2], "texture": "#0"},
				"down": {"uv": [12, 4, 14, 4.5], "texture": "#0"}
			}
		},
		{
			"from": [7, 3, 9],
			"to": [9, 13, 9.5],
			"faces": {
				"up": {"uv": [2, 4, 4, 4.5], "texture": "#0"},
				"down": {"uv": [12, 1.5, 14, 2], "texture": "#0"}
			}
		},
		{
			"from": [5, 3, 7],
			"to": [5.5, 13, 9],
			"faces": {
				"north": {"uv": [14, 6, 14.5, 16], "texture": "#0"},
				"south": {"uv": [15.5, 6, 16, 16], "texture": "#0"},
				"west": {"uv": [14, 6, 16, 16], "texture": "#0"},
				"up": {"uv": [0, 2, 0.5, 4], "texture": "#0"},
				"down": {"uv": [10, 2, 10.5, 4], "texture": "#0"}
			}
		},
		{
			"from": [7, 2.5, 6],
			"to": [9, 13, 6.5],
			"faces": {
				"north": {"uv": [12, 4.5, 14, 5], "texture": "#0"},
				"east": {"uv": [12, 4.5, 14, 5], "texture": "#0"},
				"south": {"uv": [12, 4.5, 14, 5], "texture": "#0"},
				"west": {"uv": [12, 4.5, 14, 5], "texture": "#0"},
				"up": {"uv": [2, 1, 4, 1.5], "texture": "#0"},
				"down": {"uv": [12, 4.5, 14, 5], "texture": "#0"}
			}
		},
		{
			"from": [9.5, 2.5, 7],
			"to": [10, 13, 9],
			"faces": {
				"north": {"uv": [14.5, 2, 15, 4], "texture": "#0"},
				"east": {"uv": [14.5, 2, 15, 4], "texture": "#0"},
				"south": {"uv": [14.5, 2, 15, 4], "texture": "#0"},
				"west": {"uv": [14.5, 2, 15, 4], "texture": "#0"},
				"up": {"uv": [4.5, 2, 5, 4], "texture": "#0"},
				"down": {"uv": [14.5, 2, 15, 4], "texture": "#0"}
			}
		},
		{
			"from": [5.5, 3, 7],
			"to": [6, 13.5, 9],
			"faces": {
				"north": {"uv": [0.5, 2, 1, 4], "texture": "#0"},
				"east": {"uv": [0.5, 2, 1, 4], "texture": "#0"},
				"south": {"uv": [0.5, 2, 1, 4], "texture": "#0"},
				"west": {"uv": [0.5, 2, 1, 4], "texture": "#0"},
				"up": {"uv": [0.5, 2, 1, 4], "texture": "#0"},
				"down": {"uv": [10.5, 2, 11, 4], "texture": "#0"}
			}
		},
		{
			"from": [7, 3, 5.5],
			"to": [9, 13.5, 6],
			"faces": {
				"north": {"uv": [2, 0.5, 4, 1], "texture": "#0"},
				"east": {"uv": [3.5, 0.5, 4, 1], "texture": "#0"},
				"south": {"uv": [2, 0.5, 4, 1], "texture": "#0"},
				"west": {"uv": [2, 0.5, 2.5, 1], "texture": "#0"},
				"up": {"uv": [2, 0.5, 4, 1], "texture": "#0"},
				"down": {"uv": [12, 5, 14, 5.5], "texture": "#0"}
			}
		},
		{
			"from": [6, 3, 5.5],
			"to": [7, 13, 6],
			"faces": {
				"north": {"uv": [12, 6, 13, 16], "texture": "#0"},
				"west": {"uv": [12.5, 6, 13, 16], "texture": "#0"},
				"up": {"uv": [1, 0.5, 2, 1], "texture": "#0"},
				"down": {"uv": [11, 5, 12, 5.5], "texture": "#0"}
			}
		},
		{
			"from": [6.5, 3, 6],
			"to": [7, 13.5, 6.5],
			"faces": {
				"north": {"uv": [1.5, 1, 2, 1.5], "texture": "#0"},
				"east": {"uv": [1.5, 1, 2, 1.5], "texture": "#0"},
				"south": {"uv": [1.5, 1, 2, 1.5], "texture": "#0"},
				"up": {"uv": [1.5, 1, 2, 1.5], "texture": "#0"},
				"down": {"uv": [11.5, 4.5, 12, 5], "texture": "#0"}
			}
		},
		{
			"from": [6.5, 3, 9.5],
			"to": [7, 13.5, 10],
			"faces": {
				"north": {"uv": [1.5, 4.5, 2, 5], "texture": "#0"},
				"south": {"uv": [1.5, 4.5, 2, 5], "texture": "#0"},
				"up": {"uv": [1.5, 4.5, 2, 5], "texture": "#0"},
				"down": {"uv": [11.5, 1, 12, 1.5], "texture": "#0"}
			}
		},
		{
			"from": [7, 13, 8],
			"to": [7.5, 13.5, 10],
			"faces": {
				"north": {"uv": [2, 3, 2.5, 3.5], "texture": "#0"},
				"east": {"uv": [2, 3, 2.5, 5], "texture": "#0"},
				"west": {"uv": [2, 3, 2.5, 5], "texture": "#0"},
				"up": {"uv": [2, 3, 2.5, 5], "texture": "#0"}
			}
		},
		{
			"from": [8.5, 13, 8],
			"to": [9, 13.5, 10],
			"faces": {
				"north": {"uv": [3.5, 3, 4, 3.5], "texture": "#0"},
				"east": {"uv": [3.5, 3, 4, 5], "texture": "#0"},
				"west": {"uv": [3.5, 3, 4, 5], "texture": "#0"},
				"up": {"uv": [3.5, 3, 4, 5], "texture": "#0"}
			}
		},
		{
			"from": [7.5, 13, 7.5],
			"to": [8.5, 13.5, 8],
			"faces": {
				"north": {"uv": [2.5, 2.5, 3.5, 3], "texture": "#0"},
				"east": {"uv": [2.5, 2.5, 3.5, 3], "texture": "#0"},
				"south": {"uv": [2.5, 2.5, 3.5, 3], "texture": "#0"},
				"west": {"uv": [2.5, 2.5, 3.5, 3], "texture": "#0"},
				"up": {"uv": [2.5, 2.5, 3.5, 3], "texture": "#0"}
			}
		},
		{
			"from": [7.5, 13, 9],
			"to": [8.5, 13.5, 9.5],
			"faces": {
				"north": {"uv": [2.5, 4, 3.5, 4.5], "texture": "#0"},
				"south": {"uv": [2.5, 4, 3.5, 4.5], "texture": "#0"},
				"up": {"uv": [2.5, 4, 3.5, 4.5], "texture": "#0"}
			}
		},
		{
			"from": [6.5, 2.5, 9],
			"to": [7, 13, 9.5],
			"faces": {
				"north": {"uv": [11.5, 1.5, 12, 2], "texture": "#0"},
				"east": {"uv": [11.5, 1.5, 12, 2], "texture": "#0"},
				"south": {"uv": [11.5, 1.5, 12, 2], "texture": "#0"},
				"west": {"uv": [11.5, 1.5, 12, 2], "texture": "#0"},
				"up": {"uv": [1.5, 4, 2, 4.5], "texture": "#0"},
				"down": {"uv": [11.5, 1.5, 12, 2], "texture": "#0"}
			}
		},
		{
			"from": [6.5, 2.5, 6.5],
			"to": [7, 13, 7],
			"faces": {
				"north": {"uv": [11.5, 4, 12, 4.5], "texture": "#0"},
				"east": {"uv": [11.5, 4, 12, 4.5], "texture": "#0"},
				"south": {"uv": [11.5, 4, 12, 4.5], "texture": "#0"},
				"west": {"uv": [11.5, 4, 12, 4.5], "texture": "#0"},
				"up": {"uv": [1.5, 1.5, 2, 2], "texture": "#0"},
				"down": {"uv": [11.5, 4, 12, 4.5], "texture": "#0"}
			}
		},
		{
			"from": [6, 3, 10],
			"to": [7, 13, 10.5],
			"faces": {
				"south": {"uv": [1, 6, 2, 16], "texture": "#0"},
				"west": {"uv": [1, 6, 1.5, 16], "texture": "#0"},
				"up": {"uv": [1, 5, 2, 5.5], "texture": "#0"},
				"down": {"uv": [11, 0.5, 12, 1], "texture": "#0"}
			}
		},
		{
			"from": [9, 3, 5.5],
			"to": [10, 13, 6],
			"faces": {
				"north": {"uv": [9, 6, 10, 16], "texture": "#0"},
				"east": {"uv": [9, 6, 9.5, 16], "texture": "#0"},
				"up": {"uv": [4, 0.5, 5, 1], "texture": "#0"},
				"down": {"uv": [14, 5, 15, 5.5], "texture": "#0"}
			}
		},
		{
			"from": [9, 3, 6],
			"to": [9.5, 13.5, 6.5],
			"faces": {
				"north": {"uv": [4, 1, 4.5, 1.5], "texture": "#0"},
				"south": {"uv": [4, 1, 4.5, 1.5], "texture": "#0"},
				"west": {"uv": [4, 1, 4.5, 1.5], "texture": "#0"},
				"up": {"uv": [4, 1, 4.5, 1.5], "texture": "#0"},
				"down": {"uv": [14, 4.5, 14.5, 5], "texture": "#0"}
			}
		},
		{
			"from": [9, 3, 9.5],
			"to": [9.5, 13.5, 10],
			"faces": {
				"north": {"uv": [4, 4.5, 4.5, 5], "texture": "#0"},
				"south": {"uv": [4, 4.5, 4.5, 5], "texture": "#0"},
				"up": {"uv": [4, 4.5, 4.5, 5], "texture": "#0"},
				"down": {"uv": [14, 1, 14.5, 1.5], "texture": "#0"}
			}
		},
		{
			"from": [9, 2.5, 9],
			"to": [9.5, 13, 9.5],
			"faces": {
				"north": {"uv": [14, 1.5, 14.5, 2], "texture": "#0"},
				"east": {"uv": [14, 1.5, 14.5, 2], "texture": "#0"},
				"south": {"uv": [14, 1.5, 14.5, 2], "texture": "#0"},
				"west": {"uv": [14, 1.5, 14.5, 2], "texture": "#0"},
				"up": {"uv": [4, 4, 4.5, 4.5], "texture": "#0"},
				"down": {"uv": [14, 1.5, 14.5, 2], "texture": "#0"}
			}
		},
		{
			"from": [9, 2.5, 6.5],
			"to": [9.5, 13, 7],
			"faces": {
				"north": {"uv": [14, 4, 14.5, 4.5], "texture": "#0"},
				"east": {"uv": [14, 4, 14.5, 4.5], "texture": "#0"},
				"south": {"uv": [14, 4, 14.5, 4.5], "texture": "#0"},
				"west": {"uv": [14, 4, 14.5, 4.5], "texture": "#0"},
				"up": {"uv": [4, 1.5, 4.5, 2], "texture": "#0"},
				"down": {"uv": [14, 4, 14.5, 4.5], "texture": "#0"}
			}
		},
		{
			"from": [9, 3, 10],
			"to": [10, 13, 10.5],
			"faces": {
				"east": {"uv": [4.5, 6, 5, 16], "texture": "#0"},
				"south": {"uv": [4, 6, 5, 16], "texture": "#0"},
				"up": {"uv": [4, 5, 5, 5.5], "texture": "#0"},
				"down": {"uv": [14, 0.5, 15, 1], "texture": "#0"}
			}
		},
		{
			"from": [7, 3, 10.5],
			"to": [9, 13, 11],
			"faces": {
				"east": {"uv": [3.5, 6, 4, 16], "texture": "#0"},
				"south": {"uv": [2, 6, 4, 16], "texture": "#0"},
				"west": {"uv": [2, 6, 2.5, 16], "texture": "#0"},
				"up": {"uv": [2, 5.5, 4, 6], "texture": "#0"},
				"down": {"uv": [12, 0, 14, 0.5], "texture": "#0"}
			}
		},
		{
			"from": [10, 3, 7],
			"to": [10.5, 13.5, 9],
			"faces": {
				"north": {"uv": [5, 2, 5.5, 4], "texture": "#0"},
				"east": {"uv": [5, 2, 5.5, 4], "texture": "#0"},
				"south": {"uv": [5, 2, 5.5, 4], "texture": "#0"},
				"west": {"uv": [5, 2, 5.5, 4], "texture": "#0"},
				"up": {"uv": [5, 2, 5.5, 4], "texture": "#0"},
				"down": {"uv": [15, 2, 15.5, 4], "texture": "#0"}
			}
		},
		{
			"from": [6, 2.5, 7],
			"to": [6.5, 13, 9],
			"faces": {
				"north": {"uv": [11, 2, 11.5, 4], "texture": "#0"},
				"east": {"uv": [11, 2, 11.5, 4], "texture": "#0"},
				"south": {"uv": [11, 2, 11.5, 4], "texture": "#0"},
				"west": {"uv": [11, 2, 11.5, 4], "texture": "#0"},
				"up": {"uv": [1, 2, 1.5, 4], "texture": "#0"},
				"down": {"uv": [11, 2, 11.5, 4], "texture": "#0"}
			}
		},
		{
			"from": [7, 3, 5],
			"to": [9, 13, 5.5],
			"faces": {
				"north": {"uv": [10, 6, 12, 16], "texture": "#0"},
				"east": {"uv": [10, 6, 10.5, 16], "texture": "#0"},
				"west": {"uv": [11.5, 6, 12, 16], "texture": "#0"},
				"up": {"uv": [2, 0, 4, 0.5], "texture": "#0"},
				"down": {"uv": [12, 5.5, 14, 6], "texture": "#0"}
			}
		},
		{
			"from": [7, 3, 10],
			"to": [9, 13.5, 10.5],
			"faces": {
				"north": {"uv": [2, 5, 4, 5.5], "texture": "#0"},
				"east": {"uv": [3.5, 5, 4, 5.5], "texture": "#0"},
				"south": {"uv": [2, 5, 4, 5.5], "texture": "#0"},
				"west": {"uv": [2, 5, 2.5, 5.5], "texture": "#0"},
				"up": {"uv": [2, 5, 4, 5.5], "texture": "#0"},
				"down": {"uv": [12, 0.5, 14, 1], "texture": "#0"}
			}
		},
		{
			"from": [7, 2.5, 9.5],
			"to": [9, 13, 10],
			"faces": {
				"north": {"uv": [12, 1, 14, 1.5], "texture": "#0"},
				"east": {"uv": [12, 1, 14, 1.5], "texture": "#0"},
				"south": {"uv": [12, 1, 14, 1.5], "texture": "#0"},
				"west": {"uv": [12, 1, 14, 1.5], "texture": "#0"},
				"up": {"uv": [2, 4.5, 4, 5], "texture": "#0"},
				"down": {"uv": [12, 1, 14, 1.5], "texture": "#0"}
			}
		},
		{
			"from": [10.5, 3, 7],
			"to": [11, 13, 9],
			"faces": {
				"north": {"uv": [7.5, 6, 8, 16], "texture": "#0"},
				"east": {"uv": [6, 6, 8, 16], "texture": "#0"},
				"south": {"uv": [6, 6, 6.5, 16], "texture": "#0"},
				"up": {"uv": [5.5, 2, 6, 4], "texture": "#0"},
				"down": {"uv": [15.5, 2, 16, 4], "texture": "#0"}
			}
		},
		{
			"from": [5.5, 3, 6],
			"to": [6, 13, 7],
			"faces": {
				"north": {"uv": [13, 6, 13.5, 16], "texture": "#0"},
				"west": {"uv": [13, 6, 14, 16], "texture": "#0"},
				"up": {"uv": [0.5, 1, 1, 2], "texture": "#0"},
				"down": {"uv": [10.5, 4, 11, 5], "texture": "#0"}
			}
		},
		{
			"from": [5.5, 3, 9],
			"to": [6, 13, 10],
			"faces": {
				"south": {"uv": [0.5, 6, 1, 16], "texture": "#0"},
				"west": {"uv": [0, 6, 1, 16], "texture": "#0"},
				"up": {"uv": [0.5, 4, 1, 5], "texture": "#0"},
				"down": {"uv": [10.5, 1, 11, 2], "texture": "#0"}
			}
		},
		{
			"from": [9.5, 3, 6],
			"to": [10, 13.5, 7],
			"faces": {
				"north": {"uv": [4.5, 1, 5, 2], "texture": "#0"},
				"east": {"uv": [4.5, 1, 5, 2], "texture": "#0"},
				"south": {"uv": [4.5, 1, 5, 2], "texture": "#0"},
				"west": {"uv": [4.5, 1, 5, 2], "texture": "#0"},
				"up": {"uv": [4.5, 1, 5, 2], "texture": "#0"},
				"down": {"uv": [14.5, 4, 15, 5], "texture": "#0"}
			}
		},
		{
			"from": [9.5, 3, 9],
			"to": [10, 13.5, 10],
			"faces": {
				"north": {"uv": [4.5, 4, 5, 5], "texture": "#0"},
				"east": {"uv": [4.5, 4, 5, 5], "texture": "#0"},
				"south": {"uv": [4.5, 4, 5, 5], "texture": "#0"},
				"west": {"uv": [4.5, 4, 5, 5], "texture": "#0"},
				"up": {"uv": [4.5, 4, 5, 5], "texture": "#0"},
				"down": {"uv": [14.5, 1, 15, 2], "texture": "#0"}
			}
		},
		{
			"from": [6, 3, 6],
			"to": [6.5, 13.5, 7],
			"faces": {
				"north": {"uv": [1, 1, 1.5, 2], "texture": "#0"},
				"east": {"uv": [1, 1, 1.5, 2], "texture": "#0"},
				"south": {"uv": [1, 1, 1.5, 2], "texture": "#0"},
				"west": {"uv": [1, 1, 1.5, 2], "texture": "#0"},
				"up": {"uv": [1, 1, 1.5, 2], "texture": "#0"},
				"down": {"uv": [11, 4, 11.5, 5], "texture": "#0"}
			}
		},
		{
			"from": [6, 3, 9],
			"to": [6.5, 13.5, 10],
			"faces": {
				"north": {"uv": [1, 4, 1.5, 5], "texture": "#0"},
				"east": {"uv": [1, 4, 1.5, 5], "texture": "#0"},
				"south": {"uv": [1, 4, 1.5, 5], "texture": "#0"},
				"west": {"uv": [1, 4, 1.5, 5], "texture": "#0"},
				"up": {"uv": [1, 4, 1.5, 5], "texture": "#0"},
				"down": {"uv": [11, 1, 11.5, 2], "texture": "#0"}
			}
		},
		{
			"from": [10, 3, 6],
			"to": [10.5, 13, 7],
			"faces": {
				"north": {"uv": [8.5, 6, 9, 16], "texture": "#0"},
				"east": {"uv": [8, 6, 9, 16], "texture": "#0"},
				"up": {"uv": [5, 1, 5.5, 2], "texture": "#0"},
				"down": {"uv": [15, 4, 15.5, 5], "texture": "#0"}
			}
		},
		{
			"from": [10, 3, 9],
			"to": [10.5, 13, 10],
			"faces": {
				"east": {"uv": [5, 6, 6, 16], "texture": "#0"},
				"south": {"uv": [5, 6, 5.5, 16], "texture": "#0"},
				"up": {"uv": [5, 4, 5.5, 5], "texture": "#0"},
				"down": {"uv": [15, 1, 15.5, 2], "texture": "#0"}
			}
		}
	],
	"gui_light": "front",
	"display": {
		"thirdperson_righthand": {
			"translation": [0, 0, -0.5],
			"scale": [0.45, 0.45, 0.45]
		},
		"firstperson_righthand": {
			"rotation": [15, 0, 0],
			"translation": [1, 1.5, 0],
			"scale": [0.6, 0.6, 0.6]
		},
		"ground": {
			"scale": [0.6, 0.6, 0.6]
		},
		"gui": {
			"rotation": [25, -55, 0],
			"scale": [1.2, 1.2, 1.2]
		},
		"head": {
			"rotation": [0, -180, 0],
			"translation": [0, 10, 0],
			"scale": [0.8, 0.8, 0.8]
		},
		"fixed": {
			"rotation": [-90, 0, 0],
			"translation": [0, 0, -5]
		}
	}
}