{
	"parent": "minecraft:item/handheld",
	"textures": {
		"layer0": "custom/weapon/comet_quasher"
	},
	"display": {
		"thirdperson_righthand": {
			"rotation": [0, 90, 45],
			"translation": [0, 5.5, 0],
			"scale": [0.9, 0.9, 0.45]
		},
		"thirdperson_lefthand": {
			"rotation": [0, -90, -45],
			"translation": [0, 5.5, 0],
			"scale": [0.9, 0.9, 0.45]
		},
		"firstperson_righthand": {
			"rotation": [0, 90, 40],
			"translation": [1.25, 5.5, 1.25],
			"scale": [0.8, 0.8, 0.4]
		},
		"firstperson_lefthand": {
			"rotation": [0, -90, -40],
			"translation": [1.25, 5.5, 1.25],
			"scale": [0.8, 0.8, 0.4]
		},
		"ground": {
			"translation": [0, 2, 0],
			"scale": [0.6, 0.6, 0.3]
		},
		"head": {
			"rotation": [90, 0, -45],
			"translation": [0, -5.5, -6.5],
			"scale": [1.5, 1.5, 0.75]
		},
		"fixed": {
			"rotation": [0, -180, 0],
			"translation": [0, 0, -0.25],
			"scale": [1, 1, 0.5]
		}
	}
}