{
	"credit": "Made with Blockbench",
	"textures": {
		"0": "custom/weapon/dragonfire_blaster"
	},
	"elements": [
		{
			"from": [1, 0, 7.7],
			"to": [2, 0.5, 8.3],
			"faces": {
				"north": {"uv": [2, 15.5, 1, 16], "texture": "#0"},
				"east": {"uv": [1, 15.5, 2, 16], "texture": "#0"},
				"south": {"uv": [1, 15.5, 2, 16], "texture": "#0"},
				"west": {"uv": [1, 15.5, 2, 16], "texture": "#0"},
				"down": {"uv": [1, 15.5, 2, 16], "texture": "#0"}
			}
		},
		{
			"from": [0, 1, 7.7],
			"to": [0.5, 1.5, 8.3],
			"faces": {
				"north": {"uv": [0, 14.5, 0.5, 15], "texture": "#0"},
				"south": {"uv": [0, 14.5, 0.5, 15], "texture": "#0"},
				"west": {"uv": [0, 14.5, 0.5, 15], "texture": "#0"},
				"down": {"uv": [0, 14.5, 0.5, 15], "texture": "#0"}
			}
		},
		{
			"from": [0.5, 0.5, 7.7],
			"to": [2.5, 1, 8.3],
			"faces": {
				"north": {"uv": [2.5, 15, 0.5, 15.5], "texture": "#0"},
				"east": {"uv": [2, 15, 2.5, 15.5], "texture": "#0"},
				"south": {"uv": [0.5, 15, 2.5, 15.5], "texture": "#0"},
				"west": {"uv": [0.5, 15, 1, 15.5], "texture": "#0"},
				"down": {"uv": [0.5, 15, 2.5, 15.5], "texture": "#0"}
			}
		},
		{
			"from": [1, 0.5, 7.3],
			"to": [1.5, 3, 8.7],
			"faces": {
				"north": {"uv": [1.5, 13, 1, 15.5], "texture": "#0"},
				"east": {"uv": [1, 13, 1.5, 15.5], "texture": "#0"},
				"south": {"uv": [1, 13, 1.5, 15.5], "texture": "#0"},
				"west": {"uv": [1, 13, 1.5, 15.5], "texture": "#0"},
				"up": {"uv": [1, 13, 1.5, 13.5], "texture": "#0"},
				"down": {"uv": [1, 15, 1.5, 15.5], "texture": "#0"}
			}
		},
		{
			"from": [0.5, 1, 7.3],
			"to": [1, 1.5, 8.7],
			"faces": {
				"north": {"uv": [0.5, 14.5, 1, 15], "texture": "#0"},
				"south": {"uv": [0.5, 14.5, 1, 15], "texture": "#0"},
				"west": {"uv": [0.5, 14.5, 1, 15], "texture": "#0"},
				"up": {"uv": [0.5, 14.5, 1, 15], "texture": "#0"},
				"down": {"uv": [0.5, 14.5, 1, 15], "texture": "#0"}
			}
		},
		{
			"from": [0, 1.5, 7.5],
			"to": [0.5, 2, 8.5],
			"faces": {
				"north": {"uv": [0, 14, 0.5, 14.5], "texture": "#0"},
				"south": {"uv": [0, 14, 0.5, 14.5], "texture": "#0"},
				"west": {"uv": [0, 14, 0.5, 14.5], "texture": "#0"},
				"up": {"uv": [0, 14, 0.5, 14.5], "texture": "#0"},
				"down": {"uv": [0.5, 14, 0, 14.5], "texture": "#0"}
			}
		},
		{
			"from": [0.5, 1.5, 7.5],
			"to": [1, 3, 8.5],
			"faces": {
				"north": {"uv": [1, 13, 0.5, 14.5], "texture": "#0"},
				"south": {"uv": [0.5, 13, 1, 14.5], "texture": "#0"},
				"west": {"uv": [0.5, 13, 1, 14.5], "texture": "#0"},
				"up": {"uv": [0.5, 13, 1, 13.5], "texture": "#0"}
			}
		},
		{
			"from": [1.5, 2.5, 7.3],
			"to": [2, 3.5, 8.7],
			"faces": {
				"north": {"uv": [2, 12.5, 1.5, 13.5], "texture": "#0"},
				"east": {"uv": [1.5, 12.5, 2, 13.5], "texture": "#0"},
				"south": {"uv": [1.5, 12.5, 2, 13.5], "texture": "#0"},
				"west": {"uv": [1.5, 12.5, 2, 13.5], "texture": "#0"},
				"up": {"uv": [1.5, 12.5, 2, 13], "texture": "#0"},
				"down": {"uv": [1.5, 13, 2, 13.5], "texture": "#0"}
			}
		},
		{
			"from": [1, 3, 7.5],
			"to": [1.5, 4, 8.5],
			"faces": {
				"north": {"uv": [1.5, 12, 1, 13], "texture": "#0"},
				"south": {"uv": [1, 12, 1.5, 13], "texture": "#0"},
				"west": {"uv": [1, 12, 1.5, 13], "texture": "#0"},
				"up": {"uv": [1, 12, 1.5, 12.5], "texture": "#0"}
			}
		},
		{
			"from": [2.5, 2.5, 7.5],
			"to": [3, 3.5, 8.5],
			"faces": {
				"north": {"uv": [3, 12.5, 2.5, 13.5], "texture": "#0"},
				"east": {"uv": [2.5, 12.5, 3, 13.5], "texture": "#0"},
				"south": {"uv": [2.5, 12.5, 3, 13.5], "texture": "#0"},
				"down": {"uv": [2.5, 13, 3, 13.5], "texture": "#0"}
			}
		},
		{
			"from": [2.5, 3.5, 7.2],
			"to": [3, 4.5, 8.8],
			"faces": {
				"north": {"uv": [3, 11.5, 2.5, 12.5], "texture": "#0"},
				"east": {"uv": [2.5, 11.5, 3, 12.5], "texture": "#0"},
				"south": {"uv": [2.5, 11.5, 3, 12.5], "texture": "#0"},
				"west": {"uv": [2.5, 11.5, 3, 12.5], "texture": "#0"},
				"up": {"uv": [2.5, 11.5, 3, 12], "texture": "#0"},
				"down": {"uv": [2.5, 12, 3, 12.5], "texture": "#0"}
			}
		},
		{
			"from": [3, 4, 7.2],
			"to": [3.5, 4.5, 8.8],
			"faces": {
				"north": {"uv": [3.5, 11.5, 3, 12], "texture": "#0"},
				"east": {"uv": [3, 11.5, 3.5, 12], "texture": "#0"},
				"south": {"uv": [3, 11.5, 3.5, 12], "texture": "#0"},
				"up": {"uv": [3, 11.5, 3.5, 12], "texture": "#0"},
				"down": {"uv": [3, 11.5, 3.5, 12], "texture": "#0"}
			}
		},
		{
			"from": [3, 3.5, 7.4],
			"to": [3.5, 4, 8.6],
			"faces": {
				"north": {"uv": [3.5, 12, 3, 12.5], "texture": "#0"},
				"east": {"uv": [3, 12, 3.5, 12.5], "texture": "#0"},
				"south": {"uv": [3, 12, 3.5, 12.5], "texture": "#0"},
				"down": {"uv": [3, 12, 3.5, 12.5], "texture": "#0"}
			}
		},
		{
			"from": [3.5, 4, 7.4],
			"to": [4, 4.5, 8.6],
			"faces": {
				"north": {"uv": [4, 11.5, 3.5, 12], "texture": "#0"},
				"east": {"uv": [3.5, 11.5, 4, 12], "texture": "#0"},
				"south": {"uv": [3.5, 11.5, 4, 12], "texture": "#0"},
				"down": {"uv": [3.5, 11.5, 4, 12], "texture": "#0"}
			}
		},
		{
			"from": [1.5, 0.5, 7.5],
			"to": [2, 4.5, 8.5],
			"faces": {
				"north": {"uv": [2, 11.5, 1.5, 15.5], "texture": "#0"},
				"east": {"uv": [1.5, 11.5, 2, 15.5], "texture": "#0"},
				"south": {"uv": [1.5, 11.5, 2, 15.5], "texture": "#0"},
				"west": {"uv": [1.5, 11.5, 2, 15.5], "texture": "#0"},
				"up": {"uv": [1.5, 11.5, 2, 12], "texture": "#0"},
				"down": {"uv": [1.5, 15, 2, 15.5], "texture": "#0"}
			}
		},
		{
			"from": [3, 3, 7.7],
			"to": [4, 3.5, 8.3],
			"faces": {
				"north": {"uv": [4, 12.5, 3, 13], "texture": "#0"},
				"east": {"uv": [3.5, 12.5, 4, 13], "texture": "#0"},
				"south": {"uv": [3, 12.5, 4, 13], "texture": "#0"},
				"up": {"uv": [3, 12.5, 4, 13], "texture": "#0"},
				"down": {"uv": [3, 12.5, 4, 13], "texture": "#0"}
			}
		},
		{
			"from": [4, 3.5, 7.7],
			"to": [4.5, 4.5, 8.3],
			"faces": {
				"north": {"uv": [4.5, 11.5, 4, 12.5], "texture": "#0"},
				"east": {"uv": [4, 11.5, 4.5, 12.5], "texture": "#0"},
				"south": {"uv": [4, 11.5, 4.5, 12.5], "texture": "#0"},
				"west": {"uv": [4, 11.5, 4.5, 12.5], "texture": "#0"},
				"down": {"uv": [4, 12, 4.5, 12.5], "texture": "#0"}
			}
		},
		{
			"from": [2, 1, 7.5],
			"to": [2.5, 5, 8.5],
			"faces": {
				"north": {"uv": [2.5, 11, 2, 15], "texture": "#0"},
				"east": {"uv": [2, 11, 2.5, 15], "texture": "#0"},
				"south": {"uv": [2, 11, 2.5, 15], "texture": "#0"},
				"west": {"uv": [2, 11, 2.5, 15], "texture": "#0"},
				"down": {"uv": [2, 14.5, 2.5, 15], "texture": "#0"}
			}
		},
		{
			"from": [1, 5, 7.7],
			"to": [1.5, 5.5, 8.3],
			"faces": {
				"north": {"uv": [1.5, 10.5, 1, 11], "texture": "#0"},
				"east": {"uv": [1, 10.5, 1.5, 11], "texture": "#0"},
				"south": {"uv": [1, 10.5, 1.5, 11], "texture": "#0"},
				"west": {"uv": [1, 10.5, 1.5, 11], "texture": "#0"},
				"up": {"uv": [1, 10.5, 1.5, 11], "texture": "#0"},
				"down": {"uv": [1, 10.5, 1.5, 11], "texture": "#0"}
			}
		},
		{
			"from": [1.5, 4.5, 7.7],
			"to": [2, 6, 8.3],
			"faces": {
				"north": {"uv": [2, 10, 1.5, 11.5], "texture": "#0"},
				"east": {"uv": [1.5, 10, 2, 11.5], "texture": "#0"},
				"south": {"uv": [1.5, 10, 2, 11.5], "texture": "#0"},
				"west": {"uv": [1.5, 10, 2, 11.5], "texture": "#0"},
				"up": {"uv": [1.5, 10, 2, 10.5], "texture": "#0"},
				"down": {"uv": [1.5, 11, 2, 11.5], "texture": "#0"}
			}
		},
		{
			"from": [1.5, 5, 7.4],
			"to": [4.5, 5.5, 8.6],
			"faces": {
				"north": {"uv": [4.5, 10.5, 1.5, 11], "texture": "#0"},
				"south": {"uv": [1.5, 10.5, 4.5, 11], "texture": "#0"},
				"west": {"uv": [1.5, 10.5, 2, 11], "texture": "#0"},
				"up": {"uv": [1.5, 10.5, 4.5, 11], "texture": "#0"},
				"down": {"uv": [1.5, 10.5, 4.5, 11], "texture": "#0"}
			}
		},
		{
			"from": [2, 5.5, 7.4],
			"to": [3, 6, 8.6],
			"faces": {
				"north": {"uv": [3, 10, 2, 10.5], "texture": "#0"},
				"south": {"uv": [2, 10, 3, 10.5], "texture": "#0"},
				"west": {"uv": [2, 10, 2.5, 10.5], "texture": "#0"},
				"up": {"uv": [2, 10, 3, 10.5], "texture": "#0"}
			}
		},
		{
			"from": [2.5, 5, 7.2],
			"to": [3.5, 5.5, 8.8],
			"faces": {
				"north": {"uv": [3.5, 10.5, 2.5, 11], "texture": "#0"},
				"east": {"uv": [3, 10.5, 3.5, 11], "texture": "#0"},
				"south": {"uv": [2.5, 10.5, 3.5, 11], "texture": "#0"},
				"west": {"uv": [2.5, 10.5, 3, 11], "texture": "#0"},
				"up": {"uv": [2.5, 10.5, 3.5, 11], "texture": "#0"},
				"down": {"uv": [2.5, 10.5, 3.5, 11], "texture": "#0"}
			}
		},
		{
			"from": [2.5, 4.5, 7.4],
			"to": [3.5, 5, 8.6],
			"faces": {
				"north": {"uv": [3.5, 11, 2.5, 11.5], "texture": "#0"},
				"south": {"uv": [2.5, 11, 3.5, 11.5], "texture": "#0"},
				"west": {"uv": [2.5, 11, 3, 11.5], "texture": "#0"}
			}
		},
		{
			"from": [3.5, 4.5, 7.2],
			"to": [4, 5, 8.8],
			"faces": {
				"north": {"uv": [4, 11, 3.5, 11.5], "texture": "#0"},
				"east": {"uv": [3.5, 11, 4, 11.5], "texture": "#0"},
				"south": {"uv": [3.5, 11, 4, 11.5], "texture": "#0"},
				"west": {"uv": [3.5, 11, 4, 11.5], "texture": "#0"},
				"up": {"uv": [3.5, 11, 4, 11.5], "texture": "#0"},
				"down": {"uv": [3.5, 11, 4, 11.5], "texture": "#0"}
			}
		},
		{
			"from": [4, 4.5, 7.6],
			"to": [5, 5, 8.4],
			"faces": {
				"north": {"uv": [5, 11, 4, 11.5], "texture": "#0"},
				"east": {"uv": [4.5, 11, 5, 11.5], "texture": "#0"},
				"south": {"uv": [4, 11, 5, 11.5], "texture": "#0"},
				"down": {"uv": [4, 11, 5, 11.5], "texture": "#0"}
			}
		},
		{
			"from": [5, 5, 7.6],
			"to": [5.5, 5.5, 8.4],
			"faces": {
				"north": {"uv": [5.5, 10.5, 5, 11], "texture": "#0"},
				"east": {"uv": [5, 10.5, 5.5, 11], "texture": "#0"},
				"south": {"uv": [5, 10.5, 5.5, 11], "texture": "#0"},
				"down": {"uv": [5, 10.5, 5.5, 11], "texture": "#0"}
			}
		},
		{
			"from": [4.5, 5, 7.2],
			"to": [5, 5.5, 8.8],
			"faces": {
				"north": {"uv": [5, 10.5, 4.5, 11], "texture": "#0"},
				"east": {"uv": [4.5, 10.5, 5, 11], "texture": "#0"},
				"south": {"uv": [4.5, 10.5, 5, 11], "texture": "#0"},
				"west": {"uv": [4.5, 10.5, 5, 11], "texture": "#0"},
				"down": {"uv": [4.5, 10.5, 5, 11], "texture": "#0"}
			}
		},
		{
			"from": [3, 5.5, 7.2],
			"to": [5.5, 6, 8.8],
			"faces": {
				"north": {"uv": [5.5, 10, 3, 10.5], "texture": "#0"},
				"east": {"uv": [5, 10, 5.5, 10.5], "texture": "#0"},
				"south": {"uv": [3, 10, 5.5, 10.5], "texture": "#0"},
				"west": {"uv": [3, 10, 3.5, 10.5], "texture": "#0"},
				"up": {"uv": [3, 10, 5.5, 10.5], "texture": "#0"},
				"down": {"uv": [3, 10, 5.5, 10.5], "texture": "#0"}
			}
		},
		{
			"from": [4, 6, 7.2],
			"to": [4.5, 6.5, 8.8],
			"faces": {
				"north": {"uv": [4.5, 9.5, 4, 10], "texture": "#0"},
				"east": {"uv": [4, 9.5, 4.5, 10], "texture": "#0"},
				"south": {"uv": [4, 9.5, 4.5, 10], "texture": "#0"},
				"west": {"uv": [4, 9.5, 4.5, 10], "texture": "#0"},
				"up": {"uv": [4, 9.5, 4.5, 10], "texture": "#0"}
			}
		},
		{
			"from": [3, 6, 7.4],
			"to": [3.5, 7, 8.6],
			"faces": {
				"north": {"uv": [3.5, 9, 3, 10], "texture": "#0"},
				"east": {"uv": [3, 9, 3.5, 10], "texture": "#0"},
				"south": {"uv": [3, 9, 3.5, 10], "texture": "#0"},
				"west": {"uv": [3, 9, 3.5, 10], "texture": "#0"},
				"up": {"uv": [3, 9, 3.5, 9.5], "texture": "#0"}
			}
		},
		{
			"from": [2.5, 6, 7.7],
			"to": [3, 7, 8.3],
			"faces": {
				"north": {"uv": [3, 9, 2.5, 10], "texture": "#0"},
				"east": {"uv": [2.5, 9, 3, 10], "texture": "#0"},
				"south": {"uv": [2.5, 9, 3, 10], "texture": "#0"},
				"west": {"uv": [2.5, 9, 3, 10], "texture": "#0"},
				"up": {"uv": [2.5, 9, 3, 9.5], "texture": "#0"},
				"down": {"uv": [2.5, 9.5, 3, 10], "texture": "#0"}
			}
		},
		{
			"from": [1.5, 7, 7.7],
			"to": [3.5, 7.5, 8.3],
			"faces": {
				"north": {"uv": [3.5, 8.5, 1.5, 9], "texture": "#0"},
				"east": {"uv": [3, 8.5, 3.5, 9], "texture": "#0"},
				"south": {"uv": [1.5, 8.5, 3.5, 9], "texture": "#0"},
				"west": {"uv": [1.5, 8.5, 2, 9], "texture": "#0"},
				"up": {"uv": [1.5, 8.5, 3.5, 9], "texture": "#0"},
				"down": {"uv": [1.5, 8.5, 3.5, 9], "texture": "#0"}
			}
		},
		{
			"from": [1.5, 8, 7.7],
			"to": [2.5, 8.5, 8.3],
			"faces": {
				"north": {"uv": [2.5, 7.5, 1.5, 8], "texture": "#0"},
				"east": {"uv": [2, 7.5, 2.5, 8], "texture": "#0"},
				"south": {"uv": [1.5, 7.5, 2.5, 8], "texture": "#0"},
				"west": {"uv": [1.5, 7.5, 2, 8], "texture": "#0"},
				"up": {"uv": [1.5, 7.5, 2.5, 8], "texture": "#0"},
				"down": {"uv": [1.5, 7.5, 2.5, 8], "texture": "#0"}
			}
		},
		{
			"from": [1.5, 7.5, 7.7],
			"to": [3, 8, 8.3],
			"faces": {
				"north": {"uv": [3, 8, 1.5, 8.5], "texture": "#0"},
				"east": {"uv": [2.5, 8, 3, 8.5], "texture": "#0"},
				"south": {"uv": [1.5, 8, 3, 8.5], "texture": "#0"},
				"west": {"uv": [1.5, 8, 2, 8.5], "texture": "#0"},
				"up": {"uv": [1.5, 8, 3, 8.5], "texture": "#0"},
				"down": {"uv": [1.5, 8, 3, 8.5], "texture": "#0"}
			}
		},
		{
			"from": [4, 6.5, 7.4],
			"to": [6.5, 7, 8.6],
			"faces": {
				"north": {"uv": [6.5, 9, 4, 9.5], "texture": "#0"},
				"east": {"uv": [6, 9, 6.5, 9.5], "texture": "#0"},
				"south": {"uv": [4, 9, 6.5, 9.5], "texture": "#0"},
				"west": {"uv": [4, 9, 4.5, 9.5], "texture": "#0"},
				"up": {"uv": [4, 9, 6.5, 9.5], "texture": "#0"},
				"down": {"uv": [4, 9, 6.5, 9.5], "texture": "#0"}
			}
		},
		{
			"from": [3.5, 6, 7.4],
			"to": [6, 6.5, 8.6],
			"faces": {
				"north": {"uv": [6, 9.5, 3.5, 10], "texture": "#0"},
				"south": {"uv": [3.5, 9.5, 6, 10], "texture": "#0"},
				"up": {"uv": [3.5, 9.5, 6, 10], "texture": "#0"},
				"down": {"uv": [3.5, 9.5, 6, 10], "texture": "#0"}
			}
		},
		{
			"from": [5.5, 5.5, 7.6],
			"to": [7, 7, 8.4],
			"faces": {
				"north": {"uv": [7, 9, 5.5, 10.5], "texture": "#0"},
				"east": {"uv": [6.5, 9, 7, 10.5], "texture": "#0"},
				"south": {"uv": [5.5, 9, 7, 10.5], "texture": "#0"},
				"down": {"uv": [5.5, 10, 7, 10.5], "texture": "#0"}
			}
		},
		{
			"from": [5.5, 7, 7.4],
			"to": [6.5, 7.5, 8.6],
			"faces": {
				"north": {"uv": [6.5, 8.5, 5.5, 9], "texture": "#0"},
				"east": {"uv": [6, 8.5, 6.5, 9], "texture": "#0"},
				"south": {"uv": [5.5, 8.5, 6.5, 9], "texture": "#0"},
				"west": {"uv": [5.5, 8.5, 6, 9], "texture": "#0"},
				"up": {"uv": [5.5, 8.5, 6.5, 9], "texture": "#0"},
				"down": {"uv": [5.5, 8.5, 6.5, 9], "texture": "#0"}
			}
		},
		{
			"from": [5.5, 7.5, 7.3],
			"to": [7.5, 8, 8.7],
			"faces": {
				"north": {"uv": [7.5, 8, 5.5, 8.5], "texture": "#0"},
				"east": {"uv": [7, 8, 7.5, 8.5], "texture": "#0"},
				"south": {"uv": [5.5, 8, 7.5, 8.5], "texture": "#0"},
				"down": {"uv": [5.5, 8, 7.5, 8.5], "texture": "#0"}
			}
		},
		{
			"from": [6.5, 7, 7.3],
			"to": [7.5, 7.5, 8.7],
			"faces": {
				"north": {"uv": [7.5, 8.5, 6.5, 9], "texture": "#0"},
				"east": {"uv": [7, 8.5, 7.5, 9], "texture": "#0"},
				"south": {"uv": [6.5, 8.5, 7.5, 9], "texture": "#0"},
				"west": {"uv": [6.5, 8.5, 7, 9], "texture": "#0"},
				"down": {"uv": [6.5, 8.5, 7.5, 9], "texture": "#0"}
			}
		},
		{
			"from": [5.5, 8, 7.2],
			"to": [6, 8.5, 8.8],
			"faces": {
				"north": {"uv": [6, 7.5, 5.5, 8], "texture": "#0"},
				"east": {"uv": [5.5, 7.5, 6, 8], "texture": "#0"},
				"south": {"uv": [5.5, 7.5, 6, 8], "texture": "#0"},
				"west": {"uv": [5.5, 7.5, 6, 8], "texture": "#0"},
				"up": {"uv": [5.5, 7.5, 6, 8], "texture": "#0"},
				"down": {"uv": [5.5, 7.5, 6, 8], "texture": "#0"}
			}
		},
		{
			"from": [5, 7.5, 7.2],
			"to": [5.5, 8, 8.8],
			"faces": {
				"north": {"uv": [5.5, 8, 5, 8.5], "texture": "#0"},
				"east": {"uv": [5, 8, 5.5, 8.5], "texture": "#0"},
				"south": {"uv": [5, 8, 5.5, 8.5], "texture": "#0"},
				"west": {"uv": [5, 8, 5.5, 8.5], "texture": "#0"},
				"up": {"uv": [5, 8, 5.5, 8.5], "texture": "#0"}
			}
		},
		{
			"from": [5, 8, 7.5],
			"to": [5.5, 8.5, 8.5],
			"faces": {
				"north": {"uv": [5.5, 7.5, 5, 8], "texture": "#0"},
				"south": {"uv": [5, 7.5, 5.5, 8], "texture": "#0"}
			}
		},
		{
			"from": [4.5, 7.5, 7.5],
			"to": [5, 8, 8.5],
			"faces": {
				"north": {"uv": [5, 8, 4.5, 8.5], "texture": "#0"},
				"south": {"uv": [4.5, 8, 5, 8.5], "texture": "#0"},
				"west": {"uv": [4.5, 8, 5, 8.5], "texture": "#0"}
			}
		},
		{
			"from": [6, 8, 7.3],
			"to": [7, 8.5, 8.7],
			"faces": {
				"north": {"uv": [7, 7.5, 6, 8], "texture": "#0"},
				"south": {"uv": [6, 7.5, 7, 8], "texture": "#0"},
				"up": {"uv": [6, 7.5, 7, 8], "texture": "#0"}
			}
		},
		{
			"from": [5, 8.5, 7.3],
			"to": [6.5, 9, 8.7],
			"faces": {
				"north": {"uv": [6.5, 7, 5, 7.5], "texture": "#0"},
				"east": {"uv": [6, 7, 6.5, 7.5], "texture": "#0"},
				"south": {"uv": [5, 7, 6.5, 7.5], "texture": "#0"},
				"west": {"uv": [5, 7, 5.5, 7.5], "texture": "#0"},
				"up": {"uv": [5, 7, 6.5, 7.5], "texture": "#0"},
				"down": {"uv": [5, 7, 6.5, 7.5], "texture": "#0"}
			}
		},
		{
			"from": [7, 8.5, 7.3],
			"to": [7.5, 9, 8.7],
			"faces": {
				"north": {"uv": [7.5, 7, 7, 7.5], "texture": "#0"},
				"south": {"uv": [7, 7, 7.5, 7.5], "texture": "#0"},
				"west": {"uv": [7, 7, 7.5, 7.5], "texture": "#0"},
				"up": {"uv": [7, 7, 7.5, 7.5], "texture": "#0"}
			}
		},
		{
			"from": [7, 8, 7.2],
			"to": [8, 8.5, 8.8],
			"faces": {
				"north": {"uv": [8, 7.5, 7, 8], "texture": "#0"},
				"east": {"uv": [7.5, 7.5, 8, 8], "texture": "#0"},
				"south": {"uv": [7, 7.5, 8, 8], "texture": "#0"},
				"west": {"uv": [7, 7.5, 7.5, 8], "texture": "#0"},
				"up": {"uv": [7, 7.5, 8, 8], "texture": "#0"},
				"down": {"uv": [7, 7.5, 8, 8], "texture": "#0"}
			}
		},
		{
			"from": [7.5, 8.5, 7.2],
			"to": [8.5, 9, 8.8],
			"faces": {
				"north": {"uv": [8.5, 7, 7.5, 7.5], "texture": "#0"},
				"east": {"uv": [8, 7, 8.5, 7.5], "texture": "#0"},
				"south": {"uv": [7.5, 7, 8.5, 7.5], "texture": "#0"},
				"west": {"uv": [7.5, 7, 8, 7.5], "texture": "#0"},
				"up": {"uv": [7.5, 7, 8.5, 7.5], "texture": "#missing"},
				"down": {"uv": [8, 7, 8.5, 7.5], "texture": "#0"}
			}
		},
		{
			"from": [5.5, 9, 7.7],
			"to": [6, 9.5, 8.3],
			"faces": {
				"north": {"uv": [6, 6.5, 5.5, 7], "texture": "#0"},
				"east": {"uv": [5.5, 6.5, 6, 7], "texture": "#0"},
				"south": {"uv": [5.5, 6.5, 6, 7], "texture": "#0"},
				"west": {"uv": [5.5, 6.5, 6, 7], "texture": "#0"},
				"up": {"uv": [5.5, 6.5, 6, 7], "texture": "#0"},
				"down": {"uv": [5.5, 6.5, 6, 7], "texture": "#0"}
			}
		},
		{
			"from": [4.5, 8, 7.4],
			"to": [5, 8.5, 8.6],
			"faces": {
				"north": {"uv": [5, 7.5, 4.5, 8], "texture": "#0"},
				"east": {"uv": [4.5, 7.5, 5, 8], "texture": "#0"},
				"south": {"uv": [4.5, 7.5, 5, 8], "texture": "#0"},
				"west": {"uv": [4.5, 7.5, 5, 8], "texture": "#0"},
				"up": {"uv": [4.5, 7.5, 5, 8], "texture": "#0"},
				"down": {"uv": [4.5, 7.5, 5, 8], "texture": "#0"}
			}
		},
		{
			"from": [7.5, 10.5, 7.6],
			"to": [8, 11.5, 8.4],
			"faces": {
				"north": {"uv": [8, 4.5, 7.5, 5.5], "texture": "#0"},
				"east": {"uv": [7.5, 4.5, 8, 5.5], "texture": "#0"},
				"south": {"uv": [7.5, 4.5, 8, 5.5], "texture": "#0"},
				"west": {"uv": [7.5, 4.5, 8, 5.5], "texture": "#0"},
				"up": {"uv": [7.5, 4.5, 8, 5], "texture": "#0"},
				"down": {"uv": [7.5, 5, 8, 5.5], "texture": "#0"}
			}
		},
		{
			"from": [6, 9.5, 7.6],
			"to": [6.5, 10, 8.4],
			"faces": {
				"north": {"uv": [6.5, 6, 6, 6.5], "texture": "#0"},
				"east": {"uv": [6, 6, 6.5, 6.5], "texture": "#0"},
				"south": {"uv": [6, 6, 6.5, 6.5], "texture": "#0"},
				"west": {"uv": [6, 6, 6.5, 6.5], "texture": "#0"},
				"up": {"uv": [6, 6, 6.5, 6.5], "texture": "#0"},
				"down": {"uv": [6, 6, 6.5, 6.5], "texture": "#0"}
			}
		},
		{
			"from": [6.5, 9.5, 7.6],
			"to": [7, 10.5, 8.4],
			"faces": {
				"north": {"uv": [7, 5.5, 6.5, 6.5], "texture": "#0"},
				"east": {"uv": [6.5, 5.5, 7, 6.5], "texture": "#0"},
				"south": {"uv": [6.5, 5.5, 7, 6.5], "texture": "#0"},
				"west": {"uv": [6.5, 5.5, 7, 6.5], "texture": "#0"},
				"up": {"uv": [6.5, 5.5, 7, 6], "texture": "#0"},
				"down": {"uv": [6.5, 6, 7, 6.5], "texture": "#0"}
			}
		},
		{
			"from": [7, 10, 7.6],
			"to": [7.5, 11, 8.4],
			"faces": {
				"north": {"uv": [7.5, 5, 7, 6], "texture": "#0"},
				"east": {"uv": [7, 5, 7.5, 6], "texture": "#0"},
				"south": {"uv": [7, 5, 7.5, 6], "texture": "#0"},
				"west": {"uv": [7, 5, 7.5, 6], "texture": "#0"},
				"up": {"uv": [7, 5, 7.5, 5.5], "texture": "#0"},
				"down": {"uv": [7, 5.5, 7.5, 6], "texture": "#0"}
			}
		},
		{
			"from": [6, 9, 7.5],
			"to": [7, 9.5, 8.5],
			"faces": {
				"north": {"uv": [7, 6.5, 6, 7], "texture": "#0"},
				"east": {"uv": [6.5, 6.5, 7, 7], "texture": "#0"},
				"south": {"uv": [6, 6.5, 7, 7], "texture": "#0"},
				"west": {"uv": [6, 6.5, 6.5, 7], "texture": "#0"},
				"up": {"uv": [6, 6.5, 7, 7], "texture": "#0"},
				"down": {"uv": [6, 6.5, 7, 7], "texture": "#0"}
			}
		},
		{
			"from": [7, 9.5, 7.5],
			"to": [7.5, 10, 8.5],
			"faces": {
				"north": {"uv": [7.5, 6, 7, 6.5], "texture": "#0"},
				"east": {"uv": [7, 6, 7.5, 6.5], "texture": "#0"},
				"south": {"uv": [7, 6, 7.5, 6.5], "texture": "#0"},
				"west": {"uv": [7, 6, 7.5, 6.5], "texture": "#0"},
				"up": {"uv": [7, 6, 7.5, 6.5], "texture": "#0"},
				"down": {"uv": [7, 6, 7.5, 6.5], "texture": "#0"}
			}
		},
		{
			"from": [7.5, 10, 7.5],
			"to": [8, 10.5, 8.5],
			"faces": {
				"north": {"uv": [8, 5.5, 7.5, 6], "texture": "#0"},
				"east": {"uv": [7.5, 5.5, 8, 6], "texture": "#0"},
				"south": {"uv": [7.5, 5.5, 8, 6], "texture": "#0"},
				"west": {"uv": [7.5, 5.5, 8, 6], "texture": "#0"},
				"up": {"uv": [7.5, 5.5, 8, 6], "texture": "#0"},
				"down": {"uv": [7.5, 5.5, 8, 6], "texture": "#0"}
			}
		},
		{
			"from": [8, 10.5, 7.5],
			"to": [8.5, 11.5, 8.5],
			"faces": {
				"north": {"uv": [8.5, 4.5, 8, 5.5], "texture": "#0"},
				"east": {"uv": [8, 4.5, 8.5, 5.5], "texture": "#0"},
				"south": {"uv": [8, 4.5, 8.5, 5.5], "texture": "#0"},
				"west": {"uv": [8, 4.5, 8.5, 5.5], "texture": "#0"},
				"up": {"uv": [8, 4.5, 8.5, 5], "texture": "#0"},
				"down": {"uv": [8, 5, 8.5, 5.5], "texture": "#0"}
			}
		},
		{
			"from": [8, 11.5, 7.7],
			"to": [8.5, 12, 8.3],
			"faces": {
				"north": {"uv": [8.5, 4, 8, 4.5], "texture": "#0"},
				"south": {"uv": [8, 4, 8.5, 4.5], "texture": "#0"},
				"west": {"uv": [8, 4, 8.5, 4.5], "texture": "#0"},
				"up": {"uv": [8, 4, 8.5, 4.5], "texture": "#0"}
			}
		},
		{
			"from": [8.5, 11, 7.5],
			"to": [9, 11.5, 8.5],
			"faces": {
				"north": {"uv": [9, 4.5, 8.5, 5], "texture": "#0"},
				"east": {"uv": [8.5, 4.5, 9, 5], "texture": "#0"},
				"south": {"uv": [8.5, 4.5, 9, 5], "texture": "#0"},
				"down": {"uv": [8.5, 4.5, 9, 5], "texture": "#0"}
			}
		},
		{
			"from": [7, 6.5, 7.6],
			"to": [8, 8, 8.4],
			"faces": {
				"north": {"uv": [8, 8, 7, 9.5], "texture": "#0"},
				"east": {"uv": [7.5, 8, 8, 9.5], "texture": "#0"},
				"south": {"uv": [7, 8, 8, 9.5], "texture": "#0"},
				"down": {"uv": [7, 9, 8, 9.5], "texture": "#0"}
			}
		},
		{
			"from": [8, 8, 7.6],
			"to": [8.5, 8.5, 8.4],
			"faces": {
				"north": {"uv": [8.5, 7.5, 8, 8], "texture": "#0"},
				"east": {"uv": [8, 7.5, 8.5, 8], "texture": "#0"},
				"south": {"uv": [8, 7.5, 8.5, 8], "texture": "#0"},
				"down": {"uv": [8, 7.5, 8.5, 8], "texture": "#0"}
			}
		},
		{
			"from": [6.5, 8.5, 7.6],
			"to": [9, 9, 8.4],
			"faces": {
				"north": {"uv": [9, 7, 6.5, 7.5], "texture": "#0"},
				"east": {"uv": [8.5, 7, 9, 7.5], "texture": "#0"},
				"south": {"uv": [6.5, 7, 9, 7.5], "texture": "#0"},
				"down": {"uv": [6.5, 7, 9, 7.5], "texture": "#0"}
			}
		},
		{
			"from": [7.5, 9, 7.2],
			"to": [9, 9.5, 8.8],
			"faces": {
				"north": {"uv": [9, 6.5, 7.5, 7], "texture": "#0"},
				"east": {"uv": [8.5, 6.5, 9, 7], "texture": "#0"},
				"south": {"uv": [7.5, 6.5, 9, 7], "texture": "#0"},
				"west": {"uv": [7.5, 6.5, 8, 7], "texture": "#0"},
				"up": {"uv": [7.5, 6.5, 9, 7], "texture": "#0"},
				"down": {"uv": [7.5, 6.5, 9, 7], "texture": "#0"}
			}
		},
		{
			"from": [8, 9.5, 7.2],
			"to": [9.5, 10, 8.8],
			"faces": {
				"north": {"uv": [9.5, 6, 8, 6.5], "texture": "#0"},
				"east": {"uv": [9, 6, 9.5, 6.5], "texture": "#0"},
				"south": {"uv": [8, 6, 9.5, 6.5], "texture": "#0"},
				"west": {"uv": [8, 6, 8.5, 6.5], "texture": "#0"},
				"up": {"uv": [8, 6, 9.5, 6.5], "texture": "#0"},
				"down": {"uv": [8, 6, 9.5, 6.5], "texture": "#0"}
			}
		},
		{
			"from": [8.5, 10, 7.2],
			"to": [10, 10.5, 8.8],
			"faces": {
				"north": {"uv": [10, 5.5, 8.5, 6], "texture": "#0"},
				"east": {"uv": [9.5, 5.5, 10, 6], "texture": "#0"},
				"south": {"uv": [8.5, 5.5, 10, 6], "texture": "#0"},
				"west": {"uv": [8.5, 5.5, 9, 6], "texture": "#0"},
				"up": {"uv": [8.5, 5.5, 10, 6], "texture": "#0"},
				"down": {"uv": [8.5, 5.5, 10, 6], "texture": "#0"}
			}
		},
		{
			"from": [9, 10.5, 7.2],
			"to": [10.5, 11, 8.8],
			"faces": {
				"north": {"uv": [10.5, 5, 9, 5.5], "texture": "#0"},
				"east": {"uv": [10, 5, 10.5, 5.5], "texture": "#0"},
				"south": {"uv": [9, 5, 10.5, 5.5], "texture": "#0"},
				"west": {"uv": [9, 5, 9.5, 5.5], "texture": "#0"},
				"up": {"uv": [9, 5, 10.5, 5.5], "texture": "#0"},
				"down": {"uv": [9, 5, 10.5, 5.5], "texture": "#0"}
			}
		},
		{
			"from": [8.5, 10.5, 7.6],
			"to": [11, 11, 8.4],
			"faces": {
				"north": {"uv": [11, 5, 8.5, 5.5], "texture": "#0"},
				"east": {"uv": [10.5, 5, 11, 5.5], "texture": "#0"},
				"south": {"uv": [8.5, 5, 11, 5.5], "texture": "#0"},
				"down": {"uv": [8.5, 5, 11, 5.5], "texture": "#0"}
			}
		},
		{
			"from": [8, 10, 7.6],
			"to": [10.5, 10.5, 8.4],
			"faces": {
				"north": {"uv": [10.5, 5.5, 8, 6], "texture": "#0"},
				"east": {"uv": [10, 5.5, 10.5, 6], "texture": "#0"},
				"south": {"uv": [8, 5.5, 10.5, 6], "texture": "#0"},
				"down": {"uv": [8, 5.5, 10.5, 6], "texture": "#0"}
			}
		},
		{
			"from": [7, 9, 7.6],
			"to": [9.5, 9.5, 8.4],
			"faces": {
				"north": {"uv": [9.5, 6.5, 7, 7], "texture": "#0"},
				"east": {"uv": [9, 6.5, 9.5, 7], "texture": "#0"},
				"south": {"uv": [7, 6.5, 9.5, 7], "texture": "#0"},
				"down": {"uv": [7, 6.5, 9.5, 7], "texture": "#0"}
			}
		},
		{
			"from": [7.5, 9.5, 7.6],
			"to": [10, 10, 8.4],
			"faces": {
				"north": {"uv": [10, 6, 7.5, 6.5], "texture": "#0"},
				"east": {"uv": [9.5, 6, 10, 6.5], "texture": "#0"},
				"south": {"uv": [7.5, 6, 10, 6.5], "texture": "#0"},
				"down": {"uv": [7.5, 6, 10, 6.5], "texture": "#0"}
			}
		},
		{
			"from": [9.5, 11, 7.2],
			"to": [11, 11.5, 8.8],
			"faces": {
				"north": {"uv": [11, 4.5, 9.5, 5], "texture": "#0"},
				"east": {"uv": [10.5, 4.5, 11, 5], "texture": "#0"},
				"south": {"uv": [9.5, 4.5, 11, 5], "texture": "#0"},
				"west": {"uv": [9.5, 4.5, 10, 5], "texture": "#0"},
				"up": {"uv": [9.5, 4.5, 11, 5], "texture": "#0"},
				"down": {"uv": [9.5, 4.5, 11, 5], "texture": "#0"}
			}
		},
		{
			"from": [9, 11, 7.6],
			"to": [11.5, 11.5, 8.4],
			"faces": {
				"north": {"uv": [11.5, 4.5, 9, 5], "texture": "#0"},
				"east": {"uv": [11, 4.5, 11.5, 5], "texture": "#0"},
				"south": {"uv": [9, 4.5, 11.5, 5], "texture": "#0"},
				"down": {"uv": [9, 4.5, 11.5, 5], "texture": "#0"}
			}
		},
		{
			"from": [10, 11.5, 7.2],
			"to": [11.5, 12, 8.8],
			"faces": {
				"north": {"uv": [11.5, 4, 10, 4.5], "texture": "#0"},
				"east": {"uv": [11, 4, 11.5, 4.5], "texture": "#0"},
				"south": {"uv": [10, 4, 11.5, 4.5], "texture": "#0"},
				"west": {"uv": [10, 4, 10.5, 4.5], "texture": "#0"},
				"up": {"uv": [10, 4, 11.5, 4.5], "texture": "#0"},
				"down": {"uv": [10, 4, 11.5, 4.5], "texture": "#0"}
			}
		},
		{
			"from": [9.5, 11.5, 7.6],
			"to": [10.5, 12.5, 8.4],
			"faces": {
				"north": {"uv": [10.5, 3.5, 9.5, 4.5], "texture": "#0"},
				"south": {"uv": [9.5, 3.5, 10.5, 4.5], "texture": "#0"}
			}
		},
		{
			"from": [10.5, 12, 7.2],
			"to": [11, 12.5, 8.8],
			"faces": {
				"north": {"uv": [11, 3.5, 10.5, 4], "texture": "#0"},
				"east": {"uv": [10.5, 3.5, 11, 4], "texture": "#0"},
				"south": {"uv": [10.5, 3.5, 11, 4], "texture": "#0"},
				"west": {"uv": [10.5, 3.5, 11, 4], "texture": "#0"},
				"up": {"uv": [10.5, 3.5, 11, 4], "texture": "#0"}
			}
		},
		{
			"from": [11, 12, 7.5],
			"to": [11.5, 12.5, 8.5],
			"faces": {
				"north": {"uv": [11.5, 3.5, 11, 4], "texture": "#0"},
				"east": {"uv": [11, 3.5, 11.5, 4], "texture": "#0"},
				"south": {"uv": [11, 3.5, 11.5, 4], "texture": "#0"}
			}
		},
		{
			"from": [8.5, 11.5, 7.5],
			"to": [9.5, 12, 8.5],
			"faces": {
				"north": {"uv": [9.5, 4, 8.5, 4.5], "texture": "#0"},
				"east": {"uv": [9, 4, 9.5, 4.5], "texture": "#0"},
				"south": {"uv": [8.5, 4, 9.5, 4.5], "texture": "#0"},
				"west": {"uv": [8.5, 4, 9, 4.5], "texture": "#0"},
				"up": {"uv": [8.5, 4, 9.5, 4.5], "texture": "#0"},
				"down": {"uv": [8.5, 4, 9.5, 4.5], "texture": "#0"}
			}
		},
		{
			"from": [9, 12, 7.5],
			"to": [10, 12.5, 8.5],
			"faces": {
				"north": {"uv": [10, 3.5, 9, 4], "texture": "#0"},
				"east": {"uv": [9.5, 3.5, 10, 4], "texture": "#0"},
				"south": {"uv": [9, 3.5, 10, 4], "texture": "#0"},
				"west": {"uv": [9, 3.5, 9.5, 4], "texture": "#0"},
				"up": {"uv": [9, 3.5, 10, 4], "texture": "#0"},
				"down": {"uv": [9, 3.5, 10, 4], "texture": "#0"}
			}
		},
		{
			"from": [9.5, 12.5, 7.5],
			"to": [10.5, 13, 8.5],
			"faces": {
				"north": {"uv": [10.5, 3, 9.5, 3.5], "texture": "#0"},
				"east": {"uv": [10, 3, 10.5, 3.5], "texture": "#0"},
				"south": {"uv": [9.5, 3, 10.5, 3.5], "texture": "#0"},
				"west": {"uv": [9.5, 3, 10, 3.5], "texture": "#0"},
				"up": {"uv": [9.5, 3, 10.5, 3.5], "texture": "#0"},
				"down": {"uv": [9.5, 3, 10.5, 3.5], "texture": "#0"}
			}
		},
		{
			"from": [10.5, 12.5, 7.6],
			"to": [11, 13, 8.4],
			"faces": {
				"north": {"uv": [11, 3, 10.5, 3.5], "texture": "#0"},
				"south": {"uv": [10.5, 3, 11, 3.5], "texture": "#0"}
			}
		},
		{
			"from": [8.5, 12, 7.7],
			"to": [12, 12.5, 8.3],
			"faces": {
				"north": {"uv": [12, 3.5, 8.5, 4], "texture": "#0"},
				"east": {"uv": [11.5, 3.5, 12, 4], "texture": "#0"},
				"south": {"uv": [8.5, 3.5, 12, 4], "texture": "#0"},
				"west": {"uv": [8.5, 3.5, 9, 4], "texture": "#0"},
				"up": {"uv": [8.5, 3.5, 12, 4], "texture": "#0"},
				"down": {"uv": [8.5, 3.5, 12, 4], "texture": "#0"}
			}
		},
		{
			"from": [10.5, 14, 7.7],
			"to": [14, 14.5, 8.3],
			"faces": {
				"north": {"uv": [14, 1.5, 10.5, 2], "texture": "#0"},
				"east": {"uv": [13.5, 1.5, 14, 2], "texture": "#0"},
				"south": {"uv": [10.5, 1.5, 14, 2], "texture": "#0"},
				"west": {"uv": [10.5, 1.5, 11, 2], "texture": "#0"},
				"up": {"uv": [10.5, 1.5, 14, 2], "texture": "#0"},
				"down": {"uv": [10.5, 1.5, 14, 2], "texture": "#0"}
			}
		},
		{
			"from": [9, 12.5, 7.7],
			"to": [12.5, 13, 8.3],
			"faces": {
				"north": {"uv": [12.5, 3, 9, 3.5], "texture": "#0"},
				"east": {"uv": [12, 3, 12.5, 3.5], "texture": "#0"},
				"south": {"uv": [9, 3, 12.5, 3.5], "texture": "#0"},
				"west": {"uv": [9, 3, 9.5, 3.5], "texture": "#0"},
				"up": {"uv": [9, 3, 12.5, 3.5], "texture": "#0"},
				"down": {"uv": [9, 3, 12.5, 3.5], "texture": "#0"}
			}
		},
		{
			"from": [11, 14, 7.5],
			"to": [13.5, 14.5, 8.5],
			"faces": {
				"north": {"uv": [13.5, 1.5, 11, 2], "texture": "#0"},
				"east": {"uv": [13, 1.5, 13.5, 2], "texture": "#0"},
				"south": {"uv": [11, 1.5, 13.5, 2], "texture": "#0"},
				"west": {"uv": [11, 1.5, 11.5, 2], "texture": "#0"},
				"up": {"uv": [11, 1.5, 13.5, 2], "texture": "#0"},
				"down": {"uv": [11, 1.5, 13.5, 2], "texture": "#0"}
			}
		},
		{
			"from": [9.5, 13, 7.7],
			"to": [13, 13.5, 8.3],
			"faces": {
				"north": {"uv": [13, 2.5, 9.5, 3], "texture": "#0"},
				"east": {"uv": [12.5, 2.5, 13, 3], "texture": "#0"},
				"south": {"uv": [9.5, 2.5, 13, 3], "texture": "#0"},
				"west": {"uv": [9.5, 2.5, 10, 3], "texture": "#0"},
				"up": {"uv": [9.5, 2.5, 13, 3], "texture": "#0"},
				"down": {"uv": [9.5, 2.5, 13, 3], "texture": "#0"}
			}
		},
		{
			"from": [11, 14.5, 7.7],
			"to": [14.5, 15, 8.3],
			"faces": {
				"north": {"uv": [14.5, 1, 11, 1.5], "texture": "#0"},
				"east": {"uv": [14, 1, 14.5, 1.5], "texture": "#0"},
				"south": {"uv": [11, 1, 14.5, 1.5], "texture": "#0"},
				"west": {"uv": [11, 1, 11.5, 1.5], "texture": "#0"},
				"up": {"uv": [11, 1, 14.5, 1.5], "texture": "#0"},
				"down": {"uv": [11, 1, 14.5, 1.5], "texture": "#0"}
			}
		},
		{
			"from": [10, 13.5, 7.7],
			"to": [13.5, 14, 8.3],
			"faces": {
				"north": {"uv": [13.5, 2, 10, 2.5], "texture": "#0"},
				"east": {"uv": [13, 2, 13.5, 2.5], "texture": "#0"},
				"south": {"uv": [10, 2, 13.5, 2.5], "texture": "#0"},
				"west": {"uv": [10, 2, 10.5, 2.5], "texture": "#0"},
				"up": {"uv": [10, 2, 13.5, 2.5], "texture": "#0"},
				"down": {"uv": [10, 2, 13.5, 2.5], "texture": "#0"}
			}
		},
		{
			"from": [11.5, 14.5, 7.5],
			"to": [14, 15, 8.5],
			"faces": {
				"north": {"uv": [14, 1, 11.5, 1.5], "texture": "#0"},
				"east": {"uv": [13.5, 1, 14, 1.5], "texture": "#0"},
				"south": {"uv": [11.5, 1, 14, 1.5], "texture": "#0"},
				"west": {"uv": [11.5, 1, 12, 1.5], "texture": "#0"},
				"up": {"uv": [11.5, 1, 14, 1.5], "texture": "#0"},
				"down": {"uv": [11.5, 1, 14, 1.5], "texture": "#0"}
			}
		},
		{
			"from": [11, 12.5, 7.5],
			"to": [12, 13, 8.5],
			"faces": {
				"north": {"uv": [12, 3, 11, 3.5], "texture": "#0"},
				"east": {"uv": [11.5, 3, 12, 3.5], "texture": "#0"},
				"south": {"uv": [11, 3, 12, 3.5], "texture": "#0"},
				"west": {"uv": [11, 3, 11.5, 3.5], "texture": "#0"},
				"down": {"uv": [11, 3, 12, 3.5], "texture": "#0"}
			}
		},
		{
			"from": [10, 13, 7.5],
			"to": [12.5, 13.5, 8.5],
			"faces": {
				"north": {"uv": [12.5, 2.5, 10, 3], "texture": "#0"},
				"east": {"uv": [12, 2.5, 12.5, 3], "texture": "#0"},
				"south": {"uv": [10, 2.5, 12.5, 3], "texture": "#0"},
				"west": {"uv": [10, 2.5, 10.5, 3], "texture": "#0"},
				"up": {"uv": [10, 2.5, 12.5, 3], "texture": "#0"},
				"down": {"uv": [10, 2.5, 12.5, 3], "texture": "#0"}
			}
		},
		{
			"from": [10.5, 13.5, 7.5],
			"to": [13, 14, 8.5],
			"faces": {
				"north": {"uv": [13, 2, 10.5, 2.5], "texture": "#0"},
				"east": {"uv": [12.5, 2, 13, 2.5], "texture": "#0"},
				"south": {"uv": [10.5, 2, 13, 2.5], "texture": "#0"},
				"west": {"uv": [10.5, 2, 11, 2.5], "texture": "#0"},
				"up": {"uv": [10.5, 2, 13, 2.5], "texture": "#0"},
				"down": {"uv": [10.5, 2, 13, 2.5], "texture": "#0"}
			}
		},
		{
			"from": [12, 15.5, 7.7],
			"to": [13.5, 16, 8.3],
			"faces": {
				"north": {"uv": [13.5, 0, 12, 0.5], "texture": "#0"},
				"east": {"uv": [13, 0, 13.5, 0.5], "texture": "#0"},
				"south": {"uv": [12, 0, 13.5, 0.5], "texture": "#0"},
				"west": {"uv": [12, 0, 12.5, 0.5], "texture": "#0"},
				"up": {"uv": [12, 0, 13.5, 0.5], "texture": "#0"}
			}
		},
		{
			"from": [11.5, 15, 7.7],
			"to": [14, 15.5, 8.3],
			"faces": {
				"north": {"uv": [14, 0.5, 11.5, 1], "texture": "#0"},
				"east": {"uv": [13.5, 0.5, 14, 1], "texture": "#0"},
				"south": {"uv": [11.5, 0.5, 14, 1], "texture": "#0"},
				"west": {"uv": [11.5, 0.5, 12, 1], "texture": "#0"},
				"up": {"uv": [11.5, 0.5, 14, 1], "texture": "#0"}
			}
		},
		{
			"from": [12, 15, 7.5],
			"to": [13.5, 15.5, 8.5],
			"faces": {
				"north": {"uv": [13.5, 0.5, 12, 1], "texture": "#0"},
				"east": {"uv": [13, 0.5, 13.5, 1], "texture": "#0"},
				"south": {"uv": [12, 0.5, 13.5, 1], "texture": "#0"},
				"west": {"uv": [12, 0.5, 12.5, 1], "texture": "#0"},
				"up": {"uv": [12, 0.5, 13.5, 1], "texture": "#0"}
			}
		},
		{
			"from": [1.5, 8.5, 7.8],
			"to": [2.5, 9, 8.2],
			"faces": {
				"north": {"uv": [2.5, 7, 1.5, 7.5], "texture": "#0"},
				"east": {"uv": [2, 7, 2.5, 7.5], "texture": "#0"},
				"south": {"uv": [1.5, 7, 2.5, 7.5], "texture": "#0"},
				"west": {"uv": [1.5, 7, 2, 7.5], "texture": "#0"},
				"up": {"uv": [1.5, 7, 2.5, 7.5], "texture": "#0"},
				"down": {"uv": [1.5, 7, 2.5, 7.5], "texture": "#0"}
			}
		},
		{
			"from": [1.5, 9, 7.8],
			"to": [2, 9.5, 8.2],
			"faces": {
				"north": {"uv": [2, 6.5, 1.5, 7], "texture": "#0"},
				"east": {"uv": [1.5, 6.5, 2, 7], "texture": "#0"},
				"south": {"uv": [1.5, 6.5, 2, 7], "texture": "#0"},
				"west": {"uv": [1.5, 6.5, 2, 7], "texture": "#0"},
				"up": {"uv": [1.5, 6.5, 2, 7], "texture": "#0"}
			}
		},
		{
			"from": [2.5, 8, 7.8],
			"to": [3, 8.5, 8.2],
			"faces": {
				"north": {"uv": [3, 7.5, 2.5, 8], "texture": "#0"},
				"east": {"uv": [2.5, 7.5, 3, 8], "texture": "#0"},
				"south": {"uv": [2.5, 7.5, 3, 8], "texture": "#0"},
				"west": {"uv": [2.5, 7.5, 3, 8], "texture": "#0"},
				"up": {"uv": [2.5, 7.5, 3, 8], "texture": "#0"},
				"down": {"uv": [2.5, 7.5, 3, 8], "texture": "#0"}
			}
		},
		{
			"from": [3, 7.5, 7.8],
			"to": [3.5, 8, 8.2],
			"faces": {
				"north": {"uv": [3.5, 8, 3, 8.5], "texture": "#0"},
				"east": {"uv": [3.5, 8, 3, 8.5], "texture": "#0"},
				"south": {"uv": [3, 8, 3.5, 8.5], "texture": "#0"},
				"west": {"uv": [3, 8, 3.5, 8.5], "texture": "#0"},
				"up": {"uv": [3, 8, 3.5, 8.5], "texture": "#0"},
				"down": {"uv": [3, 8, 3.5, 8.5], "texture": "#0"}
			}
		},
		{
			"from": [6, 6, 7.2],
			"to": [6.5, 6.5, 8.8],
			"faces": {
				"north": {"uv": [6.5, 9.5, 6, 10], "texture": "#0"},
				"east": {"uv": [6.5, 9.5, 6, 10], "texture": "#0"},
				"south": {"uv": [6, 9.5, 6.5, 10], "texture": "#0"},
				"west": {"uv": [6, 9.5, 6.5, 10], "texture": "#0"},
				"up": {"uv": [6, 9.5, 6.5, 10], "texture": "#0"},
				"down": {"uv": [6, 9.5, 6.5, 10], "texture": "#0"}
			}
		},
		{
			"from": [4.5, 7, 7.2],
			"to": [5.5, 7.5, 8.8],
			"faces": {
				"north": {"uv": [5.5, 8.5, 4.5, 9], "texture": "#0"},
				"east": {"uv": [5, 8.5, 5.5, 9], "texture": "#0"},
				"south": {"uv": [4.5, 8.5, 5.5, 9], "texture": "#0"},
				"west": {"uv": [4.5, 8.5, 5, 9], "texture": "#0"},
				"up": {"uv": [4.5, 8.5, 5.5, 9], "texture": "#0"},
				"down": {"uv": [4.5, 8.5, 5.5, 9], "texture": "#0"}
			}
		},
		{
			"from": [10.5, 11.5, 7],
			"to": [11, 12, 7.2],
			"faces": {
				"north": {"uv": [11, 4, 10.5, 4.5], "texture": "#0"},
				"east": {"uv": [10.5, 4, 11, 4.5], "texture": "#0"},
				"west": {"uv": [10.5, 4, 11, 4.5], "texture": "#0"},
				"up": {"uv": [10.5, 4, 11, 4.5], "texture": "#0"},
				"down": {"uv": [10.5, 4, 11, 4.5], "texture": "#0"}
			}
		}
	],
	"gui_light": "front",
	"display": {
		"thirdperson_righthand": {
			"rotation": [0, 90, -45],
			"translation": [0, 0, -3.5],
			"scale": [0.9, 0.9, 0.9]
		},
		"thirdperson_lefthand": {
			"rotation": [0, -90, 45],
			"translation": [0, 0, -3.5],
			"scale": [0.9, 0.9, 0.9]
		},
		"firstperson_righthand": {
			"rotation": [0, 90, -40],
			"translation": [0, 3, 0],
			"scale": [0.8, 0.8, 0.8]
		},
		"firstperson_lefthand": {
			"rotation": [0, -90, 40],
			"translation": [0, 3, 0],
			"scale": [0.8, 0.8, 0.8]
		},
		"ground": {
			"translation": [0, 2, 0],
			"scale": [0.6, 0.6, 0.6]
		},
		"gui": {
			"translation": [1, 0, 0]
		},
		"head": {
			"rotation": [-45, 90, 0],
			"translation": [0, 7, -2]
		},
		"fixed": {
			"rotation": [0, -180, 0],
			"translation": [-1, 0, 0]
		}
	}
}