{
	"parent": "custom/weapon/comet_quasher",
	"textures": {
		"layer0": "custom/weapon/fate_reveal"
	},
	"display": {
		"thirdperson_righthand": {
			"rotation": [0, 90, 45],
			"translation": [0, 2, 0],
			"scale": [0.9, 0.9, 0.45]
		},
		"thirdperson_lefthand": {
			"rotation": [0, -90, -45],
			"translation": [0, 2, 0],
			"scale": [0.9, 0.9, 0.45]
		},
		"firstperson_righthand": {
			"rotation": [0, 90, 40],
			"translation": [1.25, 6.25, 1.25],
			"scale": [0.8, 0.8, 0.4]
		},
		"firstperson_lefthand": {
			"rotation": [0, -90, -40],
			"translation": [1.25, 6.25, 1.25],
			"scale": [0.8, 0.8, 0.4]

		}
	}
}