{
	"credit": "Made with Blockbench",
	"textures": {
		"0": "custom/weapon/galaxy_greatsword",
		"particle": "custom/weapon/galaxy_greatsword"
	},
	"elements": [
		{
			"from": [0, 1, 7.75],
			"to": [2, 1.5, 8.25],
			"faces": {
				"north": {"uv": [2, 14.5, 0, 15], "texture": "#0"},
				"east": {"uv": [1.5, 14.5, 2, 15], "texture": "#0"},
				"south": {"uv": [0, 14.5, 2, 15], "texture": "#0"},
				"west": {"uv": [0, 14.5, 0.5, 15], "texture": "#0"},
				"up": {"uv": [0, 14.5, 2, 15], "texture": "#0"},
				"down": {"uv": [0, 14.5, 2, 15], "texture": "#0"}
			}
		},
		{
			"from": [0, 0, 7.75],
			"to": [1.5, 1, 8.25],
			"faces": {
				"north": {"uv": [1.5, 15, 0, 16], "texture": "#0"},
				"east": {"uv": [0, 15, 0.5, 16], "texture": "#0"},
				"south": {"uv": [0, 15, 1.5, 16], "texture": "#0"},
				"west": {"uv": [1, 15, 1.5, 16], "texture": "#0"},
				"down": {"uv": [0, 15.5, 1.5, 16], "texture": "#0"}
			}
		},
		{
			"from": [0.5, 0.5, 7.5],
			"to": [1, 1, 8.5],
			"faces": {
				"north": {"uv": [1, 15, 0.5, 15.5], "texture": "#0"},
				"east": {"uv": [0.5, 15, 1, 15.5], "texture": "#0"},
				"south": {"uv": [0.5, 15, 1, 15.5], "texture": "#0"},
				"west": {"uv": [0.5, 15, 1, 15.5], "texture": "#0"},
				"up": {"uv": [0.5, 15, 1, 15.5], "texture": "#0"},
				"down": {"uv": [0.5, 15, 1, 15.5], "texture": "#0"}
			}
		},
		{
			"from": [1, 1, 7.5],
			"to": [1.5, 1.5, 8.5],
			"faces": {
				"north": {"uv": [1.5, 14.5, 1, 15], "texture": "#0"},
				"east": {"uv": [1, 14.5, 1.5, 15], "texture": "#0"},
				"south": {"uv": [1, 14.5, 1.5, 15], "texture": "#0"},
				"west": {"uv": [1, 14.5, 1.5, 15], "texture": "#0"},
				"up": {"uv": [1, 14.5, 1.5, 15], "texture": "#0"},
				"down": {"uv": [1, 14.5, 1.5, 15], "texture": "#0"}
			}
		},
		{
			"from": [1.5, 1.5, 7.5],
			"to": [2, 2, 8.5],
			"faces": {
				"north": {"uv": [2, 14, 1.5, 14.5], "texture": "#0"},
				"east": {"uv": [1.5, 14, 2, 14.5], "texture": "#0"},
				"south": {"uv": [1.5, 14, 2, 14.5], "texture": "#0"},
				"west": {"uv": [1.5, 14, 2, 14.5], "texture": "#0"},
				"up": {"uv": [1.5, 14, 2, 14.5], "texture": "#0"},
				"down": {"uv": [1.5, 14, 2, 14.5], "texture": "#0"}
			}
		},
		{
			"from": [3.5, 3, 7.35],
			"to": [4, 3.5, 8.65],
			"faces": {
				"north": {"uv": [4, 12.5, 3.5, 13], "texture": "#0"},
				"east": {"uv": [3.5, 12.5, 4, 13], "texture": "#0"},
				"south": {"uv": [3.5, 12.5, 4, 13], "texture": "#0"},
				"west": {"uv": [3.5, 12.5, 4, 13], "texture": "#0"},
				"down": {"uv": [3.5, 12.5, 4, 13], "texture": "#0"}
			}
		},
		{
			"from": [3, 3.5, 7.35],
			"to": [4.5, 4, 8.65],
			"faces": {
				"north": {"uv": [4.5, 12, 3, 12.5], "texture": "#0"},
				"east": {"uv": [4, 12, 4.5, 12.5], "texture": "#0"},
				"south": {"uv": [3, 12, 4.5, 12.5], "texture": "#0"},
				"west": {"uv": [3, 12, 3.5, 12.5], "texture": "#0"},
				"up": {"uv": [3, 12, 4.5, 12.5], "texture": "#0"},
				"down": {"uv": [3, 12, 4.5, 12.5], "texture": "#0"}
			}
		},
		{
			"from": [5.5, 3.5, 7.35],
			"to": [6, 4, 8.65],
			"faces": {
				"north": {"uv": [6, 12, 5.5, 12.5], "texture": "#0"},
				"east": {"uv": [5.5, 12, 6, 12.5], "texture": "#0"},
				"south": {"uv": [5.5, 12, 6, 12.5], "texture": "#0"},
				"up": {"uv": [5.5, 12, 6, 12.5], "texture": "#0"},
				"down": {"uv": [5.5, 12, 6, 12.5], "texture": "#0"}
			}
		},
		{
			"from": [5.5, 4.5, 7.35],
			"to": [6, 5.5, 8.65],
			"faces": {
				"north": {"uv": [6, 10.5, 5.5, 11.5], "texture": "#0"},
				"east": {"uv": [5.5, 10.5, 6, 11.5], "texture": "#0"},
				"south": {"uv": [5.5, 10.5, 6, 11.5], "texture": "#0"},
				"up": {"uv": [5.5, 10.5, 6, 11], "texture": "#0"},
				"down": {"uv": [5.5, 11, 6, 11.5], "texture": "#0"}
			}
		},
		{
			"from": [5, 3, 7.35],
			"to": [5.5, 5.5, 8.65],
			"faces": {
				"north": {"uv": [5.5, 10.5, 5, 13], "texture": "#0"},
				"east": {"uv": [5, 10.5, 5.5, 13], "texture": "#0"},
				"south": {"uv": [5, 10.5, 5.5, 13], "texture": "#0"},
				"west": {"uv": [5, 10.5, 5.5, 13], "texture": "#0"},
				"up": {"uv": [5, 10.5, 5.5, 11], "texture": "#0"},
				"down": {"uv": [5, 12.5, 5.5, 13], "texture": "#0"}
			}
		},
		{
			"from": [3, 5, 7.35],
			"to": [5, 5.5, 8.65],
			"faces": {
				"north": {"uv": [5, 10.5, 3, 11], "texture": "#0"},
				"east": {"uv": [3, 10.5, 3.5, 11], "texture": "#0"},
				"south": {"uv": [3, 10.5, 5, 11], "texture": "#0"},
				"west": {"uv": [3, 10.5, 3.5, 11], "texture": "#0"},
				"up": {"uv": [3, 10.5, 5, 11], "texture": "#0"},
				"down": {"uv": [3, 10.5, 5, 11], "texture": "#0"}
			}
		},
		{
			"from": [4.5, 5.5, 7.35],
			"to": [5.5, 6, 8.65],
			"faces": {
				"north": {"uv": [5.5, 10, 4.5, 10.5], "texture": "#0"},
				"east": {"uv": [5, 10, 5.5, 10.5], "texture": "#0"},
				"south": {"uv": [4.5, 10, 5.5, 10.5], "texture": "#0"},
				"west": {"uv": [4.5, 10, 5, 10.5], "texture": "#0"},
				"up": {"uv": [4.5, 10, 5.5, 10.5], "texture": "#0"}
			}
		},
		{
			"from": [3.5, 5.5, 7.35],
			"to": [4, 6, 8.65],
			"faces": {
				"north": {"uv": [4, 10, 3.5, 10.5], "texture": "#0"},
				"east": {"uv": [3.5, 10, 4, 10.5], "texture": "#0"},
				"south": {"uv": [3.5, 10, 4, 10.5], "texture": "#0"},
				"west": {"uv": [3.5, 10, 4, 10.5], "texture": "#0"},
				"up": {"uv": [3.5, 10, 4, 10.5], "texture": "#0"}
			}
		},
		{
			"from": [3.5, 4, 7.35],
			"to": [4, 4.5, 8.65],
			"faces": {
				"north": {"uv": [4, 11.5, 3.5, 12], "texture": "#0"},
				"east": {"uv": [3.5, 11.5, 4, 12], "texture": "#0"},
				"south": {"uv": [3.5, 11.5, 4, 12], "texture": "#0"},
				"west": {"uv": [3.5, 11.5, 4, 12], "texture": "#0"},
				"up": {"uv": [3.5, 11.5, 4, 12], "texture": "#0"}
			}
		},
		{
			"from": [2, 2, 7.5],
			"to": [3, 2.5, 8.5],
			"faces": {
				"north": {"uv": [3, 13.5, 2, 14], "texture": "#0"},
				"east": {"uv": [2.5, 13.5, 3, 14], "texture": "#0"},
				"south": {"uv": [2, 13.5, 3, 14], "texture": "#0"},
				"west": {"uv": [2, 13.5, 2.5, 14], "texture": "#0"},
				"down": {"uv": [2, 13.5, 3, 14], "texture": "#0"}
			}
		},
		{
			"from": [5, 2, 7.5],
			"to": [7, 2.5, 8.5],
			"faces": {
				"north": {"uv": [7, 13.5, 5, 14], "texture": "#0"},
				"east": {"uv": [6.5, 13.5, 7, 14], "texture": "#0"},
				"south": {"uv": [5, 13.5, 7, 14], "texture": "#0"},
				"west": {"uv": [5, 13.5, 5.5, 14], "texture": "#0"},
				"down": {"uv": [5, 13.5, 7, 14], "texture": "#0"}
			}
		},
		{
			"from": [5.5, 1.5, 7.5],
			"to": [6.5, 2, 8.5],
			"faces": {
				"north": {"uv": [6.5, 14, 5.5, 14.5], "texture": "#0"},
				"east": {"uv": [6, 14, 6.5, 14.5], "texture": "#0"},
				"south": {"uv": [5.5, 14, 6.5, 14.5], "texture": "#0"},
				"west": {"uv": [5.5, 14, 6, 14.5], "texture": "#0"},
				"down": {"uv": [5.5, 14, 6.5, 14.5], "texture": "#0"}
			}
		},
		{
			"from": [5, 2.5, 7.5],
			"to": [7.5, 3, 8.5],
			"faces": {
				"north": {"uv": [7.5, 13, 5, 13.5], "texture": "#0"},
				"east": {"uv": [7, 13, 7.5, 13.5], "texture": "#0"},
				"south": {"uv": [5, 13, 7.5, 13.5], "texture": "#0"},
				"west": {"uv": [5, 13, 5.5, 13.5], "texture": "#0"},
				"down": {"uv": [5, 13, 7.5, 13.5], "texture": "#0"}
			}
		},
		{
			"from": [2, 2.5, 7.5],
			"to": [4.5, 3, 8.5],
			"faces": {
				"north": {"uv": [4.5, 13, 2, 13.5], "texture": "#0"},
				"east": {"uv": [4, 13, 4.5, 13.5], "texture": "#0"},
				"south": {"uv": [2, 13, 4.5, 13.5], "texture": "#0"},
				"west": {"uv": [2, 13, 2.5, 13.5], "texture": "#0"},
				"up": {"uv": [2, 13, 4.5, 13.5], "texture": "#0"},
				"down": {"uv": [2, 13, 4.5, 13.5], "texture": "#0"}
			}
		},
		{
			"from": [2.5, 3, 7.5],
			"to": [7.5, 3.5, 8.5],
			"faces": {
				"north": {"uv": [7.5, 12.5, 2.5, 13], "texture": "#0"},
				"east": {"uv": [7, 12.5, 7.5, 13], "texture": "#0"},
				"south": {"uv": [2.5, 12.5, 7.5, 13], "texture": "#0"},
				"west": {"uv": [2.5, 12.5, 3, 13], "texture": "#0"},
				"up": {"uv": [2.5, 12.5, 7.5, 13], "texture": "#0"},
				"down": {"uv": [2.5, 12.5, 7.5, 13], "texture": "#0"}
			}
		},
		{
			"from": [2, 5, 7.5],
			"to": [7.5, 5.5, 8.5],
			"faces": {
				"north": {"uv": [7.5, 10.5, 2, 11], "texture": "#0"},
				"east": {"uv": [7, 10.5, 7.5, 11], "texture": "#0"},
				"south": {"uv": [2, 10.5, 7.5, 11], "texture": "#0"},
				"west": {"uv": [2, 10.5, 2.5, 11], "texture": "#0"},
				"down": {"uv": [2, 10.5, 7.5, 11], "texture": "#0"}
			}
		},
		{
			"from": [1.5, 6, 7.5],
			"to": [4, 6.5, 8.5],
			"faces": {
				"north": {"uv": [4, 9.5, 1.5, 10], "texture": "#0"},
				"east": {"uv": [3.5, 9.5, 4, 10], "texture": "#0"},
				"south": {"uv": [1.5, 9.5, 4, 10], "texture": "#0"},
				"west": {"uv": [1.5, 9.5, 2, 10], "texture": "#0"},
				"up": {"uv": [1.5, 9.5, 4, 10], "texture": "#0"}
			}
		},
		{
			"from": [4.5, 6, 7.5],
			"to": [7.5, 6.5, 8.5],
			"faces": {
				"north": {"uv": [7.5, 9.5, 4.5, 10], "texture": "#0"},
				"east": {"uv": [7, 9.5, 7.5, 10], "texture": "#0"},
				"south": {"uv": [4.5, 9.5, 7.5, 10], "texture": "#0"},
				"west": {"uv": [4.5, 9.5, 5, 10], "texture": "#0"},
				"up": {"uv": [4.5, 9.5, 7.5, 10], "texture": "#0"}
			}
		},
		{
			"from": [5, 6.5, 7.5],
			"to": [6.5, 7, 8.5],
			"faces": {
				"north": {"uv": [6.5, 9, 5, 9.5], "texture": "#0"},
				"east": {"uv": [6, 9, 6.5, 9.5], "texture": "#0"},
				"south": {"uv": [5, 9, 6.5, 9.5], "texture": "#0"},
				"west": {"uv": [5, 9, 5.5, 9.5], "texture": "#0"}
			}
		},
		{
			"from": [5, 7, 7.5],
			"to": [7, 7.5, 8.5],
			"faces": {
				"north": {"uv": [7, 8.5, 5, 9], "texture": "#0"},
				"east": {"uv": [6.5, 8.5, 7, 9], "texture": "#0"},
				"south": {"uv": [5, 8.5, 7, 9], "texture": "#0"},
				"west": {"uv": [5, 8.5, 5.5, 9], "texture": "#0"},
				"up": {"uv": [5, 8.5, 7, 9], "texture": "#0"},
				"down": {"uv": [5, 8.5, 7, 9], "texture": "#0"}
			}
		},
		{
			"from": [7.5, 7, 7.5],
			"to": [9, 7.5, 8.5],
			"faces": {
				"north": {"uv": [9, 8.5, 7.5, 9], "texture": "#0"},
				"east": {"uv": [8.5, 8.5, 9, 9], "texture": "#0"},
				"south": {"uv": [7.5, 8.5, 9, 9], "texture": "#0"},
				"west": {"uv": [7.5, 8.5, 8, 9], "texture": "#0"},
				"up": {"uv": [7.5, 8.5, 9, 9], "texture": "#0"},
				"down": {"uv": [7.5, 8.5, 9, 9], "texture": "#0"}
			}
		},
		{
			"from": [7, 6.5, 7.5],
			"to": [8.5, 7, 8.5],
			"faces": {
				"north": {"uv": [8.5, 9, 7, 9.5], "texture": "#0"},
				"east": {"uv": [8, 9, 8.5, 9.5], "texture": "#0"},
				"south": {"uv": [7, 9, 8.5, 9.5], "texture": "#0"},
				"west": {"uv": [7, 9, 7.5, 9.5], "texture": "#0"},
				"up": {"uv": [7, 9, 8.5, 9.5], "texture": "#0"},
				"down": {"uv": [7, 9, 8.5, 9.5], "texture": "#0"}
			}
		},
		{
			"from": [8, 7.5, 7.5],
			"to": [9, 8, 8.5],
			"faces": {
				"north": {"uv": [9, 8, 8, 8.5], "texture": "#0"},
				"east": {"uv": [8.5, 8, 9, 8.5], "texture": "#0"},
				"south": {"uv": [8, 8, 9, 8.5], "texture": "#0"},
				"west": {"uv": [8, 8, 8.5, 8.5], "texture": "#0"},
				"up": {"uv": [8, 8, 9, 8.5], "texture": "#0"}
			}
		},
		{
			"from": [6.5, 7.5, 7.5],
			"to": [7.5, 8, 8.5],
			"faces": {
				"north": {"uv": [7.5, 8, 6.5, 8.5], "texture": "#0"},
				"east": {"uv": [7, 8, 7.5, 8.5], "texture": "#0"},
				"south": {"uv": [6.5, 8, 7.5, 8.5], "texture": "#0"},
				"west": {"uv": [6.5, 8, 7, 8.5], "texture": "#0"},
				"up": {"uv": [6.5, 8, 7.5, 8.5], "texture": "#0"},
				"down": {"uv": [6.5, 8, 7.5, 8.5], "texture": "#0"}
			}
		},
		{
			"from": [10, 9.5, 7.5],
			"to": [11, 10, 8.5],
			"faces": {
				"north": {"uv": [11, 6, 10, 6.5], "texture": "#0"},
				"east": {"uv": [10.5, 6, 11, 6.5], "texture": "#0"},
				"south": {"uv": [10, 6, 11, 6.5], "texture": "#0"},
				"west": {"uv": [10, 6, 10.5, 6.5], "texture": "#0"},
				"up": {"uv": [10, 6, 11, 6.5], "texture": "#0"},
				"down": {"uv": [10, 6, 11, 6.5], "texture": "#0"}
			}
		},
		{
			"from": [8.5, 9.5, 7.5],
			"to": [9.5, 10, 8.5],
			"faces": {
				"north": {"uv": [9.5, 6, 8.5, 6.5], "texture": "#0"},
				"east": {"uv": [9, 6, 9.5, 6.5], "texture": "#0"},
				"south": {"uv": [8.5, 6, 9.5, 6.5], "texture": "#0"},
				"west": {"uv": [8.5, 6, 9, 6.5], "texture": "#0"},
				"up": {"uv": [8.5, 6, 9.5, 6.5], "texture": "#0"},
				"down": {"uv": [8.5, 6, 9.5, 6.5], "texture": "#0"}
			}
		},
		{
			"from": [12, 11.5, 7.5],
			"to": [13, 12, 8.5],
			"faces": {
				"north": {"uv": [13, 4, 12, 4.5], "texture": "#0"},
				"east": {"uv": [12.5, 4, 13, 4.5], "texture": "#0"},
				"south": {"uv": [12, 4, 13, 4.5], "texture": "#0"},
				"west": {"uv": [12, 4, 12.5, 4.5], "texture": "#0"},
				"up": {"uv": [12, 4, 13, 4.5], "texture": "#0"},
				"down": {"uv": [12, 4, 13, 4.5], "texture": "#0"}
			}
		},
		{
			"from": [10.5, 11.5, 7.5],
			"to": [11.5, 12, 8.5],
			"faces": {
				"north": {"uv": [11.5, 4, 10.5, 4.5], "texture": "#0"},
				"east": {"uv": [11, 4, 11.5, 4.5], "texture": "#0"},
				"south": {"uv": [10.5, 4, 11.5, 4.5], "texture": "#0"},
				"west": {"uv": [10.5, 4, 11, 4.5], "texture": "#0"},
				"up": {"uv": [10.5, 4, 11.5, 4.5], "texture": "#0"},
				"down": {"uv": [10.5, 4, 11.5, 4.5], "texture": "#0"}
			}
		},
		{
			"from": [7, 8.5, 7.5],
			"to": [8.5, 9, 8.5],
			"faces": {
				"north": {"uv": [8.5, 7, 7, 7.5], "texture": "#0"},
				"east": {"uv": [8, 7, 8.5, 7.5], "texture": "#0"},
				"south": {"uv": [7, 7, 8.5, 7.5], "texture": "#0"},
				"west": {"uv": [7, 7, 7.5, 7.5], "texture": "#0"},
				"up": {"uv": [7, 7, 8.5, 7.5], "texture": "#0"},
				"down": {"uv": [7, 7, 8.5, 7.5], "texture": "#0"}
			}
		},
		{
			"from": [9, 8.5, 7.5],
			"to": [10, 9, 8.5],
			"faces": {
				"north": {"uv": [10, 7, 9, 7.5], "texture": "#0"},
				"east": {"uv": [9.5, 7, 10, 7.5], "texture": "#0"},
				"south": {"uv": [9, 7, 10, 7.5], "texture": "#0"},
				"west": {"uv": [9, 7, 9.5, 7.5], "texture": "#0"},
				"up": {"uv": [9, 7, 10, 7.5], "texture": "#0"},
				"down": {"uv": [9, 7, 10, 7.5], "texture": "#0"}
			}
		},
		{
			"from": [11, 10.5, 7.5],
			"to": [12, 11, 8.5],
			"faces": {
				"north": {"uv": [12, 5, 11, 5.5], "texture": "#0"},
				"east": {"uv": [11.5, 5, 12, 5.5], "texture": "#0"},
				"south": {"uv": [11, 5, 12, 5.5], "texture": "#0"},
				"west": {"uv": [11, 5, 11.5, 5.5], "texture": "#0"},
				"up": {"uv": [11, 5, 12, 5.5], "texture": "#0"},
				"down": {"uv": [11, 5, 12, 5.5], "texture": "#0"}
			}
		},
		{
			"from": [9.5, 10.5, 7.5],
			"to": [10.5, 11, 8.5],
			"faces": {
				"north": {"uv": [10.5, 5, 9.5, 5.5], "texture": "#0"},
				"east": {"uv": [10, 5, 10.5, 5.5], "texture": "#0"},
				"south": {"uv": [9.5, 5, 10.5, 5.5], "texture": "#0"},
				"west": {"uv": [9.5, 5, 10, 5.5], "texture": "#0"},
				"up": {"uv": [9.5, 5, 10.5, 5.5], "texture": "#0"},
				"down": {"uv": [9.5, 5, 10.5, 5.5], "texture": "#0"}
			}
		},
		{
			"from": [11.5, 12.5, 7.5],
			"to": [14, 13, 8.5],
			"faces": {
				"north": {"uv": [14, 3, 11.5, 3.5], "texture": "#0"},
				"east": {"uv": [13.5, 3, 14, 3.5], "texture": "#0"},
				"south": {"uv": [11.5, 3, 14, 3.5], "texture": "#0"},
				"west": {"uv": [11.5, 3, 12, 3.5], "texture": "#0"},
				"up": {"uv": [11.5, 3, 14, 3.5], "texture": "#0"},
				"down": {"uv": [11.5, 3, 14, 3.5], "texture": "#0"}
			}
		},
		{
			"from": [8.5, 8, 7.5],
			"to": [9.5, 8.5, 8.5],
			"faces": {
				"north": {"uv": [9.5, 7.5, 8.5, 8], "texture": "#0"},
				"east": {"uv": [9, 7.5, 9.5, 8], "texture": "#0"},
				"south": {"uv": [8.5, 7.5, 9.5, 8], "texture": "#0"},
				"west": {"uv": [8.5, 7.5, 9, 8], "texture": "#0"},
				"up": {"uv": [8.5, 7.5, 9.5, 8], "texture": "#0"},
				"down": {"uv": [8.5, 7.5, 9.5, 8], "texture": "#0"}
			}
		},
		{
			"from": [7, 8, 7.5],
			"to": [8, 8.5, 8.5],
			"faces": {
				"north": {"uv": [8, 7.5, 7, 8], "texture": "#0"},
				"east": {"uv": [7.5, 7.5, 8, 8], "texture": "#0"},
				"south": {"uv": [7, 7.5, 8, 8], "texture": "#0"},
				"west": {"uv": [7, 7.5, 7.5, 8], "texture": "#0"},
				"up": {"uv": [7, 7.5, 8, 8], "texture": "#0"},
				"down": {"uv": [7, 7.5, 8, 8], "texture": "#0"}
			}
		},
		{
			"from": [10.5, 10, 7.5],
			"to": [11.5, 10.5, 8.5],
			"faces": {
				"north": {"uv": [11.5, 5.5, 10.5, 6], "texture": "#0"},
				"east": {"uv": [11, 5.5, 11.5, 6], "texture": "#0"},
				"south": {"uv": [10.5, 5.5, 11.5, 6], "texture": "#0"},
				"west": {"uv": [10.5, 5.5, 11, 6], "texture": "#0"},
				"up": {"uv": [10.5, 5.5, 11.5, 6], "texture": "#0"},
				"down": {"uv": [10.5, 5.5, 11.5, 6], "texture": "#0"}
			}
		},
		{
			"from": [9, 10, 7.5],
			"to": [10, 10.5, 8.5],
			"faces": {
				"north": {"uv": [10, 5.5, 9, 6], "texture": "#0"},
				"east": {"uv": [9, 5.5, 9.5, 6], "texture": "#0"},
				"south": {"uv": [9, 5.5, 10, 6], "texture": "#0"},
				"west": {"uv": [9, 5.5, 9.5, 6], "texture": "#0"},
				"up": {"uv": [9, 5.5, 10, 6], "texture": "#0"},
				"down": {"uv": [9, 5.5, 10, 6], "texture": "#0"}
			}
		},
		{
			"from": [12.5, 12, 7.5],
			"to": [13.5, 12.5, 8.5],
			"faces": {
				"north": {"uv": [13.5, 3.5, 12.5, 4], "texture": "#0"},
				"east": {"uv": [13, 3.5, 13.5, 4], "texture": "#0"},
				"south": {"uv": [12.5, 3.5, 13.5, 4], "texture": "#0"},
				"west": {"uv": [12.5, 3.5, 13, 4], "texture": "#0"},
				"up": {"uv": [12.5, 3.5, 13.5, 4], "texture": "#0"},
				"down": {"uv": [12.5, 3.5, 13.5, 4], "texture": "#0"}
			}
		},
		{
			"from": [11, 12, 7.5],
			"to": [12, 12.5, 8.5],
			"faces": {
				"north": {"uv": [12, 3.5, 11, 4], "texture": "#0"},
				"east": {"uv": [11.5, 3.5, 12, 4], "texture": "#0"},
				"south": {"uv": [11, 3.5, 12, 4], "texture": "#0"},
				"west": {"uv": [11, 3.5, 11.5, 4], "texture": "#0"},
				"up": {"uv": [11, 3.5, 12, 4], "texture": "#0"},
				"down": {"uv": [11, 3.5, 12, 4], "texture": "#0"}
			}
		},
		{
			"from": [9.5, 9, 7.5],
			"to": [10.5, 9.5, 8.5],
			"faces": {
				"north": {"uv": [10.5, 6.5, 9.5, 7], "texture": "#0"},
				"east": {"uv": [10, 6.5, 10.5, 7], "texture": "#0"},
				"south": {"uv": [9.5, 6.5, 10.5, 7], "texture": "#0"},
				"west": {"uv": [9.5, 6.5, 10, 7], "texture": "#0"},
				"up": {"uv": [9.5, 6.5, 10.5, 7], "texture": "#0"},
				"down": {"uv": [9.5, 6.5, 10.5, 7], "texture": "#0"}
			}
		},
		{
			"from": [8, 9, 7.5],
			"to": [9, 9.5, 8.5],
			"faces": {
				"north": {"uv": [9, 6.5, 8, 7], "texture": "#0"},
				"east": {"uv": [8.5, 6.5, 9, 7], "texture": "#0"},
				"south": {"uv": [8, 6.5, 9, 7], "texture": "#0"},
				"west": {"uv": [8, 6.5, 8.5, 7], "texture": "#0"},
				"up": {"uv": [8, 6.5, 9, 7], "texture": "#0"},
				"down": {"uv": [8, 6.5, 9, 7], "texture": "#0"}
			}
		},
		{
			"from": [11.5, 11, 7.5],
			"to": [12.5, 11.5, 8.5],
			"faces": {
				"north": {"uv": [12.5, 4.5, 11.5, 5], "texture": "#0"},
				"east": {"uv": [12, 4.5, 12.5, 5], "texture": "#0"},
				"south": {"uv": [11.5, 4.5, 12.5, 5], "texture": "#0"},
				"west": {"uv": [11.5, 4.5, 12, 5], "texture": "#0"},
				"up": {"uv": [11.5, 4.5, 12.5, 5], "texture": "#0"},
				"down": {"uv": [11.5, 4.5, 12.5, 5], "texture": "#0"}
			}
		},
		{
			"from": [10, 11, 7.5],
			"to": [11, 11.5, 8.5],
			"faces": {
				"north": {"uv": [11, 4.5, 10, 5], "texture": "#0"},
				"east": {"uv": [10.5, 4.5, 11, 5], "texture": "#0"},
				"south": {"uv": [10, 4.5, 11, 5], "texture": "#0"},
				"west": {"uv": [10, 4.5, 10.5, 5], "texture": "#0"},
				"up": {"uv": [10, 4.5, 11, 5], "texture": "#0"},
				"down": {"uv": [10, 4.5, 11, 5], "texture": "#0"}
			}
		},
		{
			"from": [12, 13, 7.5],
			"to": [14.5, 13.5, 8.5],
			"faces": {
				"north": {"uv": [14.5, 2.5, 12, 3], "texture": "#0"},
				"east": {"uv": [14, 2.5, 14.5, 3], "texture": "#0"},
				"south": {"uv": [12, 2.5, 14.5, 3], "texture": "#0"},
				"west": {"uv": [12, 2.5, 12.5, 3], "texture": "#0"},
				"up": {"uv": [12, 2.5, 14.5, 3], "texture": "#0"},
				"down": {"uv": [12, 2.5, 14.5, 3], "texture": "#0"}
			}
		},
		{
			"from": [13, 14, 7.5],
			"to": [15, 14.5, 8.5],
			"faces": {
				"north": {"uv": [15, 1.5, 13, 2], "texture": "#0"},
				"east": {"uv": [14.5, 1.5, 15, 2], "texture": "#0"},
				"south": {"uv": [13, 1.5, 15, 2], "texture": "#0"},
				"west": {"uv": [13, 1.5, 13.5, 2], "texture": "#0"},
				"up": {"uv": [13, 1.5, 15, 2], "texture": "#0"},
				"down": {"uv": [13, 1.5, 15, 2], "texture": "#0"}
			}
		},
		{
			"from": [14, 14.5, 7.5],
			"to": [15, 15, 8.5],
			"faces": {
				"north": {"uv": [15, 1, 14, 1.5], "texture": "#0"},
				"east": {"uv": [14.5, 1, 15, 1.5], "texture": "#0"},
				"south": {"uv": [14, 1, 15, 1.5], "texture": "#0"},
				"west": {"uv": [14, 1, 14.5, 1.5], "texture": "#0"},
				"up": {"uv": [14, 1, 15, 1.5], "texture": "#0"}
			}
		},
		{
			"from": [12.5, 13.5, 7.5],
			"to": [14.5, 14, 8.5],
			"faces": {
				"north": {"uv": [14.5, 2, 12.5, 2.5], "texture": "#0"},
				"east": {"uv": [14, 2, 14.5, 2.5], "texture": "#0"},
				"south": {"uv": [12.5, 2, 14.5, 2.5], "texture": "#0"},
				"west": {"uv": [12.5, 2, 13, 2.5], "texture": "#0"},
				"up": {"uv": [12.5, 2, 14.5, 2.5], "texture": "#0"}
			}
		},
		{
			"from": [1.5, 5.5, 7.5],
			"to": [7.5, 6, 8.5],
			"faces": {
				"north": {"uv": [7.5, 10, 1.5, 10.5], "texture": "#0"},
				"east": {"uv": [7, 10, 7.5, 10.5], "texture": "#0"},
				"south": {"uv": [1.5, 10, 7.5, 10.5], "texture": "#0"},
				"west": {"uv": [1.5, 10, 2, 10.5], "texture": "#0"},
				"up": {"uv": [1.5, 10, 7.5, 10.5], "texture": "#0"},
				"down": {"uv": [1.5, 10, 7.5, 10.5], "texture": "#0"}
			}
		},
		{
			"from": [2, 6.5, 7.5],
			"to": [3.5, 7, 8.5],
			"faces": {
				"north": {"uv": [3.5, 9, 2, 9.5], "texture": "#0"},
				"east": {"uv": [3, 9, 3.5, 9.5], "texture": "#0"},
				"south": {"uv": [2, 9, 3.5, 9.5], "texture": "#0"},
				"west": {"uv": [2, 9, 2.5, 9.5], "texture": "#0"},
				"up": {"uv": [2, 9, 3.5, 9.5], "texture": "#0"}
			}
		},
		{
			"from": [2.5, 7, 7.5],
			"to": [3.5, 7.5, 8.5],
			"faces": {
				"north": {"uv": [3.5, 8.5, 2.5, 9], "texture": "#0"},
				"east": {"uv": [3, 8.5, 3.5, 9], "texture": "#0"},
				"south": {"uv": [2.5, 8.5, 3.5, 9], "texture": "#0"},
				"west": {"uv": [2.5, 8.5, 3, 9], "texture": "#0"},
				"up": {"uv": [2.5, 8.5, 3.5, 9], "texture": "#0"}
			}
		},
		{
			"from": [2.5, 3.5, 7.5],
			"to": [6.5, 4, 8.5],
			"faces": {
				"north": {"uv": [6.5, 12, 2.5, 12.5], "texture": "#0"},
				"east": {"uv": [6, 12, 6.5, 12.5], "texture": "#0"},
				"south": {"uv": [2.5, 12, 6.5, 12.5], "texture": "#0"},
				"west": {"uv": [2.5, 12, 3, 12.5], "texture": "#0"},
				"up": {"uv": [2.5, 12, 6.5, 12.5], "texture": "#0"}
			}
		},
		{
			"from": [3, 4.5, 7.5],
			"to": [6.5, 5, 8.5],
			"faces": {
				"north": {"uv": [6.5, 11, 3, 11.5], "texture": "#0"},
				"east": {"uv": [6, 11, 6.5, 11.5], "texture": "#0"},
				"south": {"uv": [3, 11, 6.5, 11.5], "texture": "#0"},
				"west": {"uv": [3, 11, 3.5, 11.5], "texture": "#0"},
				"down": {"uv": [3, 11, 6.5, 11.5], "texture": "#0"}
			}
		},
		{
			"from": [2.5, 4, 7.5],
			"to": [6, 4.5, 8.5],
			"faces": {
				"north": {"uv": [6, 11.5, 2.5, 12], "texture": "#0"},
				"east": {"uv": [5.5, 11.5, 6, 12], "texture": "#0"},
				"south": {"uv": [2.5, 11.5, 6, 12], "texture": "#0"},
				"west": {"uv": [2.5, 11.5, 3, 12], "texture": "#0"},
				"up": {"uv": [2.5, 11.5, 6, 12], "texture": "#0"}
			}
		},
		{
			"from": [1.5, 4.5, 7.75],
			"to": [8, 5, 8.25],
			"faces": {
				"north": {"uv": [8, 11, 1.5, 11.5], "texture": "#0"},
				"east": {"uv": [7.5, 11, 8, 11.5], "texture": "#0"},
				"south": {"uv": [1.5, 11, 8, 11.5], "texture": "#0"},
				"west": {"uv": [1.5, 11, 2, 11.5], "texture": "#0"},
				"down": {"uv": [1.5, 11, 8, 11.5], "texture": "#0"}
			}
		},
		{
			"from": [1, 5, 7.75],
			"to": [8, 5.5, 8.25],
			"faces": {
				"north": {"uv": [8, 10.5, 1, 11], "texture": "#0"},
				"east": {"uv": [7.5, 10.5, 8, 11], "texture": "#0"},
				"south": {"uv": [1, 10.5, 8, 11], "texture": "#0"},
				"west": {"uv": [1, 10.5, 1.5, 11], "texture": "#0"},
				"down": {"uv": [1, 10.5, 8, 11], "texture": "#0"}
			}
		},
		{
			"from": [1, 1.5, 7.75],
			"to": [3, 2, 8.25],
			"faces": {
				"north": {"uv": [3, 14, 1, 14.5], "texture": "#0"},
				"east": {"uv": [2.5, 14, 3, 14.5], "texture": "#0"},
				"south": {"uv": [1, 14, 3, 14.5], "texture": "#0"},
				"west": {"uv": [1, 14, 1.5, 14.5], "texture": "#0"},
				"up": {"uv": [1, 14, 3, 14.5], "texture": "#0"},
				"down": {"uv": [1, 14, 3, 14.5], "texture": "#0"}
			}
		},
		{
			"from": [2, 4, 7.75],
			"to": [6.5, 4.5, 8.25],
			"faces": {
				"north": {"uv": [6.5, 11.5, 2, 12], "texture": "#0"},
				"east": {"uv": [6, 11.5, 6.5, 12], "texture": "#0"},
				"south": {"uv": [2, 11.5, 6.5, 12], "texture": "#0"},
				"west": {"uv": [2, 11.5, 2.5, 12], "texture": "#0"}
			}
		},
		{
			"from": [8, 4, 7.75],
			"to": [9, 4.5, 8.25],
			"faces": {
				"north": {"uv": [9, 11.5, 8, 12], "texture": "#0"},
				"east": {"uv": [8.5, 11.5, 9, 12], "texture": "#0"},
				"south": {"uv": [8, 11.5, 9, 12], "texture": "#0"},
				"west": {"uv": [8, 11.5, 8.5, 12], "texture": "#0"},
				"up": {"uv": [8, 11.5, 9, 12], "texture": "#0"}
			}
		},
		{
			"from": [2, 3, 7.75],
			"to": [8.5, 3.5, 8.25],
			"faces": {
				"north": {"uv": [8.5, 12.5, 2, 13], "texture": "#0"},
				"east": {"uv": [8, 12.5, 8.5, 13], "texture": "#0"},
				"south": {"uv": [2, 12.5, 8.5, 13], "texture": "#0"},
				"west": {"uv": [2, 12.5, 2.5, 13], "texture": "#0"}
			}
		},
		{
			"from": [2, 3.5, 7.75],
			"to": [9, 4, 8.25],
			"faces": {
				"north": {"uv": [9, 12, 2, 12.5], "texture": "#0"},
				"east": {"uv": [8.5, 12, 9, 12.5], "texture": "#0"},
				"south": {"uv": [2, 12, 9, 12.5], "texture": "#0"},
				"west": {"uv": [2, 12, 2.5, 12.5], "texture": "#0"},
				"up": {"uv": [2, 12, 9, 12.5], "texture": "#0"},
				"down": {"uv": [2, 12, 9, 12.5], "texture": "#0"}
			}
		},
		{
			"from": [1.5, 2, 7.75],
			"to": [8.5, 3, 8.25],
			"faces": {
				"north": {"uv": [8.5, 13, 1.5, 14], "texture": "#0"},
				"east": {"uv": [8, 13, 8.5, 14], "texture": "#0"},
				"south": {"uv": [1.5, 13, 8.5, 14], "texture": "#0"},
				"west": {"uv": [1.5, 13, 2, 14], "texture": "#0"},
				"up": {"uv": [1.5, 13, 8.5, 13.5], "texture": "#0"},
				"down": {"uv": [1.5, 13.5, 8.5, 14], "texture": "#0"}
			}
		},
		{
			"from": [5.5, 0.5, 7.75],
			"to": [6.5, 1, 8.25],
			"faces": {
				"north": {"uv": [6.5, 15, 5.5, 15.5], "texture": "#0"},
				"east": {"uv": [6, 15, 6.5, 15.5], "texture": "#0"},
				"south": {"uv": [5.5, 15, 6.5, 15.5], "texture": "#0"},
				"west": {"uv": [5.5, 15, 6, 15.5], "texture": "#0"},
				"down": {"uv": [5.5, 15, 6.5, 15.5], "texture": "#0"}
			}
		},
		{
			"from": [0.5, 5.5, 7.75],
			"to": [9.5, 6.5, 8.25],
			"faces": {
				"north": {"uv": [9.5, 9.5, 0.5, 10.5], "texture": "#0"},
				"east": {"uv": [9, 9.5, 9.5, 10.5], "texture": "#0"},
				"south": {"uv": [0.5, 9.5, 9.5, 10.5], "texture": "#0"},
				"west": {"uv": [0.5, 9.5, 1, 10.5], "texture": "#0"},
				"up": {"uv": [0.5, 9.5, 9.5, 10], "texture": "#0"},
				"down": {"uv": [0.5, 10, 9.5, 10.5], "texture": "#0"}
			}
		},
		{
			"from": [4.5, 1.5, 7.75],
			"to": [8, 2, 8.25],
			"faces": {
				"north": {"uv": [8, 14, 4.5, 14.5], "texture": "#0"},
				"east": {"uv": [7.5, 14, 8, 14.5], "texture": "#0"},
				"south": {"uv": [4.5, 14, 8, 14.5], "texture": "#0"},
				"west": {"uv": [4.5, 14, 5, 14.5], "texture": "#0"},
				"down": {"uv": [4.5, 14, 8, 14.5], "texture": "#0"}
			}
		},
		{
			"from": [5, 1, 7.75],
			"to": [7.5, 1.5, 8.25],
			"faces": {
				"north": {"uv": [7.5, 14.5, 5, 15], "texture": "#0"},
				"east": {"uv": [7, 14.5, 7.5, 15], "texture": "#0"},
				"south": {"uv": [5, 14.5, 7.5, 15], "texture": "#0"},
				"west": {"uv": [5, 14.5, 5.5, 15], "texture": "#0"},
				"down": {"uv": [5, 14.5, 7.5, 15], "texture": "#0"}
			}
		},
		{
			"from": [13, 15, 7.75],
			"to": [16, 15.5, 8.25],
			"faces": {
				"north": {"uv": [16, 0.5, 13, 1], "texture": "#0"},
				"east": {"uv": [15.5, 0.5, 16, 1], "texture": "#0"},
				"south": {"uv": [13, 0.5, 16, 1], "texture": "#0"},
				"west": {"uv": [13, 0.5, 13.5, 1], "texture": "#0"},
				"up": {"uv": [13, 0.5, 16, 1], "texture": "#0"}
			}
		},
		{
			"from": [12, 14, 7.75],
			"to": [16, 14.5, 8.25],
			"faces": {
				"north": {"uv": [16, 1.5, 12, 2], "texture": "#0"},
				"east": {"uv": [15.5, 1.5, 16, 2], "texture": "#0"},
				"south": {"uv": [12, 1.5, 16, 2], "texture": "#0"},
				"west": {"uv": [12, 1.5, 12.5, 2], "texture": "#0"},
				"up": {"uv": [12, 1.5, 16, 2], "texture": "#0"}
			}
		},
		{
			"from": [13.5, 15.5, 7.75],
			"to": [16, 16, 8.25],
			"faces": {
				"north": {"uv": [16, 0, 13.5, 0.5], "texture": "#0"},
				"east": {"uv": [15.5, 0, 16, 0.5], "texture": "#0"},
				"south": {"uv": [13.5, 0, 16, 0.5], "texture": "#0"},
				"west": {"uv": [13.5, 0, 14, 0.5], "texture": "#0"},
				"up": {"uv": [13.5, 0, 16, 0.5], "texture": "#0"}
			}
		},
		{
			"from": [12.5, 14.5, 7.75],
			"to": [16, 15, 8.25],
			"faces": {
				"north": {"uv": [16, 1, 12.5, 1.5], "texture": "#0"},
				"east": {"uv": [15.5, 1, 16, 1.5], "texture": "#0"},
				"south": {"uv": [12.5, 1, 16, 1.5], "texture": "#0"},
				"west": {"uv": [12.5, 1, 13, 1.5], "texture": "#0"},
				"up": {"uv": [12.5, 1, 16, 1.5], "texture": "#0"}
			}
		},
		{
			"from": [8.5, 10.5, 7.75],
			"to": [13, 11, 8.25],
			"faces": {
				"north": {"uv": [13, 5, 8.5, 5.5], "texture": "#0"},
				"east": {"uv": [12.5, 5, 13, 5.5], "texture": "#0"},
				"south": {"uv": [8.5, 5, 13, 5.5], "texture": "#0"},
				"west": {"uv": [8.5, 5, 9, 5.5], "texture": "#0"},
				"up": {"uv": [8.5, 5, 13, 5.5], "texture": "#0"},
				"down": {"uv": [8.5, 5, 13, 5.5], "texture": "#0"}
			}
		},
		{
			"from": [10.5, 12.5, 7.75],
			"to": [15, 13, 8.25],
			"faces": {
				"north": {"uv": [15, 3, 10.5, 3.5], "texture": "#0"},
				"east": {"uv": [14.5, 3, 15, 3.5], "texture": "#0"},
				"south": {"uv": [10.5, 3, 15, 3.5], "texture": "#0"},
				"west": {"uv": [10.5, 3, 11, 3.5], "texture": "#0"},
				"up": {"uv": [10.5, 3, 15, 3.5], "texture": "#0"},
				"down": {"uv": [10.5, 3, 15, 3.5], "texture": "#0"}
			}
		},
		{
			"from": [9.5, 11.5, 7.75],
			"to": [14, 12, 8.25],
			"faces": {
				"north": {"uv": [14, 4, 9.5, 4.5], "texture": "#0"},
				"east": {"uv": [13.5, 4, 14, 4.5], "texture": "#0"},
				"south": {"uv": [9.5, 4, 14, 4.5], "texture": "#0"},
				"west": {"uv": [9.5, 4, 10, 4.5], "texture": "#0"},
				"up": {"uv": [9.5, 4, 14, 4.5], "texture": "#0"},
				"down": {"uv": [9.5, 4, 14, 4.5], "texture": "#0"}
			}
		},
		{
			"from": [11.5, 13.5, 7.75],
			"to": [16, 14, 8.25],
			"faces": {
				"north": {"uv": [16, 2, 11.5, 2.5], "texture": "#0"},
				"east": {"uv": [15.5, 2, 16, 2.5], "texture": "#0"},
				"south": {"uv": [11.5, 2, 16, 2.5], "texture": "#0"},
				"west": {"uv": [11.5, 2, 12, 2.5], "texture": "#0"},
				"up": {"uv": [11.5, 2, 16, 2.5], "texture": "#0"},
				"down": {"uv": [11.5, 2, 16, 2.5], "texture": "#0"}
			}
		},
		{
			"from": [8, 10, 7.75],
			"to": [12.5, 10.5, 8.25],
			"faces": {
				"north": {"uv": [12.5, 5.5, 8, 6], "texture": "#0"},
				"east": {"uv": [12, 5.5, 12.5, 6], "texture": "#0"},
				"south": {"uv": [8, 5.5, 12.5, 6], "texture": "#0"},
				"west": {"uv": [8, 5.5, 8.5, 6], "texture": "#0"},
				"up": {"uv": [8, 5.5, 12.5, 6], "texture": "#0"},
				"down": {"uv": [8, 5.5, 12.5, 6], "texture": "#0"}
			}
		},
		{
			"from": [10, 12, 7.75],
			"to": [14.5, 12.5, 8.25],
			"faces": {
				"north": {"uv": [14.5, 3.5, 10, 4], "texture": "#0"},
				"east": {"uv": [14, 3.5, 14.5, 4], "texture": "#0"},
				"south": {"uv": [10, 3.5, 14.5, 4], "texture": "#0"},
				"west": {"uv": [10, 3.5, 10.5, 4], "texture": "#0"},
				"up": {"uv": [10, 3.5, 14.5, 4], "texture": "#0"},
				"down": {"uv": [10, 3.5, 14.5, 4], "texture": "#0"}
			}
		},
		{
			"from": [9, 11, 7.75],
			"to": [13.5, 11.5, 8.25],
			"faces": {
				"north": {"uv": [13.5, 4.5, 9, 5], "texture": "#0"},
				"east": {"uv": [13, 4.5, 13.5, 5], "texture": "#0"},
				"south": {"uv": [9, 4.5, 13.5, 5], "texture": "#0"},
				"west": {"uv": [9, 4.5, 9.5, 5], "texture": "#0"},
				"up": {"uv": [9, 4.5, 13.5, 5], "texture": "#0"},
				"down": {"uv": [9, 4.5, 13.5, 5], "texture": "#0"}
			}
		},
		{
			"from": [11, 13, 7.75],
			"to": [15.5, 13.5, 8.25],
			"faces": {
				"north": {"uv": [15.5, 2.5, 11, 3], "texture": "#0"},
				"east": {"uv": [15, 2.5, 15.5, 3], "texture": "#0"},
				"south": {"uv": [11, 2.5, 15.5, 3], "texture": "#0"},
				"west": {"uv": [11, 2.5, 11.5, 3], "texture": "#0"},
				"up": {"uv": [11, 2.5, 15.5, 3], "texture": "#0"},
				"down": {"uv": [11, 2.5, 15.5, 3], "texture": "#0"}
			}
		},
		{
			"from": [6.5, 9.5, 7.75],
			"to": [12, 10, 8.25],
			"faces": {
				"north": {"uv": [12, 6, 6.5, 6.5], "texture": "#0"},
				"east": {"uv": [11.5, 6, 12, 6.5], "texture": "#0"},
				"south": {"uv": [6.5, 6, 12, 6.5], "texture": "#0"},
				"west": {"uv": [6.5, 6, 7, 6.5], "texture": "#0"},
				"up": {"uv": [6.5, 6, 12, 6.5], "texture": "#0"},
				"down": {"uv": [6.5, 6, 12, 6.5], "texture": "#0"}
			}
		},
		{
			"from": [5.5, 9, 7.75],
			"to": [11.5, 9.5, 8.25],
			"faces": {
				"north": {"uv": [11.5, 6.5, 5.5, 7], "texture": "#0"},
				"east": {"uv": [11, 6.5, 11.5, 7], "texture": "#0"},
				"south": {"uv": [5.5, 6.5, 11.5, 7], "texture": "#0"},
				"west": {"uv": [5.5, 6.5, 6, 7], "texture": "#0"},
				"up": {"uv": [5.5, 6.5, 11.5, 7], "texture": "#0"},
				"down": {"uv": [5.5, 6.5, 11.5, 7], "texture": "#0"}
			}
		},
		{
			"from": [5.5, 8.5, 7.75],
			"to": [11, 9, 8.25],
			"faces": {
				"north": {"uv": [11, 7, 5.5, 7.5], "texture": "#0"},
				"east": {"uv": [10.5, 7, 11, 7.5], "texture": "#0"},
				"south": {"uv": [5.5, 7, 11, 7.5], "texture": "#0"},
				"west": {"uv": [5.5, 7, 6, 7.5], "texture": "#0"},
				"down": {"uv": [5.5, 7, 11, 7.5], "texture": "#0"}
			}
		},
		{
			"from": [1, 6.5, 7.75],
			"to": [4, 7.5, 8.25],
			"faces": {
				"north": {"uv": [4, 8.5, 1, 9.5], "texture": "#0"},
				"east": {"uv": [3.5, 8.5, 4, 9.5], "texture": "#0"},
				"south": {"uv": [1, 8.5, 4, 9.5], "texture": "#0"},
				"west": {"uv": [1, 8.5, 1.5, 9.5], "texture": "#0"},
				"up": {"uv": [1, 8.5, 4, 9], "texture": "#0"}
			}
		},
		{
			"from": [1.5, 7.5, 7.75],
			"to": [4, 8, 8.25],
			"faces": {
				"north": {"uv": [4, 8, 1.5, 8.5], "texture": "#0"},
				"east": {"uv": [3.5, 8, 4, 8.5], "texture": "#0"},
				"south": {"uv": [1.5, 8, 4, 8.5], "texture": "#0"},
				"west": {"uv": [1.5, 8, 2, 8.5], "texture": "#0"},
				"up": {"uv": [1.5, 8, 4, 8.5], "texture": "#0"}
			}
		},
		{
			"from": [2, 8, 7.75],
			"to": [4.5, 8.5, 8.25],
			"faces": {
				"north": {"uv": [4.5, 7.5, 2, 8], "texture": "#0"},
				"east": {"uv": [4, 7.5, 4.5, 8], "texture": "#0"},
				"south": {"uv": [2, 7.5, 4.5, 8], "texture": "#0"},
				"west": {"uv": [2, 7.5, 2.5, 8], "texture": "#0"},
				"up": {"uv": [2, 7.5, 4.5, 8], "texture": "#0"},
				"down": {"uv": [2, 7.5, 4.5, 8], "texture": "#0"}
			}
		},
		{
			"from": [5.5, 8, 7.75],
			"to": [10.5, 8.5, 8.25],
			"faces": {
				"north": {"uv": [10.5, 7.5, 5.5, 8], "texture": "#0"},
				"east": {"uv": [10, 7.5, 10.5, 8], "texture": "#0"},
				"south": {"uv": [5.5, 7.5, 10.5, 8], "texture": "#0"},
				"west": {"uv": [5.5, 7.5, 6, 8], "texture": "#0"},
				"down": {"uv": [5.5, 7.5, 10.5, 8], "texture": "#0"}
			}
		},
		{
			"from": [3.5, 8.5, 7.75],
			"to": [4.5, 9, 8.25],
			"faces": {
				"north": {"uv": [4.5, 7, 3.5, 7.5], "texture": "#0"},
				"east": {"uv": [4, 7, 4.5, 7.5], "texture": "#0"},
				"south": {"uv": [3.5, 7, 4.5, 7.5], "texture": "#0"},
				"west": {"uv": [3.5, 7, 4, 7.5], "texture": "#0"},
				"up": {"uv": [3.5, 7, 4.5, 7.5], "texture": "#0"}
			}
		},
		{
			"from": [4.5, 6.5, 7.75],
			"to": [10, 8, 8.25],
			"faces": {
				"north": {"uv": [10, 8, 4.5, 9.5], "texture": "#0"},
				"east": {"uv": [9.5, 8, 10, 9.5], "texture": "#0"},
				"south": {"uv": [4.5, 8, 10, 9.5], "texture": "#0"},
				"west": {"uv": [4.5, 8, 5, 9.5], "texture": "#0"},
				"up": {"uv": [4.5, 8, 10, 8.5], "texture": "#0"},
				"down": {"uv": [4.5, 9, 10, 9.5], "texture": "#0"}
			}
		}
	],
	"gui_light": "front",
	"display": {
		"thirdperson_righthand": {
			"rotation": [0, 90, 45],
			"translation": [0, 9.5, -0.25],
			"scale": [1.3, 1.3, 1.3]
		},
		"thirdperson_lefthand": {
			"rotation": [0, -90, -45],
			"translation": [0, 9.5, -0.25],
			"scale": [1.3, 1.3, 1.3]
		},
		"firstperson_righthand": {
			"rotation": [0, 90, 35],
			"translation": [1.5, 5.25, 0.5]
		},
		"firstperson_lefthand": {
			"rotation": [0, -90, -35],
			"translation": [1.5, 5.25, 0.5]
		},
		"ground": {
			"translation": [0, 2, 0],
			"scale": [0.6, 0.6, 0.6]
		},
		"head": {
			"rotation": [-90, 0, -45],
			"translation": [0, -5.25, -7],
			"scale": [1.7, 1.7, 1.7]
		},
		"fixed": {
			"rotation": [0, -180, 0]
		}
	}
}