{
	"credit": "Made with Blockbench",
	"textures": {
		"0": "custom/weapon/lunar_scythe",
		"particle": "custom/weapon/lunar_scythe"
	},
	"elements": [
		{
			"from": [1.5, 0.5, 7.75],
			"to": [2.5, 1, 8.25],
			"faces": {
				"north": {"uv": [2.5, 15, 1.5, 15.5], "texture": "#0"},
				"east": {"uv": [2.5, 15, 2, 15.5], "texture": "#0"},
				"south": {"uv": [1.5, 15, 2.5, 15.5], "texture": "#0"},
				"west": {"uv": [2, 15, 1.5, 15.5], "texture": "#0"},
				"down": {"uv": [1.5, 15.5, 2.5, 15], "texture": "#0"}
			}
		},
		{
			"from": [1.5, 2, 7.75],
			"to": [3.5, 2.5, 8.25],
			"faces": {
				"north": {"uv": [3.5, 13.5, 1.5, 14], "texture": "#0"},
				"east": {"uv": [3.5, 13.5, 3, 14], "texture": "#0"},
				"south": {"uv": [1.5, 13.5, 3.5, 14], "texture": "#0"},
				"west": {"uv": [2, 13.5, 1.5, 14], "texture": "#0"},
				"up": {"uv": [1.5, 14, 3.5, 13.5], "texture": "#0"},
				"down": {"uv": [1.5, 14, 3.5, 13.5], "texture": "#0"}
			}
		},
		{
			"from": [2.5, 2, 7.5],
			"to": [3, 2.5, 8.5],
			"faces": {
				"north": {"uv": [3, 13.5, 2.5, 14], "texture": "#0"},
				"east": {"uv": [2.5, 13.5, 3, 14], "texture": "#0"},
				"south": {"uv": [2.5, 13.5, 3, 14], "texture": "#0"},
				"west": {"uv": [2.5, 13.5, 3, 14], "texture": "#0"},
				"up": {"uv": [2.5, 13.5, 3, 14], "texture": "#0"},
				"down": {"uv": [2.5, 13.5, 3, 14], "texture": "#0"}
			}
		},
		{
			"from": [2.5, 2.5, 7.75],
			"to": [4, 3, 8.25],
			"faces": {
				"north": {"uv": [4, 13, 2.5, 13.5], "texture": "#0"},
				"east": {"uv": [4, 13, 3.5, 13.5], "texture": "#0"},
				"south": {"uv": [2.5, 13, 4, 13.5], "texture": "#0"},
				"west": {"uv": [3, 13, 2.5, 13.5], "texture": "#0"},
				"up": {"uv": [2.5, 13.5, 4, 13], "texture": "#0"},
				"down": {"uv": [2.5, 13.5, 4, 13], "texture": "#0"}
			}
		},
		{
			"from": [3, 2.5, 7.5],
			"to": [3.5, 3, 8.5],
			"faces": {
				"north": {"uv": [3.5, 13, 3, 13.5], "texture": "#0"},
				"east": {"uv": [3, 13, 3.5, 13.5], "texture": "#0"},
				"south": {"uv": [3, 13, 3.5, 13.5], "texture": "#0"},
				"west": {"uv": [3, 13, 3.5, 13.5], "texture": "#0"},
				"up": {"uv": [3, 13, 3.5, 13.5], "texture": "#0"},
				"down": {"uv": [3, 13, 3.5, 13.5], "texture": "#0"}
			}
		},
		{
			"from": [4.5, 4.5, 7.75],
			"to": [6, 5, 8.25],
			"faces": {
				"north": {"uv": [6, 11, 4.5, 11.5], "texture": "#0"},
				"east": {"uv": [6, 11, 5.5, 11.5], "texture": "#0"},
				"south": {"uv": [4.5, 11, 6, 11.5], "texture": "#0"},
				"west": {"uv": [5, 11, 4.5, 11.5], "texture": "#0"},
				"up": {"uv": [4.5, 11.5, 6, 11], "texture": "#0"},
				"down": {"uv": [4.5, 11.5, 6, 11], "texture": "#0"}
			}
		},
		{
			"from": [5, 4.5, 7.5],
			"to": [5.5, 5, 8.5],
			"faces": {
				"north": {"uv": [5.5, 11, 5, 11.5], "texture": "#0"},
				"east": {"uv": [5, 11, 5.5, 11.5], "texture": "#0"},
				"south": {"uv": [5, 11, 5.5, 11.5], "texture": "#0"},
				"west": {"uv": [5, 11, 5.5, 11.5], "texture": "#0"},
				"up": {"uv": [5, 11, 5.5, 11.5], "texture": "#0"},
				"down": {"uv": [5, 11, 5.5, 11.5], "texture": "#0"}
			}
		},
		{
			"from": [3.5, 3.5, 7.75],
			"to": [5, 4, 8.25],
			"faces": {
				"north": {"uv": [5, 12, 3.5, 12.5], "texture": "#0"},
				"east": {"uv": [5, 12, 4.5, 12.5], "texture": "#0"},
				"south": {"uv": [3.5, 12, 5, 12.5], "texture": "#0"},
				"west": {"uv": [4, 12, 3.5, 12.5], "texture": "#0"},
				"up": {"uv": [3.5, 12.5, 5, 12], "texture": "#0"},
				"down": {"uv": [3.5, 12.5, 5, 12], "texture": "#0"}
			}
		},
		{
			"from": [4, 3.5, 7.5],
			"to": [4.5, 4, 8.5],
			"faces": {
				"north": {"uv": [4.5, 12, 4, 12.5], "texture": "#0"},
				"east": {"uv": [4, 12, 4.5, 12.5], "texture": "#0"},
				"south": {"uv": [4, 12, 4.5, 12.5], "texture": "#0"},
				"west": {"uv": [4, 12, 4.5, 12.5], "texture": "#0"},
				"up": {"uv": [4, 12, 4.5, 12.5], "texture": "#0"},
				"down": {"uv": [4, 12, 4.5, 12.5], "texture": "#0"}
			}
		},
		{
			"from": [5.5, 5.5, 7.75],
			"to": [7, 6, 8.25],
			"faces": {
				"north": {"uv": [7, 10, 5.5, 10.5], "texture": "#0"},
				"east": {"uv": [7, 10, 6.5, 10.5], "texture": "#0"},
				"south": {"uv": [5.5, 10, 7, 10.5], "texture": "#0"},
				"west": {"uv": [6, 10, 5.5, 10.5], "texture": "#0"},
				"up": {"uv": [5.5, 10.5, 7, 10], "texture": "#0"},
				"down": {"uv": [5.5, 10.5, 7, 10], "texture": "#0"}
			}
		},
		{
			"from": [6, 5.5, 7.5],
			"to": [6.5, 6, 8.5],
			"faces": {
				"north": {"uv": [6.5, 10, 6, 10.5], "texture": "#0"},
				"east": {"uv": [6, 10, 6.5, 10.5], "texture": "#0"},
				"south": {"uv": [6, 10, 6.5, 10.5], "texture": "#0"},
				"west": {"uv": [6, 10, 6.5, 10.5], "texture": "#0"},
				"up": {"uv": [6, 10, 6.5, 10.5], "texture": "#0"},
				"down": {"uv": [6, 10, 6.5, 10.5], "texture": "#0"}
			}
		},
		{
			"from": [9.5, 9, 7.5],
			"to": [10, 9.5, 8.5],
			"faces": {
				"north": {"uv": [10, 6.5, 9.5, 7], "texture": "#0"},
				"east": {"uv": [9.5, 6.5, 10, 7], "texture": "#0"},
				"south": {"uv": [9.5, 6.5, 10, 7], "texture": "#0"},
				"west": {"uv": [9.5, 6.5, 10, 7], "texture": "#0"},
				"up": {"uv": [9.5, 6.5, 10, 7], "texture": "#0"},
				"down": {"uv": [9.5, 6.5, 10, 7], "texture": "#0"}
			}
		},
		{
			"from": [2.5, 11.5, 7.75],
			"to": [3, 12, 8.25],
			"faces": {
				"north": {"uv": [3, 4, 2.5, 4.5], "texture": "#0"},
				"east": {"uv": [3, 4, 2.5, 4.5], "texture": "#0"},
				"south": {"uv": [2.5, 4, 3, 4.5], "texture": "#0"},
				"west": {"uv": [3, 4, 2.5, 4.5], "texture": "#0"},
				"down": {"uv": [2.5, 4.5, 3, 4], "texture": "#0"}
			}
		},
		{
			"from": [2.5, 12, 7.75],
			"to": [3.5, 12.5, 8.25],
			"faces": {
				"north": {"uv": [3.5, 3.5, 2.5, 4], "texture": "#0"},
				"east": {"uv": [3, 3.5, 2.5, 4], "texture": "#0"},
				"south": {"uv": [2.5, 3.5, 3.5, 4], "texture": "#0"},
				"west": {"uv": [3, 3.5, 2.5, 4], "texture": "#0"},
				"down": {"uv": [2.5, 4, 3.5, 3.5], "texture": "#0"}
			}
		},
		{
			"from": [2.5, 12.5, 7.75],
			"to": [4.5, 13, 8.25],
			"faces": {
				"north": {"uv": [4.5, 3, 2.5, 3.5], "texture": "#0"},
				"east": {"uv": [3, 3, 2.5, 3.5], "texture": "#0"},
				"south": {"uv": [2.5, 3, 4.5, 3.5], "texture": "#0"},
				"west": {"uv": [3, 3, 2.5, 3.5], "texture": "#0"},
				"down": {"uv": [2.5, 3.5, 4.5, 3], "texture": "#0"}
			}
		},
		{
			"from": [7.5, 8, 7.75],
			"to": [9.5, 8.5, 8.25],
			"faces": {
				"north": {"uv": [9.5, 7.5, 7.5, 8], "texture": "#0"},
				"east": {"uv": [9.5, 7.5, 9, 8], "texture": "#0"},
				"south": {"uv": [7.5, 7.5, 9.5, 8], "texture": "#0"},
				"west": {"uv": [8, 7.5, 7.5, 8], "texture": "#0"},
				"up": {"uv": [7.5, 8, 9.5, 7.5], "texture": "#0"},
				"down": {"uv": [7.5, 8, 9.5, 7.5], "texture": "#0"}
			}
		},
		{
			"from": [10.5, 8, 7.75],
			"to": [12.5, 8.5, 8.25],
			"faces": {
				"north": {"uv": [12.5, 7.5, 10.5, 8], "texture": "#0"},
				"east": {"uv": [12.5, 7.5, 12, 8], "texture": "#0"},
				"south": {"uv": [10.5, 7.5, 12.5, 8], "texture": "#0"},
				"west": {"uv": [11, 7.5, 10.5, 8], "texture": "#0"},
				"up": {"uv": [10.5, 8, 12.5, 7.5], "texture": "#0"},
				"down": {"uv": [10.5, 8, 12.5, 7.5], "texture": "#0"}
			}
		},
		{
			"from": [12.5, 9, 7.75],
			"to": [15, 9.5, 8.25],
			"faces": {
				"north": {"uv": [15, 6.5, 12.5, 7], "texture": "#0"},
				"east": {"uv": [15, 6.5, 14.5, 7], "texture": "#0"},
				"south": {"uv": [12.5, 6.5, 15, 7], "texture": "#0"},
				"west": {"uv": [13, 6.5, 12.5, 7], "texture": "#0"},
				"up": {"uv": [12.5, 6.5, 15, 7], "texture": "#0"},
				"down": {"uv": [12.5, 6.5, 15, 7], "texture": "#0"}
			}
		},
		{
			"from": [11.5, 7.5, 7.75],
			"to": [12.5, 8, 8.25],
			"faces": {
				"north": {"uv": [12.5, 8, 11.5, 8.5], "texture": "#0"},
				"east": {"uv": [12.5, 8, 12, 8.5], "texture": "#0"},
				"south": {"uv": [11.5, 8, 12.5, 8.5], "texture": "#0"},
				"west": {"uv": [12, 8, 11.5, 8.5], "texture": "#0"},
				"down": {"uv": [11.5, 8.5, 12.5, 8], "texture": "#0"}
			}
		},
		{
			"from": [14, 8.5, 7.75],
			"to": [15.5, 9, 8.25],
			"faces": {
				"north": {"uv": [15.5, 7, 14, 7.5], "texture": "#0"},
				"east": {"uv": [15.5, 7, 15, 7.5], "texture": "#0"},
				"south": {"uv": [14, 7, 15.5, 7.5], "texture": "#0"},
				"west": {"uv": [14.5, 7, 14, 7.5], "texture": "#0"},
				"up": {"uv": [14, 7.5, 15.5, 7], "texture": "#0"},
				"down": {"uv": [14, 7.5, 15.5, 7], "texture": "#0"}
			}
		},
		{
			"from": [3, 3, 7.75],
			"to": [4.5, 3.5, 8.25],
			"faces": {
				"north": {"uv": [4.5, 12.5, 3, 13], "texture": "#0"},
				"east": {"uv": [4.5, 12.5, 4, 13], "texture": "#0"},
				"south": {"uv": [3, 12.5, 4.5, 13], "texture": "#0"},
				"west": {"uv": [3.5, 12.5, 3, 13], "texture": "#0"},
				"up": {"uv": [3, 13, 4.5, 12.5], "texture": "#0"},
				"down": {"uv": [3, 13, 4.5, 12.5], "texture": "#0"}
			}
		},
		{
			"from": [3.5, 3, 7.5],
			"to": [4, 3.5, 8.5],
			"faces": {
				"north": {"uv": [4, 12.5, 3.5, 13], "texture": "#0"},
				"east": {"uv": [3.5, 12.5, 4, 13], "texture": "#0"},
				"south": {"uv": [3.5, 12.5, 4, 13], "texture": "#0"},
				"west": {"uv": [3.5, 12.5, 4, 13], "texture": "#0"},
				"up": {"uv": [3.5, 12.5, 4, 13], "texture": "#0"},
				"down": {"uv": [3.5, 12.5, 4, 13], "texture": "#0"}
			}
		},
		{
			"from": [5, 5, 7.75],
			"to": [6.5, 5.5, 8.25],
			"faces": {
				"north": {"uv": [6.5, 10.5, 5, 11], "texture": "#0"},
				"east": {"uv": [6.5, 10.5, 6, 11], "texture": "#0"},
				"south": {"uv": [5, 10.5, 6.5, 11], "texture": "#0"},
				"west": {"uv": [5.5, 10.5, 5, 11], "texture": "#0"},
				"up": {"uv": [5, 11, 6.5, 10.5], "texture": "#0"},
				"down": {"uv": [5, 11, 6.5, 10.5], "texture": "#0"}
			}
		},
		{
			"from": [5.5, 5, 7.5],
			"to": [6, 5.5, 8.5],
			"faces": {
				"north": {"uv": [6, 10.5, 5.5, 11], "texture": "#0"},
				"east": {"uv": [5.5, 10.5, 6, 11], "texture": "#0"},
				"south": {"uv": [5.5, 10.5, 6, 11], "texture": "#0"},
				"west": {"uv": [5.5, 10.5, 6, 11], "texture": "#0"},
				"up": {"uv": [5.5, 10.5, 6, 11], "texture": "#0"},
				"down": {"uv": [5.5, 10.5, 6, 11], "texture": "#0"}
			}
		},
		{
			"from": [9, 8.5, 7.5],
			"to": [9.5, 9, 8.5],
			"faces": {
				"north": {"uv": [9.5, 7, 9, 7.5], "texture": "#0"},
				"east": {"uv": [9, 7, 9.5, 7.5], "texture": "#0"},
				"south": {"uv": [9, 7, 9.5, 7.5], "texture": "#0"},
				"west": {"uv": [9, 7, 9.5, 7.5], "texture": "#0"},
				"up": {"uv": [9, 7, 9.5, 7.5], "texture": "#0"},
				"down": {"uv": [9, 7, 9.5, 7.5], "texture": "#0"}
			}
		},
		{
			"from": [7, 6.5, 7.75],
			"to": [8.5, 7, 8.25],
			"faces": {
				"north": {"uv": [8.5, 9, 7, 9.5], "texture": "#0"},
				"east": {"uv": [8.5, 9, 8, 9.5], "texture": "#0"},
				"south": {"uv": [7, 9, 8.5, 9.5], "texture": "#0"},
				"west": {"uv": [7.5, 9, 7, 9.5], "texture": "#0"},
				"up": {"uv": [7, 9.5, 8.5, 9], "texture": "#0"},
				"down": {"uv": [7, 9.5, 8.5, 9], "texture": "#0"}
			}
		},
		{
			"from": [4, 4, 7.75],
			"to": [5.5, 4.5, 8.25],
			"faces": {
				"north": {"uv": [5.5, 11.5, 4, 12], "texture": "#0"},
				"east": {"uv": [5.5, 11.5, 5, 12], "texture": "#0"},
				"south": {"uv": [4, 11.5, 5.5, 12], "texture": "#0"},
				"west": {"uv": [4.5, 11.5, 4, 12], "texture": "#0"},
				"up": {"uv": [4, 12, 5.5, 11.5], "texture": "#0"},
				"down": {"uv": [4, 12, 5.5, 11.5], "texture": "#0"}
			}
		},
		{
			"from": [4.5, 4, 7.5],
			"to": [5, 4.5, 8.5],
			"faces": {
				"north": {"uv": [5, 11.5, 4.5, 12], "texture": "#0"},
				"east": {"uv": [4.5, 11.5, 5, 12], "texture": "#0"},
				"south": {"uv": [4.5, 11.5, 5, 12], "texture": "#0"},
				"west": {"uv": [4.5, 11.5, 5, 12], "texture": "#0"},
				"up": {"uv": [4.5, 11.5, 5, 12], "texture": "#0"},
				"down": {"uv": [4.5, 11.5, 5, 12], "texture": "#0"}
			}
		},
		{
			"from": [6, 6, 7.75],
			"to": [7.5, 6.5, 8.25],
			"faces": {
				"north": {"uv": [7.5, 9.5, 6, 10], "texture": "#0"},
				"east": {"uv": [7.5, 9.5, 7, 10], "texture": "#0"},
				"south": {"uv": [6, 9.5, 7.5, 10], "texture": "#0"},
				"west": {"uv": [6.5, 9.5, 6, 10], "texture": "#0"},
				"up": {"uv": [6, 10, 7.5, 9.5], "texture": "#0"},
				"down": {"uv": [6, 10, 7.5, 9.5], "texture": "#0"}
			}
		},
		{
			"from": [6.5, 6, 7.5],
			"to": [7, 6.5, 8.5],
			"faces": {
				"north": {"uv": [7, 9.5, 6.5, 10], "texture": "#0"},
				"east": {"uv": [6.5, 9.5, 7, 10], "texture": "#0"},
				"south": {"uv": [6.5, 9.5, 7, 10], "texture": "#0"},
				"west": {"uv": [6.5, 9.5, 7, 10], "texture": "#0"},
				"up": {"uv": [6.5, 9.5, 7, 10], "texture": "#0"},
				"down": {"uv": [6.5, 9.5, 7, 10], "texture": "#0"}
			}
		},
		{
			"from": [7, 6.5, 7.5],
			"to": [7.5, 7, 8.5],
			"faces": {
				"north": {"uv": [7.5, 9, 7, 9.5], "texture": "#0"},
				"east": {"uv": [7, 9, 7.5, 9.5], "texture": "#0"},
				"south": {"uv": [7, 9, 7.5, 9.5], "texture": "#0"},
				"west": {"uv": [7, 9, 7.5, 9.5], "texture": "#0"},
				"up": {"uv": [7, 9, 7.5, 9.5], "texture": "#0"},
				"down": {"uv": [7, 9, 7.5, 9.5], "texture": "#0"}
			}
		},
		{
			"from": [8.5, 8, 7.5],
			"to": [9, 8.5, 8.5],
			"faces": {
				"north": {"uv": [9, 7.5, 8.5, 8], "texture": "#0"},
				"east": {"uv": [8.5, 7.5, 9, 8], "texture": "#0"},
				"south": {"uv": [8.5, 7.5, 9, 8], "texture": "#0"},
				"west": {"uv": [8.5, 7.5, 9, 8], "texture": "#0"},
				"up": {"uv": [8.5, 7.5, 9, 8], "texture": "#0"},
				"down": {"uv": [8.5, 7.5, 9, 8], "texture": "#0"}
			}
		},
		{
			"from": [10, 9.5, 7.5],
			"to": [10.5, 10, 8.5],
			"faces": {
				"north": {"uv": [10.5, 6, 10, 6.5], "texture": "#0"},
				"east": {"uv": [10, 6, 10.5, 6.5], "texture": "#0"},
				"south": {"uv": [10, 6, 10.5, 6.5], "texture": "#0"},
				"west": {"uv": [10, 6, 10.5, 6.5], "texture": "#0"},
				"up": {"uv": [10, 6, 10.5, 6.5], "texture": "#0"},
				"down": {"uv": [10, 6, 10.5, 6.5], "texture": "#0"}
			}
		},
		{
			"from": [10.5, 10.5, 7.5],
			"to": [12.5, 11, 8.5],
			"faces": {
				"north": {"uv": [12.5, 5, 10.5, 5.5], "texture": "#0"},
				"east": {"uv": [12, 5, 12.5, 5.5], "texture": "#0"},
				"south": {"uv": [10.5, 5, 12.5, 5.5], "texture": "#0"},
				"west": {"uv": [10.5, 5, 11, 5.5], "texture": "#0"},
				"up": {"uv": [10.5, 5, 12.5, 5.5], "texture": "#0"},
				"down": {"uv": [10.5, 5, 12.5, 5.5], "texture": "#0"}
			}
		},
		{
			"from": [10.5, 10, 7.5],
			"to": [11.5, 10.5, 8.5],
			"faces": {
				"north": {"uv": [11.5, 5.5, 10.5, 6], "texture": "#0"},
				"east": {"uv": [11, 5.5, 11.5, 6], "texture": "#0"},
				"south": {"uv": [10.5, 5.5, 11.5, 6], "texture": "#0"},
				"west": {"uv": [10.5, 5.5, 11, 6], "texture": "#0"},
				"down": {"uv": [10.5, 5.5, 11.5, 6], "texture": "#0"}
			}
		},
		{
			"from": [11, 11, 7.5],
			"to": [12.5, 11.5, 8.5],
			"faces": {
				"north": {"uv": [12.5, 4.5, 11, 5], "texture": "#0"},
				"east": {"uv": [12, 4.5, 12.5, 5], "texture": "#0"},
				"south": {"uv": [11, 4.5, 12.5, 5], "texture": "#0"},
				"west": {"uv": [11, 4.5, 12.5, 5], "texture": "#0"},
				"up": {"uv": [11, 4.5, 12.5, 5], "texture": "#0"}
			}
		},
		{
			"from": [11.5, 11.5, 7.5],
			"to": [12.5, 12, 8.5],
			"faces": {
				"north": {"uv": [12.5, 4, 11.5, 4.5], "texture": "#0"},
				"east": {"uv": [12, 4, 12.5, 4.5], "texture": "#0"},
				"south": {"uv": [11.5, 4, 12.5, 4.5], "texture": "#0"},
				"west": {"uv": [11.5, 4, 12, 4.5], "texture": "#0"},
				"up": {"uv": [11.5, 4, 12.5, 4.5], "texture": "#0"}
			}
		},
		{
			"from": [12.5, 12, 7.5],
			"to": [14, 12.5, 8.5],
			"faces": {
				"north": {"uv": [14, 3.5, 12.5, 4], "texture": "#0"},
				"east": {"uv": [13.5, 3.5, 14, 4], "texture": "#0"},
				"south": {"uv": [12.5, 3.5, 14, 4], "texture": "#0"},
				"west": {"uv": [12.5, 3.5, 13, 4], "texture": "#0"},
				"up": {"uv": [12.5, 3.5, 14, 4], "texture": "#0"},
				"down": {"uv": [12.5, 3.5, 14, 4], "texture": "#0"}
			}
		},
		{
			"from": [12.5, 12.5, 7.5],
			"to": [13.5, 13, 8.5],
			"faces": {
				"north": {"uv": [13.5, 3, 12.5, 3.5], "texture": "#0"},
				"east": {"uv": [13, 3, 13.5, 3.5], "texture": "#0"},
				"south": {"uv": [12.5, 3, 13.5, 3.5], "texture": "#0"},
				"west": {"uv": [12.5, 3, 13, 3.5], "texture": "#0"},
				"up": {"uv": [12.5, 3, 13.5, 3.5], "texture": "#0"}
			}
		},
		{
			"from": [13, 11.5, 7.5],
			"to": [14, 12, 8.5],
			"faces": {
				"north": {"uv": [14, 4, 13, 4.5], "texture": "#0"},
				"east": {"uv": [13.5, 4, 14, 4.5], "texture": "#0"},
				"south": {"uv": [13, 4, 14, 4.5], "texture": "#0"},
				"west": {"uv": [13, 4, 13.5, 4.5], "texture": "#0"},
				"down": {"uv": [13, 4, 14, 4.5], "texture": "#0"}
			}
		},
		{
			"from": [7, 7, 7.75],
			"to": [9, 8, 8.25],
			"faces": {
				"north": {"uv": [9, 8, 7, 9], "texture": "#0"},
				"east": {"uv": [9, 8, 8.5, 9], "texture": "#0"},
				"south": {"uv": [7, 8, 9, 9], "texture": "#0"},
				"west": {"uv": [7.5, 8, 7, 9], "texture": "#0"},
				"up": {"uv": [7, 8.5, 9, 8], "texture": "#0"},
				"down": {"uv": [7, 9, 9, 8.5], "texture": "#0"}
			}
		},
		{
			"from": [7.5, 7, 7.5],
			"to": [8.5, 8, 8.5],
			"faces": {
				"north": {"uv": [8.5, 8, 7.5, 9], "texture": "#0"},
				"east": {"uv": [8, 8, 8.5, 9], "texture": "#0"},
				"south": {"uv": [7.5, 8, 8.5, 9], "texture": "#0"},
				"west": {"uv": [7.5, 8, 8, 9], "texture": "#0"},
				"up": {"uv": [7.5, 8.5, 8.5, 8], "texture": "#0"},
				"down": {"uv": [7.5, 9, 8.5, 8.5], "texture": "#0"}
			}
		},
		{
			"from": [8.5, 8.5, 7.75],
			"to": [12, 9, 8.25],
			"faces": {
				"north": {"uv": [12, 7, 8.5, 7.5], "texture": "#0"},
				"east": {"uv": [12, 7, 11.5, 7.5], "texture": "#0"},
				"south": {"uv": [8.5, 7, 12, 7.5], "texture": "#0"},
				"west": {"uv": [9, 7, 8.5, 7.5], "texture": "#0"},
				"up": {"uv": [8.5, 7.5, 12, 7], "texture": "#0"},
				"down": {"uv": [8.5, 7.5, 12, 7], "texture": "#0"}
			}
		},
		{
			"from": [9, 9, 7.75],
			"to": [11.5, 9.5, 8.25],
			"faces": {
				"north": {"uv": [11.5, 6.5, 9, 7], "texture": "#0"},
				"east": {"uv": [11.5, 6.5, 11, 7], "texture": "#0"},
				"south": {"uv": [9, 6.5, 11.5, 7], "texture": "#0"},
				"west": {"uv": [9.5, 6.5, 9, 7], "texture": "#0"},
				"up": {"uv": [9, 7, 11.5, 6.5], "texture": "#0"}
			}
		},
		{
			"from": [9.5, 9.5, 7.75],
			"to": [14.5, 10, 8.25],
			"faces": {
				"north": {"uv": [14.5, 6, 9.5, 6.5], "texture": "#0"},
				"east": {"uv": [14.5, 6, 14, 6.5], "texture": "#0"},
				"south": {"uv": [9.5, 6, 14.5, 6.5], "texture": "#0"},
				"west": {"uv": [10, 6, 9.5, 6.5], "texture": "#0"},
				"up": {"uv": [9.5, 6.5, 14.5, 6], "texture": "#0"},
				"down": {"uv": [9.5, 6.5, 14.5, 6], "texture": "#0"}
			}
		},
		{
			"from": [10, 10, 7.75],
			"to": [14, 10.5, 8.25],
			"faces": {
				"north": {"uv": [14, 5.5, 10, 6], "texture": "#0"},
				"east": {"uv": [14, 5.5, 13.5, 6], "texture": "#0"},
				"south": {"uv": [10, 5.5, 14, 6], "texture": "#0"},
				"west": {"uv": [10.5, 5.5, 10, 6], "texture": "#0"},
				"up": {"uv": [10, 6, 14, 5.5], "texture": "#0"}
			}
		},
		{
			"from": [9.5, 11, 7.75],
			"to": [14, 11.5, 8.25],
			"faces": {
				"north": {"uv": [14, 4.5, 9.5, 5], "texture": "#0"},
				"east": {"uv": [14, 4.5, 13.5, 5], "texture": "#0"},
				"south": {"uv": [9.5, 4.5, 14, 5], "texture": "#0"},
				"west": {"uv": [10, 4.5, 9.5, 5], "texture": "#0"},
				"down": {"uv": [9.5, 5, 14, 4.5], "texture": "#0"}
			}
		},
		{
			"from": [9, 11.5, 7.75],
			"to": [14.5, 12, 8.25],
			"faces": {
				"north": {"uv": [14.5, 4, 9, 4.5], "texture": "#0"},
				"east": {"uv": [14.5, 4, 14, 4.5], "texture": "#0"},
				"south": {"uv": [9, 4, 14.5, 4.5], "texture": "#0"},
				"west": {"uv": [9.5, 4, 9, 4.5], "texture": "#0"},
				"down": {"uv": [9, 4.5, 14.5, 4], "texture": "#0"}
			}
		},
		{
			"from": [8, 12, 7.75],
			"to": [14.5, 12.5, 8.25],
			"faces": {
				"north": {"uv": [14.5, 3.5, 8, 4], "texture": "#0"},
				"east": {"uv": [14.5, 3.5, 14, 4], "texture": "#0"},
				"south": {"uv": [8, 3.5, 14.5, 4], "texture": "#0"},
				"west": {"uv": [8.5, 3.5, 8, 4], "texture": "#0"},
				"up": {"uv": [8, 4, 14.5, 3.5], "texture": "#0"},
				"down": {"uv": [8, 4, 14.5, 3.5], "texture": "#0"}
			}
		},
		{
			"from": [6.5, 12.5, 7.75],
			"to": [14, 13, 8.25],
			"faces": {
				"north": {"uv": [14, 3, 6.5, 3.5], "texture": "#0"},
				"east": {"uv": [14, 3, 13.5, 3.5], "texture": "#0"},
				"south": {"uv": [6.5, 3, 14, 3.5], "texture": "#0"},
				"west": {"uv": [7, 3, 6.5, 3.5], "texture": "#0"},
				"up": {"uv": [6.5, 3.5, 14, 3], "texture": "#0"},
				"down": {"uv": [6.5, 3.5, 14, 3], "texture": "#0"}
			}
		},
		{
			"from": [12.5, 13, 7.75],
			"to": [13.5, 13.5, 8.25],
			"faces": {
				"north": {"uv": [13.5, 2.5, 12.5, 3], "texture": "#0"},
				"east": {"uv": [13.5, 2.5, 13, 3], "texture": "#0"},
				"south": {"uv": [12.5, 2.5, 13.5, 3], "texture": "#0"},
				"west": {"uv": [13, 2.5, 12.5, 3], "texture": "#0"},
				"up": {"uv": [12.5, 3, 13.5, 2.5], "texture": "#0"}
			}
		},
		{
			"from": [3, 13, 7.75],
			"to": [12, 13.5, 8.25],
			"faces": {
				"north": {"uv": [12, 2.5, 3, 3], "texture": "#0"},
				"east": {"uv": [12, 2.5, 11.5, 3], "texture": "#0"},
				"south": {"uv": [3, 2.5, 12, 3], "texture": "#0"},
				"west": {"uv": [3.5, 2.5, 3, 3], "texture": "#0"},
				"up": {"uv": [3, 3, 12, 2.5], "texture": "#0"},
				"down": {"uv": [3, 3, 12, 2.5], "texture": "#0"}
			}
		},
		{
			"from": [3.5, 13.5, 7.75],
			"to": [11.5, 14, 8.25],
			"faces": {
				"north": {"uv": [11.5, 2, 3.5, 2.5], "texture": "#0"},
				"east": {"uv": [11.5, 2, 11, 2.5], "texture": "#0"},
				"south": {"uv": [3.5, 2, 11.5, 2.5], "texture": "#0"},
				"west": {"uv": [4, 2, 3.5, 2.5], "texture": "#0"},
				"up": {"uv": [3.5, 2.5, 11.5, 2], "texture": "#0"}
			}
		},
		{
			"from": [4, 14, 7.75],
			"to": [11, 14.5, 8.25],
			"faces": {
				"north": {"uv": [11, 1.5, 4, 2], "texture": "#0"},
				"east": {"uv": [11, 1.5, 10.5, 2], "texture": "#0"},
				"south": {"uv": [4, 1.5, 11, 2], "texture": "#0"},
				"west": {"uv": [4.5, 1.5, 4, 2], "texture": "#0"},
				"up": {"uv": [4, 2, 11, 1.5], "texture": "#0"}
			}
		},
		{
			"from": [5, 14.5, 7.75],
			"to": [10, 15, 8.25],
			"faces": {
				"north": {"uv": [10, 1, 5, 1.5], "texture": "#0"},
				"east": {"uv": [10, 1, 9.5, 1.5], "texture": "#0"},
				"south": {"uv": [5, 1, 10, 1.5], "texture": "#0"},
				"west": {"uv": [5.5, 1, 5, 1.5], "texture": "#0"},
				"up": {"uv": [5, 1.5, 10, 1], "texture": "#0"}
			}
		},
		{
			"from": [6.5, 15, 7.75],
			"to": [8.5, 15.5, 8.25],
			"faces": {
				"north": {"uv": [8.5, 0.5, 6.5, 1], "texture": "#0"},
				"east": {"uv": [8.5, 0.5, 8, 1], "texture": "#0"},
				"south": {"uv": [6.5, 0.5, 8.5, 1], "texture": "#0"},
				"west": {"uv": [7, 0.5, 6.5, 1], "texture": "#0"},
				"up": {"uv": [6.5, 1, 8.5, 0.5], "texture": "#0"}
			}
		},
		{
			"from": [10, 10.5, 7.75],
			"to": [13.5, 11, 8.25],
			"faces": {
				"north": {"uv": [13.5, 5, 10, 5.5], "texture": "#0"},
				"east": {"uv": [13.5, 5, 13, 5.5], "texture": "#0"},
				"south": {"uv": [10, 5, 13.5, 5.5], "texture": "#0"},
				"west": {"uv": [10.5, 5, 10, 5.5], "texture": "#0"}
			}
		},
		{
			"from": [6.5, 6.5, 7.75],
			"to": [7, 7, 8.25],
			"faces": {
				"north": {"uv": [7, 9, 6.5, 9.5], "texture": "#0"},
				"east": {"uv": [7, 9, 6.5, 9.5], "texture": "#0"},
				"south": {"uv": [6.5, 9, 7, 9.5], "texture": "#0"},
				"west": {"uv": [7, 9, 6.5, 9.5], "texture": "#0"},
				"up": {"uv": [6.5, 9.5, 7, 9], "texture": "#0"},
				"down": {"uv": [6.5, 9.5, 7, 9], "texture": "#0"}
			}
		},
		{
			"from": [1, 1, 7.75],
			"to": [3, 2, 8.25],
			"faces": {
				"north": {"uv": [3, 14, 1, 15], "texture": "#0"},
				"east": {"uv": [3, 14, 2.5, 15], "texture": "#0"},
				"south": {"uv": [1, 14, 3, 15], "texture": "#0"},
				"west": {"uv": [1.5, 14, 1, 15], "texture": "#0"},
				"up": {"uv": [1, 15, 3, 14], "texture": "#0"},
				"down": {"uv": [1, 15, 3, 14], "texture": "#0"}
			}
		},
		{
			"from": [1.5, 1, 7.5],
			"to": [2.5, 2, 8.5],
			"faces": {
				"north": {"uv": [2.5, 14, 1.5, 15], "texture": "#0"},
				"east": {"uv": [2.5, 14, 2, 15], "texture": "#0"},
				"south": {"uv": [1.5, 14, 2.5, 15], "texture": "#0"},
				"west": {"uv": [2, 14, 1.5, 15], "texture": "#0"},
				"up": {"uv": [1.5, 14, 2.5, 14.5], "texture": "#0"},
				"down": {"uv": [1.5, 14.5, 2.5, 15], "texture": "#0"}
			}
		}
	],
	"gui_light": "front",
	"display": {
		"thirdperson_righthand": {
			"rotation": [0, -90, 45],
			"translation": [0, 5, -0.75],
			"scale": [1.2, 1.2, 1.2]
		},
		"thirdperson_lefthand": {
			"rotation": [0, 90, -45],
			"translation": [0, 5, -0.75],
			"scale": [1.2, 1.2, 1.2]
		},
		"firstperson_righthand": {
			"rotation": [0, -90, 50],
			"translation": [1.25, 7.5, 1.25],
			"scale": [0.85, 0.85, 0.85]
		},
		"firstperson_lefthand": {
			"rotation": [0, 90, -50],
			"translation": [1.25, 7.5, 1.25],
			"scale": [0.85, 0.85, 0.85]
		},
		"ground": {
			"rotation": [0, 0, 90],
			"translation": [0, 2, 0],
			"scale": [0.7, 0.7, 0.7]
		},
		"gui": {
			"rotation": [0, -180, 90]
		},
		"head": {
			"rotation": [-90, 0, 0],
			"translation": [0, -5.5, 4],
			"scale": [2, 2, 2]
		},
		"fixed": {
			"rotation": [0, 0, 90]
		}
	}
}