{
	"credit": "Made with Blockbench",
	"textures": {
		"0": "custom/weapon/malachite",
		"particle": "custom/weapon/malachite"
	},
	"elements": [
		{
			"from": [2.5, 1.5, 7.75],
			"to": [4, 2, 8.25],
			"faces": {
				"north": {"uv": [4, 14, 2.5, 14.5], "texture": "#0"},
				"east": {"uv": [3.5, 14, 4, 14.5], "texture": "#0"},
				"south": {"uv": [2.5, 14, 4, 14.5], "texture": "#0"},
				"west": {"uv": [2.5, 14, 3, 14.5], "texture": "#0"},
				"down": {"uv": [2.5, 14, 4, 14.5], "texture": "#0"}
			}
		},
		{
			"from": [3, 1, 7.75],
			"to": [3.5, 1.5, 8.25],
			"faces": {
				"north": {"uv": [3.5, 14.5, 3, 15], "texture": "#0"},
				"east": {"uv": [3, 14.5, 3.5, 15], "texture": "#0"},
				"south": {"uv": [3, 14.5, 3.5, 15], "texture": "#0"},
				"west": {"uv": [3, 14.5, 3.5, 15], "texture": "#0"},
				"down": {"uv": [3, 14.5, 3.5, 15], "texture": "#0"}
			}
		},
		{
			"from": [3, 1.5, 7.5],
			"to": [3.5, 2, 8.5],
			"faces": {
				"north": {"uv": [3.5, 14, 3, 14.5], "texture": "#0"},
				"east": {"uv": [3, 14, 3.5, 14.5], "texture": "#0"},
				"south": {"uv": [3, 14, 3.5, 14.5], "texture": "#0"},
				"west": {"uv": [3, 14, 3.5, 14.5], "texture": "#0"},
				"down": {"uv": [3, 14, 3.5, 14.5], "texture": "#0"}
			}
		},
		{
			"from": [2.5, 3.5, 7.5],
			"to": [5, 4, 8.5],
			"faces": {
				"north": {"uv": [5, 12, 2.5, 12.5], "texture": "#0"},
				"east": {"uv": [4.5, 12, 5, 12.5], "texture": "#0"},
				"south": {"uv": [2.5, 12, 5, 12.5], "texture": "#0"},
				"west": {"uv": [2.5, 12, 3, 12.5], "texture": "#0"},
				"up": {"uv": [2.5, 12, 5, 12.5], "texture": "#0"},
				"down": {"uv": [2.5, 12, 5, 12.5], "texture": "#0"}
			}
		},
		{
			"from": [3.5, 4.5, 7.5],
			"to": [6, 5, 8.5],
			"faces": {
				"north": {"uv": [6, 11, 3.5, 11.5], "texture": "#0"},
				"east": {"uv": [5.5, 11, 6, 11.5], "texture": "#0"},
				"south": {"uv": [3.5, 11, 6, 11.5], "texture": "#0"},
				"west": {"uv": [3.5, 11, 4, 11.5], "texture": "#0"},
				"up": {"uv": [3.5, 11, 6, 11.5], "texture": "#0"},
				"down": {"uv": [3.5, 11, 6, 11.5], "texture": "#0"}
			}
		},
		{
			"from": [3, 4, 7.5],
			"to": [5.5, 4.5, 8.5],
			"faces": {
				"north": {"uv": [5.5, 11.5, 3, 12], "texture": "#0"},
				"east": {"uv": [5, 11.5, 5.5, 12], "texture": "#0"},
				"south": {"uv": [3, 11.5, 5.5, 12], "texture": "#0"},
				"west": {"uv": [3, 11.5, 3.5, 12], "texture": "#0"},
				"up": {"uv": [3, 11.5, 5.5, 12], "texture": "#0"},
				"down": {"uv": [3, 11.5, 5.5, 12], "texture": "#0"}
			}
		},
		{
			"from": [4, 5, 7.5],
			"to": [8, 5.5, 8.5],
			"faces": {
				"north": {"uv": [8, 10.5, 4, 11], "texture": "#0"},
				"east": {"uv": [7.5, 10.5, 8, 11], "texture": "#0"},
				"south": {"uv": [4, 10.5, 8, 11], "texture": "#0"},
				"west": {"uv": [4, 10.5, 4.5, 11], "texture": "#0"},
				"up": {"uv": [4, 10.5, 8, 11], "texture": "#0"},
				"down": {"uv": [4, 10.5, 8, 11], "texture": "#0"}
			}
		},
		{
			"from": [5, 7, 7.5],
			"to": [9, 7.5, 8.5],
			"faces": {
				"north": {"uv": [9, 8.5, 5, 9], "texture": "#0"},
				"east": {"uv": [8.5, 8.5, 9, 9], "texture": "#0"},
				"south": {"uv": [5, 8.5, 9, 9], "texture": "#0"},
				"west": {"uv": [5, 8.5, 5.5, 9], "texture": "#0"}
			}
		},
		{
			"from": [8, 10, 7.5],
			"to": [11.5, 10.5, 8.5],
			"faces": {
				"north": {"uv": [11.5, 5.5, 8, 6], "texture": "#0"},
				"east": {"uv": [11, 5.5, 11.5, 6], "texture": "#0"},
				"south": {"uv": [8, 5.5, 11.5, 6], "texture": "#0"},
				"west": {"uv": [8, 5.5, 8.5, 6], "texture": "#0"},
				"up": {"uv": [8, 5.5, 11.5, 6], "texture": "#0"}
			}
		},
		{
			"from": [8.5, 10.5, 7.5],
			"to": [12, 11, 8.5],
			"faces": {
				"north": {"uv": [12, 5, 8.5, 5.5], "texture": "#0"},
				"east": {"uv": [11.5, 5, 12, 5.5], "texture": "#0"},
				"south": {"uv": [8.5, 5, 12, 5.5], "texture": "#0"},
				"west": {"uv": [8.5, 5, 9, 5.5], "texture": "#0"},
				"up": {"uv": [8.5, 5, 12, 5.5], "texture": "#0"},
				"down": {"uv": [8.5, 5, 12, 5.5], "texture": "#0"}
			}
		},
		{
			"from": [9.5, 11, 7.5],
			"to": [12, 11.5, 8.5],
			"faces": {
				"north": {"uv": [12, 4.5, 9.5, 5], "texture": "#0"},
				"east": {"uv": [11.5, 4.5, 12, 5], "texture": "#0"},
				"south": {"uv": [9.5, 4.5, 12, 5], "texture": "#0"},
				"west": {"uv": [9.5, 4.5, 10, 5], "texture": "#0"},
				"up": {"uv": [9.5, 4.5, 12, 5], "texture": "#0"},
				"down": {"uv": [9.5, 4.5, 12, 5], "texture": "#0"}
			}
		},
		{
			"from": [10.5, 11.5, 7.5],
			"to": [12.5, 12, 8.5],
			"faces": {
				"north": {"uv": [12.5, 4, 10.5, 4.5], "texture": "#0"},
				"east": {"uv": [12, 4, 12.5, 4.5], "texture": "#0"},
				"south": {"uv": [10.5, 4, 12.5, 4.5], "texture": "#0"},
				"west": {"uv": [10.5, 4, 11, 4.5], "texture": "#0"},
				"up": {"uv": [10.5, 4, 12.5, 4.5], "texture": "#0"},
				"down": {"uv": [10.5, 4, 12.5, 4.5], "texture": "#0"}
			}
		},
		{
			"from": [11.5, 12, 7.5],
			"to": [12.5, 12.5, 8.5],
			"faces": {
				"north": {"uv": [12.5, 3.5, 11.5, 4], "texture": "#0"},
				"east": {"uv": [12, 3.5, 12.5, 4], "texture": "#0"},
				"south": {"uv": [11.5, 3.5, 12.5, 4], "texture": "#0"},
				"west": {"uv": [11.5, 3.5, 12, 4], "texture": "#0"},
				"up": {"uv": [11.5, 3.5, 12.5, 4], "texture": "#0"}
			}
		},
		{
			"from": [12.5, 12.5, 7.5],
			"to": [13, 13, 8.5],
			"faces": {
				"north": {"uv": [13, 3, 12.5, 3.5], "texture": "#0"},
				"east": {"uv": [12.5, 3, 13, 3.5], "texture": "#0"},
				"south": {"uv": [12.5, 3, 13, 3.5], "texture": "#0"},
				"west": {"uv": [12.5, 3, 13, 3.5], "texture": "#0"},
				"up": {"uv": [12.5, 3, 13, 3.5], "texture": "#0"},
				"down": {"uv": [12.5, 3, 13, 3.5], "texture": "#0"}
			}
		},
		{
			"from": [7.5, 9.5, 7.5],
			"to": [11.5, 10, 8.5],
			"faces": {
				"north": {"uv": [11.5, 6, 7.5, 6.5], "texture": "#0"},
				"east": {"uv": [11, 6, 11.5, 6.5], "texture": "#0"},
				"south": {"uv": [7.5, 6, 11.5, 6.5], "texture": "#0"},
				"west": {"uv": [7.5, 6, 8, 6.5], "texture": "#0"},
				"up": {"uv": [7.5, 6, 11.5, 6.5], "texture": "#0"},
				"down": {"uv": [7.5, 6, 11.5, 6.5], "texture": "#0"}
			}
		},
		{
			"from": [7.5, 9, 7.5],
			"to": [11, 9.5, 8.5],
			"faces": {
				"north": {"uv": [11, 6.5, 7.5, 7], "texture": "#0"},
				"east": {"uv": [10.5, 6.5, 11, 7], "texture": "#0"},
				"south": {"uv": [7.5, 6.5, 11, 7], "texture": "#0"},
				"west": {"uv": [7.5, 6.5, 8, 7], "texture": "#0"}
			}
		},
		{
			"from": [5, 7.5, 7.5],
			"to": [10, 8, 8.5],
			"faces": {
				"north": {"uv": [10, 8, 5, 8.5], "texture": "#0"},
				"east": {"uv": [9.5, 8, 10, 8.5], "texture": "#0"},
				"south": {"uv": [5, 8, 10, 8.5], "texture": "#0"},
				"west": {"uv": [5, 8, 5.5, 8.5], "texture": "#0"},
				"up": {"uv": [5, 8, 10, 8.5], "texture": "#0"},
				"down": {"uv": [5, 8, 10, 8.5], "texture": "#0"}
			}
		},
		{
			"from": [5.5, 8, 7.5],
			"to": [10.5, 8.5, 8.5],
			"faces": {
				"north": {"uv": [10.5, 7.5, 5.5, 8], "texture": "#0"},
				"east": {"uv": [10, 7.5, 10.5, 8], "texture": "#0"},
				"south": {"uv": [5.5, 7.5, 10.5, 8], "texture": "#0"},
				"west": {"uv": [5.5, 7.5, 6, 8], "texture": "#0"},
				"down": {"uv": [5.5, 7.5, 10.5, 8], "texture": "#0"}
			}
		},
		{
			"from": [5.5, 8.5, 7.5],
			"to": [11, 9, 8.5],
			"faces": {
				"north": {"uv": [11, 7, 5.5, 7.5], "texture": "#0"},
				"east": {"uv": [10.5, 7, 11, 7.5], "texture": "#0"},
				"south": {"uv": [5.5, 7, 11, 7.5], "texture": "#0"},
				"west": {"uv": [5.5, 7, 6, 7.5], "texture": "#0"},
				"up": {"uv": [5.5, 7, 11, 7.5], "texture": "#0"},
				"down": {"uv": [5.5, 7, 11, 7.5], "texture": "#0"}
			}
		},
		{
			"from": [6, 9, 7.5],
			"to": [7, 9.5, 8.5],
			"faces": {
				"north": {"uv": [7, 6.5, 6, 7], "texture": "#0"},
				"east": {"uv": [6, 6.5, 7, 7], "texture": "#0"},
				"south": {"uv": [6, 6.5, 7, 7], "texture": "#0"},
				"west": {"uv": [6, 6.5, 6.5, 7], "texture": "#0"},
				"up": {"uv": [6, 6.5, 7, 7], "texture": "#0"},
				"down": {"uv": [6, 6.5, 7, 7], "texture": "#0"}
			}
		},
		{
			"from": [5, 6, 7.5],
			"to": [9.5, 7, 8.5],
			"faces": {
				"north": {"uv": [9.5, 9, 5, 10], "texture": "#0"},
				"east": {"uv": [9, 9, 9.5, 10], "texture": "#0"},
				"south": {"uv": [5, 9, 9.5, 10], "texture": "#0"},
				"west": {"uv": [5, 9, 5.5, 10], "texture": "#0"},
				"up": {"uv": [5, 9, 9.5, 9.5], "texture": "#0"},
				"down": {"uv": [5, 9.5, 9.5, 10], "texture": "#0"}
			}
		},
		{
			"from": [4.5, 5.5, 7.5],
			"to": [9, 6, 8.5],
			"faces": {
				"north": {"uv": [9, 10, 4.5, 10.5], "texture": "#0"},
				"east": {"uv": [8.5, 10, 9, 10.5], "texture": "#0"},
				"south": {"uv": [4.5, 10, 9, 10.5], "texture": "#0"},
				"west": {"uv": [4.5, 10, 5, 10.5], "texture": "#0"},
				"up": {"uv": [4.5, 10, 9, 10.5], "texture": "#0"},
				"down": {"uv": [4.5, 10, 9, 10.5], "texture": "#0"}
			}
		},
		{
			"from": [2.5, 2, 7.5],
			"to": [3.5, 2.5, 8.5],
			"faces": {
				"north": {"uv": [3.5, 13.5, 2.5, 14], "texture": "#0"},
				"east": {"uv": [3, 13.5, 3.5, 14], "texture": "#0"},
				"south": {"uv": [2.5, 13.5, 3.5, 14], "texture": "#0"},
				"west": {"uv": [2.5, 13.5, 3, 14], "texture": "#0"},
				"down": {"uv": [2.5, 13.5, 3.5, 14], "texture": "#0"}
			}
		},
		{
			"from": [2, 2.5, 7.5],
			"to": [4, 3, 8.5],
			"faces": {
				"north": {"uv": [4, 13, 2, 13.5], "texture": "#0"},
				"east": {"uv": [3.5, 13, 4, 13.5], "texture": "#0"},
				"south": {"uv": [2, 13, 4, 13.5], "texture": "#0"},
				"west": {"uv": [2, 13, 2.5, 13.5], "texture": "#0"},
				"down": {"uv": [2, 13, 4, 13.5], "texture": "#0"}
			}
		},
		{
			"from": [1.5, 3, 7.5],
			"to": [4.5, 3.5, 8.5],
			"faces": {
				"north": {"uv": [4.5, 12.5, 1.5, 13], "texture": "#0"},
				"east": {"uv": [4, 12.5, 4.5, 13], "texture": "#0"},
				"south": {"uv": [1.5, 12.5, 4.5, 13], "texture": "#0"},
				"west": {"uv": [1.5, 12.5, 2, 13], "texture": "#0"},
				"up": {"uv": [1.5, 12.5, 4.5, 13], "texture": "#0"},
				"down": {"uv": [1.5, 12.5, 4.5, 13], "texture": "#0"}
			}
		},
		{
			"from": [3.5, 3, 7.25],
			"to": [4, 3.5, 8.75],
			"faces": {
				"north": {"uv": [4, 12.5, 3.5, 13], "texture": "#0"},
				"east": {"uv": [3.5, 12.5, 4, 13], "texture": "#0"},
				"south": {"uv": [3.5, 12.5, 4, 13], "texture": "#0"},
				"west": {"uv": [3.5, 12.5, 4, 13], "texture": "#0"},
				"down": {"uv": [3.5, 12.5, 4, 13], "texture": "#0"}
			}
		},
		{
			"from": [3, 3.5, 7.25],
			"to": [4.5, 4, 8.75],
			"faces": {
				"north": {"uv": [4.5, 12, 3, 12.5], "texture": "#0"},
				"east": {"uv": [4, 12, 4.5, 12.5], "texture": "#0"},
				"south": {"uv": [3, 12, 4.5, 12.5], "texture": "#0"},
				"west": {"uv": [3, 12, 3.5, 12.5], "texture": "#0"},
				"up": {"uv": [3, 12, 4.5, 12.5], "texture": "#0"},
				"down": {"uv": [3, 12, 4.5, 12.5], "texture": "#0"}
			}
		},
		{
			"from": [4, 4.5, 7.25],
			"to": [5.5, 5, 8.75],
			"faces": {
				"north": {"uv": [5.5, 11, 4, 11.5], "texture": "#0"},
				"east": {"uv": [5, 11, 5.5, 11.5], "texture": "#0"},
				"south": {"uv": [4, 11, 5.5, 11.5], "texture": "#0"},
				"west": {"uv": [4, 11, 4.5, 11.5], "texture": "#0"},
				"up": {"uv": [4, 11, 5.5, 11.5], "texture": "#0"},
				"down": {"uv": [4, 11, 5.5, 11.5], "texture": "#0"}
			}
		},
		{
			"from": [3.5, 4, 7.25],
			"to": [5, 4.5, 8.75],
			"faces": {
				"north": {"uv": [5, 11.5, 3.5, 12], "texture": "#0"},
				"east": {"uv": [4.5, 11.5, 5, 12], "texture": "#0"},
				"south": {"uv": [3.5, 11.5, 5, 12], "texture": "#0"},
				"west": {"uv": [3.5, 11.5, 4, 12], "texture": "#0"},
				"up": {"uv": [3.5, 11.5, 5, 12], "texture": "#0"},
				"down": {"uv": [3.5, 11.5, 5, 12], "texture": "#0"}
			}
		},
		{
			"from": [4.5, 5, 7.25],
			"to": [6, 5.5, 8.75],
			"faces": {
				"north": {"uv": [6, 10.5, 4.5, 11], "texture": "#0"},
				"east": {"uv": [5.5, 10.5, 6, 11], "texture": "#0"},
				"south": {"uv": [4.5, 10.5, 6, 11], "texture": "#0"},
				"west": {"uv": [4.5, 10.5, 5, 11], "texture": "#0"},
				"up": {"uv": [4.5, 10.5, 6, 11], "texture": "#0"},
				"down": {"uv": [4.5, 10.5, 6, 11], "texture": "#0"}
			}
		},
		{
			"from": [5, 5.5, 7.25],
			"to": [7.5, 6, 8.75],
			"faces": {
				"north": {"uv": [7.5, 10, 5, 10.5], "texture": "#0"},
				"east": {"uv": [7, 10, 7.5, 10.5], "texture": "#0"},
				"south": {"uv": [5, 10, 7.5, 10.5], "texture": "#0"},
				"west": {"uv": [5, 10, 5.5, 10.5], "texture": "#0"},
				"up": {"uv": [5, 10, 7.5, 10.5], "texture": "#0"},
				"down": {"uv": [5, 10, 7.5, 10.5], "texture": "#0"}
			}
		},
		{
			"from": [5.5, 7, 7.25],
			"to": [8, 7.5, 8.75],
			"faces": {
				"north": {"uv": [8, 8.5, 5.5, 9], "texture": "#0"},
				"east": {"uv": [7.5, 8.5, 8, 9], "texture": "#0"},
				"south": {"uv": [5.5, 8.5, 8, 9], "texture": "#0"},
				"west": {"uv": [5.5, 8.5, 6, 9], "texture": "#0"},
				"up": {"uv": [5.5, 8.5, 8, 9], "texture": "#0"}
			}
		},
		{
			"from": [6, 7.5, 7.25],
			"to": [7.5, 8, 8.75],
			"faces": {
				"north": {"uv": [7.5, 8, 6, 8.5], "texture": "#0"},
				"east": {"uv": [7, 8, 7.5, 8.5], "texture": "#0"},
				"south": {"uv": [6, 8, 7.5, 8.5], "texture": "#0"},
				"west": {"uv": [6, 8, 6.5, 8.5], "texture": "#0"},
				"up": {"uv": [6, 8, 7.5, 8.5], "texture": "#0"}
			}
		},
		{
			"from": [6, 8, 7.25],
			"to": [7, 9, 8.75],
			"faces": {
				"north": {"uv": [7, 7, 6, 8], "texture": "#0"},
				"east": {"uv": [6.5, 7, 7, 8], "texture": "#0"},
				"south": {"uv": [6, 7, 7, 8], "texture": "#0"},
				"west": {"uv": [6, 7, 6.5, 8], "texture": "#0"},
				"up": {"uv": [6, 7, 7, 7.5], "texture": "#0"}
			}
		},
		{
			"from": [5.5, 6, 7.25],
			"to": [9, 7, 8.75],
			"faces": {
				"north": {"uv": [9, 9, 5.5, 10], "texture": "#0"},
				"east": {"uv": [8.5, 9, 9, 10], "texture": "#0"},
				"south": {"uv": [5.5, 9, 9, 10], "texture": "#0"},
				"west": {"uv": [5.5, 9, 6, 10], "texture": "#0"},
				"up": {"uv": [5.5, 9, 9, 9.5], "texture": "#0"},
				"down": {"uv": [5.5, 9.5, 9, 10], "texture": "#0"}
			}
		},
		{
			"from": [2.5, 4, 7.75],
			"to": [6, 4.5, 8.25],
			"faces": {
				"north": {"uv": [6, 11.5, 2.5, 12], "texture": "#0"},
				"east": {"uv": [5.5, 11.5, 6, 12], "texture": "#0"},
				"south": {"uv": [2.5, 11.5, 6, 12], "texture": "#0"},
				"west": {"uv": [2.5, 11.5, 3, 12], "texture": "#0"},
				"up": {"uv": [2.5, 11.5, 6, 12], "texture": "#0"},
				"down": {"uv": [2.5, 11.5, 6, 12], "texture": "#0"}
			}
		},
		{
			"from": [3, 4.5, 7.75],
			"to": [9.5, 5, 8.25],
			"faces": {
				"north": {"uv": [9.5, 11, 3, 11.5], "texture": "#0"},
				"east": {"uv": [9, 11, 9.5, 11.5], "texture": "#0"},
				"south": {"uv": [3, 11, 9.5, 11.5], "texture": "#0"},
				"west": {"uv": [3, 11, 3.5, 11.5], "texture": "#0"},
				"up": {"uv": [3, 11, 9.5, 11.5], "texture": "#0"},
				"down": {"uv": [3, 11, 9.5, 11.5], "texture": "#0"}
			}
		},
		{
			"from": [3.5, 5, 7.75],
			"to": [10, 5.5, 8.25],
			"faces": {
				"north": {"uv": [10, 10.5, 3.5, 11], "texture": "#0"},
				"east": {"uv": [9.5, 10.5, 10, 11], "texture": "#0"},
				"south": {"uv": [3.5, 10.5, 10, 11], "texture": "#0"},
				"west": {"uv": [3.5, 10.5, 4, 11], "texture": "#0"},
				"up": {"uv": [3.5, 10.5, 10, 11], "texture": "#0"},
				"down": {"uv": [3.5, 10.5, 10, 11], "texture": "#0"}
			}
		},
		{
			"from": [2, 2, 7.75],
			"to": [4, 2.5, 8.25],
			"faces": {
				"north": {"uv": [4, 13.5, 2, 14], "texture": "#0"},
				"east": {"uv": [3.5, 13.5, 4, 14], "texture": "#0"},
				"south": {"uv": [2, 13.5, 4, 14], "texture": "#0"},
				"west": {"uv": [2, 13.5, 2.5, 14], "texture": "#0"},
				"down": {"uv": [2, 13.5, 4, 14], "texture": "#0"}
			}
		},
		{
			"from": [1.5, 2.5, 7.75],
			"to": [4.5, 3, 8.25],
			"faces": {
				"north": {"uv": [4.5, 13, 1.5, 13.5], "texture": "#0"},
				"east": {"uv": [4, 13, 4.5, 13.5], "texture": "#0"},
				"south": {"uv": [1.5, 13, 4.5, 13.5], "texture": "#0"},
				"west": {"uv": [1.5, 13, 2, 13.5], "texture": "#0"},
				"down": {"uv": [1.5, 13, 4.5, 13.5], "texture": "#0"}
			}
		},
		{
			"from": [1.5, 3.5, 7.75],
			"to": [5.5, 4, 8.25],
			"faces": {
				"north": {"uv": [5.5, 12, 1.5, 12.5], "texture": "#0"},
				"east": {"uv": [5, 12, 5.5, 12.5], "texture": "#0"},
				"south": {"uv": [1.5, 12, 5.5, 12.5], "texture": "#0"},
				"west": {"uv": [1.5, 12, 2, 12.5], "texture": "#0"},
				"up": {"uv": [1.5, 12, 5.5, 12.5], "texture": "#0"},
				"down": {"uv": [1.5, 12, 5.5, 12.5], "texture": "#0"}
			}
		},
		{
			"from": [1, 3, 7.75],
			"to": [5, 3.5, 8.25],
			"faces": {
				"north": {"uv": [5, 12.5, 1, 13], "texture": "#0"},
				"east": {"uv": [4.5, 12.5, 5, 13], "texture": "#0"},
				"south": {"uv": [1, 12.5, 5, 13], "texture": "#0"},
				"west": {"uv": [1, 12.5, 1.5, 13], "texture": "#0"},
				"up": {"uv": [1, 12.5, 5, 13], "texture": "#0"},
				"down": {"uv": [1, 12.5, 5, 13], "texture": "#0"}
			}
		},
		{
			"from": [6.5, 3.5, 7.75],
			"to": [7.5, 4, 8.25],
			"faces": {
				"north": {"uv": [7.5, 12, 6.5, 12.5], "texture": "#0"},
				"east": {"uv": [7, 12, 7.5, 12.5], "texture": "#0"},
				"south": {"uv": [6.5, 12, 7.5, 12.5], "texture": "#0"},
				"west": {"uv": [6.5, 12, 7, 12.5], "texture": "#0"},
				"down": {"uv": [6.5, 12, 7.5, 12.5], "texture": "#0"}
			}
		},
		{
			"from": [4.5, 6, 7.75],
			"to": [10, 6.5, 8.25],
			"faces": {
				"north": {"uv": [10, 9.5, 4.5, 10], "texture": "#0"},
				"east": {"uv": [9.5, 9.5, 10, 10], "texture": "#0"},
				"south": {"uv": [4.5, 9.5, 10, 10], "texture": "#0"},
				"west": {"uv": [4.5, 9.5, 5, 10], "texture": "#0"}
			}
		},
		{
			"from": [3.5, 6.5, 7.75],
			"to": [10.5, 7, 8.25],
			"faces": {
				"north": {"uv": [10.5, 9, 3.5, 9.5], "texture": "#0"},
				"east": {"uv": [10, 9, 10.5, 9.5], "texture": "#0"},
				"south": {"uv": [3.5, 9, 10.5, 9.5], "texture": "#0"},
				"west": {"uv": [3.5, 9, 4, 9.5], "texture": "#0"},
				"down": {"uv": [3.5, 9, 10.5, 9.5], "texture": "#0"}
			}
		},
		{
			"from": [6.5, 4, 7.75],
			"to": [8.5, 4.5, 8.25],
			"faces": {
				"north": {"uv": [8.5, 11.5, 6.5, 12], "texture": "#0"},
				"east": {"uv": [8, 11.5, 8.5, 12], "texture": "#0"},
				"south": {"uv": [6.5, 11.5, 8.5, 12], "texture": "#0"},
				"west": {"uv": [6.5, 11.5, 7, 12], "texture": "#0"},
				"up": {"uv": [6.5, 11.5, 8.5, 12], "texture": "#0"},
				"down": {"uv": [6.5, 11.5, 8.5, 12], "texture": "#0"}
			}
		},
		{
			"from": [4, 5.5, 7.75],
			"to": [10, 6, 8.25],
			"faces": {
				"north": {"uv": [10, 10, 4, 10.5], "texture": "#0"},
				"east": {"uv": [9.5, 10, 10, 10.5], "texture": "#0"},
				"south": {"uv": [4, 10, 10, 10.5], "texture": "#0"},
				"west": {"uv": [4, 10, 4.5, 10.5], "texture": "#0"},
				"up": {"uv": [4, 10, 10, 10.5], "texture": "#0"}
			}
		},
		{
			"from": [9.5, 12, 7.75],
			"to": [13.5, 12.5, 8.25],
			"faces": {
				"north": {"uv": [13.5, 3.5, 9.5, 4], "texture": "#0"},
				"east": {"uv": [13, 3.5, 13.5, 4], "texture": "#0"},
				"south": {"uv": [9.5, 3.5, 13.5, 4], "texture": "#0"},
				"west": {"uv": [9.5, 3.5, 10, 4], "texture": "#0"},
				"up": {"uv": [9.5, 3.5, 13.5, 4], "texture": "#0"}
			}
		},
		{
			"from": [11.5, 13, 7.75],
			"to": [14, 13.5, 8.25],
			"faces": {
				"north": {"uv": [14, 2.5, 11.5, 3], "texture": "#0"},
				"east": {"uv": [13.5, 2.5, 14, 3], "texture": "#0"},
				"south": {"uv": [11.5, 2.5, 14, 3], "texture": "#0"},
				"west": {"uv": [11.5, 2.5, 12, 3], "texture": "#0"},
				"up": {"uv": [11.5, 2.5, 14, 3], "texture": "#0"}
			}
		},
		{
			"from": [13.5, 14, 7.75],
			"to": [14.5, 14.5, 8.25],
			"faces": {
				"north": {"uv": [14.5, 1.5, 13.5, 2], "texture": "#0"},
				"east": {"uv": [14, 1.5, 14.5, 2], "texture": "#0"},
				"south": {"uv": [13.5, 1.5, 14.5, 2], "texture": "#0"},
				"west": {"uv": [13.5, 1.5, 14, 2], "texture": "#0"},
				"up": {"uv": [13.5, 1.5, 14.5, 2], "texture": "#0"}
			}
		},
		{
			"from": [14.5, 14.5, 7.75],
			"to": [15, 15, 8.25],
			"faces": {
				"north": {"uv": [15, 1, 14.5, 1.5], "texture": "#0"},
				"east": {"uv": [14.5, 1, 15, 1.5], "texture": "#0"},
				"south": {"uv": [14.5, 1, 15, 1.5], "texture": "#0"},
				"west": {"uv": [14.5, 1, 15, 1.5], "texture": "#0"},
				"up": {"uv": [14.5, 1, 15, 1.5], "texture": "#0"},
				"down": {"uv": [14.5, 1, 15, 1.5], "texture": "#0"}
			}
		},
		{
			"from": [7, 10.5, 7.75],
			"to": [13, 11, 8.25],
			"faces": {
				"north": {"uv": [13, 5, 7, 5.5], "texture": "#0"},
				"east": {"uv": [12.5, 5, 13, 5.5], "texture": "#0"},
				"south": {"uv": [7, 5, 13, 5.5], "texture": "#0"},
				"west": {"uv": [7, 5, 7.5, 5.5], "texture": "#0"},
				"up": {"uv": [7, 5, 13, 5.5], "texture": "#0"},
				"down": {"uv": [7, 5, 13, 5.5], "texture": "#0"}
			}
		},
		{
			"from": [6.5, 10, 7.75],
			"to": [12.5, 10.5, 8.25],
			"faces": {
				"north": {"uv": [12.5, 5.5, 6.5, 6], "texture": "#0"},
				"east": {"uv": [12, 5.5, 12.5, 6], "texture": "#0"},
				"south": {"uv": [6.5, 5.5, 12.5, 6], "texture": "#0"},
				"west": {"uv": [6.5, 5.5, 7, 6], "texture": "#0"},
				"up": {"uv": [6.5, 5.5, 12.5, 6], "texture": "#0"}
			}
		},
		{
			"from": [5, 9.5, 7.75],
			"to": [12.5, 10, 8.25],
			"faces": {
				"north": {"uv": [12.5, 6, 5, 6.5], "texture": "#0"},
				"east": {"uv": [12, 6, 12.5, 6.5], "texture": "#0"},
				"south": {"uv": [5, 6, 12.5, 6.5], "texture": "#0"},
				"west": {"uv": [5, 6, 5.5, 6.5], "texture": "#0"},
				"up": {"uv": [5, 6, 12.5, 6.5], "texture": "#0"},
				"down": {"uv": [5, 6, 12.5, 6.5], "texture": "#0"}
			}
		},
		{
			"from": [4.5, 8.5, 7.75],
			"to": [12, 9.5, 8.25],
			"faces": {
				"north": {"uv": [12, 6.5, 4.5, 7.5], "texture": "#0"},
				"east": {"uv": [11.5, 6.5, 12, 7.5], "texture": "#0"},
				"south": {"uv": [4.5, 6.5, 12, 7.5], "texture": "#0"},
				"west": {"uv": [4.5, 6.5, 5, 7.5], "texture": "#0"},
				"up": {"uv": [4.5, 6.5, 12, 7], "texture": "#0"},
				"down": {"uv": [4.5, 7, 12, 7.5], "texture": "#0"}
			}
		},
		{
			"from": [7.5, 11, 7.75],
			"to": [13, 11.5, 8.25],
			"faces": {
				"north": {"uv": [13, 4.5, 7.5, 5], "texture": "#0"},
				"east": {"uv": [12.5, 4.5, 13, 5], "texture": "#0"},
				"south": {"uv": [7.5, 4.5, 13, 5], "texture": "#0"},
				"west": {"uv": [7.5, 4.5, 8, 5], "texture": "#0"},
				"up": {"uv": [7.5, 4.5, 13, 5], "texture": "#0"}
			}
		},
		{
			"from": [8.5, 11.5, 7.75],
			"to": [13.5, 12, 8.25],
			"faces": {
				"north": {"uv": [13.5, 4, 8.5, 4.5], "texture": "#0"},
				"east": {"uv": [13, 4, 13.5, 4.5], "texture": "#0"},
				"south": {"uv": [8.5, 4, 13.5, 4.5], "texture": "#0"},
				"west": {"uv": [8.5, 4, 9, 4.5], "texture": "#0"},
				"up": {"uv": [8.5, 4, 13.5, 4.5], "texture": "#0"},
				"down": {"uv": [8.5, 4, 13.5, 4.5], "texture": "#0"}
			}
		},
		{
			"from": [10.5, 12.5, 7.75],
			"to": [14, 13, 8.25],
			"faces": {
				"north": {"uv": [14, 3, 10.5, 3.5], "texture": "#0"},
				"east": {"uv": [13.5, 3, 14, 3.5], "texture": "#0"},
				"south": {"uv": [10.5, 3, 14, 3.5], "texture": "#0"},
				"west": {"uv": [10.5, 3, 11, 3.5], "texture": "#0"},
				"up": {"uv": [10.5, 3, 14, 3.5], "texture": "#0"},
				"down": {"uv": [10.5, 3, 14, 3.5], "texture": "#0"}
			}
		},
		{
			"from": [12.5, 13.5, 7.75],
			"to": [14.5, 14, 8.25],
			"faces": {
				"north": {"uv": [14.5, 2, 12.5, 2.5], "texture": "#0"},
				"east": {"uv": [14, 2, 14.5, 2.5], "texture": "#0"},
				"south": {"uv": [12.5, 2, 14.5, 2.5], "texture": "#0"},
				"west": {"uv": [12.5, 2, 13, 2.5], "texture": "#0"},
				"up": {"uv": [12.5, 2, 14.5, 2.5], "texture": "#0"},
				"down": {"uv": [12.5, 2, 14.5, 2.5], "texture": "#0"}
			}
		},
		{
			"from": [3.5, 7, 7.75],
			"to": [11, 7.5, 8.25],
			"faces": {
				"north": {"uv": [11, 8.5, 3.5, 9], "texture": "#0"},
				"east": {"uv": [10.5, 8.5, 11, 9], "texture": "#0"},
				"south": {"uv": [3.5, 8.5, 11, 9], "texture": "#0"},
				"west": {"uv": [3.5, 8.5, 4, 9], "texture": "#0"},
				"up": {"uv": [3.5, 8.5, 11, 9], "texture": "#0"},
				"down": {"uv": [3.5, 8.5, 11, 9], "texture": "#0"}
			}
		},
		{
			"from": [4, 7.5, 7.75],
			"to": [11.5, 8.5, 8.25],
			"faces": {
				"north": {"uv": [11.5, 7.5, 4, 8.5], "texture": "#0"},
				"east": {"uv": [11, 7.5, 11.5, 8.5], "texture": "#0"},
				"south": {"uv": [4, 7.5, 11.5, 8.5], "texture": "#0"},
				"west": {"uv": [4, 7.5, 4.5, 8.5], "texture": "#0"},
				"up": {"uv": [4, 7.5, 11.5, 8], "texture": "#0"},
				"down": {"uv": [4, 8, 11.5, 8.5], "texture": "#0"}
			}
		}
	],
	"gui_light": "front",
	"display": {
		"thirdperson_righthand": {
			"rotation": [0, 90, 45],
			"translation": [0, 3, -0.5],
			"scale": [0.8, 0.8, 0.8]
		},
		"thirdperson_lefthand": {
			"rotation": [0, -90, -45],
			"translation": [0, 3, -0.5],
			"scale": [0.8, 0.8, 0.8]
		},
		"firstperson_righthand": {
			"rotation": [0, 90, 35],
			"translation": [1, 4, 1],
			"scale": [0.7, 0.7, 0.7]
		},
		"firstperson_lefthand": {
			"rotation": [0, -90, -35],
			"translation": [1, 4, 1],
			"scale": [0.7, 0.7, 0.7]
		},
		"ground": {
			"translation": [0, 2, 0],
			"scale": [0.6, 0.6, 0.6]
		},
		"head": {
			"rotation": [0, 0, 45],
			"translation": [0, 9.5, 0],
			"scale": [1.2, 1.2, 1.2]
		},
		"fixed": {
			"rotation": [0, -180, 0]
		}
	}
}