{
	"credit": "Made with Blockbench",
	"textures": {
		"1": "custom/weapon/planar_ripper",
		"particle": "custom/weapon/planar_ripper"
	},
	"elements": [
		{
			"from": [1, 1.5, 7.75],
			"to": [2.5, 2, 8.25],
			"faces": {
				"north": {"uv": [2.5, 14, 1, 14.5], "texture": "#1"},
				"east": {"uv": [2, 14, 2.5, 14.5], "texture": "#1"},
				"south": {"uv": [1, 14, 2.5, 14.5], "texture": "#1"},
				"west": {"uv": [1, 14, 1.5, 14.5], "texture": "#1"},
				"up": {"uv": [1, 14, 2.5, 14.5], "texture": "#1"},
				"down": {"uv": [1, 14, 2.5, 14.5], "texture": "#1"}
			}
		},
		{
			"from": [1, 3.5, 7.75],
			"to": [2.5, 4, 8.25],
			"faces": {
				"north": {"uv": [2.5, 12, 1, 12.5], "texture": "#1"},
				"east": {"uv": [2, 12, 2.5, 12.5], "texture": "#1"},
				"south": {"uv": [1, 12, 2.5, 12.5], "texture": "#1"},
				"west": {"uv": [1, 12, 1.5, 12.5], "texture": "#1"},
				"up": {"uv": [1, 12, 2.5, 12.5], "texture": "#1"},
				"down": {"uv": [1, 12, 2.5, 12.5], "texture": "#1"}
			}
		},
		{
			"from": [2, 4.5, 7.75],
			"to": [3.5, 5, 8.25],
			"faces": {
				"north": {"uv": [3.5, 11, 2, 11.5], "texture": "#1"},
				"east": {"uv": [3, 11, 3.5, 11.5], "texture": "#1"},
				"south": {"uv": [2, 11, 3.5, 11.5], "texture": "#1"},
				"west": {"uv": [2, 11, 2.5, 11.5], "texture": "#1"},
				"up": {"uv": [2, 11, 3.5, 11.5], "texture": "#1"},
				"down": {"uv": [2, 11, 3.5, 11.5], "texture": "#1"}
			}
		},
		{
			"from": [1.5, 4, 7.75],
			"to": [3, 4.5, 8.25],
			"faces": {
				"north": {"uv": [3, 11.5, 1.5, 12], "texture": "#1"},
				"east": {"uv": [2.5, 11.5, 3, 12], "texture": "#1"},
				"south": {"uv": [1.5, 11.5, 3, 12], "texture": "#1"},
				"west": {"uv": [1.5, 11.5, 2, 12], "texture": "#1"},
				"up": {"uv": [1.5, 11.5, 3, 12], "texture": "#1"},
				"down": {"uv": [1.5, 11.5, 3, 12], "texture": "#1"}
			}
		},
		{
			"from": [2.5, 5, 7.75],
			"to": [4, 5.5, 8.25],
			"faces": {
				"north": {"uv": [4, 10.5, 2.5, 11], "texture": "#1"},
				"east": {"uv": [3.5, 10.5, 4, 11], "texture": "#1"},
				"south": {"uv": [2.5, 10.5, 4, 11], "texture": "#1"},
				"west": {"uv": [2.5, 10.5, 3, 11], "texture": "#1"},
				"up": {"uv": [2.5, 10.5, 4, 11], "texture": "#1"},
				"down": {"uv": [2.5, 10.5, 4, 11], "texture": "#1"}
			}
		},
		{
			"from": [6.5, 5, 7.35],
			"to": [7.5, 5.5, 8.65],
			"faces": {
				"north": {"uv": [7.5, 10.5, 6.5, 11], "texture": "#1"},
				"east": {"uv": [7, 10.5, 7.5, 11], "texture": "#1"},
				"south": {"uv": [6.5, 10.5, 7.5, 11], "texture": "#1"},
				"west": {"uv": [6.5, 10.5, 7, 11], "texture": "#1"},
				"down": {"uv": [6.5, 10.5, 7.5, 11], "texture": "#1"}
			}
		},
		{
			"from": [4, 4.5, 7.55],
			"to": [6, 6.5, 8.45],
			"faces": {
				"north": {"uv": [6, 9.5, 4, 11.5], "texture": "#1"},
				"east": {"uv": [5.5, 9.5, 6, 11.5], "texture": "#1"},
				"south": {"uv": [4, 9.5, 6, 11.5], "texture": "#1"},
				"west": {"uv": [4, 9.5, 4.5, 11.5], "texture": "#1"},
				"up": {"uv": [4, 9.5, 6, 10], "texture": "#1"}
			}
		},
		{
			"from": [4, 4, 7.55],
			"to": [6.5, 4.5, 8.45],
			"faces": {
				"north": {"uv": [6.5, 11.5, 4, 12], "texture": "#1"},
				"east": {"uv": [6, 11.5, 6.5, 12], "texture": "#1"},
				"south": {"uv": [4, 11.5, 6.5, 12], "texture": "#1"},
				"west": {"uv": [4, 11.5, 4.5, 12], "texture": "#1"},
				"up": {"uv": [4, 11.5, 6.5, 12], "texture": "#1"},
				"down": {"uv": [4, 11.5, 6.5, 12], "texture": "#1"}
			}
		},
		{
			"from": [4.5, 3.5, 7.55],
			"to": [7, 4, 8.45],
			"faces": {
				"north": {"uv": [7, 12, 4.5, 12.5], "texture": "#1"},
				"east": {"uv": [6.5, 12, 7, 12.5], "texture": "#1"},
				"south": {"uv": [4.5, 12, 7, 12.5], "texture": "#1"},
				"west": {"uv": [4.5, 12, 5, 12.5], "texture": "#1"},
				"up": {"uv": [4.5, 12, 7, 12.5], "texture": "#1"},
				"down": {"uv": [4.5, 12, 7, 12.5], "texture": "#1"}
			}
		},
		{
			"from": [5, 3, 7.55],
			"to": [7, 3.5, 8.45],
			"faces": {
				"north": {"uv": [7, 12.5, 5, 13], "texture": "#1"},
				"east": {"uv": [6.5, 12.5, 7, 13], "texture": "#1"},
				"south": {"uv": [5, 12.5, 7, 13], "texture": "#1"},
				"west": {"uv": [5, 12.5, 5.5, 13], "texture": "#1"},
				"down": {"uv": [5, 12.5, 7, 13], "texture": "#1"}
			}
		},
		{
			"from": [5.5, 2.5, 7.55],
			"to": [6.5, 3, 8.45],
			"faces": {
				"north": {"uv": [6.5, 13, 5.5, 13.5], "texture": "#1"},
				"east": {"uv": [6, 13, 6.5, 13.5], "texture": "#1"},
				"south": {"uv": [5.5, 13, 6.5, 13.5], "texture": "#1"},
				"west": {"uv": [5.5, 13, 6, 13.5], "texture": "#1"},
				"down": {"uv": [5.5, 13, 6.5, 13.5], "texture": "#1"}
			}
		},
		{
			"from": [0.5, 2, 7.75],
			"to": [2, 3.5, 8.25],
			"faces": {
				"north": {"uv": [2, 12.5, 0.5, 14], "texture": "#1"},
				"east": {"uv": [1.5, 12.5, 2, 14], "texture": "#1"},
				"south": {"uv": [0.5, 12.5, 2, 14], "texture": "#1"},
				"west": {"uv": [0.5, 12.5, 1, 14], "texture": "#1"},
				"up": {"uv": [0.5, 12.5, 2, 13], "texture": "#1"},
				"down": {"uv": [0.5, 13.5, 2, 14], "texture": "#1"}
			}
		},
		{
			"from": [3, 5.5, 7.75],
			"to": [3.5, 6, 8.25],
			"faces": {
				"north": {"uv": [3.5, 10, 3, 10.5], "texture": "#1"},
				"east": {"uv": [3, 10, 3.5, 10.5], "texture": "#1"},
				"south": {"uv": [3, 10, 3.5, 10.5], "texture": "#1"},
				"west": {"uv": [3, 10, 3.5, 10.5], "texture": "#1"},
				"up": {"uv": [3, 10, 3.5, 10.5], "texture": "#1"},
				"down": {"uv": [3, 10, 3.5, 10.5], "texture": "#1"}
			}
		},
		{
			"from": [3.5, 6, 7.75],
			"to": [4, 6.5, 8.25],
			"faces": {
				"north": {"uv": [4, 9.5, 3.5, 10], "texture": "#1"},
				"east": {"uv": [3.5, 9.5, 4, 10], "texture": "#1"},
				"south": {"uv": [3.5, 9.5, 4, 10], "texture": "#1"},
				"west": {"uv": [3.5, 9.5, 4, 10], "texture": "#1"},
				"up": {"uv": [3.5, 9.5, 4, 10], "texture": "#1"},
				"down": {"uv": [3.5, 9.5, 4, 10], "texture": "#1"}
			}
		},
		{
			"from": [4, 6.5, 7.75],
			"to": [4.5, 7, 8.25],
			"faces": {
				"north": {"uv": [4.5, 9, 4, 9.5], "texture": "#1"},
				"east": {"uv": [4, 9, 4.5, 9.5], "texture": "#1"},
				"south": {"uv": [4, 9, 4.5, 9.5], "texture": "#1"},
				"west": {"uv": [4, 9, 4.5, 9.5], "texture": "#1"},
				"up": {"uv": [4, 9, 4.5, 9.5], "texture": "#1"},
				"down": {"uv": [4, 9, 4.5, 9.5], "texture": "#1"}
			}
		},
		{
			"from": [4, 7.5, 7.75],
			"to": [4.5, 8, 8.25],
			"faces": {
				"north": {"uv": [4.5, 8, 4, 8.5], "texture": "#1"},
				"south": {"uv": [4, 8, 4.5, 8.5], "texture": "#1"},
				"west": {"uv": [4, 8, 4.5, 8.5], "texture": "#1"},
				"up": {"uv": [4, 8, 4.5, 8.5], "texture": "#1"}
			}
		},
		{
			"from": [5.5, 8.5, 7.75],
			"to": [6, 9, 8.25],
			"faces": {
				"north": {"uv": [6, 7, 5.5, 7.5], "texture": "#1"},
				"south": {"uv": [5.5, 7, 6, 7.5], "texture": "#1"},
				"west": {"uv": [5.5, 7, 6, 7.5], "texture": "#1"},
				"up": {"uv": [5.5, 7, 6, 7.5], "texture": "#1"}
			}
		},
		{
			"from": [6.5, 9.5, 7.75],
			"to": [12.5, 10, 8.25],
			"faces": {
				"north": {"uv": [12.5, 6, 6.5, 6.5], "texture": "#1"},
				"east": {"uv": [12, 6, 12.5, 6.5], "texture": "#1"},
				"south": {"uv": [6.5, 6, 12.5, 6.5], "texture": "#1"},
				"west": {"uv": [6.5, 6, 7, 6.5], "texture": "#1"},
				"up": {"uv": [6.5, 6, 12.5, 6.5], "texture": "#1"},
				"down": {"uv": [6.5, 6, 12.5, 6.5], "texture": "#1"}
			}
		},
		{
			"from": [3.5, 7, 7.75],
			"to": [4, 7.5, 8.25],
			"faces": {
				"north": {"uv": [4, 8.5, 3.5, 9], "texture": "#1"},
				"south": {"uv": [3.5, 8.5, 4, 9], "texture": "#1"},
				"west": {"uv": [3.5, 8.5, 4, 9], "texture": "#1"},
				"up": {"uv": [3.5, 8.5, 4, 9], "texture": "#1"},
				"down": {"uv": [3.5, 8.5, 4, 9], "texture": "#1"}
			}
		},
		{
			"from": [4.5, 8, 7.75],
			"to": [5.5, 8.5, 8.25],
			"faces": {
				"north": {"uv": [5.5, 7.5, 4.5, 8], "texture": "#1"},
				"south": {"uv": [4.5, 7.5, 5.5, 8], "texture": "#1"},
				"west": {"uv": [4.5, 7.5, 5, 8], "texture": "#1"},
				"up": {"uv": [4.5, 7.5, 5.5, 8], "texture": "#1"}
			}
		},
		{
			"from": [6, 9, 7.75],
			"to": [6.5, 9.5, 8.25],
			"faces": {
				"north": {"uv": [6.5, 6.5, 6, 7], "texture": "#1"},
				"south": {"uv": [6, 6.5, 6.5, 7], "texture": "#1"},
				"west": {"uv": [6, 6.5, 6.5, 7], "texture": "#1"},
				"up": {"uv": [6, 6.5, 6.5, 7], "texture": "#1"}
			}
		},
		{
			"from": [2, 0.5, 7.75],
			"to": [2.5, 1, 8.25],
			"faces": {
				"north": {"uv": [2.5, 15, 2, 15.5], "texture": "#1"},
				"east": {"uv": [2, 15, 2.5, 15.5], "texture": "#1"},
				"south": {"uv": [2, 15, 2.5, 15.5], "texture": "#1"},
				"west": {"uv": [2, 15, 2.5, 15.5], "texture": "#1"},
				"down": {"uv": [2, 15, 2.5, 15.5], "texture": "#1"}
			}
		},
		{
			"from": [2, 1, 7.55],
			"to": [2.5, 1.5, 8.45],
			"faces": {
				"north": {"uv": [2.5, 14.5, 2, 15], "texture": "#1"},
				"east": {"uv": [2, 14.5, 2.5, 15], "texture": "#1"},
				"south": {"uv": [2, 14.5, 2.5, 15], "texture": "#1"},
				"west": {"uv": [2, 14.5, 2.5, 15], "texture": "#1"},
				"up": {"uv": [2, 14.5, 2.5, 15], "texture": "#1"},
				"down": {"uv": [2, 14.5, 2.5, 15], "texture": "#1"}
			}
		},
		{
			"from": [1.5, 1.5, 7.55],
			"to": [2, 2, 8.45],
			"faces": {
				"north": {"uv": [2, 14, 1.5, 14.5], "texture": "#1"},
				"east": {"uv": [1.5, 14, 2, 14.5], "texture": "#1"},
				"south": {"uv": [1.5, 14, 2, 14.5], "texture": "#1"},
				"west": {"uv": [1.5, 14, 2, 14.5], "texture": "#1"},
				"up": {"uv": [1.5, 14, 2, 14.5], "texture": "#1"},
				"down": {"uv": [1.5, 14, 2, 14.5], "texture": "#1"}
			}
		},
		{
			"from": [1, 2, 7.55],
			"to": [1.5, 3.5, 8.45],
			"faces": {
				"north": {"uv": [1.5, 12.5, 1, 14], "texture": "#1"},
				"east": {"uv": [1, 12.5, 1.5, 14], "texture": "#1"},
				"south": {"uv": [1, 12.5, 1.5, 14], "texture": "#1"},
				"west": {"uv": [1, 12.5, 1.5, 14], "texture": "#1"},
				"up": {"uv": [1, 12.5, 1.5, 13], "texture": "#1"},
				"down": {"uv": [1, 13.5, 1.5, 14], "texture": "#1"}
			}
		},
		{
			"from": [1.5, 3.5, 7.55],
			"to": [2, 4, 8.45],
			"faces": {
				"north": {"uv": [2, 12, 1.5, 12.5], "texture": "#1"},
				"east": {"uv": [1.5, 12, 2, 12.5], "texture": "#1"},
				"south": {"uv": [1.5, 12, 2, 12.5], "texture": "#1"},
				"west": {"uv": [1.5, 12, 2, 12.5], "texture": "#1"},
				"up": {"uv": [1.5, 12, 2, 12.5], "texture": "#1"},
				"down": {"uv": [1.5, 12, 2, 12.5], "texture": "#1"}
			}
		},
		{
			"from": [5.5, 3, 7.35],
			"to": [6, 3.5, 8.65],
			"faces": {
				"north": {"uv": [6, 12.5, 5.5, 13], "texture": "#1"},
				"east": {"uv": [5.5, 12.5, 6, 13], "texture": "#1"},
				"south": {"uv": [5.5, 12.5, 6, 13], "texture": "#1"},
				"west": {"uv": [5.5, 12.5, 6, 13], "texture": "#1"},
				"down": {"uv": [5.5, 12.5, 6, 13], "texture": "#1"}
			}
		},
		{
			"from": [4.5, 4.5, 7.35],
			"to": [5.5, 8, 8.65],
			"faces": {
				"north": {"uv": [5.5, 8, 4.5, 11.5], "texture": "#1"},
				"east": {"uv": [5, 8, 5.5, 11.5], "texture": "#1"},
				"south": {"uv": [4.5, 8, 5.5, 11.5], "texture": "#1"},
				"west": {"uv": [4.5, 8, 5, 11.5], "texture": "#1"},
				"up": {"uv": [4.5, 8, 5.5, 8.5], "texture": "#1"}
			}
		},
		{
			"from": [5.5, 5.5, 7.25],
			"to": [6, 6, 8.75],
			"faces": {
				"north": {"uv": [6, 10, 5.5, 10.5], "texture": "#1"},
				"east": {"uv": [5.5, 10, 6, 10.5], "texture": "#1"},
				"south": {"uv": [5.5, 10, 6, 10.5], "texture": "#1"},
				"west": {"uv": [5.5, 10, 6, 10.5], "texture": "#1"},
				"down": {"uv": [5.5, 10, 6, 10.5], "texture": "#1"}
			}
		},
		{
			"from": [4.5, 4, 7.35],
			"to": [6, 4.5, 8.65],
			"faces": {
				"north": {"uv": [6, 11.5, 4.5, 12], "texture": "#1"},
				"east": {"uv": [5.5, 11.5, 6, 12], "texture": "#1"},
				"south": {"uv": [4.5, 11.5, 6, 12], "texture": "#1"},
				"west": {"uv": [4.5, 11.5, 5, 12], "texture": "#1"},
				"up": {"uv": [4.5, 11.5, 6, 12], "texture": "#1"},
				"down": {"uv": [4.5, 11.5, 6, 12], "texture": "#1"}
			}
		},
		{
			"from": [5, 3.5, 7.35],
			"to": [6.5, 4, 8.65],
			"faces": {
				"north": {"uv": [6.5, 12, 5, 12.5], "texture": "#1"},
				"east": {"uv": [6, 12, 6.5, 12.5], "texture": "#1"},
				"south": {"uv": [5, 12, 6.5, 12.5], "texture": "#1"},
				"west": {"uv": [5, 12, 5.5, 12.5], "texture": "#1"},
				"up": {"uv": [5, 12, 6.5, 12.5], "texture": "#1"},
				"down": {"uv": [5, 12, 6.5, 12.5], "texture": "#1"}
			}
		},
		{
			"from": [2.5, 4.5, 7.55],
			"to": [3, 5, 8.45],
			"faces": {
				"north": {"uv": [3, 11, 2.5, 11.5], "texture": "#1"},
				"east": {"uv": [2.5, 11, 3, 11.5], "texture": "#1"},
				"south": {"uv": [2.5, 11, 3, 11.5], "texture": "#1"},
				"west": {"uv": [2.5, 11, 3, 11.5], "texture": "#1"},
				"up": {"uv": [2.5, 11, 3, 11.5], "texture": "#1"},
				"down": {"uv": [2.5, 11, 3, 11.5], "texture": "#1"}
			}
		},
		{
			"from": [2, 4, 7.55],
			"to": [2.5, 4.5, 8.45],
			"faces": {
				"north": {"uv": [2.5, 11.5, 2, 12], "texture": "#1"},
				"east": {"uv": [2, 11.5, 2.5, 12], "texture": "#1"},
				"south": {"uv": [2, 11.5, 2.5, 12], "texture": "#1"},
				"west": {"uv": [2, 11.5, 2.5, 12], "texture": "#1"},
				"up": {"uv": [2, 11.5, 2.5, 12], "texture": "#1"},
				"down": {"uv": [2, 11.5, 2.5, 12], "texture": "#1"}
			}
		},
		{
			"from": [3, 5, 7.55],
			"to": [3.5, 5.5, 8.45],
			"faces": {
				"north": {"uv": [3.5, 10.5, 3, 11], "texture": "#1"},
				"east": {"uv": [3, 10.5, 3.5, 11], "texture": "#1"},
				"south": {"uv": [3, 10.5, 3.5, 11], "texture": "#1"},
				"west": {"uv": [3, 10.5, 3.5, 11], "texture": "#1"},
				"up": {"uv": [3, 10.5, 3.5, 11], "texture": "#1"},
				"down": {"uv": [3, 10.5, 3.5, 11], "texture": "#1"}
			}
		},
		{
			"from": [3.5, 5.5, 7.55],
			"to": [4, 6, 8.45],
			"faces": {
				"north": {"uv": [4, 10, 3.5, 10.5], "texture": "#1"},
				"south": {"uv": [3.5, 10, 4, 10.5], "texture": "#1"},
				"west": {"uv": [3.5, 10, 4, 10.5], "texture": "#1"},
				"up": {"uv": [3.5, 10, 4, 10.5], "texture": "#1"},
				"down": {"uv": [3.5, 10, 4, 10.5], "texture": "#1"}
			}
		},
		{
			"from": [4, 7, 7.35],
			"to": [4.5, 7.5, 8.65],
			"faces": {
				"north": {"uv": [4.5, 8.5, 4, 9], "texture": "#1"},
				"south": {"uv": [4, 8.5, 4.5, 9], "texture": "#1"},
				"west": {"uv": [4, 8.5, 4.5, 9], "texture": "#1"},
				"up": {"uv": [4, 8.5, 4.5, 9], "texture": "#1"},
				"down": {"uv": [4, 8.5, 4.5, 9], "texture": "#1"}
			}
		},
		{
			"from": [7, 6.5, 7.35],
			"to": [8.5, 7, 8.65],
			"faces": {
				"north": {"uv": [8.5, 9, 7, 9.5], "texture": "#1"},
				"east": {"uv": [8, 9, 8.5, 9.5], "texture": "#1"},
				"south": {"uv": [7, 9, 8.5, 9.5], "texture": "#1"},
				"up": {"uv": [7, 9, 8.5, 9.5], "texture": "#1"}
			}
		},
		{
			"from": [6.5, 6, 7.35],
			"to": [8.5, 6.5, 8.65],
			"faces": {
				"north": {"uv": [8.5, 9.5, 6.5, 10], "texture": "#1"},
				"east": {"uv": [8, 9.5, 8.5, 10], "texture": "#1"},
				"south": {"uv": [6.5, 9.5, 8.5, 10], "texture": "#1"},
				"down": {"uv": [6.5, 9.5, 8.5, 10], "texture": "#1"}
			}
		},
		{
			"from": [6, 5.5, 7.35],
			"to": [8, 6, 8.65],
			"faces": {
				"north": {"uv": [8, 10, 6, 10.5], "texture": "#1"},
				"east": {"uv": [7.5, 10, 8, 10.5], "texture": "#1"},
				"south": {"uv": [6, 10, 8, 10.5], "texture": "#1"},
				"down": {"uv": [6, 10, 8, 10.5], "texture": "#1"}
			}
		},
		{
			"from": [7.5, 7, 7.35],
			"to": [8, 7.5, 8.65],
			"faces": {
				"north": {"uv": [8, 8.5, 7.5, 9], "texture": "#1"},
				"east": {"uv": [7.5, 8.5, 8, 9], "texture": "#1"},
				"south": {"uv": [7.5, 8.5, 8, 9], "texture": "#1"}
			}
		},
		{
			"from": [5, 7, 7.05],
			"to": [7.5, 7.5, 8.95],
			"faces": {
				"north": {"uv": [7.5, 8.5, 5, 9], "texture": "#1"},
				"east": {"uv": [7, 8.5, 7.5, 9], "texture": "#1"},
				"south": {"uv": [5, 8.5, 7.5, 9], "texture": "#1"},
				"west": {"uv": [5, 8.5, 5.5, 9], "texture": "#1"},
				"up": {"uv": [5, 8.5, 7.5, 9], "texture": "#1"},
				"down": {"uv": [5, 8.5, 7.5, 9], "texture": "#1"}
			}
		},
		{
			"from": [8, 7.5, 7.35],
			"to": [10.5, 8, 8.65],
			"faces": {
				"north": {"uv": [10.5, 8, 8, 8.5], "texture": "#1"},
				"east": {"uv": [10, 8, 10.5, 8.5], "texture": "#1"},
				"south": {"uv": [8, 8, 10.5, 8.5], "texture": "#1"},
				"down": {"uv": [8, 8, 10.5, 8.5], "texture": "#1"}
			}
		},
		{
			"from": [5.5, 7.5, 7.05],
			"to": [8, 8, 8.95],
			"faces": {
				"north": {"uv": [8, 8, 5.5, 8.5], "texture": "#1"},
				"east": {"uv": [7.5, 8, 8, 8.5], "texture": "#1"},
				"south": {"uv": [5.5, 8, 8, 8.5], "texture": "#1"},
				"west": {"uv": [5.5, 8, 6, 8.5], "texture": "#1"},
				"up": {"uv": [5.5, 8, 8, 8.5], "texture": "#1"},
				"down": {"uv": [5.5, 8, 8, 8.5], "texture": "#1"}
			}
		},
		{
			"from": [5.5, 8, 7.35],
			"to": [11, 8.5, 8.65],
			"faces": {
				"north": {"uv": [11, 7.5, 5.5, 8], "texture": "#1"},
				"east": {"uv": [10.5, 7.5, 11, 8], "texture": "#1"},
				"south": {"uv": [5.5, 7.5, 11, 8], "texture": "#1"},
				"west": {"uv": [5.5, 7.5, 6, 8], "texture": "#1"},
				"up": {"uv": [5.5, 7.5, 11, 8], "texture": "#1"},
				"down": {"uv": [5.5, 7.5, 11, 8], "texture": "#1"}
			}
		},
		{
			"from": [7, 9, 7.05],
			"to": [9.5, 9.5, 8.95],
			"faces": {
				"north": {"uv": [9.5, 6.5, 7, 7], "texture": "#1"},
				"east": {"uv": [9, 6.5, 9.5, 7], "texture": "#1"},
				"south": {"uv": [7, 6.5, 9.5, 7], "texture": "#1"},
				"west": {"uv": [7, 6.5, 7.5, 7], "texture": "#1"},
				"up": {"uv": [7, 6.5, 9.5, 7], "texture": "#1"},
				"down": {"uv": [7, 6.5, 9.5, 7], "texture": "#1"}
			}
		},
		{
			"from": [8, 10, 7.05],
			"to": [10.5, 10.5, 8.95],
			"faces": {
				"north": {"uv": [10.5, 5.5, 8, 6], "texture": "#1"},
				"east": {"uv": [10, 5.5, 10.5, 6], "texture": "#1"},
				"south": {"uv": [8, 5.5, 10.5, 6], "texture": "#1"},
				"west": {"uv": [8, 5.5, 8.5, 6], "texture": "#1"},
				"up": {"uv": [8, 5.5, 10.5, 6], "texture": "#1"},
				"down": {"uv": [8, 5.5, 10.5, 6], "texture": "#1"}
			}
		},
		{
			"from": [9, 11, 7.05],
			"to": [11, 11.5, 8.95],
			"faces": {
				"north": {"uv": [11, 4.5, 9, 5], "texture": "#1"},
				"east": {"uv": [10.5, 4.5, 11, 5], "texture": "#1"},
				"south": {"uv": [9, 4.5, 11, 5], "texture": "#1"},
				"west": {"uv": [9, 4.5, 9.5, 5], "texture": "#1"},
				"up": {"uv": [9, 4.5, 11, 5], "texture": "#1"}
			}
		},
		{
			"from": [6, 8, 7.05],
			"to": [8.5, 8.5, 8.95],
			"faces": {
				"north": {"uv": [8.5, 7.5, 6, 8], "texture": "#1"},
				"east": {"uv": [8, 7.5, 8.5, 8], "texture": "#1"},
				"south": {"uv": [6, 7.5, 8.5, 8], "texture": "#1"},
				"west": {"uv": [6, 7.5, 6.5, 8], "texture": "#1"},
				"up": {"uv": [6, 7.5, 8.5, 8], "texture": "#1"},
				"down": {"uv": [6, 7.5, 8.5, 8], "texture": "#1"}
			}
		},
		{
			"from": [6.5, 9, 7.35],
			"to": [12, 9.5, 8.65],
			"faces": {
				"north": {"uv": [12, 6.5, 6.5, 7], "texture": "#1"},
				"east": {"uv": [11.5, 6.5, 12, 7], "texture": "#1"},
				"south": {"uv": [6.5, 6.5, 12, 7], "texture": "#1"},
				"west": {"uv": [6.5, 6.5, 7, 7], "texture": "#1"},
				"up": {"uv": [6.5, 6.5, 12, 7], "texture": "#1"},
				"down": {"uv": [6.5, 6.5, 12, 7], "texture": "#1"}
			}
		},
		{
			"from": [7.5, 10, 7.35],
			"to": [12, 10.5, 8.65],
			"faces": {
				"north": {"uv": [12, 5.5, 7.5, 6], "texture": "#1"},
				"east": {"uv": [11.5, 5.5, 12, 6], "texture": "#1"},
				"south": {"uv": [7.5, 5.5, 12, 6], "texture": "#1"},
				"west": {"uv": [7.5, 5.5, 8, 6], "texture": "#1"},
				"up": {"uv": [7.5, 5.5, 12, 6], "texture": "#1"}
			}
		},
		{
			"from": [8.5, 11, 7.35],
			"to": [11.5, 11.5, 8.65],
			"faces": {
				"north": {"uv": [11.5, 4.5, 8.5, 5], "texture": "#1"},
				"east": {"uv": [11, 4.5, 11.5, 5], "texture": "#1"},
				"south": {"uv": [8.5, 4.5, 11.5, 5], "texture": "#1"},
				"west": {"uv": [8.5, 4.5, 9, 5], "texture": "#1"},
				"up": {"uv": [8.5, 4.5, 11.5, 5], "texture": "#1"}
			}
		},
		{
			"from": [8, 11, 7.65],
			"to": [8.5, 11.5, 8.35],
			"faces": {
				"north": {"uv": [8.5, 4.5, 8, 5], "texture": "#1"},
				"south": {"uv": [8, 4.5, 8.5, 5], "texture": "#1"},
				"west": {"uv": [8, 4.5, 8.5, 5], "texture": "#1"},
				"up": {"uv": [8, 4.5, 8.5, 5], "texture": "#1"}
			}
		},
		{
			"from": [6, 8.5, 7.35],
			"to": [11.5, 9, 8.65],
			"faces": {
				"north": {"uv": [11.5, 7, 6, 7.5], "texture": "#1"},
				"east": {"uv": [11, 7, 11.5, 7.5], "texture": "#1"},
				"south": {"uv": [6, 7, 11.5, 7.5], "texture": "#1"},
				"west": {"uv": [6, 7, 6.5, 7.5], "texture": "#1"},
				"up": {"uv": [6, 7, 11.5, 7.5], "texture": "#1"},
				"down": {"uv": [6, 7, 11.5, 7.5], "texture": "#1"}
			}
		},
		{
			"from": [7.5, 9.5, 7.05],
			"to": [10, 10, 8.95],
			"faces": {
				"north": {"uv": [10, 6, 7.5, 6.5], "texture": "#1"},
				"east": {"uv": [9.5, 6, 10, 6.5], "texture": "#1"},
				"south": {"uv": [7.5, 6, 10, 6.5], "texture": "#1"},
				"west": {"uv": [7.5, 6, 8, 6.5], "texture": "#1"},
				"up": {"uv": [7.5, 6, 10, 6.5], "texture": "#1"},
				"down": {"uv": [7.5, 6, 10, 6.5], "texture": "#1"}
			}
		},
		{
			"from": [8.5, 10.5, 7.05],
			"to": [11, 11, 8.95],
			"faces": {
				"north": {"uv": [11, 5, 8.5, 5.5], "texture": "#1"},
				"east": {"uv": [10.5, 5, 11, 5.5], "texture": "#1"},
				"south": {"uv": [8.5, 5, 11, 5.5], "texture": "#1"},
				"west": {"uv": [8.5, 5, 9, 5.5], "texture": "#1"},
				"up": {"uv": [8.5, 5, 11, 5.5], "texture": "#1"},
				"down": {"uv": [8.5, 5, 11, 5.5], "texture": "#1"}
			}
		},
		{
			"from": [9.5, 11.5, 7.05],
			"to": [11, 12, 8.95],
			"faces": {
				"north": {"uv": [11, 4, 9.5, 4.5], "texture": "#1"},
				"east": {"uv": [10.5, 4, 11, 4.5], "texture": "#1"},
				"south": {"uv": [9.5, 4, 11, 4.5], "texture": "#1"},
				"west": {"uv": [9.5, 4, 10, 4.5], "texture": "#1"},
				"up": {"uv": [9.5, 4, 11, 4.5], "texture": "#1"}
			}
		},
		{
			"from": [6.5, 8.5, 7.05],
			"to": [9, 9, 8.95],
			"faces": {
				"north": {"uv": [9, 7, 6.5, 7.5], "texture": "#1"},
				"east": {"uv": [8.5, 7, 9, 7.5], "texture": "#1"},
				"south": {"uv": [6.5, 7, 9, 7.5], "texture": "#1"},
				"west": {"uv": [6.5, 7, 7, 7.5], "texture": "#1"},
				"up": {"uv": [6.5, 7, 9, 7.5], "texture": "#1"},
				"down": {"uv": [6.5, 7, 9, 7.5], "texture": "#1"}
			}
		},
		{
			"from": [5, 6.5, 7.05],
			"to": [7, 7, 8.95],
			"faces": {
				"north": {"uv": [7, 9, 5, 9.5], "texture": "#1"},
				"east": {"uv": [6.5, 9, 7, 9.5], "texture": "#1"},
				"south": {"uv": [5, 9, 7, 9.5], "texture": "#1"},
				"west": {"uv": [5, 9, 5.5, 9.5], "texture": "#1"},
				"down": {"uv": [5, 9, 7, 9.5], "texture": "#1"}
			}
		},
		{
			"from": [5.5, 6, 7.05],
			"to": [6.5, 6.5, 8.95],
			"faces": {
				"north": {"uv": [6.5, 9.5, 5.5, 10], "texture": "#1"},
				"east": {"uv": [6, 9.5, 6.5, 10], "texture": "#1"},
				"south": {"uv": [5.5, 9.5, 6.5, 10], "texture": "#1"},
				"west": {"uv": [5.5, 9.5, 6, 10], "texture": "#1"},
				"down": {"uv": [5.5, 9.5, 6.5, 10], "texture": "#1"}
			}
		},
		{
			"from": [7, 9.5, 7.35],
			"to": [12, 10, 8.65],
			"faces": {
				"north": {"uv": [12, 6, 7, 6.5], "texture": "#1"},
				"east": {"uv": [11.5, 6, 12, 6.5], "texture": "#1"},
				"south": {"uv": [7, 6, 12, 6.5], "texture": "#1"},
				"west": {"uv": [7, 6, 7.5, 6.5], "texture": "#1"},
				"up": {"uv": [7, 6, 12, 6.5], "texture": "#1"}
			}
		},
		{
			"from": [8, 10.5, 7.35],
			"to": [11.5, 11, 8.65],
			"faces": {
				"north": {"uv": [11.5, 5, 8, 5.5], "texture": "#1"},
				"east": {"uv": [11, 5, 11.5, 5.5], "texture": "#1"},
				"south": {"uv": [8, 5, 11.5, 5.5], "texture": "#1"},
				"west": {"uv": [8, 5, 8.5, 5.5], "texture": "#1"},
				"up": {"uv": [8, 5, 11.5, 5.5], "texture": "#1"}
			}
		},
		{
			"from": [7.5, 10.5, 7.65],
			"to": [13, 11, 8.35],
			"faces": {
				"north": {"uv": [13, 5, 7.5, 5.5], "texture": "#1"},
				"east": {"uv": [12.5, 5, 13, 5.5], "texture": "#1"},
				"south": {"uv": [7.5, 5, 13, 5.5], "texture": "#1"},
				"west": {"uv": [7.5, 5, 8, 5.5], "texture": "#1"},
				"up": {"uv": [7.5, 5, 13, 5.5], "texture": "#1"}
			}
		},
		{
			"from": [12, 10, 7.65],
			"to": [12.5, 10.5, 8.35],
			"faces": {
				"north": {"uv": [12.5, 5.5, 12, 6], "texture": "#1"},
				"east": {"uv": [12, 5.5, 12.5, 6], "texture": "#1"},
				"south": {"uv": [12, 5.5, 12.5, 6], "texture": "#1"},
				"down": {"uv": [12, 5.5, 12.5, 6], "texture": "#1"}
			}
		},
		{
			"from": [9, 11.5, 7.35],
			"to": [11.5, 12, 8.65],
			"faces": {
				"north": {"uv": [11.5, 4, 9, 4.5], "texture": "#1"},
				"east": {"uv": [11, 4, 11.5, 4.5], "texture": "#1"},
				"south": {"uv": [9, 4, 11.5, 4.5], "texture": "#1"},
				"west": {"uv": [9, 4, 9.5, 4.5], "texture": "#1"},
				"up": {"uv": [9, 4, 11.5, 4.5], "texture": "#1"}
			}
		},
		{
			"from": [8.5, 12, 7.65],
			"to": [9.5, 12.5, 8.35],
			"faces": {
				"north": {"uv": [9.5, 3.5, 8.5, 4], "texture": "#1"},
				"south": {"uv": [8.5, 3.5, 9.5, 4], "texture": "#1"},
				"west": {"uv": [8.5, 3.5, 9, 4], "texture": "#1"},
				"up": {"uv": [8.5, 3.5, 9.5, 4], "texture": "#1"}
			}
		},
		{
			"from": [9.5, 13, 7.65],
			"to": [10.5, 13.5, 8.35],
			"faces": {
				"north": {"uv": [10.5, 2.5, 9.5, 3], "texture": "#1"},
				"east": {"uv": [10, 2.5, 10.5, 3], "texture": "#1"},
				"south": {"uv": [9.5, 2.5, 10.5, 3], "texture": "#1"},
				"west": {"uv": [9.5, 2.5, 10, 3], "texture": "#1"},
				"up": {"uv": [9.5, 2.5, 10.5, 3], "texture": "#1"},
				"down": {"uv": [9.5, 2.5, 10.5, 3], "texture": "#1"}
			}
		},
		{
			"from": [10.5, 14, 7.65],
			"to": [11.5, 14.5, 8.35],
			"faces": {
				"north": {"uv": [11.5, 1.5, 10.5, 2], "texture": "#1"},
				"east": {"uv": [11, 1.5, 11.5, 2], "texture": "#1"},
				"south": {"uv": [10.5, 1.5, 11.5, 2], "texture": "#1"},
				"west": {"uv": [10.5, 1.5, 11, 2], "texture": "#1"},
				"up": {"uv": [10.5, 1.5, 11.5, 2], "texture": "#1"},
				"down": {"uv": [10.5, 1.5, 11.5, 2], "texture": "#1"}
			}
		},
		{
			"from": [8, 11.5, 7.65],
			"to": [9, 12, 8.35],
			"faces": {
				"north": {"uv": [9, 4, 8, 4.5], "texture": "#1"},
				"south": {"uv": [8, 4, 9, 4.5], "texture": "#1"},
				"west": {"uv": [8, 4, 8.5, 4.5], "texture": "#1"},
				"up": {"uv": [8, 4, 9, 4.5], "texture": "#1"}
			}
		},
		{
			"from": [12.5, 11.5, 7.65],
			"to": [14, 12, 8.35],
			"faces": {
				"north": {"uv": [14, 4, 12.5, 4.5], "texture": "#1"},
				"east": {"uv": [13.5, 4, 14, 4.5], "texture": "#1"},
				"south": {"uv": [12.5, 4, 14, 4.5], "texture": "#1"},
				"west": {"uv": [12.5, 4, 13, 4.5], "texture": "#1"},
				"up": {"uv": [12.5, 4, 14, 4.5], "texture": "#1"},
				"down": {"uv": [12.5, 4, 14, 4.5], "texture": "#1"}
			}
		},
		{
			"from": [12, 11, 7.65],
			"to": [13.5, 11.5, 8.35],
			"faces": {
				"north": {"uv": [13.5, 4.5, 12, 5], "texture": "#1"},
				"east": {"uv": [13, 4.5, 13.5, 5], "texture": "#1"},
				"south": {"uv": [12, 4.5, 13.5, 5], "texture": "#1"},
				"west": {"uv": [12, 4.5, 12.5, 5], "texture": "#1"},
				"up": {"uv": [12, 4.5, 13.5, 5], "texture": "#1"},
				"down": {"uv": [12, 4.5, 13.5, 5], "texture": "#1"}
			}
		},
		{
			"from": [13, 12, 7.65],
			"to": [14.5, 12.5, 8.35],
			"faces": {
				"north": {"uv": [14.5, 3.5, 13, 4], "texture": "#1"},
				"east": {"uv": [14, 3.5, 14.5, 4], "texture": "#1"},
				"south": {"uv": [13, 3.5, 14.5, 4], "texture": "#1"},
				"west": {"uv": [13, 3.5, 13.5, 4], "texture": "#1"},
				"up": {"uv": [13, 3.5, 14.5, 4], "texture": "#1"},
				"down": {"uv": [13, 3.5, 14.5, 4], "texture": "#1"}
			}
		},
		{
			"from": [13.5, 12.5, 7.65],
			"to": [14.5, 13, 8.35],
			"faces": {
				"north": {"uv": [14.5, 3, 13.5, 3.5], "texture": "#1"},
				"east": {"uv": [14, 3, 14.5, 3.5], "texture": "#1"},
				"south": {"uv": [13.5, 3, 14.5, 3.5], "texture": "#1"},
				"west": {"uv": [13.5, 3, 14, 3.5], "texture": "#1"},
				"up": {"uv": [13.5, 3, 14.5, 3.5], "texture": "#1"}
			}
		},
		{
			"from": [14, 13, 7.65],
			"to": [15, 13.5, 8.35],
			"faces": {
				"north": {"uv": [15, 2.5, 14, 3], "texture": "#1"},
				"east": {"uv": [14.5, 2.5, 15, 3], "texture": "#1"},
				"south": {"uv": [14, 2.5, 15, 3], "texture": "#1"},
				"west": {"uv": [14, 2.5, 14.5, 3], "texture": "#1"},
				"up": {"uv": [14, 2.5, 15, 3], "texture": "#1"},
				"down": {"uv": [14, 2.5, 15, 3], "texture": "#1"}
			}
		},
		{
			"from": [14.5, 13.5, 7.65],
			"to": [15, 14, 8.35],
			"faces": {
				"north": {"uv": [15, 2, 14.5, 2.5], "texture": "#1"},
				"east": {"uv": [14.5, 2, 15, 2.5], "texture": "#1"},
				"south": {"uv": [14.5, 2, 15, 2.5], "texture": "#1"},
				"west": {"uv": [14.5, 2, 15, 2.5], "texture": "#1"},
				"up": {"uv": [14.5, 2, 15, 2.5], "texture": "#1"}
			}
		},
		{
			"from": [9, 12.5, 7.65],
			"to": [10, 13, 8.35],
			"faces": {
				"north": {"uv": [10, 3, 9, 3.5], "texture": "#1"},
				"east": {"uv": [9.5, 3, 10, 3.5], "texture": "#1"},
				"south": {"uv": [9, 3, 10, 3.5], "texture": "#1"},
				"west": {"uv": [9, 3, 9.5, 3.5], "texture": "#1"},
				"up": {"uv": [9, 3, 10, 3.5], "texture": "#1"}
			}
		},
		{
			"from": [10, 13.5, 7.65],
			"to": [11, 14, 8.35],
			"faces": {
				"north": {"uv": [11, 2, 10, 2.5], "texture": "#1"},
				"east": {"uv": [10.5, 2, 11, 2.5], "texture": "#1"},
				"south": {"uv": [10, 2, 11, 2.5], "texture": "#1"},
				"west": {"uv": [10, 2, 10.5, 2.5], "texture": "#1"},
				"up": {"uv": [10, 2, 11, 2.5], "texture": "#1"},
				"down": {"uv": [10, 2, 11, 2.5], "texture": "#1"}
			}
		},
		{
			"from": [9.5, 12, 7.35],
			"to": [11, 12.5, 8.65],
			"faces": {
				"north": {"uv": [11, 3.5, 9.5, 4], "texture": "#1"},
				"east": {"uv": [10.5, 3.5, 11, 4], "texture": "#1"},
				"south": {"uv": [9.5, 3.5, 11, 4], "texture": "#1"},
				"west": {"uv": [9.5, 3.5, 10, 4], "texture": "#1"},
				"up": {"uv": [9.5, 3.5, 11, 4], "texture": "#1"}
			}
		},
		{
			"from": [1.5, 1, 7.75],
			"to": [3, 1.5, 8.25],
			"faces": {
				"north": {"uv": [3, 14.5, 1.5, 15], "texture": "#1"},
				"east": {"uv": [2.5, 14.5, 3, 15], "texture": "#1"},
				"south": {"uv": [1.5, 14.5, 3, 15], "texture": "#1"},
				"west": {"uv": [1.5, 14.5, 2, 15], "texture": "#1"},
				"up": {"uv": [1.5, 14.5, 3, 15], "texture": "#1"},
				"down": {"uv": [1.5, 14.5, 3, 15], "texture": "#1"}
			}
		},
		{
			"from": [12, 11.5, 7.75],
			"to": [14.5, 12, 8.25],
			"faces": {
				"north": {"uv": [14.5, 4, 12, 4.5], "texture": "#1"},
				"east": {"uv": [14, 4, 14.5, 4.5], "texture": "#1"},
				"south": {"uv": [12, 4, 14.5, 4.5], "texture": "#1"},
				"west": {"uv": [12, 4, 12.5, 4.5], "texture": "#1"},
				"up": {"uv": [12, 4, 14.5, 4.5], "texture": "#1"},
				"down": {"uv": [12, 4, 14.5, 4.5], "texture": "#1"}
			}
		},
		{
			"from": [7, 10.5, 7.75],
			"to": [13.5, 11, 8.25],
			"faces": {
				"north": {"uv": [13.5, 5, 7, 5.5], "texture": "#1"},
				"east": {"uv": [7, 5, 7.5, 5.5], "texture": "#1"},
				"south": {"uv": [7, 5, 13.5, 5.5], "texture": "#1"},
				"west": {"uv": [7, 5, 7.5, 5.5], "texture": "#1"},
				"up": {"uv": [7, 5, 13.5, 5.5], "texture": "#1"},
				"down": {"uv": [7, 5, 13.5, 5.5], "texture": "#1"}
			}
		},
		{
			"from": [13.5, 13, 7.75],
			"to": [15.5, 13.5, 8.25],
			"faces": {
				"north": {"uv": [15.5, 2.5, 13.5, 3], "texture": "#1"},
				"east": {"uv": [15, 2.5, 15.5, 3], "texture": "#1"},
				"south": {"uv": [13.5, 2.5, 15.5, 3], "texture": "#1"},
				"west": {"uv": [13.5, 2.5, 14, 3], "texture": "#1"},
				"up": {"uv": [13.5, 2.5, 15.5, 3], "texture": "#1"},
				"down": {"uv": [13.5, 2.5, 15.5, 3], "texture": "#1"}
			}
		},
		{
			"from": [14, 13.5, 7.75],
			"to": [15.5, 14, 8.25],
			"faces": {
				"north": {"uv": [15.5, 2, 14, 2.5], "texture": "#1"},
				"east": {"uv": [15, 2, 15.5, 2.5], "texture": "#1"},
				"south": {"uv": [14, 2, 15.5, 2.5], "texture": "#1"},
				"west": {"uv": [14, 2, 14.5, 2.5], "texture": "#1"},
				"up": {"uv": [14, 2, 15.5, 2.5], "texture": "#1"}
			}
		},
		{
			"from": [14.5, 14, 7.75],
			"to": [15.5, 14.5, 8.25],
			"faces": {
				"north": {"uv": [15.5, 1.5, 14.5, 2], "texture": "#1"},
				"east": {"uv": [15, 1.5, 15.5, 2], "texture": "#1"},
				"south": {"uv": [14.5, 1.5, 15.5, 2], "texture": "#1"},
				"west": {"uv": [14.5, 1.5, 15, 2], "texture": "#1"},
				"up": {"uv": [14.5, 1.5, 15.5, 2], "texture": "#1"}
			}
		},
		{
			"from": [15, 14.5, 7.75],
			"to": [15.5, 15, 8.25],
			"faces": {
				"north": {"uv": [15.5, 1, 15, 1.5], "texture": "#1"},
				"east": {"uv": [15, 1, 15.5, 1.5], "texture": "#1"},
				"south": {"uv": [15, 1, 15.5, 1.5], "texture": "#1"},
				"west": {"uv": [15, 1, 15.5, 1.5], "texture": "#1"},
				"up": {"uv": [15, 1, 15.5, 1.5], "texture": "#1"}
			}
		},
		{
			"from": [7.5, 11, 7.75],
			"to": [8, 12, 8.25],
			"faces": {
				"north": {"uv": [8, 4, 7.5, 5], "texture": "#1"},
				"south": {"uv": [7.5, 4, 8, 5], "texture": "#1"},
				"west": {"uv": [7.5, 4, 8, 5], "texture": "#1"},
				"up": {"uv": [7.5, 4, 8, 4.5], "texture": "#1"}
			}
		},
		{
			"from": [11.5, 11, 7.75],
			"to": [14, 11.5, 8.25],
			"faces": {
				"north": {"uv": [14, 4.5, 11.5, 5], "texture": "#1"},
				"east": {"uv": [13.5, 4.5, 14, 5], "texture": "#1"},
				"south": {"uv": [11.5, 4.5, 14, 5], "texture": "#1"},
				"up": {"uv": [11.5, 4.5, 14, 5], "texture": "#1"},
				"down": {"uv": [11.5, 4.5, 14, 5], "texture": "#1"}
			}
		},
		{
			"from": [10.5, 14.5, 7.75],
			"to": [12.5, 15, 8.25],
			"faces": {
				"north": {"uv": [12.5, 1, 10.5, 1.5], "texture": "#1"},
				"east": {"uv": [12, 1, 12.5, 1.5], "texture": "#1"},
				"south": {"uv": [10.5, 1, 12.5, 1.5], "texture": "#1"},
				"west": {"uv": [10.5, 1, 11, 1.5], "texture": "#1"},
				"up": {"uv": [10.5, 1, 12.5, 1.5], "texture": "#1"},
				"down": {"uv": [10.5, 1, 12.5, 1.5], "texture": "#1"}
			}
		},
		{
			"from": [9.5, 13.5, 7.75],
			"to": [11.5, 14, 8.25],
			"faces": {
				"north": {"uv": [11.5, 2, 9.5, 2.5], "texture": "#1"},
				"east": {"uv": [11, 2, 11.5, 2.5], "texture": "#1"},
				"south": {"uv": [9.5, 2, 11.5, 2.5], "texture": "#1"},
				"west": {"uv": [9.5, 2, 10, 2.5], "texture": "#1"},
				"up": {"uv": [9.5, 2, 11.5, 2.5], "texture": "#1"},
				"down": {"uv": [9.5, 2, 11.5, 2.5], "texture": "#1"}
			}
		},
		{
			"from": [8, 12, 7.75],
			"to": [8.5, 12.5, 8.25],
			"faces": {
				"north": {"uv": [8.5, 3.5, 8, 4], "texture": "#1"},
				"south": {"uv": [8, 3.5, 8.5, 4], "texture": "#1"},
				"west": {"uv": [8, 3.5, 8.5, 4], "texture": "#1"},
				"up": {"uv": [8, 3.5, 8.5, 4], "texture": "#1"}
			}
		},
		{
			"from": [10, 14, 7.75],
			"to": [12, 14.5, 8.25],
			"faces": {
				"north": {"uv": [12, 1.5, 10, 2], "texture": "#1"},
				"east": {"uv": [11.5, 1.5, 12, 2], "texture": "#1"},
				"south": {"uv": [10, 1.5, 12, 2], "texture": "#1"},
				"west": {"uv": [10, 1.5, 10.5, 2], "texture": "#1"},
				"up": {"uv": [10, 1.5, 12, 2], "texture": "#1"},
				"down": {"uv": [10, 1.5, 12, 2], "texture": "#1"}
			}
		},
		{
			"from": [8.5, 12.5, 7.75],
			"to": [10.5, 13, 8.25],
			"faces": {
				"north": {"uv": [10.5, 3, 8.5, 3.5], "texture": "#1"},
				"east": {"uv": [10, 3, 10.5, 3.5], "texture": "#1"},
				"south": {"uv": [8.5, 3, 10.5, 3.5], "texture": "#1"},
				"west": {"uv": [8.5, 3, 9, 3.5], "texture": "#1"},
				"up": {"uv": [8.5, 3, 10.5, 3.5], "texture": "#1"}
			}
		},
		{
			"from": [9, 13, 7.75],
			"to": [11, 13.5, 8.25],
			"faces": {
				"north": {"uv": [11, 2.5, 9, 3], "texture": "#1"},
				"east": {"uv": [10.5, 2.5, 11, 3], "texture": "#1"},
				"south": {"uv": [9, 2.5, 11, 3], "texture": "#1"},
				"west": {"uv": [9, 2.5, 9.5, 3], "texture": "#1"},
				"up": {"uv": [9, 2.5, 11, 3], "texture": "#1"},
				"down": {"uv": [9, 2.5, 11, 3], "texture": "#1"}
			}
		},
		{
			"from": [7, 10, 7.75],
			"to": [13, 10.5, 8.25],
			"faces": {
				"north": {"uv": [13, 5.5, 7, 6], "texture": "#1"},
				"east": {"uv": [7, 5.5, 7.5, 6], "texture": "#1"},
				"south": {"uv": [7, 5.5, 13, 6], "texture": "#1"},
				"west": {"uv": [7, 5.5, 7.5, 6], "texture": "#1"},
				"up": {"uv": [7, 5.5, 13, 6], "texture": "#1"},
				"down": {"uv": [7, 5.5, 13, 6], "texture": "#1"}
			}
		},
		{
			"from": [13, 12.5, 7.75],
			"to": [15, 13, 8.25],
			"faces": {
				"north": {"uv": [15, 3, 13, 3.5], "texture": "#1"},
				"east": {"uv": [14.5, 3, 15, 3.5], "texture": "#1"},
				"south": {"uv": [13, 3, 15, 3.5], "texture": "#1"},
				"west": {"uv": [13, 3, 13.5, 3.5], "texture": "#1"},
				"up": {"uv": [13, 3, 15, 3.5], "texture": "#1"}
			}
		},
		{
			"from": [12.5, 12, 7.75],
			"to": [15, 12.5, 8.25],
			"faces": {
				"north": {"uv": [15, 3.5, 12.5, 4], "texture": "#1"},
				"east": {"uv": [14.5, 3.5, 15, 4], "texture": "#1"},
				"south": {"uv": [12.5, 3.5, 15, 4], "texture": "#1"},
				"west": {"uv": [12.5, 3.5, 13, 4], "texture": "#1"},
				"up": {"uv": [12.5, 3.5, 15, 4], "texture": "#1"},
				"down": {"uv": [12.5, 3.5, 15, 4], "texture": "#1"}
			}
		}
	],
	"gui_light": "front",
	"display": {
		"thirdperson_righthand": {
			"rotation": [0, 90, -45],
			"translation": [0, 0, -2]
		},
		"thirdperson_lefthand": {
			"rotation": [0, -90, 45],
			"translation": [0, 0, -2]
		},
		"firstperson_righthand": {
			"rotation": [0, 90, -42],
			"translation": [-1, 3, 1],
			"scale": [0.7, 0.7, 0.7]
		},
		"firstperson_lefthand": {
			"rotation": [0, -90, 42],
			"translation": [-1, 3, 1],
			"scale": [0.7, 0.7, 0.7]
		},
		"ground": {
			"translation": [0, 2, 0],
			"scale": [0.6, 0.6, 0.6]
		},
		"head": {
			"rotation": [90, 0, -45],
			"translation": [0, -5.5, -7.5],
			"scale": [1.5, 1.5, 1.5]
		},
		"fixed": {
			"rotation": [0, 180, 0]
		}
	}
}