{
	"credit": "Made with Blockbench",
	"textures": {
		"1": "custom/weapon/scorpio",
		"particle": "custom/weapon/scorpio"
	},
	"elements": [
		{
			"from": [0.5, 1, 7.45],
			"to": [3, 1.5, 8.55],
			"faces": {
				"north": {"uv": [3, 14.5, 0.5, 15], "texture": "#1"},
				"east": {"uv": [2.5, 14.5, 3, 15], "texture": "#1"},
				"south": {"uv": [0.5, 14.5, 3, 15], "texture": "#1"},
				"west": {"uv": [0.5, 14.5, 1, 15], "texture": "#1"},
				"down": {"uv": [0.5, 14.5, 3, 15], "texture": "#1"}
			}
		},
		{
			"from": [3.5, 5.5, 7.45],
			"to": [6.5, 6, 8.55],
			"faces": {
				"north": {"uv": [6.5, 10, 3.5, 10.5], "texture": "#1"},
				"east": {"uv": [6, 10, 6.5, 10.5], "texture": "#1"},
				"south": {"uv": [3.5, 10, 6.5, 10.5], "texture": "#1"},
				"west": {"uv": [3.5, 10, 4, 10.5], "texture": "#1"},
				"down": {"uv": [3.5, 10, 6.5, 10.5], "texture": "#1"}
			}
		},
		{
			"from": [3, 5, 7.45],
			"to": [3.5, 5.5, 8.55],
			"faces": {
				"north": {"uv": [3.5, 10.5, 3, 11], "texture": "#1"},
				"south": {"uv": [3, 10.5, 3.5, 11], "texture": "#1"},
				"west": {"uv": [3, 10.5, 3.5, 11], "texture": "#1"},
				"up": {"uv": [3, 10.5, 3.5, 11], "texture": "#1"}
			}
		},
		{
			"from": [5.5, 5, 7.45],
			"to": [6, 5.5, 8.55],
			"faces": {
				"north": {"uv": [6, 10.5, 5.5, 11], "texture": "#1"},
				"east": {"uv": [5.5, 10.5, 6, 11], "texture": "#1"},
				"south": {"uv": [5.5, 10.5, 6, 11], "texture": "#1"},
				"down": {"uv": [5.5, 10.5, 6, 11], "texture": "#1"}
			}
		},
		{
			"from": [1, 0.5, 7.45],
			"to": [2.5, 1, 8.55],
			"faces": {
				"north": {"uv": [2.5, 15, 1, 15.5], "texture": "#1"},
				"east": {"uv": [2, 15, 2.5, 15.5], "texture": "#1"},
				"south": {"uv": [1, 15, 2.5, 15.5], "texture": "#1"},
				"west": {"uv": [1, 15, 1.5, 15.5], "texture": "#1"},
				"down": {"uv": [1, 15, 2.5, 15.5], "texture": "#1"}
			}
		},
		{
			"from": [4, 6.5, 7.45],
			"to": [8, 7, 8.55],
			"faces": {
				"north": {"uv": [8, 9, 4, 9.5], "texture": "#1"},
				"east": {"uv": [7.5, 9, 8, 9.5], "texture": "#1"},
				"south": {"uv": [4, 9, 8, 9.5], "texture": "#1"},
				"west": {"uv": [4, 9, 4.5, 9.5], "texture": "#1"},
				"down": {"uv": [4, 9, 8, 9.5], "texture": "#1"}
			}
		},
		{
			"from": [3.5, 6, 7.45],
			"to": [7.5, 6.5, 8.55],
			"faces": {
				"north": {"uv": [7.5, 9.5, 3.5, 10], "texture": "#1"},
				"east": {"uv": [7, 9.5, 7.5, 10], "texture": "#1"},
				"south": {"uv": [3.5, 9.5, 7.5, 10], "texture": "#1"},
				"west": {"uv": [3.5, 9.5, 4, 10], "texture": "#1"},
				"up": {"uv": [3.5, 9.5, 7.5, 10], "texture": "#1"},
				"down": {"uv": [3.5, 9.5, 7.5, 10], "texture": "#1"}
			}
		},
		{
			"from": [7.5, 9.5, 7.45],
			"to": [11, 10, 8.55],
			"faces": {
				"north": {"uv": [11, 6, 7.5, 6.5], "texture": "#1"},
				"east": {"uv": [10.5, 6, 11, 6.5], "texture": "#1"},
				"south": {"uv": [7.5, 6, 11, 6.5], "texture": "#1"},
				"west": {"uv": [7.5, 6, 8, 6.5], "texture": "#1"},
				"up": {"uv": [7.5, 6, 11, 6.5], "texture": "#1"},
				"down": {"uv": [7.5, 6, 11, 6.5], "texture": "#1"}
			}
		},
		{
			"from": [4.5, 7.5, 7.45],
			"to": [9, 8, 8.55],
			"faces": {
				"north": {"uv": [9, 8, 4.5, 8.5], "texture": "#1"},
				"east": {"uv": [8.5, 8, 9, 8.5], "texture": "#1"},
				"south": {"uv": [4.5, 8, 9, 8.5], "texture": "#1"},
				"west": {"uv": [4.5, 8, 5, 8.5], "texture": "#1"},
				"up": {"uv": [4.5, 8, 9, 8.5], "texture": "#1"},
				"down": {"uv": [4.5, 8, 9, 8.5], "texture": "#1"}
			}
		},
		{
			"from": [5.5, 8.5, 7.45],
			"to": [10, 9, 8.55],
			"faces": {
				"north": {"uv": [10, 7, 5.5, 7.5], "texture": "#1"},
				"east": {"uv": [9.5, 7, 10, 7.5], "texture": "#1"},
				"south": {"uv": [5.5, 7, 10, 7.5], "texture": "#1"},
				"west": {"uv": [5.5, 7, 6, 7.5], "texture": "#1"},
				"up": {"uv": [5.5, 7, 10, 7.5], "texture": "#1"},
				"down": {"uv": [5.5, 7, 10, 7.5], "texture": "#1"}
			}
		},
		{
			"from": [4, 7, 7.45],
			"to": [8.5, 7.5, 8.55],
			"faces": {
				"north": {"uv": [8.5, 8.5, 4, 9], "texture": "#1"},
				"east": {"uv": [8, 8.5, 8.5, 9], "texture": "#1"},
				"south": {"uv": [4, 8.5, 8.5, 9], "texture": "#1"},
				"west": {"uv": [4, 8.5, 4.5, 9], "texture": "#1"},
				"up": {"uv": [4, 8.5, 8.5, 9], "texture": "#1"},
				"down": {"uv": [4, 8.5, 8.5, 9], "texture": "#1"}
			}
		},
		{
			"from": [2.5, 6, 7.75],
			"to": [3.5, 6.5, 8.25],
			"faces": {
				"north": {"uv": [3.5, 9.5, 2.5, 10], "texture": "#1"},
				"south": {"uv": [2.5, 9.5, 3.5, 10], "texture": "#1"},
				"west": {"uv": [2.5, 9.5, 3, 10], "texture": "#1"},
				"up": {"uv": [2.5, 9.5, 3.5, 10], "texture": "#1"},
				"down": {"uv": [2.5, 9.5, 3.5, 10], "texture": "#1"}
			}
		},
		{
			"from": [3, 7, 7.75],
			"to": [4, 7.5, 8.25],
			"faces": {
				"north": {"uv": [4, 8.5, 3, 9], "texture": "#1"},
				"south": {"uv": [3, 8.5, 4, 9], "texture": "#1"},
				"west": {"uv": [3, 8.5, 3.5, 9], "texture": "#1"},
				"up": {"uv": [3, 8.5, 4, 9], "texture": "#1"},
				"down": {"uv": [3, 8.5, 4, 9], "texture": "#1"}
			}
		},
		{
			"from": [5, 8, 7.45],
			"to": [9.5, 8.5, 8.55],
			"faces": {
				"north": {"uv": [9.5, 7.5, 5, 8], "texture": "#1"},
				"east": {"uv": [9, 7.5, 9.5, 8], "texture": "#1"},
				"south": {"uv": [5, 7.5, 9.5, 8], "texture": "#1"},
				"west": {"uv": [5, 7.5, 5.5, 8], "texture": "#1"},
				"up": {"uv": [5, 7.5, 9.5, 8], "texture": "#1"},
				"down": {"uv": [5, 7.5, 9.5, 8], "texture": "#1"}
			}
		},
		{
			"from": [6.5, 5, 7.75],
			"to": [7, 5.5, 8.25],
			"faces": {
				"north": {"uv": [7, 10.5, 6.5, 11], "texture": "#1"},
				"east": {"uv": [6.5, 10.5, 7, 11], "texture": "#1"},
				"south": {"uv": [6.5, 10.5, 7, 11], "texture": "#1"},
				"west": {"uv": [6.5, 10.5, 7, 11], "texture": "#1"},
				"up": {"uv": [6.5, 10.5, 7, 11], "texture": "#1"},
				"down": {"uv": [6.5, 10.5, 7, 11], "texture": "#1"}
			}
		},
		{
			"from": [7, 5.5, 7.75],
			"to": [7.5, 6, 8.25],
			"faces": {
				"north": {"uv": [7.5, 10, 7, 10.5], "texture": "#1"},
				"east": {"uv": [7, 10, 7.5, 10.5], "texture": "#1"},
				"south": {"uv": [7, 10, 7.5, 10.5], "texture": "#1"},
				"west": {"uv": [7, 10, 7.5, 10.5], "texture": "#1"},
				"down": {"uv": [7, 10, 7.5, 10.5], "texture": "#1"}
			}
		},
		{
			"from": [6.5, 9, 7.45],
			"to": [10.5, 9.5, 8.55],
			"faces": {
				"north": {"uv": [10.5, 6.5, 6.5, 7], "texture": "#1"},
				"east": {"uv": [10, 6.5, 10.5, 7], "texture": "#1"},
				"south": {"uv": [6.5, 6.5, 10.5, 7], "texture": "#1"},
				"west": {"uv": [6.5, 6.5, 7, 7], "texture": "#1"},
				"up": {"uv": [6.5, 6.5, 10.5, 7], "texture": "#1"},
				"down": {"uv": [6.5, 6.5, 10.5, 7], "texture": "#1"}
			}
		},
		{
			"from": [1.5, 0, 7.45],
			"to": [2.5, 0.5, 8.55],
			"faces": {
				"north": {"uv": [2.5, 15.5, 1.5, 16], "texture": "#1"},
				"east": {"uv": [2, 15.5, 2.5, 16], "texture": "#1"},
				"south": {"uv": [1.5, 15.5, 2.5, 16], "texture": "#1"},
				"west": {"uv": [1.5, 15.5, 2, 16], "texture": "#1"},
				"down": {"uv": [1.5, 15.5, 2.5, 16], "texture": "#1"}
			}
		},
		{
			"from": [0, 1.5, 7.45],
			"to": [3, 2, 8.55],
			"faces": {
				"north": {"uv": [3, 14, 0, 14.5], "texture": "#1"},
				"east": {"uv": [2.5, 14, 3, 14.5], "texture": "#1"},
				"south": {"uv": [0, 14, 3, 14.5], "texture": "#1"},
				"west": {"uv": [0, 14, 0.5, 14.5], "texture": "#1"},
				"down": {"uv": [0, 14, 3, 14.5], "texture": "#1"}
			}
		},
		{
			"from": [0, 2, 7.45],
			"to": [3.5, 2.5, 8.55],
			"faces": {
				"north": {"uv": [3.5, 13.5, 0, 14], "texture": "#1"},
				"east": {"uv": [3, 13.5, 3.5, 14], "texture": "#1"},
				"south": {"uv": [0, 13.5, 3.5, 14], "texture": "#1"},
				"west": {"uv": [0, 13.5, 0.5, 14], "texture": "#1"},
				"up": {"uv": [0, 13.5, 3.5, 14], "texture": "#1"},
				"down": {"uv": [0, 13.5, 3.5, 14], "texture": "#1"}
			}
		},
		{
			"from": [0.5, 2.5, 7.45],
			"to": [3.5, 3, 8.55],
			"faces": {
				"north": {"uv": [3.5, 13, 0.5, 13.5], "texture": "#1"},
				"east": {"uv": [3, 13, 3.5, 13.5], "texture": "#1"},
				"south": {"uv": [0.5, 13, 3.5, 13.5], "texture": "#1"},
				"west": {"uv": [0.5, 13, 1, 13.5], "texture": "#1"},
				"up": {"uv": [0.5, 13, 3.5, 13.5], "texture": "#1"}
			}
		},
		{
			"from": [1, 3, 7.45],
			"to": [4, 3.5, 8.55],
			"faces": {
				"north": {"uv": [4, 12.5, 1, 13], "texture": "#1"},
				"east": {"uv": [3.5, 12.5, 4, 13], "texture": "#1"},
				"south": {"uv": [1, 12.5, 4, 13], "texture": "#1"},
				"west": {"uv": [1, 12.5, 1.5, 13], "texture": "#1"},
				"up": {"uv": [1, 12.5, 4, 13], "texture": "#1"},
				"down": {"uv": [1, 12.5, 4, 13], "texture": "#1"}
			}
		},
		{
			"from": [1.5, 3.5, 7.45],
			"to": [4.5, 4, 8.55],
			"faces": {
				"north": {"uv": [4.5, 12, 1.5, 12.5], "texture": "#1"},
				"east": {"uv": [4, 12, 4.5, 12.5], "texture": "#1"},
				"south": {"uv": [1.5, 12, 4.5, 12.5], "texture": "#1"},
				"west": {"uv": [1.5, 12, 2, 12.5], "texture": "#1"},
				"up": {"uv": [1.5, 12, 4.5, 12.5], "texture": "#1"},
				"down": {"uv": [1.5, 12, 4.5, 12.5], "texture": "#1"}
			}
		},
		{
			"from": [5, 4, 7.75],
			"to": [5.5, 4.5, 8.25],
			"faces": {
				"north": {"uv": [5.5, 11.5, 5, 12], "texture": "#1"},
				"east": {"uv": [5, 11.5, 5.5, 12], "texture": "#1"},
				"south": {"uv": [5, 11.5, 5.5, 12], "texture": "#1"},
				"up": {"uv": [5, 11.5, 5.5, 12], "texture": "#1"},
				"down": {"uv": [5, 11.5, 5.5, 12], "texture": "#1"}
			}
		},
		{
			"from": [2, 4, 7.45],
			"to": [5, 4.5, 8.55],
			"faces": {
				"north": {"uv": [5, 11.5, 2, 12], "texture": "#1"},
				"east": {"uv": [4.5, 11.5, 5, 12], "texture": "#1"},
				"south": {"uv": [2, 11.5, 5, 12], "texture": "#1"},
				"west": {"uv": [2, 11.5, 2.5, 12], "texture": "#1"},
				"up": {"uv": [2, 11.5, 5, 12], "texture": "#1"},
				"down": {"uv": [2, 11.5, 5, 12], "texture": "#1"}
			}
		},
		{
			"from": [2.5, 4.5, 7.45],
			"to": [3, 5, 8.55],
			"faces": {
				"north": {"uv": [3, 11, 2.5, 11.5], "texture": "#1"},
				"south": {"uv": [2.5, 11, 3, 11.5], "texture": "#1"},
				"west": {"uv": [2.5, 11, 3, 11.5], "texture": "#1"},
				"up": {"uv": [2.5, 11, 3, 11.5], "texture": "#1"}
			}
		},
		{
			"from": [5.5, 4.5, 7.75],
			"to": [6, 5, 8.25],
			"faces": {
				"north": {"uv": [6, 11, 5.5, 11.5], "texture": "#1"},
				"east": {"uv": [5.5, 11, 6, 11.5], "texture": "#1"},
				"south": {"uv": [5.5, 11, 6, 11.5], "texture": "#1"},
				"west": {"uv": [5.5, 11, 6, 11.5], "texture": "#1"},
				"down": {"uv": [5.5, 11, 6, 11.5], "texture": "#1"}
			}
		},
		{
			"from": [9.5, 11.5, 7.45],
			"to": [13, 12, 8.55],
			"faces": {
				"north": {"uv": [13, 4, 9.5, 4.5], "texture": "#1"},
				"east": {"uv": [12.5, 4, 13, 4.5], "texture": "#1"},
				"south": {"uv": [9.5, 4, 13, 4.5], "texture": "#1"},
				"west": {"uv": [9.5, 4, 10, 4.5], "texture": "#1"},
				"up": {"uv": [9.5, 4, 13, 4.5], "texture": "#1"},
				"down": {"uv": [9.5, 4, 13, 4.5], "texture": "#1"}
			}
		},
		{
			"from": [9, 11, 7.45],
			"to": [13, 11.5, 8.55],
			"faces": {
				"north": {"uv": [13, 4.5, 9, 5], "texture": "#1"},
				"east": {"uv": [12.5, 4.5, 13, 5], "texture": "#1"},
				"south": {"uv": [9, 4.5, 13, 5], "texture": "#1"},
				"west": {"uv": [9, 4.5, 9.5, 5], "texture": "#1"},
				"up": {"uv": [9, 4.5, 13, 5], "texture": "#1"},
				"down": {"uv": [9, 4.5, 13, 5], "texture": "#1"}
			}
		},
		{
			"from": [8.5, 10.5, 7.45],
			"to": [12, 11, 8.55],
			"faces": {
				"north": {"uv": [12, 5, 8.5, 5.5], "texture": "#1"},
				"east": {"uv": [11.5, 5, 12, 5.5], "texture": "#1"},
				"south": {"uv": [8.5, 5, 12, 5.5], "texture": "#1"},
				"west": {"uv": [8.5, 5, 9, 5.5], "texture": "#1"},
				"up": {"uv": [8.5, 5, 12, 5.5], "texture": "#1"},
				"down": {"uv": [8.5, 5, 12, 5.5], "texture": "#1"}
			}
		},
		{
			"from": [12.5, 10.5, 7.75],
			"to": [14, 12, 8.25],
			"faces": {
				"north": {"uv": [14, 4, 12.5, 5.5], "texture": "#1"},
				"east": {"uv": [13.5, 4, 14, 5.5], "texture": "#1"},
				"south": {"uv": [12.5, 4, 14, 5.5], "texture": "#1"},
				"west": {"uv": [12.5, 4, 13, 5.5], "texture": "#1"},
				"down": {"uv": [12.5, 5, 14, 5.5], "texture": "#1"}
			}
		},
		{
			"from": [11, 13, 7.45],
			"to": [11.5, 13.5, 8.55],
			"faces": {
				"north": {"uv": [11.5, 2.5, 11, 3], "texture": "#1"},
				"south": {"uv": [11, 2.5, 11.5, 3], "texture": "#1"},
				"west": {"uv": [11, 2.5, 11.5, 3], "texture": "#1"},
				"up": {"uv": [11, 2.5, 11.5, 3], "texture": "#1"}
			}
		},
		{
			"from": [11.5, 13.5, 7.45],
			"to": [13.5, 14, 8.55],
			"faces": {
				"north": {"uv": [13.5, 2, 11.5, 2.5], "texture": "#1"},
				"east": {"uv": [13, 2, 13.5, 2.5], "texture": "#1"},
				"south": {"uv": [11.5, 2, 13.5, 2.5], "texture": "#1"},
				"west": {"uv": [11.5, 2, 12, 2.5], "texture": "#1"},
				"up": {"uv": [11.5, 2, 13.5, 2.5], "texture": "#1"}
			}
		},
		{
			"from": [14, 13.5, 7.75],
			"to": [15, 14.5, 8.25],
			"faces": {
				"north": {"uv": [15, 1.5, 14, 2.5], "texture": "#1"},
				"east": {"uv": [14.5, 1.5, 15, 2.5], "texture": "#1"},
				"south": {"uv": [14, 1.5, 15, 2.5], "texture": "#1"},
				"west": {"uv": [14, 1.5, 14.5, 2.5], "texture": "#1"},
				"up": {"uv": [14, 1.5, 15, 2], "texture": "#1"},
				"down": {"uv": [14, 2, 15, 2.5], "texture": "#1"}
			}
		},
		{
			"from": [13.5, 12, 7.75],
			"to": [14.5, 14, 8.25],
			"faces": {
				"north": {"uv": [14.5, 2, 13.5, 4], "texture": "#1"},
				"east": {"uv": [14, 2, 14.5, 4], "texture": "#1"},
				"south": {"uv": [13.5, 2, 14.5, 4], "texture": "#1"},
				"up": {"uv": [13.5, 2, 14.5, 2.5], "texture": "#1"},
				"down": {"uv": [13.5, 3.5, 14.5, 4], "texture": "#1"}
			}
		},
		{
			"from": [12, 14, 7.45],
			"to": [13, 14.5, 8.55],
			"faces": {
				"north": {"uv": [13, 1.5, 12, 2], "texture": "#1"},
				"east": {"uv": [12.5, 1.5, 13, 2], "texture": "#1"},
				"south": {"uv": [12, 1.5, 13, 2], "texture": "#1"},
				"west": {"uv": [12, 1.5, 12.5, 2], "texture": "#1"},
				"up": {"uv": [12, 1.5, 13, 2], "texture": "#1"}
			}
		},
		{
			"from": [14.5, 14.5, 7.75],
			"to": [15.5, 15, 8.25],
			"faces": {
				"north": {"uv": [15.5, 1, 14.5, 1.5], "texture": "#1"},
				"east": {"uv": [15, 1, 15.5, 1.5], "texture": "#1"},
				"south": {"uv": [14.5, 1, 15.5, 1.5], "texture": "#1"},
				"west": {"uv": [14.5, 1, 15, 1.5], "texture": "#1"},
				"up": {"uv": [14.5, 1, 15.5, 1.5], "texture": "#1"},
				"down": {"uv": [14.5, 1, 15.5, 1.5], "texture": "#1"}
			}
		},
		{
			"from": [12, 9, 7.75],
			"to": [13.5, 10.5, 8.25],
			"faces": {
				"north": {"uv": [13.5, 5.5, 12, 7], "texture": "#1"},
				"east": {"uv": [13, 5.5, 13.5, 7], "texture": "#1"},
				"south": {"uv": [12, 5.5, 13.5, 7], "texture": "#1"},
				"west": {"uv": [12, 5.5, 12.5, 7], "texture": "#1"},
				"up": {"uv": [12, 5.5, 13.5, 6], "texture": "#1"},
				"down": {"uv": [12, 6.5, 13.5, 7], "texture": "#1"}
			}
		},
		{
			"from": [12.5, 8, 7.75],
			"to": [13, 9, 8.25],
			"faces": {
				"north": {"uv": [13, 7, 12.5, 8], "texture": "#1"},
				"east": {"uv": [12.5, 7, 13, 8], "texture": "#1"},
				"south": {"uv": [12.5, 7, 13, 8], "texture": "#1"},
				"west": {"uv": [12.5, 7, 13, 8], "texture": "#1"},
				"down": {"uv": [12.5, 7.5, 13, 8], "texture": "#1"}
			}
		},
		{
			"from": [12.5, 9, 7.55],
			"to": [13, 10.5, 8.45],
			"faces": {
				"north": {"uv": [13, 5.5, 12.5, 7], "texture": "#1"},
				"east": {"uv": [12.5, 5.5, 13, 7], "texture": "#1"},
				"south": {"uv": [12.5, 5.5, 13, 7], "texture": "#1"},
				"west": {"uv": [12.5, 5.5, 13, 7], "texture": "#1"},
				"up": {"uv": [12.5, 5.5, 13, 6], "texture": "#1"},
				"down": {"uv": [12.5, 6.5, 13, 7], "texture": "#1"}
			}
		},
		{
			"from": [13, 10.5, 7.55],
			"to": [13.5, 12, 8.45],
			"faces": {
				"north": {"uv": [13.5, 4, 13, 5.5], "texture": "#1"},
				"east": {"uv": [13, 4, 13.5, 5.5], "texture": "#1"},
				"south": {"uv": [13, 4, 13.5, 5.5], "texture": "#1"},
				"west": {"uv": [13, 4, 13.5, 5.5], "texture": "#1"},
				"down": {"uv": [13, 5, 13.5, 5.5], "texture": "#1"}
			}
		},
		{
			"from": [14, 13.5, 7.55],
			"to": [14.5, 14, 8.45],
			"faces": {
				"north": {"uv": [14.5, 2, 14, 2.5], "texture": "#1"},
				"east": {"uv": [14, 2, 14.5, 2.5], "texture": "#1"},
				"south": {"uv": [14, 2, 14.5, 2.5], "texture": "#1"},
				"west": {"uv": [14, 2, 14.5, 2.5], "texture": "#1"},
				"up": {"uv": [14, 2, 14.5, 2.5], "texture": "#1"},
				"down": {"uv": [14, 2, 14.5, 2.5], "texture": "#1"}
			}
		},
		{
			"from": [13.5, 12, 7.55],
			"to": [14, 13.5, 8.45],
			"faces": {
				"north": {"uv": [14, 2.5, 13.5, 4], "texture": "#1"},
				"east": {"uv": [13.5, 2.5, 14, 4], "texture": "#1"},
				"south": {"uv": [13.5, 2.5, 14, 4], "texture": "#1"},
				"up": {"uv": [13.5, 2.5, 14, 3], "texture": "#1"},
				"down": {"uv": [13.5, 3.5, 14, 4], "texture": "#1"}
			}
		},
		{
			"from": [15.5, 15.5, 7.75],
			"to": [16, 16, 8.25],
			"faces": {
				"north": {"uv": [16, 0, 15.5, 0.5], "texture": "#1"},
				"east": {"uv": [15.5, 0, 16, 0.5], "texture": "#1"},
				"south": {"uv": [15.5, 0, 16, 0.5], "texture": "#1"},
				"west": {"uv": [15.5, 0, 16, 0.5], "texture": "#1"},
				"up": {"uv": [15.5, 0, 16, 0.5], "texture": "#1"},
				"down": {"uv": [15.5, 0, 16, 0.5], "texture": "#1"}
			}
		},
		{
			"from": [15, 15, 7.75],
			"to": [15.5, 15.5, 8.25],
			"faces": {
				"north": {"uv": [15.5, 0.5, 15, 1], "texture": "#1"},
				"east": {"uv": [15, 0.5, 15.5, 1], "texture": "#1"},
				"south": {"uv": [15, 0.5, 15.5, 1], "texture": "#1"},
				"west": {"uv": [15, 0.5, 15.5, 1], "texture": "#1"},
				"up": {"uv": [15, 0.5, 15.5, 1], "texture": "#1"}
			}
		},
		{
			"from": [8, 10, 7.45],
			"to": [11.5, 10.5, 8.55],
			"faces": {
				"north": {"uv": [11.5, 5.5, 8, 6], "texture": "#1"},
				"east": {"uv": [11, 5.5, 11.5, 6], "texture": "#1"},
				"south": {"uv": [8, 5.5, 11.5, 6], "texture": "#1"},
				"west": {"uv": [8, 5.5, 8.5, 6], "texture": "#1"},
				"up": {"uv": [8, 5.5, 11.5, 6], "texture": "#1"},
				"down": {"uv": [8, 5.5, 11.5, 6], "texture": "#1"}
			}
		},
		{
			"from": [10.5, 12.5, 7.45],
			"to": [11, 13, 8.55],
			"faces": {
				"north": {"uv": [11, 3, 10.5, 3.5], "texture": "#1"},
				"south": {"uv": [10.5, 3, 11, 3.5], "texture": "#1"},
				"west": {"uv": [10.5, 3, 11, 3.5], "texture": "#1"},
				"up": {"uv": [10.5, 3, 11, 3.5], "texture": "#1"}
			}
		},
		{
			"from": [10, 12, 7.45],
			"to": [13.5, 12.5, 8.55],
			"faces": {
				"north": {"uv": [13.5, 3.5, 10, 4], "texture": "#1"},
				"east": {"uv": [13, 3.5, 13.5, 4], "texture": "#1"},
				"south": {"uv": [10, 3.5, 13.5, 4], "texture": "#1"},
				"west": {"uv": [10, 3.5, 10.5, 4], "texture": "#1"},
				"up": {"uv": [10, 3.5, 13.5, 4], "texture": "#1"},
				"down": {"uv": [10, 3.5, 13.5, 4], "texture": "#1"}
			}
		},
		{
			"from": [12, 13.5, 7.05],
			"to": [13, 14, 8.95],
			"faces": {
				"north": {"uv": [13, 2, 12, 2.5], "texture": "#1"},
				"east": {"uv": [12.5, 2, 13, 2.5], "texture": "#1"},
				"south": {"uv": [12, 2, 13, 2.5], "texture": "#1"},
				"west": {"uv": [12, 2, 12.5, 2.5], "texture": "#1"},
				"up": {"uv": [12, 2, 13, 2.5], "texture": "#1"}
			}
		},
		{
			"from": [11.5, 13, 7.05],
			"to": [13.5, 13.5, 8.95],
			"faces": {
				"north": {"uv": [13.5, 2.5, 11.5, 3], "texture": "#1"},
				"east": {"uv": [13, 2.5, 13.5, 3], "texture": "#1"},
				"south": {"uv": [11.5, 2.5, 13.5, 3], "texture": "#1"},
				"west": {"uv": [11.5, 2.5, 12, 3], "texture": "#1"},
				"up": {"uv": [11.5, 2.5, 13.5, 3], "texture": "#1"}
			}
		},
		{
			"from": [11, 12.5, 7.05],
			"to": [12.5, 13, 8.95],
			"faces": {
				"north": {"uv": [12.5, 3, 11, 3.5], "texture": "#1"},
				"south": {"uv": [11, 3, 12.5, 3.5], "texture": "#1"},
				"west": {"uv": [11, 3, 11.5, 3.5], "texture": "#1"},
				"up": {"uv": [11, 3, 12.5, 3.5], "texture": "#1"}
			}
		},
		{
			"from": [10.5, 12, 7.05],
			"to": [13, 12.5, 8.95],
			"faces": {
				"north": {"uv": [13, 3.5, 10.5, 4], "texture": "#1"},
				"east": {"uv": [12.5, 3.5, 13, 4], "texture": "#1"},
				"south": {"uv": [10.5, 3.5, 13, 4], "texture": "#1"},
				"west": {"uv": [10.5, 3.5, 11, 4], "texture": "#1"},
				"up": {"uv": [10.5, 3.5, 13, 4], "texture": "#1"},
				"down": {"uv": [10.5, 3.5, 13, 4], "texture": "#1"}
			}
		},
		{
			"from": [10, 11.5, 7.05],
			"to": [11.5, 12, 8.95],
			"faces": {
				"north": {"uv": [11.5, 4, 10, 4.5], "texture": "#1"},
				"south": {"uv": [10, 4, 11.5, 4.5], "texture": "#1"},
				"west": {"uv": [10, 4, 10.5, 4.5], "texture": "#1"},
				"up": {"uv": [10, 4, 11.5, 4.5], "texture": "#1"}
			}
		},
		{
			"from": [9.5, 11, 7.05],
			"to": [12, 11.5, 8.95],
			"faces": {
				"north": {"uv": [12, 4.5, 9.5, 5], "texture": "#1"},
				"east": {"uv": [11.5, 4.5, 12, 5], "texture": "#1"},
				"south": {"uv": [9.5, 4.5, 12, 5], "texture": "#1"},
				"west": {"uv": [9.5, 4.5, 10, 5], "texture": "#1"},
				"up": {"uv": [9.5, 4.5, 12, 5], "texture": "#1"},
				"down": {"uv": [9.5, 4.5, 12, 5], "texture": "#1"}
			}
		},
		{
			"from": [9, 10.5, 7.05],
			"to": [10.5, 11, 8.95],
			"faces": {
				"north": {"uv": [10.5, 5, 9, 5.5], "texture": "#1"},
				"south": {"uv": [9, 5, 10.5, 5.5], "texture": "#1"},
				"west": {"uv": [9, 5, 9.5, 5.5], "texture": "#1"},
				"up": {"uv": [9, 5, 10.5, 5.5], "texture": "#1"}
			}
		},
		{
			"from": [8.5, 10, 7.05],
			"to": [11, 10.5, 8.95],
			"faces": {
				"north": {"uv": [11, 5.5, 8.5, 6], "texture": "#1"},
				"east": {"uv": [10.5, 5.5, 11, 6], "texture": "#1"},
				"south": {"uv": [8.5, 5.5, 11, 6], "texture": "#1"},
				"west": {"uv": [8.5, 5.5, 9, 6], "texture": "#1"},
				"up": {"uv": [8.5, 5.5, 11, 6], "texture": "#1"},
				"down": {"uv": [8.5, 5.5, 11, 6], "texture": "#1"}
			}
		},
		{
			"from": [8, 9.5, 7.05],
			"to": [9.5, 10, 8.95],
			"faces": {
				"north": {"uv": [9.5, 6, 8, 6.5], "texture": "#1"},
				"south": {"uv": [8, 6, 9.5, 6.5], "texture": "#1"},
				"west": {"uv": [8, 6, 8.5, 6.5], "texture": "#1"},
				"up": {"uv": [8, 6, 9.5, 6.5], "texture": "#1"}
			}
		},
		{
			"from": [10.5, 10.5, 6.95],
			"to": [11.5, 11, 9.05],
			"faces": {
				"north": {"uv": [11.5, 5, 10.5, 5.5], "texture": "#1"},
				"east": {"uv": [11, 5, 11.5, 5.5], "texture": "#1"},
				"south": {"uv": [10.5, 5, 11.5, 5.5], "texture": "#1"},
				"west": {"uv": [10.5, 5, 11, 5.5], "texture": "#1"},
				"up": {"uv": [10.5, 5, 11.5, 5.5], "texture": "#1"},
				"down": {"uv": [10.5, 5, 11.5, 5.5], "texture": "#1"}
			}
		},
		{
			"from": [9.5, 9.5, 6.95],
			"to": [10.5, 10, 9.05],
			"faces": {
				"north": {"uv": [10.5, 6, 9.5, 6.5], "texture": "#1"},
				"east": {"uv": [10, 6, 10.5, 6.5], "texture": "#1"},
				"south": {"uv": [9.5, 6, 10.5, 6.5], "texture": "#1"},
				"west": {"uv": [9.5, 6, 10, 6.5], "texture": "#1"},
				"up": {"uv": [9.5, 6, 10.5, 6.5], "texture": "#1"},
				"down": {"uv": [9.5, 6, 10.5, 6.5], "texture": "#1"}
			}
		},
		{
			"from": [11.5, 11.5, 6.95],
			"to": [12.5, 12, 9.05],
			"faces": {
				"north": {"uv": [12.5, 4, 11.5, 4.5], "texture": "#1"},
				"east": {"uv": [12, 4, 12.5, 4.5], "texture": "#1"},
				"south": {"uv": [11.5, 4, 12.5, 4.5], "texture": "#1"},
				"west": {"uv": [11.5, 4, 12, 4.5], "texture": "#1"},
				"up": {"uv": [11.5, 4, 12.5, 4.5], "texture": "#1"},
				"down": {"uv": [11.5, 4, 12.5, 4.5], "texture": "#1"}
			}
		},
		{
			"from": [12.5, 12.5, 6.95],
			"to": [13.5, 13, 9.05],
			"faces": {
				"north": {"uv": [13.5, 3, 12.5, 3.5], "texture": "#1"},
				"east": {"uv": [13, 3, 13.5, 3.5], "texture": "#1"},
				"south": {"uv": [12.5, 3, 13.5, 3.5], "texture": "#1"},
				"west": {"uv": [12.5, 3, 13, 3.5], "texture": "#1"},
				"up": {"uv": [12.5, 3, 13.5, 3.5], "texture": "#1"},
				"down": {"uv": [12.5, 3, 13.5, 3.5], "texture": "#1"}
			}
		},
		{
			"from": [7.5, 9, 7.05],
			"to": [10, 9.5, 8.95],
			"faces": {
				"north": {"uv": [10, 6.5, 7.5, 7], "texture": "#1"},
				"east": {"uv": [9.5, 6.5, 10, 7], "texture": "#1"},
				"south": {"uv": [7.5, 6.5, 10, 7], "texture": "#1"},
				"west": {"uv": [7.5, 6.5, 8, 7], "texture": "#1"},
				"up": {"uv": [7.5, 6.5, 10, 7], "texture": "#1"},
				"down": {"uv": [7.5, 6.5, 10, 7], "texture": "#1"}
			}
		},
		{
			"from": [6, 7, 7.05],
			"to": [7, 7.5, 8.95],
			"faces": {
				"north": {"uv": [7, 8.5, 6, 9], "texture": "#1"},
				"east": {"uv": [6.5, 8.5, 7, 9], "texture": "#1"},
				"south": {"uv": [6, 8.5, 7, 9], "texture": "#1"},
				"west": {"uv": [6, 8.5, 6.5, 9], "texture": "#1"},
				"down": {"uv": [6, 8.5, 7, 9], "texture": "#1"}
			}
		},
		{
			"from": [7.5, 7, 7.05],
			"to": [8, 7.5, 8.95],
			"faces": {
				"north": {"uv": [8, 8.5, 7.5, 9], "texture": "#1"},
				"east": {"uv": [7.5, 8.5, 8, 9], "texture": "#1"},
				"south": {"uv": [7.5, 8.5, 8, 9], "texture": "#1"},
				"west": {"uv": [7.5, 8.5, 8, 9], "texture": "#1"},
				"down": {"uv": [7.5, 8.5, 8, 9], "texture": "#1"}
			}
		},
		{
			"from": [6, 7.5, 7.05],
			"to": [8.5, 8, 8.95],
			"faces": {
				"north": {"uv": [8.5, 8, 6, 8.5], "texture": "#1"},
				"east": {"uv": [8, 8, 8.5, 8.5], "texture": "#1"},
				"south": {"uv": [6, 8, 8.5, 8.5], "texture": "#1"},
				"west": {"uv": [6, 8, 6.5, 8.5], "texture": "#1"},
				"up": {"uv": [6, 8, 8.5, 8.5], "texture": "#1"},
				"down": {"uv": [6, 8, 8.5, 8.5], "texture": "#1"}
			}
		},
		{
			"from": [5, 6, 7.05],
			"to": [6.5, 6.5, 8.95],
			"faces": {
				"north": {"uv": [6.5, 9.5, 5, 10], "texture": "#1"},
				"east": {"uv": [6, 9.5, 6.5, 10], "texture": "#1"},
				"south": {"uv": [5, 9.5, 6.5, 10], "texture": "#1"},
				"west": {"uv": [5, 9.5, 5.5, 10], "texture": "#1"},
				"up": {"uv": [5, 9.5, 6.5, 10], "texture": "#1"},
				"down": {"uv": [5, 9.5, 6.5, 10], "texture": "#1"}
			}
		},
		{
			"from": [5, 5.5, 7.05],
			"to": [6, 6, 8.95],
			"faces": {
				"north": {"uv": [6, 10, 5, 10.5], "texture": "#1"},
				"east": {"uv": [5.5, 10, 6, 10.5], "texture": "#1"},
				"south": {"uv": [5, 10, 6, 10.5], "texture": "#1"},
				"west": {"uv": [5, 10, 5.5, 10.5], "texture": "#1"},
				"down": {"uv": [5, 10, 6, 10.5], "texture": "#1"}
			}
		},
		{
			"from": [5, 5, 7.05],
			"to": [5.5, 5.5, 8.95],
			"faces": {
				"north": {"uv": [5.5, 10.5, 5, 11], "texture": "#1"},
				"east": {"uv": [5, 10.5, 5.5, 11], "texture": "#1"},
				"south": {"uv": [5, 10.5, 5.5, 11], "texture": "#1"},
				"west": {"uv": [5, 10.5, 5.5, 11], "texture": "#1"},
				"down": {"uv": [5, 10.5, 5.5, 11], "texture": "#1"}
			}
		},
		{
			"from": [5.5, 6.5, 7.05],
			"to": [7.5, 7, 8.95],
			"faces": {
				"north": {"uv": [7.5, 9, 5.5, 9.5], "texture": "#1"},
				"east": {"uv": [7, 9, 7.5, 9.5], "texture": "#1"},
				"south": {"uv": [5.5, 9, 7.5, 9.5], "texture": "#1"},
				"west": {"uv": [5.5, 9, 6, 9.5], "texture": "#1"},
				"up": {"uv": [5.5, 9, 7.5, 9.5], "texture": "#1"},
				"down": {"uv": [5.5, 9, 7.5, 9.5], "texture": "#1"}
			}
		},
		{
			"from": [6.5, 8, 7.05],
			"to": [9, 8.5, 8.95],
			"faces": {
				"north": {"uv": [9, 7.5, 6.5, 8], "texture": "#1"},
				"east": {"uv": [8.5, 7.5, 9, 8], "texture": "#1"},
				"south": {"uv": [6.5, 7.5, 9, 8], "texture": "#1"},
				"west": {"uv": [6.5, 7.5, 7, 8], "texture": "#1"},
				"up": {"uv": [6.5, 7.5, 9, 8], "texture": "#1"},
				"down": {"uv": [6.5, 7.5, 9, 8], "texture": "#1"}
			}
		},
		{
			"from": [7, 8.5, 7.05],
			"to": [8.5, 9, 8.95],
			"faces": {
				"north": {"uv": [8.5, 7, 7, 7.5], "texture": "#1"},
				"south": {"uv": [7, 7, 8.5, 7.5], "texture": "#1"},
				"west": {"uv": [7, 7, 7.5, 7.5], "texture": "#1"},
				"up": {"uv": [7, 7, 8.5, 7.5], "texture": "#1"}
			}
		},
		{
			"from": [8.5, 8.5, 6.95],
			"to": [9.5, 9, 9.05],
			"faces": {
				"north": {"uv": [9.5, 7, 8.5, 7.5], "texture": "#1"},
				"east": {"uv": [9, 7, 9.5, 7.5], "texture": "#1"},
				"south": {"uv": [8.5, 7, 9.5, 7.5], "texture": "#1"},
				"west": {"uv": [8.5, 7, 8.9, 7.5], "texture": "#1"},
				"up": {"uv": [8.5, 7, 9.5, 7.5], "texture": "#1"},
				"down": {"uv": [8.5, 7, 9.5, 7.5], "texture": "#1"}
			}
		},
		{
			"from": [8, 9, 6.95],
			"to": [8.5, 9.5, 9.05],
			"faces": {
				"north": {"uv": [8.5, 6.5, 8, 7], "texture": "#1"},
				"east": {"uv": [8, 6.5, 8.5, 7], "texture": "#1"},
				"south": {"uv": [8, 6.5, 8.5, 7], "texture": "#1"},
				"west": {"uv": [8, 6.5, 8.5, 7], "texture": "#1"},
				"up": {"uv": [8, 6.5, 8.5, 7], "texture": "#1"},
				"down": {"uv": [8, 6.5, 8.5, 7], "texture": "#1"}
			}
		},
		{
			"from": [7.5, 8, 6.95],
			"to": [8, 9, 9.05],
			"faces": {
				"north": {"uv": [7.5, 7, 8, 8], "texture": "#1"},
				"east": {"uv": [7.5, 7, 8, 8], "texture": "#1"},
				"south": {"uv": [7.5, 7, 8, 8], "texture": "#1"},
				"west": {"uv": [7.5, 7, 8, 8], "texture": "#1"},
				"up": {"uv": [7.5, 7, 8, 7.5], "texture": "#1"},
				"down": {"uv": [7.5, 7.5, 8, 8], "texture": "#1"}
			}
		},
		{
			"from": [9, 10, 6.95],
			"to": [9.5, 10.5, 9.05],
			"faces": {
				"north": {"uv": [9.5, 5.5, 9, 6], "texture": "#1"},
				"east": {"uv": [9, 5.5, 9.5, 6], "texture": "#1"},
				"south": {"uv": [9, 5.5, 9.5, 6], "texture": "#1"},
				"west": {"uv": [9, 5.5, 9.5, 6], "texture": "#1"},
				"up": {"uv": [9, 5.5, 9.5, 6], "texture": "#1"},
				"down": {"uv": [9, 5.5, 9.5, 6], "texture": "#1"}
			}
		},
		{
			"from": [10, 11, 6.95],
			"to": [10.5, 11.5, 9.05],
			"faces": {
				"north": {"uv": [10.5, 4.5, 10, 5], "texture": "#1"},
				"east": {"uv": [10, 4.5, 10.5, 5], "texture": "#1"},
				"south": {"uv": [10, 4.5, 10.5, 5], "texture": "#1"},
				"west": {"uv": [10, 4.5, 10.5, 5], "texture": "#1"},
				"up": {"uv": [10, 4.5, 10.5, 5], "texture": "#1"},
				"down": {"uv": [10, 4.5, 10.5, 5], "texture": "#1"}
			}
		},
		{
			"from": [11, 12, 6.95],
			"to": [11.5, 12.5, 9.05],
			"faces": {
				"north": {"uv": [11.5, 3.5, 11, 4], "texture": "#1"},
				"east": {"uv": [11, 3.5, 11.5, 4], "texture": "#1"},
				"south": {"uv": [11, 3.5, 11.5, 4], "texture": "#1"},
				"west": {"uv": [11, 3.5, 11.5, 4], "texture": "#1"},
				"up": {"uv": [11, 3.5, 11.5, 4], "texture": "#1"},
				"down": {"uv": [11, 3.5, 11.5, 4], "texture": "#1"}
			}
		},
		{
			"from": [12, 13, 6.95],
			"to": [12.5, 13.5, 9.05],
			"faces": {
				"north": {"uv": [12.5, 2.5, 12, 3], "texture": "#1"},
				"east": {"uv": [12, 2.5, 12.5, 3], "texture": "#1"},
				"south": {"uv": [12, 2.5, 12.5, 3], "texture": "#1"},
				"west": {"uv": [12, 2.5, 12.5, 3], "texture": "#1"},
				"up": {"uv": [12, 2.5, 12.5, 3], "texture": "#1"},
				"down": {"uv": [12, 2.5, 12.5, 3], "texture": "#1"}
			}
		},
		{
			"from": [4, 5.5, 7.15],
			"to": [5, 6.5, 8.85],
			"faces": {
				"north": {"uv": [5, 9.5, 4, 10.5], "texture": "#1"},
				"south": {"uv": [4, 9.5, 5, 10.5], "texture": "#1"},
				"west": {"uv": [4, 9.5, 4.5, 10.5], "texture": "#1"},
				"up": {"uv": [4, 9.5, 5, 10], "texture": "#1"}
			}
		},
		{
			"from": [3.5, 5, 7.15],
			"to": [5, 5.5, 8.85],
			"faces": {
				"north": {"uv": [5, 10.5, 3.5, 11], "texture": "#1"},
				"south": {"uv": [3.5, 10.5, 5, 11], "texture": "#1"},
				"west": {"uv": [3.5, 10.5, 4, 11], "texture": "#1"},
				"up": {"uv": [3.5, 10.5, 5, 11], "texture": "#1"}
			}
		},
		{
			"from": [4, 4.5, 7.15],
			"to": [5, 5, 8.85],
			"faces": {
				"north": {"uv": [4, 11, 5, 11.5], "texture": "#1"},
				"east": {"uv": [4.5, 11, 5, 11.5], "texture": "#1"},
				"south": {"uv": [4, 11, 5, 11.5], "texture": "#1"},
				"down": {"uv": [4, 11, 5, 11.5], "texture": "#1"}
			}
		},
		{
			"from": [3, 4.5, 7.05],
			"to": [4, 5, 8.95],
			"faces": {
				"north": {"uv": [3, 11, 4, 11.5], "texture": "#1"},
				"east": {"uv": [3.5, 11, 4, 11.5], "texture": "#1"},
				"south": {"uv": [3, 11, 4, 11.5], "texture": "#1"},
				"west": {"uv": [3, 11, 3.5, 11.5], "texture": "#1"},
				"up": {"uv": [3, 11, 4, 11.5], "texture": "#1"},
				"down": {"uv": [3, 11, 4, 11.5], "texture": "#1"}
			}
		},
		{
			"from": [2.5, 4, 7.05],
			"to": [4.5, 4.5, 8.95],
			"faces": {
				"north": {"uv": [4.5, 11.5, 2.5, 12], "texture": "#1"},
				"east": {"uv": [4, 11.5, 4.5, 12], "texture": "#1"},
				"south": {"uv": [2.5, 11.5, 4.5, 12], "texture": "#1"},
				"west": {"uv": [2.5, 11.5, 3, 12], "texture": "#1"},
				"up": {"uv": [2.5, 11.5, 4.5, 12], "texture": "#1"},
				"down": {"uv": [2.5, 11.5, 4.5, 12], "texture": "#1"}
			}
		},
		{
			"from": [1.5, 3, 7.05],
			"to": [3.5, 3.5, 8.95],
			"faces": {
				"north": {"uv": [3.5, 12.5, 1.5, 13], "texture": "#1"},
				"east": {"uv": [3, 12.5, 3.5, 13], "texture": "#1"},
				"south": {"uv": [1.5, 12.5, 3.5, 13], "texture": "#1"},
				"west": {"uv": [1.5, 12.5, 2, 13], "texture": "#1"},
				"up": {"uv": [1.5, 12.5, 3.5, 13], "texture": "#1"},
				"down": {"uv": [1.5, 12.5, 3.5, 13], "texture": "#1"}
			}
		},
		{
			"from": [2, 3.5, 7.05],
			"to": [4, 4, 8.95],
			"faces": {
				"north": {"uv": [4, 12, 2, 12.5], "texture": "#1"},
				"east": {"uv": [3.5, 12, 4, 12.5], "texture": "#1"},
				"south": {"uv": [2, 12, 4, 12.5], "texture": "#1"},
				"west": {"uv": [2, 12, 2.5, 12.5], "texture": "#1"},
				"up": {"uv": [2, 12, 4, 12.5], "texture": "#1"},
				"down": {"uv": [2, 12, 4, 12.5], "texture": "#1"}
			}
		},
		{
			"from": [1, 2.5, 7.05],
			"to": [3, 3, 8.95],
			"faces": {
				"north": {"uv": [3, 13, 1, 13.5], "texture": "#1"},
				"east": {"uv": [2.5, 13, 3, 13.5], "texture": "#1"},
				"south": {"uv": [1, 13, 3, 13.5], "texture": "#1"},
				"west": {"uv": [1, 13, 1.5, 13.5], "texture": "#1"},
				"up": {"uv": [1, 13, 3, 13.5], "texture": "#1"},
				"down": {"uv": [1, 13, 3, 13.5], "texture": "#1"}
			}
		},
		{
			"from": [0.5, 2, 7.05],
			"to": [3, 2.5, 8.95],
			"faces": {
				"north": {"uv": [3, 13.5, 0.5, 14], "texture": "#1"},
				"east": {"uv": [2.5, 13.5, 3, 14], "texture": "#1"},
				"south": {"uv": [0.5, 13.5, 3, 14], "texture": "#1"},
				"west": {"uv": [0.5, 13.5, 1, 14], "texture": "#1"},
				"up": {"uv": [0.5, 13.5, 3, 14], "texture": "#1"},
				"down": {"uv": [0.5, 13.5, 3, 14], "texture": "#1"}
			}
		},
		{
			"from": [0.5, 1.5, 7.05],
			"to": [2.5, 2, 8.95],
			"faces": {
				"north": {"uv": [2.5, 14, 0.5, 14.5], "texture": "#1"},
				"east": {"uv": [2, 14, 2.5, 14.5], "texture": "#1"},
				"south": {"uv": [0.5, 14, 2.5, 14.5], "texture": "#1"},
				"west": {"uv": [0.5, 14, 1, 14.5], "texture": "#1"},
				"down": {"uv": [0.5, 14, 2.5, 14.5], "texture": "#1"}
			}
		},
		{
			"from": [1, 1, 7.05],
			"to": [2.5, 1.5, 8.95],
			"faces": {
				"north": {"uv": [2.5, 14.5, 1, 15], "texture": "#1"},
				"east": {"uv": [2, 14.5, 2.5, 15], "texture": "#1"},
				"south": {"uv": [1, 14.5, 2.5, 15], "texture": "#1"},
				"west": {"uv": [1, 14.5, 1.5, 15], "texture": "#1"},
				"down": {"uv": [1, 14.5, 2.5, 15], "texture": "#1"}
			}
		},
		{
			"from": [1.5, 0.5, 7.05],
			"to": [2, 1, 8.95],
			"faces": {
				"north": {"uv": [2, 15, 1.5, 15.5], "texture": "#1"},
				"east": {"uv": [1.5, 15, 2, 15.5], "texture": "#1"},
				"south": {"uv": [1.5, 15, 2, 15.5], "texture": "#1"},
				"west": {"uv": [1.5, 15, 2, 15.5], "texture": "#1"},
				"down": {"uv": [1.5, 15, 2, 15.5], "texture": "#1"}
			}
		},
		{
			"from": [4.5, 6.5, 7.15],
			"to": [6, 7.5, 8.85],
			"faces": {
				"north": {"uv": [6, 8.5, 4.5, 9.5], "texture": "#1"},
				"south": {"uv": [4.5, 8.5, 6, 9.5], "texture": "#1"},
				"west": {"uv": [4.5, 8.5, 5, 9.5], "texture": "#1"},
				"up": {"uv": [4.5, 8.5, 6, 9], "texture": "#1"}
			}
		},
		{
			"from": [5, 7.5, 7.15],
			"to": [6, 8, 8.85],
			"faces": {
				"north": {"uv": [6, 8, 5, 8.5], "texture": "#1"},
				"south": {"uv": [5, 8, 6, 8.5], "texture": "#1"},
				"west": {"uv": [5, 8, 5.5, 8.5], "texture": "#1"},
				"up": {"uv": [5, 8, 6, 8.5], "texture": "#1"}
			}
		},
		{
			"from": [5.5, 8, 7.15],
			"to": [6.5, 8.5, 8.85],
			"faces": {
				"north": {"uv": [6.5, 7.5, 5.5, 8], "texture": "#1"},
				"south": {"uv": [5.5, 7.5, 6.5, 8], "texture": "#1"},
				"west": {"uv": [5.5, 7.5, 6, 8], "texture": "#1"},
				"up": {"uv": [5.5, 7.5, 6.5, 8], "texture": "#1"}
			}
		},
		{
			"from": [6.5, 8.5, 7.15],
			"to": [7, 9, 8.85],
			"faces": {
				"north": {"uv": [7, 7, 6.5, 7.5], "texture": "#1"},
				"south": {"uv": [6.5, 7, 7, 7.5], "texture": "#1"},
				"west": {"uv": [6.5, 7, 7, 7.5], "texture": "#1"},
				"up": {"uv": [6.5, 7, 7, 7.5], "texture": "#1"}
			}
		},
		{
			"from": [7, 7, 7.15],
			"to": [7.5, 7.5, 8.85],
			"faces": {
				"north": {"uv": [7.5, 8.5, 7, 9], "texture": "#1"},
				"south": {"uv": [7, 8.5, 7.5, 9], "texture": "#1"}
			}
		}
	],
	"gui_light": "front",
	"display": {
		"thirdperson_righthand": {
			"rotation": [0, 90, -45],
			"translation": [0, 0, -2.5],
			"scale": [0.9, 0.9, 0.9]
		},
		"thirdperson_lefthand": {
			"rotation": [0, -90, 45],
			"translation": [0, 0, -2.5],
			"scale": [0.9, 0.9, 0.9]
		},
		"firstperson_righthand": {
			"rotation": [0, 90, -40],
			"translation": [0, 3, 0],
			"scale": [0.8, 0.8, 0.8]
		},
		"firstperson_lefthand": {
			"rotation": [0, -90, 40],
			"translation": [0, 3, 0],
			"scale": [0.8, 0.8, 0.8]
		},
		"ground": {
			"translation": [0, 2, 0],
			"scale": [0.6, 0.6, 0.6]
		},
		"head": {
			"rotation": [-45, 90, 0],
			"translation": [0, 7, -2]
		},
		"fixed": {
			"rotation": [0, 180, 0]
		}
	}
}