{
	"credit": "Made with Blockbench",
	"textures": {
		"0": "custom/weapon/thunder_blade",
		"particle": "custom/weapon/thunder_blade"
	},
	"elements": [
		{
			"from": [0.5, 0.5, 7.25],
			"to": [1.5, 1.5, 8.75],
			"faces": {
				"north": {"uv": [1.5, 14.5, 0.5, 15.5], "texture": "#0"},
				"east": {"uv": [1, 14.5, 1.5, 15.5], "texture": "#0"},
				"south": {"uv": [0.5, 14.5, 1.5, 15.5], "texture": "#0"},
				"west": {"uv": [0.5, 14.5, 1, 15.5], "texture": "#0"},
				"up": {"uv": [0.5, 14.5, 1.5, 15], "texture": "#0"},
				"down": {"uv": [0.5, 15, 1.5, 15.5], "texture": "#0"}
			}
		},
		{
			"from": [4.5, 4.5, 7.25],
			"to": [5.5, 5.5, 8.75],
			"faces": {
				"north": {"uv": [5.5, 10.5, 4.5, 11.5], "texture": "#0"},
				"east": {"uv": [5, 10.5, 5.5, 11.5], "texture": "#0"},
				"south": {"uv": [4.5, 10.5, 5.5, 11.5], "texture": "#0"},
				"west": {"uv": [4.5, 10.5, 5, 11.5], "texture": "#0"},
				"up": {"uv": [4.5, 10.5, 5.5, 11], "texture": "#0"},
				"down": {"uv": [4.5, 11, 5.5, 11.5], "texture": "#0"}
			}
		},
		{
			"from": [0, 0, 7.75],
			"to": [2, 1, 8.25],
			"faces": {
				"north": {"uv": [2, 15, 0, 16], "texture": "#0"},
				"east": {"uv": [1.5, 15, 2, 16], "texture": "#0"},
				"south": {"uv": [0, 15, 2, 16], "texture": "#0"},
				"west": {"uv": [0, 15, 0.5, 16], "texture": "#0"},
				"down": {"uv": [0, 15.5, 2, 16], "texture": "#0"}
			}
		},
		{
			"from": [0, 1, 7.75],
			"to": [2.5, 1.5, 8.25],
			"faces": {
				"north": {"uv": [2.5, 14.5, 0, 15], "texture": "#0"},
				"east": {"uv": [0, 14.5, 0.5, 15], "texture": "#0"},
				"south": {"uv": [0, 14.5, 2.5, 15], "texture": "#0"},
				"west": {"uv": [0, 14.5, 0.5, 15], "texture": "#0"},
				"up": {"uv": [0, 14.5, 2.5, 15], "texture": "#0"},
				"down": {"uv": [0, 14.5, 2.5, 15], "texture": "#0"}
			}
		},
		{
			"from": [0, 1.5, 7.75],
			"to": [3, 2, 8.25],
			"faces": {
				"north": {"uv": [3, 14, 0, 14.5], "texture": "#0"},
				"east": {"uv": [0, 14, 0.5, 14.5], "texture": "#0"},
				"south": {"uv": [0, 14, 3, 14.5], "texture": "#0"},
				"west": {"uv": [0, 14, 0.5, 14.5], "texture": "#0"},
				"up": {"uv": [0, 14, 3, 14.5], "texture": "#0"},
				"down": {"uv": [0, 14, 3, 14.5], "texture": "#0"}
			}
		},
		{
			"from": [1, 2, 7.75],
			"to": [3.5, 2.5, 8.25],
			"faces": {
				"north": {"uv": [3.5, 13.5, 1, 14], "texture": "#0"},
				"east": {"uv": [1, 13.5, 1.5, 14], "texture": "#0"},
				"south": {"uv": [1, 13.5, 3.5, 14], "texture": "#0"},
				"west": {"uv": [1, 13.5, 1.5, 14], "texture": "#0"},
				"up": {"uv": [1, 13.5, 3.5, 14], "texture": "#0"},
				"down": {"uv": [1, 13.5, 3.5, 14], "texture": "#0"}
			}
		},
		{
			"from": [1.5, 2, 7.5],
			"to": [3, 2.5, 8.5],
			"faces": {
				"north": {"uv": [3, 13.5, 1.5, 14], "texture": "#0"},
				"east": {"uv": [2.5, 13.5, 3, 14], "texture": "#0"},
				"south": {"uv": [1.5, 13.5, 3, 14], "texture": "#0"},
				"west": {"uv": [1.5, 13.5, 2, 14], "texture": "#0"},
				"up": {"uv": [1.5, 13.5, 3, 14], "texture": "#0"},
				"down": {"uv": [1.5, 13.5, 3, 14], "texture": "#0"}
			}
		},
		{
			"from": [1.5, 1, 7.5],
			"to": [2, 1.5, 8.5],
			"faces": {
				"north": {"uv": [2, 14.5, 1.5, 15], "texture": "#0"},
				"east": {"uv": [1.5, 14.5, 2, 15], "texture": "#0"},
				"south": {"uv": [1.5, 14.5, 2, 15], "texture": "#0"},
				"down": {"uv": [1.5, 14.5, 2, 15], "texture": "#0"}
			}
		},
		{
			"from": [3, 4, 7.75],
			"to": [7, 4.5, 8.25],
			"rotation": {"angle": 0, "axis": "y", "origin": [0, 0, 16]},
			"faces": {
				"north": {"uv": [7, 11.5, 3, 12], "texture": "#0"},
				"east": {"uv": [7, 11.5, 6.5, 12], "texture": "#0"},
				"south": {"uv": [3, 11.5, 7, 12], "texture": "#0"},
				"west": {"uv": [3.5, 11.5, 3, 12], "texture": "#0"},
				"up": {"uv": [3, 12, 7, 11.5], "texture": "#0"},
				"down": {"uv": [3, 12, 7, 11.5], "texture": "#0"}
			}
		},
		{
			"from": [3.5, 4.5, 7.75],
			"to": [9.5, 5, 8.25],
			"rotation": {"angle": 0, "axis": "y", "origin": [0, 0, 16]},
			"faces": {
				"north": {"uv": [9.5, 11, 3.5, 11.5], "texture": "#0"},
				"east": {"uv": [4, 11, 3.5, 11.5], "texture": "#0"},
				"south": {"uv": [3.5, 11, 9.5, 11.5], "texture": "#0"},
				"west": {"uv": [4, 11, 3.5, 11.5], "texture": "#0"},
				"up": {"uv": [3.5, 11.5, 9.5, 11], "texture": "#0"},
				"down": {"uv": [3.5, 11.5, 9.5, 11], "texture": "#0"}
			}
		},
		{
			"from": [1.5, 2.5, 7.75],
			"to": [4, 3, 8.25],
			"faces": {
				"north": {"uv": [4, 13, 1.5, 13.5], "texture": "#0"},
				"east": {"uv": [1.5, 13, 2, 13.5], "texture": "#0"},
				"south": {"uv": [1.5, 13, 4, 13.5], "texture": "#0"},
				"west": {"uv": [1.5, 13, 2, 13.5], "texture": "#0"},
				"up": {"uv": [1.5, 13, 4, 13.5], "texture": "#0"},
				"down": {"uv": [1.5, 13, 4, 13.5], "texture": "#0"}
			}
		},
		{
			"from": [2, 2.5, 7.5],
			"to": [3.5, 3, 8.5],
			"faces": {
				"north": {"uv": [3.5, 13, 2, 13.5], "texture": "#0"},
				"east": {"uv": [3, 13, 3.5, 13.5], "texture": "#0"},
				"south": {"uv": [2, 13, 3.5, 13.5], "texture": "#0"},
				"west": {"uv": [2, 13, 2.5, 13.5], "texture": "#0"},
				"up": {"uv": [2, 13, 3.5, 13.5], "texture": "#0"},
				"down": {"uv": [2, 13, 3.5, 13.5], "texture": "#0"}
			}
		},
		{
			"from": [1, 1.5, 7.5],
			"to": [2.5, 2, 8.5],
			"faces": {
				"north": {"uv": [2.5, 14, 1, 14.5], "texture": "#0"},
				"east": {"uv": [2, 14, 2.5, 14.5], "texture": "#0"},
				"south": {"uv": [1, 14, 2.5, 14.5], "texture": "#0"},
				"west": {"uv": [1, 14, 1.5, 14.5], "texture": "#0"},
				"up": {"uv": [1, 14, 2.5, 14.5], "texture": "#0"},
				"down": {"uv": [1, 14, 2.5, 14.5], "texture": "#0"}
			}
		},
		{
			"from": [2, 3, 7.75],
			"to": [4.5, 3.5, 8.25],
			"faces": {
				"north": {"uv": [4.5, 12.5, 2, 13], "texture": "#0"},
				"east": {"uv": [2, 12.5, 2.5, 13], "texture": "#0"},
				"south": {"uv": [2, 12.5, 4.5, 13], "texture": "#0"},
				"west": {"uv": [2, 12.5, 2.5, 13], "texture": "#0"},
				"up": {"uv": [2, 12.5, 4.5, 13], "texture": "#0"},
				"down": {"uv": [2, 12.5, 4.5, 13], "texture": "#0"}
			}
		},
		{
			"from": [2.5, 3, 7.5],
			"to": [4, 3.5, 8.5],
			"faces": {
				"north": {"uv": [4, 12.5, 2.5, 13], "texture": "#0"},
				"east": {"uv": [3.5, 12.5, 4, 13], "texture": "#0"},
				"south": {"uv": [2.5, 12.5, 4, 13], "texture": "#0"},
				"west": {"uv": [2.5, 12.5, 3, 13], "texture": "#0"},
				"up": {"uv": [2.5, 12.5, 4, 13], "texture": "#0"},
				"down": {"uv": [2.5, 12.5, 4, 13], "texture": "#0"}
			}
		},
		{
			"from": [2.5, 3.5, 7.75],
			"to": [5, 4, 8.25],
			"faces": {
				"north": {"uv": [5, 12, 2.5, 12.5], "texture": "#0"},
				"east": {"uv": [2.5, 12, 3, 12.5], "texture": "#0"},
				"south": {"uv": [2.5, 12, 5, 12.5], "texture": "#0"},
				"west": {"uv": [2.5, 12, 3, 12.5], "texture": "#0"},
				"up": {"uv": [2.5, 12, 5, 12.5], "texture": "#0"},
				"down": {"uv": [2.5, 12, 5, 12.5], "texture": "#0"}
			}
		},
		{
			"from": [3, 3.5, 7.5],
			"to": [4.5, 4, 8.5],
			"faces": {
				"north": {"uv": [4.5, 12, 3, 12.5], "texture": "#0"},
				"east": {"uv": [4, 12, 4.5, 12.5], "texture": "#0"},
				"south": {"uv": [3, 12, 4.5, 12.5], "texture": "#0"},
				"west": {"uv": [3, 12, 3.5, 12.5], "texture": "#0"},
				"up": {"uv": [3, 12, 4.5, 12.5], "texture": "#0"},
				"down": {"uv": [3, 12, 4.5, 12.5], "texture": "#0"}
			}
		},
		{
			"from": [3.5, 4, 7.5],
			"to": [5, 4.5, 8.5],
			"faces": {
				"north": {"uv": [5, 11.5, 3.5, 12], "texture": "#0"},
				"east": {"uv": [4.5, 11.5, 5, 12], "texture": "#0"},
				"south": {"uv": [3.5, 11.5, 5, 12], "texture": "#0"},
				"west": {"uv": [3.5, 11.5, 4, 12], "texture": "#0"},
				"up": {"uv": [3.5, 11.5, 5, 12], "texture": "#0"},
				"down": {"uv": [3.5, 11.5, 5, 12], "texture": "#0"}
			}
		},
		{
			"from": [4, 4.5, 7.5],
			"to": [4.5, 5, 8.5],
			"faces": {
				"north": {"uv": [4.5, 11, 4, 11.5], "texture": "#0"},
				"east": {"uv": [4, 11, 4.5, 11.5], "texture": "#0"},
				"south": {"uv": [4, 11, 4.5, 11.5], "texture": "#0"},
				"west": {"uv": [4, 11, 4.5, 11.5], "texture": "#0"},
				"up": {"uv": [4, 11, 4.5, 11.5], "texture": "#0"},
				"down": {"uv": [4, 11, 4.5, 11.5], "texture": "#0"}
			}
		},
		{
			"from": [5.5, 5, 7.5],
			"to": [6, 5.5, 8.5],
			"faces": {
				"north": {"uv": [6, 10.5, 5.5, 11], "texture": "#0"},
				"east": {"uv": [5.5, 10.5, 6, 11], "texture": "#0"},
				"south": {"uv": [5.5, 10.5, 6, 11], "texture": "#0"},
				"up": {"uv": [5.5, 10.5, 6, 11], "texture": "#0"},
				"down": {"uv": [5.5, 10.5, 6, 11], "texture": "#0"}
			}
		},
		{
			"from": [5, 5.5, 7.5],
			"to": [5.5, 6, 8.5],
			"faces": {
				"north": {"uv": [5.5, 10, 5, 10.5], "texture": "#0"},
				"east": {"uv": [5, 10, 5.5, 10.5], "texture": "#0"},
				"south": {"uv": [5, 10, 5.5, 10.5], "texture": "#0"},
				"west": {"uv": [5, 10, 5.5, 10.5], "texture": "#0"},
				"up": {"uv": [5, 10, 5.5, 10.5], "texture": "#0"}
			}
		},
		{
			"from": [8, 4, 7.75],
			"to": [9, 4.5, 8.25],
			"rotation": {"angle": 0, "axis": "y", "origin": [0, 0, 16]},
			"faces": {
				"north": {"uv": [9, 11.5, 8, 12], "texture": "#0"},
				"east": {"uv": [9, 11.5, 8.5, 12], "texture": "#0"},
				"south": {"uv": [8, 11.5, 9, 12], "texture": "#0"},
				"west": {"uv": [8.5, 11.5, 8, 12], "texture": "#0"},
				"down": {"uv": [8, 12, 9, 11.5], "texture": "#0"}
			}
		},
		{
			"from": [10.5, 2, 7.75],
			"to": [11, 3, 8.25],
			"rotation": {"angle": 0, "axis": "y", "origin": [0, 0, 16]},
			"faces": {
				"north": {"uv": [11, 13, 10.5, 14], "texture": "#0"},
				"east": {"uv": [11, 13, 10.5, 14], "texture": "#0"},
				"south": {"uv": [10.5, 13, 11, 14], "texture": "#0"},
				"west": {"uv": [11, 13, 10.5, 14], "texture": "#0"},
				"up": {"uv": [10.5, 13.5, 11, 13], "texture": "#0"},
				"down": {"uv": [10.5, 13.5, 11, 14], "texture": "#0"}
			}
		},
		{
			"from": [9, 8.5, 7.75],
			"to": [9.5, 9, 8.25],
			"rotation": {"angle": 0, "axis": "y", "origin": [0, 0, 16]},
			"faces": {
				"north": {"uv": [9.5, 7, 9, 7.5], "texture": "#0"},
				"east": {"uv": [9.5, 7, 9, 7.5], "texture": "#0"},
				"south": {"uv": [9, 7, 9.5, 7.5], "texture": "#0"},
				"west": {"uv": [9.5, 7, 9, 7.5], "texture": "#0"},
				"down": {"uv": [9, 7.5, 9.5, 7], "texture": "#0"}
			}
		},
		{
			"from": [9, 9, 7.5],
			"to": [9.5, 9.5, 8.5],
			"rotation": {"angle": 0, "axis": "y", "origin": [0, 0, 16]},
			"faces": {
				"north": {"uv": [9.5, 6.5, 9, 7], "texture": "#0"},
				"east": {"uv": [10, 6.5, 9, 7], "texture": "#0"},
				"south": {"uv": [9, 6.5, 9.5, 7], "texture": "#0"},
				"west": {"uv": [10, 6.5, 9, 7], "texture": "#0"},
				"up": {"uv": [9, 7, 9.5, 6.5], "texture": "#0"},
				"down": {"uv": [9, 7, 9.5, 6.5], "texture": "#0"}
			}
		},
		{
			"from": [12, 11.5, 7.75],
			"to": [14, 12, 8.25],
			"rotation": {"angle": 0, "axis": "y", "origin": [0, 0, 16]},
			"faces": {
				"north": {"uv": [14, 4, 12, 4.5], "texture": "#0"},
				"east": {"uv": [14, 4, 13.5, 4.5], "texture": "#0"},
				"south": {"uv": [12, 4, 14, 4.5], "texture": "#0"},
				"west": {"uv": [12.5, 4, 12, 4.5], "texture": "#0"},
				"up": {"uv": [12, 4.5, 14, 4], "texture": "#0"},
				"down": {"uv": [12, 4.5, 14, 4], "texture": "#0"}
			}
		},
		{
			"from": [8, 3, 7.75],
			"to": [8.5, 4, 8.25],
			"rotation": {"angle": 0, "axis": "y", "origin": [0, 0, 16]},
			"faces": {
				"north": {"uv": [8.5, 12, 8, 13], "texture": "#0"},
				"east": {"uv": [8.5, 12, 8, 13], "texture": "#0"},
				"south": {"uv": [8, 12, 8.5, 13], "texture": "#0"},
				"west": {"uv": [8.5, 12, 8, 13], "texture": "#0"},
				"down": {"uv": [8, 12.5, 8.5, 13], "texture": "#0"}
			}
		},
		{
			"from": [5.5, 3.5, 7.75],
			"to": [6, 4, 8.25],
			"rotation": {"angle": 0, "axis": "y", "origin": [0, 0, 16]},
			"faces": {
				"north": {"uv": [6, 12, 5.5, 12.5], "texture": "#0"},
				"east": {"uv": [6, 12, 5.5, 12.5], "texture": "#0"},
				"south": {"uv": [5.5, 12, 6, 12.5], "texture": "#0"},
				"west": {"uv": [6, 12, 5.5, 12.5], "texture": "#0"},
				"down": {"uv": [5.5, 12.5, 6, 12], "texture": "#0"}
			}
		},
		{
			"from": [10, 2.5, 7.75],
			"to": [10.5, 3.5, 8.25],
			"rotation": {"angle": 0, "axis": "y", "origin": [0, 0, 16]},
			"faces": {
				"north": {"uv": [10.5, 12.5, 10, 13.5], "texture": "#0"},
				"east": {"uv": [10.5, 12.5, 10, 13.5], "texture": "#0"},
				"south": {"uv": [10, 12.5, 10.5, 13.5], "texture": "#0"},
				"west": {"uv": [10.5, 12.5, 10, 13.5], "texture": "#0"},
				"up": {"uv": [10, 13, 10.5, 12.5], "texture": "#0"},
				"down": {"uv": [10, 13, 10.5, 13.5], "texture": "#0"}
			}
		},
		{
			"from": [9, 7.5, 7.75],
			"to": [11.5, 8, 8.25],
			"rotation": {"angle": 0, "axis": "y", "origin": [0, 0, 16]},
			"faces": {
				"north": {"uv": [11.5, 8, 9, 8.5], "texture": "#0"},
				"east": {"uv": [11.5, 8, 11, 8.5], "texture": "#0"},
				"south": {"uv": [9, 8, 11.5, 8.5], "texture": "#0"},
				"west": {"uv": [9.5, 8, 9, 8.5], "texture": "#0"},
				"up": {"uv": [9, 8.5, 11.5, 8], "texture": "#0"},
				"down": {"uv": [9, 8.5, 11.5, 8], "texture": "#0"}
			}
		},
		{
			"from": [2, 10.5, 7.75],
			"to": [3, 11, 8.25],
			"rotation": {"angle": 0, "axis": "y", "origin": [0, 0, 16]},
			"faces": {
				"north": {"uv": [3, 5, 2, 5.5], "texture": "#0"},
				"east": {"uv": [3, 5, 2.5, 5.5], "texture": "#0"},
				"south": {"uv": [2, 5, 3, 5.5], "texture": "#0"},
				"west": {"uv": [2.5, 5, 2, 5.5], "texture": "#0"},
				"up": {"uv": [2, 5.5, 3, 5], "texture": "#0"},
				"down": {"uv": [2, 5.5, 3, 5], "texture": "#0"}
			}
		},
		{
			"from": [10.5, 9.5, 7.75],
			"to": [12.5, 10, 8.25],
			"rotation": {"angle": 0, "axis": "y", "origin": [0, 0, 16]},
			"faces": {
				"north": {"uv": [12.5, 6, 10.5, 6.5], "texture": "#0"},
				"east": {"uv": [12.5, 6, 12, 6.5], "texture": "#0"},
				"south": {"uv": [10.5, 6, 12.5, 6.5], "texture": "#0"},
				"west": {"uv": [11, 6, 10.5, 6.5], "texture": "#0"},
				"up": {"uv": [10.5, 6.5, 12.5, 6], "texture": "#0"},
				"down": {"uv": [10.5, 6.5, 12.5, 6], "texture": "#0"}
			}
		},
		{
			"from": [10.5, 9, 7.75],
			"to": [12, 9.5, 8.25],
			"rotation": {"angle": 0, "axis": "y", "origin": [0, 0, 16]},
			"faces": {
				"north": {"uv": [12, 6.5, 10.5, 7], "texture": "#0"},
				"east": {"uv": [12, 6.5, 11.5, 7], "texture": "#0"},
				"south": {"uv": [10.5, 6.5, 12, 7], "texture": "#0"},
				"west": {"uv": [11, 6.5, 10.5, 7], "texture": "#0"},
				"up": {"uv": [10.5, 7, 12, 6.5], "texture": "#0"}
			}
		},
		{
			"from": [13.5, 13, 7.75],
			"to": [14.5, 13.5, 8.25],
			"rotation": {"angle": 0, "axis": "y", "origin": [0, 0, 16]},
			"faces": {
				"north": {"uv": [14.5, 2.5, 13.5, 3], "texture": "#0"},
				"east": {"uv": [14.5, 2.5, 14, 3], "texture": "#0"},
				"south": {"uv": [13.5, 2.5, 14.5, 3], "texture": "#0"},
				"west": {"uv": [14, 2.5, 13.5, 3], "texture": "#0"},
				"up": {"uv": [13.5, 3, 14.5, 2.5], "texture": "#0"}
			}
		},
		{
			"from": [14, 13.5, 7.75],
			"to": [15, 14, 8.25],
			"rotation": {"angle": 0, "axis": "y", "origin": [0, 0, 16]},
			"faces": {
				"north": {"uv": [15, 2, 14, 2.5], "texture": "#0"},
				"east": {"uv": [15, 2, 14.5, 2.5], "texture": "#0"},
				"south": {"uv": [14, 2, 15, 2.5], "texture": "#0"},
				"west": {"uv": [14.5, 2, 14, 2.5], "texture": "#0"},
				"up": {"uv": [14, 2.5, 15, 2], "texture": "#0"},
				"down": {"uv": [14, 2.5, 15, 2], "texture": "#0"}
			}
		},
		{
			"from": [4, 6.5, 7.75],
			"to": [6, 7, 8.25],
			"rotation": {"angle": 0, "axis": "y", "origin": [0, 0, 16]},
			"faces": {
				"north": {"uv": [6, 9, 4, 9.5], "texture": "#0"},
				"east": {"uv": [6, 9, 5.5, 9.5], "texture": "#0"},
				"south": {"uv": [4, 9, 6, 9.5], "texture": "#0"},
				"west": {"uv": [4.5, 9, 4, 9.5], "texture": "#0"},
				"up": {"uv": [4, 9.5, 6, 9], "texture": "#0"},
				"down": {"uv": [4, 9.5, 6, 9], "texture": "#0"}
			}
		},
		{
			"from": [7, 6, 7.75],
			"to": [10.5, 6.5, 8.25],
			"rotation": {"angle": 0, "axis": "y", "origin": [0, 0, 16]},
			"faces": {
				"north": {"uv": [10.5, 9.5, 7, 10], "texture": "#0"},
				"east": {"uv": [10.5, 9.5, 10, 10], "texture": "#0"},
				"south": {"uv": [7, 9.5, 10.5, 10], "texture": "#0"},
				"west": {"uv": [7.5, 9.5, 7, 10], "texture": "#0"},
				"up": {"uv": [7, 10, 10.5, 9.5], "texture": "#0"},
				"down": {"uv": [7, 10, 10.5, 9.5], "texture": "#0"}
			}
		},
		{
			"from": [4, 6, 7.75],
			"to": [5.5, 6.5, 8.25],
			"rotation": {"angle": 0, "axis": "y", "origin": [0, 0, 16]},
			"faces": {
				"north": {"uv": [5.5, 9.5, 4, 10], "texture": "#0"},
				"east": {"uv": [5.5, 9.5, 5, 10], "texture": "#0"},
				"south": {"uv": [4, 9.5, 5.5, 10], "texture": "#0"},
				"west": {"uv": [4.5, 9.5, 4, 10], "texture": "#0"},
				"down": {"uv": [4, 10, 5.5, 9.5], "texture": "#0"}
			}
		},
		{
			"from": [3.5, 5.5, 7.75],
			"to": [6, 6, 8.25],
			"rotation": {"angle": 0, "axis": "y", "origin": [0, 0, 16]},
			"faces": {
				"north": {"uv": [6, 10, 3.5, 10.5], "texture": "#0"},
				"east": {"uv": [6, 10, 5.5, 10.5], "texture": "#0"},
				"south": {"uv": [3.5, 10, 6, 10.5], "texture": "#0"},
				"west": {"uv": [4, 10, 3.5, 10.5], "texture": "#0"},
				"up": {"uv": [3.5, 10.5, 6, 10], "texture": "#0"},
				"down": {"uv": [3.5, 10.5, 6, 10], "texture": "#0"}
			}
		},
		{
			"from": [6.5, 5.5, 7.75],
			"to": [10, 6, 8.25],
			"rotation": {"angle": 0, "axis": "y", "origin": [0, 0, 16]},
			"faces": {
				"north": {"uv": [10, 10, 6.5, 10.5], "texture": "#0"},
				"east": {"uv": [10, 10, 9.5, 10.5], "texture": "#0"},
				"south": {"uv": [6.5, 10, 10, 10.5], "texture": "#0"},
				"west": {"uv": [7, 10, 6.5, 10.5], "texture": "#0"},
				"up": {"uv": [6.5, 10.5, 10, 10], "texture": "#0"},
				"down": {"uv": [6.5, 10.5, 10, 10], "texture": "#0"}
			}
		},
		{
			"from": [4, 5, 7.75],
			"to": [10, 5.5, 8.25],
			"rotation": {"angle": 0, "axis": "y", "origin": [0, 0, 16]},
			"faces": {
				"north": {"uv": [10, 10.5, 4, 11], "texture": "#0"},
				"east": {"uv": [10, 10.5, 9.5, 11], "texture": "#0"},
				"south": {"uv": [4, 10.5, 10, 11], "texture": "#0"},
				"west": {"uv": [4.5, 10.5, 4, 11], "texture": "#0"},
				"down": {"uv": [4, 11, 10, 10.5], "texture": "#0"}
			}
		},
		{
			"from": [6, 10, 7.75],
			"to": [9, 10.5, 8.25],
			"rotation": {"angle": 0, "axis": "y", "origin": [0, 0, 16]},
			"faces": {
				"north": {"uv": [9, 5.5, 6, 6], "texture": "#0"},
				"east": {"uv": [9, 5.5, 8.5, 6], "texture": "#0"},
				"south": {"uv": [6, 5.5, 9, 6], "texture": "#0"},
				"west": {"uv": [6.5, 5.5, 6, 6], "texture": "#0"},
				"up": {"uv": [6, 6, 9, 5.5], "texture": "#0"},
				"down": {"uv": [6, 6, 9, 5.5], "texture": "#0"}
			}
		},
		{
			"from": [7, 10.5, 7.75],
			"to": [10, 11, 8.25],
			"rotation": {"angle": 0, "axis": "y", "origin": [0, 0, 16]},
			"faces": {
				"north": {"uv": [10, 5, 7, 5.5], "texture": "#0"},
				"east": {"uv": [10, 5, 9.5, 5.5], "texture": "#0"},
				"south": {"uv": [7, 5, 10, 5.5], "texture": "#0"},
				"west": {"uv": [7.5, 5, 7, 5.5], "texture": "#0"},
				"up": {"uv": [7, 5.5, 10, 5], "texture": "#0"},
				"down": {"uv": [7, 5.5, 10, 5], "texture": "#0"}
			}
		},
		{
			"from": [7.5, 11, 7.75],
			"to": [11, 11.5, 8.25],
			"rotation": {"angle": 0, "axis": "y", "origin": [0, 0, 16]},
			"faces": {
				"north": {"uv": [11, 4.5, 7.5, 5], "texture": "#0"},
				"east": {"uv": [11, 4.5, 10.5, 5], "texture": "#0"},
				"south": {"uv": [7.5, 4.5, 11, 5], "texture": "#0"},
				"west": {"uv": [8, 4.5, 7.5, 5], "texture": "#0"},
				"up": {"uv": [7.5, 5, 11, 4.5], "texture": "#0"},
				"down": {"uv": [7.5, 5, 11, 4.5], "texture": "#0"}
			}
		},
		{
			"from": [8.5, 9, 7.75],
			"to": [9, 9.5, 8.25],
			"rotation": {"angle": 0, "axis": "y", "origin": [0, 0, 16]},
			"faces": {
				"north": {"uv": [8.5, 6.5, 9, 7], "texture": "#0"},
				"east": {"uv": [8.5, 6.5, 9, 7], "texture": "#0"},
				"south": {"uv": [8.5, 6.5, 9, 7], "texture": "#0"},
				"west": {"uv": [8.5, 6.5, 9, 7], "texture": "#0"},
				"up": {"uv": [8.5, 6.5, 9, 7], "texture": "#0"},
				"down": {"uv": [8.5, 6.5, 9, 7], "texture": "#0"}
			}
		},
		{
			"from": [9.5, 9, 7.75],
			"to": [10, 9.5, 8.25],
			"rotation": {"angle": 0, "axis": "y", "origin": [0, 0, 16]},
			"faces": {
				"north": {"uv": [9.5, 6.5, 10, 7], "texture": "#0"},
				"east": {"uv": [9.5, 6.5, 10, 7], "texture": "#0"},
				"south": {"uv": [9.5, 6.5, 10, 7], "texture": "#0"},
				"west": {"uv": [9.5, 6.5, 10, 7], "texture": "#0"},
				"up": {"uv": [9.5, 6.5, 10, 7], "texture": "#0"},
				"down": {"uv": [9.5, 6.5, 10, 7], "texture": "#0"}
			}
		},
		{
			"from": [12.5, 12, 7.75],
			"to": [14, 12.5, 8.25],
			"rotation": {"angle": 0, "axis": "y", "origin": [0, 0, 16]},
			"faces": {
				"north": {"uv": [14, 3.5, 12.5, 4], "texture": "#0"},
				"east": {"uv": [14, 3.5, 13.5, 4], "texture": "#0"},
				"south": {"uv": [12.5, 3.5, 14, 4], "texture": "#0"},
				"west": {"uv": [13, 3.5, 12.5, 4], "texture": "#0"},
				"up": {"uv": [12.5, 4, 14, 3.5], "texture": "#0"}
			}
		},
		{
			"from": [9.5, 8, 7.75],
			"to": [11.5, 8.5, 8.25],
			"rotation": {"angle": 0, "axis": "y", "origin": [0, 0, 16]},
			"faces": {
				"north": {"uv": [11.5, 7.5, 9.5, 8], "texture": "#0"},
				"east": {"uv": [11.5, 7.5, 11, 8], "texture": "#0"},
				"south": {"uv": [9.5, 7.5, 11.5, 8], "texture": "#0"},
				"west": {"uv": [10, 7.5, 9.5, 8], "texture": "#0"},
				"up": {"uv": [9.5, 8, 11.5, 7.5], "texture": "#0"}
			}
		},
		{
			"from": [9.5, 12, 7.75],
			"to": [12, 12.5, 8.25],
			"rotation": {"angle": 0, "axis": "y", "origin": [0, 0, 16]},
			"faces": {
				"north": {"uv": [12, 3.5, 9.5, 4], "texture": "#0"},
				"east": {"uv": [12, 3.5, 11.5, 4], "texture": "#0"},
				"south": {"uv": [9.5, 3.5, 12, 4], "texture": "#0"},
				"west": {"uv": [10, 3.5, 9.5, 4], "texture": "#0"},
				"up": {"uv": [9.5, 4, 12, 3.5], "texture": "#0"},
				"down": {"uv": [9.5, 4, 12, 3.5], "texture": "#0"}
			}
		},
		{
			"from": [8.5, 11.5, 7.75],
			"to": [11.5, 12, 8.25],
			"rotation": {"angle": 0, "axis": "y", "origin": [0, 0, 16]},
			"faces": {
				"north": {"uv": [11.5, 4, 8.5, 4.5], "texture": "#0"},
				"east": {"uv": [11.5, 4, 11, 4.5], "texture": "#0"},
				"south": {"uv": [8.5, 4, 11.5, 4.5], "texture": "#0"},
				"west": {"uv": [9, 4, 8.5, 4.5], "texture": "#0"},
				"up": {"uv": [8.5, 4.5, 11.5, 4], "texture": "#0"},
				"down": {"uv": [8.5, 4.5, 11.5, 4], "texture": "#0"}
			}
		},
		{
			"from": [11, 10, 7.75],
			"to": [13, 11, 8.25],
			"rotation": {"angle": 0, "axis": "y", "origin": [0, 0, 16]},
			"faces": {
				"north": {"uv": [13, 5, 11, 6], "texture": "#0"},
				"east": {"uv": [13, 5, 12.5, 6], "texture": "#0"},
				"south": {"uv": [11, 5, 13, 6], "texture": "#0"},
				"west": {"uv": [11.5, 5, 11, 6], "texture": "#0"},
				"up": {"uv": [11, 6, 13, 5], "texture": "#0"},
				"down": {"uv": [11, 6, 13, 5], "texture": "#0"}
			}
		},
		{
			"from": [12.5, 14, 7.75],
			"to": [14, 14.5, 8.25],
			"rotation": {"angle": 0, "axis": "y", "origin": [0, 0, 16]},
			"faces": {
				"north": {"uv": [14, 1.5, 12.5, 2], "texture": "#0"},
				"east": {"uv": [14, 1.5, 13.5, 2], "texture": "#0"},
				"south": {"uv": [12.5, 1.5, 14, 2], "texture": "#0"},
				"west": {"uv": [13, 1.5, 12.5, 2], "texture": "#0"},
				"up": {"uv": [12.5, 2, 14, 1.5], "texture": "#0"},
				"down": {"uv": [12.5, 2, 14, 1.5], "texture": "#0"}
			}
		},
		{
			"from": [14.5, 14, 7.75],
			"to": [15, 14.5, 8.25],
			"rotation": {"angle": 0, "axis": "y", "origin": [0, 0, 16]},
			"faces": {
				"north": {"uv": [15, 1.5, 14.5, 2], "texture": "#0"},
				"east": {"uv": [15, 1.5, 14.5, 2], "texture": "#0"},
				"south": {"uv": [14.5, 1.5, 15, 2], "texture": "#0"},
				"west": {"uv": [15, 1.5, 14.5, 2], "texture": "#0"}
			}
		},
		{
			"from": [14.5, 15, 7.75],
			"to": [15.5, 15.5, 8.25],
			"rotation": {"angle": 0, "axis": "y", "origin": [0, 0, 16]},
			"faces": {
				"north": {"uv": [15.5, 0.5, 14.5, 1], "texture": "#0"},
				"east": {"uv": [15.5, 0.5, 15, 1], "texture": "#0"},
				"south": {"uv": [14.5, 0.5, 15.5, 1], "texture": "#0"},
				"west": {"uv": [15, 0.5, 14.5, 1], "texture": "#0"},
				"up": {"uv": [14.5, 1, 15.5, 0.5], "texture": "#0"}
			}
		},
		{
			"from": [4.5, 7, 7.75],
			"to": [6.5, 7.5, 8.25],
			"rotation": {"angle": 0, "axis": "y", "origin": [0, 0, 16]},
			"faces": {
				"north": {"uv": [6.5, 8.5, 4.5, 9], "texture": "#0"},
				"east": {"uv": [6.5, 8.5, 6, 9], "texture": "#0"},
				"south": {"uv": [4.5, 8.5, 6.5, 9], "texture": "#0"},
				"west": {"uv": [5, 8.5, 4.5, 9], "texture": "#0"},
				"down": {"uv": [4.5, 9, 6.5, 8.5], "texture": "#0"}
			}
		},
		{
			"from": [9, 7, 7.75],
			"to": [11, 7.5, 8.25],
			"rotation": {"angle": 0, "axis": "y", "origin": [0, 0, 16]},
			"faces": {
				"north": {"uv": [11, 8.5, 9, 9], "texture": "#0"},
				"east": {"uv": [11, 8.5, 10.5, 9], "texture": "#0"},
				"south": {"uv": [9, 8.5, 11, 9], "texture": "#0"},
				"west": {"uv": [9.5, 8.5, 9, 9], "texture": "#0"},
				"down": {"uv": [9, 9, 11, 8.5], "texture": "#0"}
			}
		},
		{
			"from": [8.5, 6.5, 7.75],
			"to": [10.5, 7, 8.25],
			"rotation": {"angle": 0, "axis": "y", "origin": [0, 0, 16]},
			"faces": {
				"north": {"uv": [10.5, 9, 8.5, 9.5], "texture": "#0"},
				"east": {"uv": [10.5, 9, 10, 9.5], "texture": "#0"},
				"south": {"uv": [8.5, 9, 10.5, 9.5], "texture": "#0"},
				"west": {"uv": [9, 9, 8.5, 9.5], "texture": "#0"},
				"up": {"uv": [8.5, 9.5, 10.5, 9], "texture": "#0"},
				"down": {"uv": [8.5, 9.5, 10.5, 9], "texture": "#0"}
			}
		},
		{
			"from": [7.5, 6.5, 7.75],
			"to": [8, 7, 8.25],
			"rotation": {"angle": 0, "axis": "y", "origin": [0, 0, 16]},
			"faces": {
				"north": {"uv": [8, 9, 7.5, 9.5], "texture": "#0"},
				"east": {"uv": [8, 9, 7.5, 9.5], "texture": "#0"},
				"south": {"uv": [7.5, 9, 8, 9.5], "texture": "#0"},
				"west": {"uv": [8, 9, 7.5, 9.5], "texture": "#0"},
				"up": {"uv": [7.5, 9.5, 8, 9], "texture": "#0"}
			}
		},
		{
			"from": [2.5, 10, 7.75],
			"to": [3.5, 10.5, 8.25],
			"rotation": {"angle": 0, "axis": "y", "origin": [0, 0, 16]},
			"faces": {
				"north": {"uv": [3.5, 5.5, 2.5, 6], "texture": "#0"},
				"east": {"uv": [3.5, 5.5, 3, 6], "texture": "#0"},
				"south": {"uv": [2.5, 5.5, 3.5, 6], "texture": "#0"},
				"west": {"uv": [3, 5.5, 2.5, 6], "texture": "#0"},
				"up": {"uv": [2.5, 6, 3.5, 5.5], "texture": "#0"},
				"down": {"uv": [2.5, 6, 3.5, 5.5], "texture": "#0"}
			}
		},
		{
			"from": [9, 9.5, 7.75],
			"to": [9.5, 10, 8.25],
			"rotation": {"angle": 0, "axis": "y", "origin": [0, 0, 16]},
			"faces": {
				"north": {"uv": [9.5, 6, 9, 6.5], "texture": "#0"},
				"east": {"uv": [9.5, 6, 9, 6.5], "texture": "#0"},
				"south": {"uv": [9, 6, 9.5, 6.5], "texture": "#0"},
				"west": {"uv": [9.5, 6, 9, 6.5], "texture": "#0"},
				"up": {"uv": [9, 6.5, 9.5, 6], "texture": "#0"}
			}
		},
		{
			"from": [11.5, 13.5, 7.75],
			"to": [13.5, 14, 8.25],
			"rotation": {"angle": 0, "axis": "y", "origin": [0, 0, 16]},
			"faces": {
				"north": {"uv": [13.5, 2, 11.5, 2.5], "texture": "#0"},
				"east": {"uv": [13.5, 2, 13, 2.5], "texture": "#0"},
				"south": {"uv": [11.5, 2, 13.5, 2.5], "texture": "#0"},
				"west": {"uv": [12, 2, 11.5, 2.5], "texture": "#0"},
				"up": {"uv": [11.5, 2.5, 13.5, 2], "texture": "#0"},
				"down": {"uv": [11.5, 2.5, 13.5, 2], "texture": "#0"}
			}
		},
		{
			"from": [11, 13, 7.75],
			"to": [13, 13.5, 8.25],
			"rotation": {"angle": 0, "axis": "y", "origin": [0, 0, 16]},
			"faces": {
				"north": {"uv": [13, 2.5, 11, 3], "texture": "#0"},
				"east": {"uv": [13, 2.5, 12.5, 3], "texture": "#0"},
				"south": {"uv": [11, 2.5, 13, 3], "texture": "#0"},
				"west": {"uv": [11.5, 2.5, 11, 3], "texture": "#0"},
				"up": {"uv": [11, 3, 13, 2.5], "texture": "#0"},
				"down": {"uv": [11, 3, 13, 2.5], "texture": "#0"}
			}
		},
		{
			"from": [13, 12.5, 7.75],
			"to": [14.5, 13, 8.25],
			"rotation": {"angle": 0, "axis": "y", "origin": [0, 0, 16]},
			"faces": {
				"north": {"uv": [14.5, 3, 13, 3.5], "texture": "#0"},
				"east": {"uv": [14.5, 3, 14, 3.5], "texture": "#0"},
				"south": {"uv": [13, 3, 14.5, 3.5], "texture": "#0"},
				"west": {"uv": [13.5, 3, 13, 3.5], "texture": "#0"},
				"up": {"uv": [13, 3.5, 14.5, 3], "texture": "#0"},
				"down": {"uv": [13, 3.5, 14.5, 3], "texture": "#0"}
			}
		},
		{
			"from": [10, 8.5, 7.75],
			"to": [12, 9, 8.25],
			"rotation": {"angle": 0, "axis": "y", "origin": [0, 0, 16]},
			"faces": {
				"north": {"uv": [12, 7, 10, 7.5], "texture": "#0"},
				"east": {"uv": [12, 7, 11.5, 7.5], "texture": "#0"},
				"south": {"uv": [10, 7, 12, 7.5], "texture": "#0"},
				"west": {"uv": [10.5, 7, 10, 7.5], "texture": "#0"},
				"up": {"uv": [10, 7.5, 12, 7], "texture": "#0"},
				"down": {"uv": [10, 7.5, 12, 7], "texture": "#0"}
			}
		},
		{
			"from": [3, 8, 7.75],
			"to": [6.5, 8.5, 8.25],
			"rotation": {"angle": 0, "axis": "y", "origin": [0, 0, 16]},
			"faces": {
				"north": {"uv": [6.5, 7.5, 3, 8], "texture": "#0"},
				"east": {"uv": [6.5, 7.5, 6, 8], "texture": "#0"},
				"south": {"uv": [3, 7.5, 6.5, 8], "texture": "#0"},
				"west": {"uv": [3.5, 7.5, 3, 8], "texture": "#0"},
				"up": {"uv": [3, 8, 6.5, 7.5], "texture": "#0"},
				"down": {"uv": [3, 8, 6.5, 7.5], "texture": "#0"}
			}
		},
		{
			"from": [4.5, 7.5, 7.75],
			"to": [7, 8, 8.25],
			"rotation": {"angle": 0, "axis": "y", "origin": [0, 0, 16]},
			"faces": {
				"north": {"uv": [7, 8, 4.5, 8.5], "texture": "#0"},
				"east": {"uv": [7, 8, 6.5, 8.5], "texture": "#0"},
				"south": {"uv": [4.5, 8, 7, 8.5], "texture": "#0"},
				"west": {"uv": [5, 8, 4.5, 8.5], "texture": "#0"},
				"up": {"uv": [4.5, 8.5, 7, 8], "texture": "#0"},
				"down": {"uv": [4.5, 8.5, 7, 8], "texture": "#0"}
			}
		},
		{
			"from": [5, 9.5, 7.75],
			"to": [8.5, 10, 8.25],
			"rotation": {"angle": 0, "axis": "y", "origin": [0, 0, 16]},
			"faces": {
				"north": {"uv": [8.5, 6, 5, 6.5], "texture": "#0"},
				"east": {"uv": [8.5, 6, 8, 6.5], "texture": "#0"},
				"south": {"uv": [5, 6, 8.5, 6.5], "texture": "#0"},
				"west": {"uv": [5.5, 6, 5, 6.5], "texture": "#0"},
				"up": {"uv": [5, 6.5, 8.5, 6], "texture": "#0"},
				"down": {"uv": [5, 6.5, 8.5, 6], "texture": "#0"}
			}
		},
		{
			"from": [4.5, 9, 7.75],
			"to": [8, 9.5, 8.25],
			"rotation": {"angle": 0, "axis": "y", "origin": [0, 0, 16]},
			"faces": {
				"north": {"uv": [8, 6.5, 4.5, 7], "texture": "#0"},
				"east": {"uv": [8, 6.5, 7.5, 7], "texture": "#0"},
				"south": {"uv": [4.5, 6.5, 8, 7], "texture": "#0"},
				"west": {"uv": [5, 6.5, 4.5, 7], "texture": "#0"},
				"up": {"uv": [4.5, 7, 8, 6.5], "texture": "#0"},
				"down": {"uv": [4.5, 7, 8, 6.5], "texture": "#0"}
			}
		},
		{
			"from": [4, 8.5, 7.75],
			"to": [7, 9, 8.25],
			"rotation": {"angle": 0, "axis": "y", "origin": [0, 0, 16]},
			"faces": {
				"north": {"uv": [7, 7, 4, 7.5], "texture": "#0"},
				"east": {"uv": [7, 7, 6.5, 7.5], "texture": "#0"},
				"south": {"uv": [4, 7, 7, 7.5], "texture": "#0"},
				"west": {"uv": [4.5, 7, 4, 7.5], "texture": "#0"},
				"up": {"uv": [4, 7.5, 7, 7], "texture": "#0"},
				"down": {"uv": [4, 7.5, 7, 7], "texture": "#0"}
			}
		},
		{
			"from": [10, 12.5, 7.75],
			"to": [12.5, 13, 8.25],
			"rotation": {"angle": 0, "axis": "y", "origin": [0, 0, 16]},
			"faces": {
				"north": {"uv": [12.5, 3, 10, 3.5], "texture": "#0"},
				"east": {"uv": [12.5, 3, 12, 3.5], "texture": "#0"},
				"south": {"uv": [10, 3, 12.5, 3.5], "texture": "#0"},
				"west": {"uv": [10.5, 3, 10, 3.5], "texture": "#0"},
				"up": {"uv": [10, 3.5, 12.5, 3], "texture": "#0"},
				"down": {"uv": [10, 3.5, 12.5, 3], "texture": "#0"}
			}
		},
		{
			"from": [11.5, 11, 7.75],
			"to": [13.5, 11.5, 8.25],
			"rotation": {"angle": 0, "axis": "y", "origin": [0, 0, 16]},
			"faces": {
				"north": {"uv": [13.5, 4.5, 11.5, 5], "texture": "#0"},
				"east": {"uv": [13.5, 4.5, 13, 5], "texture": "#0"},
				"south": {"uv": [11.5, 4.5, 13.5, 5], "texture": "#0"},
				"west": {"uv": [12, 4.5, 11.5, 5], "texture": "#0"},
				"up": {"uv": [11.5, 5, 13.5, 4.5], "texture": "#0"},
				"down": {"uv": [11.5, 5, 13.5, 4.5], "texture": "#0"}
			}
		},
		{
			"from": [13.5, 14.5, 7.75],
			"to": [15.5, 15, 8.25],
			"rotation": {"angle": 0, "axis": "y", "origin": [0, 0, 16]},
			"faces": {
				"north": {"uv": [15.5, 1, 13.5, 1.5], "texture": "#0"},
				"east": {"uv": [15.5, 1, 15, 1.5], "texture": "#0"},
				"south": {"uv": [13.5, 1, 15.5, 1.5], "texture": "#0"},
				"west": {"uv": [14, 1, 13.5, 1.5], "texture": "#0"},
				"up": {"uv": [13.5, 1.5, 15.5, 1], "texture": "#0"},
				"down": {"uv": [13.5, 1.5, 15.5, 1], "texture": "#0"}
			}
		},
		{
			"from": [15.5, 15.5, 7.75],
			"to": [16, 16, 8.25],
			"rotation": {"angle": 0, "axis": "y", "origin": [0, 0, 16]},
			"faces": {
				"north": {"uv": [16, 0, 15.5, 0.5], "texture": "#0"},
				"east": {"uv": [16, 0, 15.5, 0.5], "texture": "#0"},
				"south": {"uv": [15.5, 0, 16, 0.5], "texture": "#0"},
				"west": {"uv": [16, 0, 15.5, 0.5], "texture": "#0"},
				"up": {"uv": [15.5, 0.5, 16, 0], "texture": "#0"},
				"down": {"uv": [15.5, 0.5, 16, 0], "texture": "#0"}
			}
		}
	],
	"gui_light": "front",
	"display": {
		"thirdperson_righthand": {
			"rotation": [0, -90, 50],
			"translation": [0, 4.25, -0.5],
			"scale": [0.9, 0.9, 0.9]
		},
		"thirdperson_lefthand": {
			"rotation": [0, 90, -50],
			"translation": [0, 4.25, -0.5],
			"scale": [0.9, 0.9, 0.9]
		},
		"firstperson_righthand": {
			"rotation": [0, -90, 55],
			"translation": [1.25, 5, 1.25],
			"scale": [0.8, 0.8, 0.8]
		},
		"firstperson_lefthand": {
			"rotation": [0, 90, -55],
			"translation": [1.25, 5, 1.25],
			"scale": [0.8, 0.8, 0.8]
		},
		"ground": {
			"rotation": [0, 0, 90],
			"translation": [0, 2, 0],
			"scale": [0.6, 0.6, 0.6]
		},
		"head": {
			"rotation": [0, 0, 45],
			"translation": [0, 12, 0],
			"scale": [1.5, 1.5, 1.5]
		},
		"fixed": {
			"rotation": [0, 0, 90]
		}
	}
}