{
	"credit": "Made with Blockbench",
	"textures": {
		"1": "custom/weapon/vortex_whirlwind",
		"particle": "custom/weapon/vortex_whirlwind"
	},
	"elements": [
		{
			"from": [5, 1.5, 7.75],
			"to": [6, 2, 8.25],
			"faces": {
				"north": {"uv": [6, 14, 5, 14.5], "texture": "#1"},
				"east": {"uv": [5.5, 14, 6, 14.5], "texture": "#1"},
				"south": {"uv": [5, 14, 6, 14.5], "texture": "#1"},
				"west": {"uv": [5, 14, 5.5, 14.5], "texture": "#1"},
				"down": {"uv": [5, 14, 6, 14.5], "texture": "#1"}
			}
		},
		{
			"from": [2.5, 5.5, 7.75],
			"to": [8, 6, 8.25],
			"faces": {
				"north": {"uv": [8, 10, 2.5, 10.5], "texture": "#1"},
				"east": {"uv": [7.5, 10, 8, 10.5], "texture": "#1"},
				"south": {"uv": [2.5, 10, 8, 10.5], "texture": "#1"},
				"west": {"uv": [2.5, 10, 3, 10.5], "texture": "#1"},
				"up": {"uv": [2.5, 10, 8, 10.5], "texture": "#1"},
				"down": {"uv": [2.5, 10, 8, 10.5], "texture": "#1"}
			}
		},
		{
			"from": [2, 5, 7.75],
			"to": [7.5, 5.5, 8.25],
			"faces": {
				"north": {"uv": [7.5, 10.5, 2, 11], "texture": "#1"},
				"east": {"uv": [7, 10.5, 7.5, 11], "texture": "#1"},
				"south": {"uv": [2, 10.5, 7.5, 11], "texture": "#1"},
				"west": {"uv": [2, 10.5, 2.5, 11], "texture": "#1"},
				"up": {"uv": [2, 10.5, 7.5, 11], "texture": "#1"},
				"down": {"uv": [2, 10.5, 7.5, 11], "texture": "#1"}
			}
		},
		{
			"from": [4, 2.5, 7.75],
			"to": [6.5, 3, 8.25],
			"faces": {
				"north": {"uv": [6.5, 13, 4, 13.5], "texture": "#1"},
				"east": {"uv": [6, 13, 6.5, 13.5], "texture": "#1"},
				"south": {"uv": [4, 13, 6.5, 13.5], "texture": "#1"},
				"west": {"uv": [4, 13, 4.5, 13.5], "texture": "#1"},
				"down": {"uv": [4, 13, 6.5, 13.5], "texture": "#1"}
			}
		},
		{
			"from": [3.5, 6, 7.75],
			"to": [9, 6.5, 8.25],
			"faces": {
				"north": {"uv": [9, 9.5, 3.5, 10], "texture": "#1"},
				"east": {"uv": [8.5, 9.5, 9, 10], "texture": "#1"},
				"south": {"uv": [3.5, 9.5, 9, 10], "texture": "#1"},
				"west": {"uv": [3.5, 9.5, 4, 10], "texture": "#1"},
				"up": {"uv": [3.5, 9.5, 9, 10], "texture": "#1"},
				"down": {"uv": [3.5, 9.5, 9, 10], "texture": "#1"}
			}
		},
		{
			"from": [4, 6.5, 7.75],
			"to": [9.5, 7.5, 8.25],
			"faces": {
				"north": {"uv": [9.5, 8.5, 4, 9.5], "texture": "#1"},
				"east": {"uv": [4, 8.5, 4.5, 9.5], "texture": "#1"},
				"south": {"uv": [4, 8.5, 9.5, 9.5], "texture": "#1"},
				"west": {"uv": [4, 8.5, 4.5, 9.5], "texture": "#1"},
				"up": {"uv": [4, 8.5, 9.5, 9], "texture": "#1"},
				"down": {"uv": [4, 8.5, 9.5, 9], "texture": "#1"}
			}
		},
		{
			"from": [4.5, 7.5, 7.75],
			"to": [10.5, 8, 8.25],
			"faces": {
				"north": {"uv": [10.5, 8, 4.5, 8.5], "texture": "#1"},
				"east": {"uv": [4.5, 8, 5, 8.5], "texture": "#1"},
				"south": {"uv": [4.5, 8, 10.5, 8.5], "texture": "#1"},
				"west": {"uv": [4.5, 8, 5, 8.5], "texture": "#1"},
				"down": {"uv": [4.5, 8, 10.5, 8.5], "texture": "#1"}
			}
		},
		{
			"from": [4.5, 8, 7.75],
			"to": [12, 8.5, 8.25],
			"faces": {
				"north": {"uv": [12, 7.5, 4.5, 8], "texture": "#1"},
				"east": {"uv": [11.5, 7.5, 12, 8], "texture": "#1"},
				"south": {"uv": [4.5, 7.5, 12, 8], "texture": "#1"},
				"west": {"uv": [4.5, 7.5, 5, 8], "texture": "#1"},
				"down": {"uv": [4.5, 7.5, 12, 8], "texture": "#1"}
			}
		},
		{
			"from": [5, 8, 7.45],
			"to": [5.5, 8.5, 8.55],
			"faces": {
				"north": {"uv": [5.5, 7.5, 5, 8], "texture": "#1"},
				"south": {"uv": [5, 7.5, 5.5, 8], "texture": "#1"},
				"west": {"uv": [5, 7.5, 5.5, 8], "texture": "#1"}
			}
		},
		{
			"from": [4.5, 8.5, 7.75],
			"to": [12.5, 9, 8.25],
			"faces": {
				"north": {"uv": [12.5, 7, 4.5, 7.5], "texture": "#1"},
				"east": {"uv": [12, 7, 12.5, 7.5], "texture": "#1"},
				"south": {"uv": [4.5, 7, 12.5, 7.5], "texture": "#1"},
				"west": {"uv": [4.5, 7, 5, 7.5], "texture": "#1"},
				"up": {"uv": [4.5, 7, 12.5, 7.5], "texture": "#1"},
				"down": {"uv": [4.5, 7, 12.5, 7.5], "texture": "#1"}
			}
		},
		{
			"from": [5, 8.5, 7.45],
			"to": [11.5, 9, 8.55],
			"faces": {
				"north": {"uv": [11.5, 7, 5, 7.5], "texture": "#1"},
				"east": {"uv": [11, 7, 11.5, 7.5], "texture": "#1"},
				"south": {"uv": [5, 7, 11.5, 7.5], "texture": "#1"},
				"west": {"uv": [5, 7, 5.5, 7.5], "texture": "#1"},
				"up": {"uv": [5, 7, 11.5, 7.5], "texture": "#1"},
				"down": {"uv": [5, 7, 11.5, 7.5], "texture": "#1"}
			}
		},
		{
			"from": [5, 9, 7.75],
			"to": [12.5, 9.5, 8.25],
			"faces": {
				"north": {"uv": [12.5, 6.5, 5, 7], "texture": "#1"},
				"east": {"uv": [12, 6.5, 12.5, 7], "texture": "#1"},
				"south": {"uv": [5, 6.5, 12.5, 7], "texture": "#1"},
				"west": {"uv": [5, 6.5, 5.5, 7], "texture": "#1"},
				"up": {"uv": [5, 6.5, 12.5, 7], "texture": "#1"}
			}
		},
		{
			"from": [5.5, 9, 7.45],
			"to": [11.5, 9.5, 8.55],
			"faces": {
				"north": {"uv": [11.5, 6.5, 5.5, 7], "texture": "#1"},
				"east": {"uv": [11, 6.5, 11.5, 7], "texture": "#1"},
				"south": {"uv": [5.5, 6.5, 11.5, 7], "texture": "#1"},
				"west": {"uv": [5.5, 6.5, 6, 7], "texture": "#1"},
				"up": {"uv": [5.5, 6.5, 11.5, 7], "texture": "#1"}
			}
		},
		{
			"from": [5.5, 9.5, 7.75],
			"to": [13, 10, 8.25],
			"faces": {
				"north": {"uv": [13, 6, 5.5, 6.5], "texture": "#1"},
				"east": {"uv": [12.5, 6, 13, 6.5], "texture": "#1"},
				"south": {"uv": [5.5, 6, 13, 6.5], "texture": "#1"},
				"west": {"uv": [5.5, 6, 6, 6.5], "texture": "#1"},
				"up": {"uv": [5.5, 6, 13, 6.5], "texture": "#1"},
				"down": {"uv": [5.5, 6, 13, 6.5], "texture": "#1"}
			}
		},
		{
			"from": [6.5, 10, 7.45],
			"to": [12.5, 11.5, 8.55],
			"faces": {
				"north": {"uv": [12.5, 4.5, 6.5, 6], "texture": "#1"},
				"east": {"uv": [12, 4.5, 12.5, 6], "texture": "#1"},
				"south": {"uv": [6.5, 4.5, 12.5, 6], "texture": "#1"},
				"west": {"uv": [6.5, 4.5, 7, 6], "texture": "#1"},
				"up": {"uv": [6.5, 4.5, 12.5, 5], "texture": "#1"},
				"down": {"uv": [6.5, 5.5, 12.5, 6], "texture": "#1"}
			}
		},
		{
			"from": [6, 10.5, 7.45],
			"to": [6.5, 11, 8.55],
			"faces": {
				"north": {"uv": [6.5, 5, 6, 5.5], "texture": "#1"},
				"east": {"uv": [6, 5, 6.5, 5.5], "texture": "#1"},
				"south": {"uv": [6, 5, 6.5, 5.5], "texture": "#1"},
				"west": {"uv": [6, 5, 6.5, 5.5], "texture": "#1"},
				"up": {"uv": [6, 5, 6.5, 5.5], "texture": "#1"},
				"down": {"uv": [6, 5, 6.5, 5.5], "texture": "#1"}
			}
		},
		{
			"from": [8, 11.5, 7.45],
			"to": [12.5, 12, 8.55],
			"faces": {
				"north": {"uv": [12.5, 4, 8, 4.5], "texture": "#1"},
				"east": {"uv": [12, 4, 12.5, 4.5], "texture": "#1"},
				"south": {"uv": [8, 4, 12.5, 4.5], "texture": "#1"},
				"west": {"uv": [8, 4, 8.5, 4.5], "texture": "#1"},
				"up": {"uv": [8, 4, 12.5, 4.5], "texture": "#1"}
			}
		},
		{
			"from": [9, 12, 7.45],
			"to": [12.5, 12.5, 8.55],
			"faces": {
				"north": {"uv": [12.5, 3.5, 9, 4], "texture": "#1"},
				"east": {"uv": [12, 3.5, 12.5, 4], "texture": "#1"},
				"south": {"uv": [9, 3.5, 12.5, 4], "texture": "#1"},
				"west": {"uv": [9, 3.5, 9.5, 4], "texture": "#1"},
				"up": {"uv": [9, 3.5, 12.5, 4], "texture": "#1"}
			}
		},
		{
			"from": [10, 12.5, 7.45],
			"to": [12, 13, 8.55],
			"faces": {
				"north": {"uv": [12, 3, 10, 3.5], "texture": "#1"},
				"east": {"uv": [11.5, 3, 12, 3.5], "texture": "#1"},
				"south": {"uv": [10, 3, 12, 3.5], "texture": "#1"},
				"west": {"uv": [10, 3, 10.5, 3.5], "texture": "#1"},
				"up": {"uv": [10, 3, 12, 3.5], "texture": "#1"}
			}
		},
		{
			"from": [6, 9.5, 7.45],
			"to": [12, 10, 8.55],
			"faces": {
				"north": {"uv": [12, 6, 6, 6.5], "texture": "#1"},
				"east": {"uv": [11.5, 6, 12, 6.5], "texture": "#1"},
				"south": {"uv": [6, 6, 12, 6.5], "texture": "#1"},
				"west": {"uv": [6, 6, 6.5, 6.5], "texture": "#1"},
				"up": {"uv": [6, 6, 12, 6.5], "texture": "#1"},
				"down": {"uv": [6, 6, 12, 6.5], "texture": "#1"}
			}
		},
		{
			"from": [6, 10, 7.75],
			"to": [13.5, 10.5, 8.25],
			"faces": {
				"north": {"uv": [13.5, 5.5, 6, 6], "texture": "#1"},
				"east": {"uv": [13, 5.5, 13.5, 6], "texture": "#1"},
				"south": {"uv": [6, 5.5, 13.5, 6], "texture": "#1"},
				"west": {"uv": [6, 5.5, 6.5, 6], "texture": "#1"},
				"down": {"uv": [6, 5.5, 13.5, 6], "texture": "#1"}
			}
		},
		{
			"from": [1.5, 0, 7.75],
			"to": [3.5, 0.5, 8.25],
			"faces": {
				"north": {"uv": [3.5, 15.5, 1.5, 16], "texture": "#1"},
				"east": {"uv": [3, 15.5, 3.5, 16], "texture": "#1"},
				"south": {"uv": [1.5, 15.5, 3.5, 16], "texture": "#1"},
				"west": {"uv": [1.5, 15.5, 2, 16], "texture": "#1"},
				"down": {"uv": [1.5, 15.5, 3.5, 16], "texture": "#1"}
			}
		},
		{
			"from": [1, 0.5, 7.75],
			"to": [3.5, 1, 8.25],
			"faces": {
				"north": {"uv": [3.5, 15, 1, 15.5], "texture": "#1"},
				"east": {"uv": [3, 15, 3.5, 15.5], "texture": "#1"},
				"south": {"uv": [1, 15, 3.5, 15.5], "texture": "#1"},
				"west": {"uv": [1, 15, 1.5, 15.5], "texture": "#1"},
				"up": {"uv": [1, 15, 3.5, 15.5], "texture": "#1"},
				"down": {"uv": [1, 15, 3.5, 15.5], "texture": "#1"}
			}
		},
		{
			"from": [1.5, 0.5, 7.45],
			"to": [3, 1, 8.55],
			"faces": {
				"north": {"uv": [3, 15, 1.5, 15.5], "texture": "#1"},
				"east": {"uv": [2.5, 15, 3, 15.5], "texture": "#1"},
				"south": {"uv": [1.5, 15, 3, 15.5], "texture": "#1"},
				"west": {"uv": [1.5, 15, 2, 15.5], "texture": "#1"},
				"up": {"uv": [1.5, 15, 3, 15.5], "texture": "#1"},
				"down": {"uv": [1.5, 15, 3, 15.5], "texture": "#1"}
			}
		},
		{
			"from": [2, 2.5, 7.25],
			"to": [3, 3, 8.75],
			"faces": {
				"north": {"uv": [3, 13, 2, 13.5], "texture": "#1"},
				"east": {"uv": [2.5, 13, 3, 13.5], "texture": "#1"},
				"south": {"uv": [2, 13, 3, 13.5], "texture": "#1"},
				"west": {"uv": [2, 13, 2.5, 13.5], "texture": "#1"},
				"down": {"uv": [2, 13, 3, 13.5], "texture": "#1"}
			}
		},
		{
			"from": [5, 2, 7.45],
			"to": [6, 2.5, 8.55],
			"faces": {
				"north": {"uv": [6, 13.5, 5, 14], "texture": "#1"},
				"east": {"uv": [5.5, 13.5, 6, 14], "texture": "#1"},
				"south": {"uv": [5, 13.5, 6, 14], "texture": "#1"},
				"west": {"uv": [5, 13.5, 5.5, 14], "texture": "#1"},
				"down": {"uv": [5, 13.5, 6, 14], "texture": "#1"}
			}
		},
		{
			"from": [0.5, 1, 7.75],
			"to": [3, 1.5, 8.25],
			"faces": {
				"north": {"uv": [3, 14.5, 0.5, 15], "texture": "#1"},
				"east": {"uv": [2.5, 14.5, 3, 15], "texture": "#1"},
				"south": {"uv": [0.5, 14.5, 3, 15], "texture": "#1"},
				"west": {"uv": [0.5, 14.5, 1, 15], "texture": "#1"},
				"down": {"uv": [0.5, 14.5, 3, 15], "texture": "#1"}
			}
		},
		{
			"from": [1, 1, 7.45],
			"to": [2.5, 1.5, 8.55],
			"faces": {
				"north": {"uv": [2.5, 14.5, 1, 15], "texture": "#1"},
				"east": {"uv": [2, 14.5, 2.5, 15], "texture": "#1"},
				"south": {"uv": [1, 14.5, 2.5, 15], "texture": "#1"},
				"west": {"uv": [1, 14.5, 1.5, 15], "texture": "#1"},
				"down": {"uv": [1, 14.5, 2.5, 15], "texture": "#1"}
			}
		},
		{
			"from": [1.5, 3, 7.25],
			"to": [3.5, 3.5, 8.75],
			"faces": {
				"north": {"uv": [3.5, 12.5, 1.5, 13], "texture": "#1"},
				"east": {"uv": [3, 12.5, 3.5, 13], "texture": "#1"},
				"south": {"uv": [1.5, 12.5, 3.5, 13], "texture": "#1"},
				"west": {"uv": [1.5, 12.5, 2, 13], "texture": "#1"},
				"down": {"uv": [1.5, 12.5, 3.5, 13], "texture": "#1"}
			}
		},
		{
			"from": [4.5, 2.5, 7.45],
			"to": [6, 3, 8.55],
			"faces": {
				"north": {"uv": [6, 13, 4.5, 13.5], "texture": "#1"},
				"east": {"uv": [5.5, 13, 6, 13.5], "texture": "#1"},
				"south": {"uv": [4.5, 13, 6, 13.5], "texture": "#1"},
				"west": {"uv": [4.5, 13, 5, 13.5], "texture": "#1"},
				"down": {"uv": [4.5, 13, 6, 13.5], "texture": "#1"}
			}
		},
		{
			"from": [4, 3, 7.45],
			"to": [6, 3.5, 8.55],
			"faces": {
				"north": {"uv": [6, 12.5, 4, 13], "texture": "#1"},
				"east": {"uv": [5.5, 12.5, 6, 13], "texture": "#1"},
				"south": {"uv": [4, 12.5, 6, 13], "texture": "#1"},
				"west": {"uv": [4, 12.5, 4.5, 13], "texture": "#1"},
				"up": {"uv": [4, 12.5, 6, 13], "texture": "#1"},
				"down": {"uv": [4, 12.5, 6, 13], "texture": "#1"}
			}
		},
		{
			"from": [0, 1.5, 7.75],
			"to": [3, 2.5, 8.25],
			"faces": {
				"north": {"uv": [3, 13.5, 0, 14.5], "texture": "#1"},
				"east": {"uv": [2.5, 13.5, 3, 14.5], "texture": "#1"},
				"south": {"uv": [0, 13.5, 3, 14.5], "texture": "#1"},
				"west": {"uv": [0, 13.5, 0.5, 14.5], "texture": "#1"},
				"down": {"uv": [0, 13.5, 3, 14], "texture": "#1"}
			}
		},
		{
			"from": [0.5, 1.5, 7.45],
			"to": [2.5, 2.5, 8.55],
			"faces": {
				"north": {"uv": [2.5, 13.5, 0.5, 14.5], "texture": "#1"},
				"east": {"uv": [2, 13.5, 2.5, 14.5], "texture": "#1"},
				"south": {"uv": [0.5, 13.5, 2.5, 14.5], "texture": "#1"},
				"west": {"uv": [0.5, 13.5, 1, 14.5], "texture": "#1"},
				"down": {"uv": [0.5, 14, 2.5, 14.5], "texture": "#1"}
			}
		},
		{
			"from": [1.5, 4, 7.25],
			"to": [5, 4.5, 8.75],
			"faces": {
				"north": {"uv": [5, 11.5, 1.5, 12], "texture": "#1"},
				"east": {"uv": [4.5, 11.5, 5, 12], "texture": "#1"},
				"south": {"uv": [1.5, 11.5, 5, 12], "texture": "#1"},
				"west": {"uv": [1.5, 11.5, 2, 12], "texture": "#1"},
				"up": {"uv": [1.5, 11.5, 5, 12], "texture": "#1"},
				"down": {"uv": [1.5, 11.5, 5, 12], "texture": "#1"}
			}
		},
		{
			"from": [7, 6.5, 7.35],
			"to": [9, 7.5, 8.65],
			"faces": {
				"north": {"uv": [9, 8.5, 7, 9.5], "texture": "#1"},
				"east": {"uv": [8.5, 8.5, 9, 9.5], "texture": "#1"},
				"south": {"uv": [7, 8.5, 9, 9.5], "texture": "#1"},
				"down": {"uv": [7, 9, 9, 9.5], "texture": "#1"}
			}
		},
		{
			"from": [4.5, 4.5, 7.05],
			"to": [6, 5, 8.95],
			"faces": {
				"north": {"uv": [6, 11, 4.5, 11.5], "texture": "#1"},
				"east": {"uv": [5.5, 11, 6, 11.5], "texture": "#1"},
				"south": {"uv": [4.5, 11, 6, 11.5], "texture": "#1"},
				"west": {"uv": [4.5, 11, 5, 11.5], "texture": "#1"},
				"down": {"uv": [4.5, 11, 6, 11.5], "texture": "#1"}
			}
		},
		{
			"from": [1.5, 3.5, 7.25],
			"to": [4.5, 4, 8.75],
			"faces": {
				"north": {"uv": [4.5, 12, 1.5, 12.5], "texture": "#1"},
				"east": {"uv": [4, 12, 4.5, 12.5], "texture": "#1"},
				"south": {"uv": [1.5, 12, 4.5, 12.5], "texture": "#1"},
				"west": {"uv": [1.5, 12, 2, 12.5], "texture": "#1"},
				"down": {"uv": [1.5, 12, 4.5, 12.5], "texture": "#1"}
			}
		},
		{
			"from": [4.5, 3.5, 7.45],
			"to": [5.5, 4.5, 8.55],
			"faces": {
				"north": {"uv": [5.5, 11.5, 4.5, 12.5], "texture": "#1"},
				"east": {"uv": [5, 11.5, 5.5, 12.5], "texture": "#1"},
				"south": {"uv": [4.5, 11.5, 5.5, 12.5], "texture": "#1"}
			}
		},
		{
			"from": [2, 4.5, 7.25],
			"to": [4.5, 5, 8.75],
			"faces": {
				"north": {"uv": [4.5, 11, 2, 11.5], "texture": "#1"},
				"south": {"uv": [2, 11, 4.5, 11.5], "texture": "#1"},
				"west": {"uv": [2, 11, 2.5, 11.5], "texture": "#1"},
				"up": {"uv": [2, 11, 4.5, 11.5], "texture": "#1"}
			}
		},
		{
			"from": [4, 5.5, 7.05],
			"to": [6.5, 6.5, 8.95],
			"faces": {
				"north": {"uv": [6.5, 9.5, 4, 10.5], "texture": "#1"},
				"east": {"uv": [6, 9.5, 6.5, 10.5], "texture": "#1"},
				"south": {"uv": [4, 9.5, 6.5, 10.5], "texture": "#1"},
				"west": {"uv": [4, 9.5, 4.5, 10.5], "texture": "#1"},
				"up": {"uv": [4, 9.5, 6.5, 10], "texture": "#1"},
				"down": {"uv": [4, 9.5, 6.5, 10], "texture": "#1"}
			}
		},
		{
			"from": [4, 5, 7.05],
			"to": [6, 5.5, 8.95],
			"faces": {
				"north": {"uv": [6, 10.5, 4, 11], "texture": "#1"},
				"east": {"uv": [5.5, 10.5, 6, 11], "texture": "#1"},
				"south": {"uv": [4, 10.5, 6, 11], "texture": "#1"},
				"west": {"uv": [4, 10.5, 4.5, 11], "texture": "#1"},
				"down": {"uv": [4, 10.5, 6, 11], "texture": "#1"}
			}
		},
		{
			"from": [0.5, 2.5, 7.45],
			"to": [2, 3, 8.55],
			"faces": {
				"north": {"uv": [2, 13, 0.5, 13.5], "texture": "#1"},
				"east": {"uv": [0.5, 13, 1, 13.5], "texture": "#1"},
				"south": {"uv": [0.5, 13, 2, 13.5], "texture": "#1"},
				"west": {"uv": [0.5, 13, 1, 13.5], "texture": "#1"},
				"up": {"uv": [0.5, 13, 2, 13.5], "texture": "#1"}
			}
		},
		{
			"from": [2.5, 5, 7.25],
			"to": [4, 5.5, 8.75],
			"faces": {
				"north": {"uv": [4, 10.5, 2.5, 11], "texture": "#1"},
				"south": {"uv": [2.5, 10.5, 4, 11], "texture": "#1"},
				"west": {"uv": [2.5, 10.5, 3, 11], "texture": "#1"},
				"up": {"uv": [2.5, 10.5, 4, 11], "texture": "#1"}
			}
		},
		{
			"from": [8, 7.5, 7.35],
			"to": [9.5, 8, 8.65],
			"faces": {
				"north": {"uv": [9.5, 8, 8, 8.5], "texture": "#1"},
				"east": {"uv": [9, 8, 9.5, 8.5], "texture": "#1"},
				"south": {"uv": [8, 8, 9.5, 8.5], "texture": "#1"},
				"down": {"uv": [8, 8, 9.5, 8.5], "texture": "#1"}
			}
		},
		{
			"from": [4.5, 6.5, 7.05],
			"to": [7, 7, 8.95],
			"faces": {
				"north": {"uv": [7, 9, 4.5, 9.5], "texture": "#1"},
				"east": {"uv": [6.5, 9, 7, 9.5], "texture": "#1"},
				"south": {"uv": [4.5, 9, 7, 9.5], "texture": "#1"},
				"west": {"uv": [4.5, 9, 5, 9.5], "texture": "#1"},
				"down": {"uv": [4.5, 9, 7, 9.5], "texture": "#1"}
			}
		},
		{
			"from": [4.5, 7, 7.05],
			"to": [7.5, 7.5, 8.95],
			"faces": {
				"north": {"uv": [7.5, 8.5, 4.5, 9], "texture": "#1"},
				"east": {"uv": [7, 8.5, 7.5, 9], "texture": "#1"},
				"south": {"uv": [4.5, 8.5, 7.5, 9], "texture": "#1"},
				"west": {"uv": [4.5, 8.5, 5, 9], "texture": "#1"},
				"up": {"uv": [4.5, 8.5, 7.5, 9], "texture": "#1"},
				"down": {"uv": [4.5, 8.5, 7.5, 9], "texture": "#1"}
			}
		},
		{
			"from": [5, 7.5, 7.05],
			"to": [8, 8, 8.95],
			"faces": {
				"north": {"uv": [8, 8, 5, 8.5], "texture": "#1"},
				"east": {"uv": [7.5, 8, 8, 8.5], "texture": "#1"},
				"south": {"uv": [5, 8, 8, 8.5], "texture": "#1"},
				"west": {"uv": [5, 8, 5.5, 8.5], "texture": "#1"},
				"up": {"uv": [5, 8, 8, 8.5], "texture": "#1"},
				"down": {"uv": [5, 8, 8, 8.5], "texture": "#1"}
			}
		},
		{
			"from": [5.5, 8, 7.05],
			"to": [8.5, 8.5, 8.95],
			"faces": {
				"north": {"uv": [8.5, 7.5, 5.5, 8], "texture": "#1"},
				"east": {"uv": [8, 7.5, 8.5, 8], "texture": "#1"},
				"south": {"uv": [5.5, 7.5, 8.5, 8], "texture": "#1"},
				"west": {"uv": [5.5, 7.5, 6, 8], "texture": "#1"},
				"up": {"uv": [5.5, 7.5, 8.5, 8], "texture": "#1"},
				"down": {"uv": [5.5, 7.5, 8.5, 8], "texture": "#1"}
			}
		},
		{
			"from": [6, 8.5, 7.05],
			"to": [9, 9, 8.95],
			"faces": {
				"north": {"uv": [9, 7, 6, 7.5], "texture": "#1"},
				"east": {"uv": [8.5, 7, 9, 7.5], "texture": "#1"},
				"south": {"uv": [6, 7, 9, 7.5], "texture": "#1"},
				"west": {"uv": [6, 7, 6.5, 7.5], "texture": "#1"},
				"up": {"uv": [6, 7, 9, 7.5], "texture": "#1"},
				"down": {"uv": [6, 7, 9, 7.5], "texture": "#1"}
			}
		},
		{
			"from": [7.5, 9, 7.25],
			"to": [9.5, 9.5, 8.75],
			"faces": {
				"north": {"uv": [9.5, 6.5, 7.5, 7], "texture": "#1"},
				"east": {"uv": [9, 6.5, 9.5, 7], "texture": "#1"},
				"south": {"uv": [7.5, 6.5, 9.5, 7], "texture": "#1"}
			}
		},
		{
			"from": [6.5, 9, 7.05],
			"to": [7.5, 9.5, 8.95],
			"faces": {
				"north": {"uv": [7.5, 6.5, 6.5, 7], "texture": "#1"},
				"east": {"uv": [7, 6.5, 7.5, 7], "texture": "#1"},
				"south": {"uv": [6.5, 6.5, 7.5, 7], "texture": "#1"},
				"west": {"uv": [6.5, 6.5, 7, 7], "texture": "#1"},
				"up": {"uv": [6.5, 6.5, 7.5, 7], "texture": "#1"}
			}
		},
		{
			"from": [7.5, 9.5, 7.25],
			"to": [10, 10, 8.75],
			"faces": {
				"north": {"uv": [10, 6, 7.5, 6.5], "texture": "#1"},
				"east": {"uv": [9.5, 6, 10, 6.5], "texture": "#1"},
				"south": {"uv": [7.5, 6, 10, 6.5], "texture": "#1"},
				"west": {"uv": [7.5, 6, 8, 6.5], "texture": "#1"},
				"up": {"uv": [7.5, 6, 10, 6.5], "texture": "#1"},
				"down": {"uv": [7.5, 6, 10, 6.5], "texture": "#1"}
			}
		},
		{
			"from": [7.5, 10, 7.25],
			"to": [9.5, 10.5, 8.75],
			"faces": {
				"north": {"uv": [9.5, 5.5, 7.5, 6], "texture": "#1"},
				"east": {"uv": [9, 5.5, 9.5, 6], "texture": "#1"},
				"south": {"uv": [7.5, 5.5, 9.5, 6], "texture": "#1"},
				"west": {"uv": [7.5, 5.5, 8, 6], "texture": "#1"},
				"up": {"uv": [7.5, 5.5, 9.5, 6], "texture": "#1"}
			}
		},
		{
			"from": [8, 10.5, 7.25],
			"to": [11, 11, 8.75],
			"faces": {
				"north": {"uv": [11, 5, 8, 5.5], "texture": "#1"},
				"east": {"uv": [10.5, 5, 11, 5.5], "texture": "#1"},
				"south": {"uv": [8, 5, 11, 5.5], "texture": "#1"},
				"west": {"uv": [8, 5, 8.5, 5.5], "texture": "#1"},
				"up": {"uv": [8, 5, 11, 5.5], "texture": "#1"},
				"down": {"uv": [8, 5, 11, 5.5], "texture": "#1"}
			}
		},
		{
			"from": [8.5, 11, 7.25],
			"to": [10, 11.5, 8.75],
			"faces": {
				"north": {"uv": [10, 4.5, 8.5, 5], "texture": "#1"},
				"east": {"uv": [9.5, 4.5, 10, 5], "texture": "#1"},
				"south": {"uv": [8.5, 4.5, 10, 5], "texture": "#1"},
				"west": {"uv": [8.5, 4.5, 9, 5], "texture": "#1"},
				"up": {"uv": [8.5, 4.5, 10, 5], "texture": "#1"}
			}
		},
		{
			"from": [1, 3, 7.45],
			"to": [1.5, 3.5, 8.55],
			"faces": {
				"north": {"uv": [1.5, 12.5, 1, 13], "texture": "#1"},
				"south": {"uv": [1, 12.5, 1.5, 13], "texture": "#1"},
				"west": {"uv": [1, 12.5, 1.5, 13], "texture": "#1"},
				"up": {"uv": [1, 12.5, 1.5, 13], "texture": "#1"}
			}
		},
		{
			"from": [3.5, 5.5, 7.25],
			"to": [4, 6, 8.75],
			"faces": {
				"north": {"uv": [4, 10, 3.5, 10.5], "texture": "#1"},
				"south": {"uv": [3.5, 10, 4, 10.5], "texture": "#1"},
				"west": {"uv": [3.5, 10, 4, 10.5], "texture": "#1"},
				"up": {"uv": [3.5, 10, 4, 10.5], "texture": "#1"}
			}
		},
		{
			"from": [8.5, 8, 7.35],
			"to": [10.5, 8.5, 8.65],
			"faces": {
				"north": {"uv": [10.5, 7.5, 8.5, 8], "texture": "#1"},
				"east": {"uv": [10, 7.5, 10.5, 8], "texture": "#1"},
				"south": {"uv": [8.5, 7.5, 10.5, 8], "texture": "#1"},
				"up": {"uv": [8.5, 7.5, 10.5, 8], "texture": "#1"},
				"down": {"uv": [8.5, 7.5, 10.5, 8], "texture": "#1"}
			}
		},
		{
			"from": [9, 8.5, 7.35],
			"to": [10, 9, 8.65],
			"faces": {
				"north": {"uv": [10, 7, 9, 7.5], "texture": "#1"},
				"east": {"uv": [9.5, 7, 10, 7.5], "texture": "#1"},
				"south": {"uv": [9, 7, 10, 7.5], "texture": "#1"},
				"up": {"uv": [9, 7, 10, 7.5], "texture": "#1"}
			}
		},
		{
			"from": [6.5, 6, 7.35],
			"to": [8, 6.5, 8.65],
			"faces": {
				"north": {"uv": [8, 9.5, 6.5, 10], "texture": "#1"},
				"east": {"uv": [7.5, 9.5, 8, 10], "texture": "#1"},
				"south": {"uv": [6.5, 9.5, 8, 10], "texture": "#1"},
				"down": {"uv": [6.5, 9.5, 8, 10], "texture": "#1"}
			}
		},
		{
			"from": [6.5, 5.5, 7.35],
			"to": [7.5, 6, 8.65],
			"faces": {
				"north": {"uv": [7.5, 10, 6.5, 10.5], "texture": "#1"},
				"east": {"uv": [7, 10, 7.5, 10.5], "texture": "#1"},
				"south": {"uv": [6.5, 10, 7.5, 10.5], "texture": "#1"},
				"down": {"uv": [6.5, 10, 7.5, 10.5], "texture": "#1"}
			}
		},
		{
			"from": [0, 2.5, 7.75],
			"to": [3.5, 3, 8.25],
			"faces": {
				"north": {"uv": [3.5, 13, 0, 13.5], "texture": "#1"},
				"east": {"uv": [3, 13, 3.5, 13.5], "texture": "#1"},
				"south": {"uv": [0, 13, 3.5, 13.5], "texture": "#1"},
				"west": {"uv": [0, 13, 0.5, 13.5], "texture": "#1"},
				"up": {"uv": [0, 13, 3.5, 13.5], "texture": "#1"},
				"down": {"uv": [0, 13, 3.5, 13.5], "texture": "#1"}
			}
		},
		{
			"from": [0.5, 3, 7.75],
			"to": [6.5, 3.5, 8.25],
			"faces": {
				"north": {"uv": [6.5, 12.5, 0.5, 13], "texture": "#1"},
				"east": {"uv": [6, 12.5, 6.5, 13], "texture": "#1"},
				"south": {"uv": [0.5, 12.5, 6.5, 13], "texture": "#1"},
				"west": {"uv": [0.5, 12.5, 1, 13], "texture": "#1"},
				"up": {"uv": [0.5, 12.5, 6.5, 13], "texture": "#1"},
				"down": {"uv": [0.5, 12.5, 6.5, 13], "texture": "#1"}
			}
		},
		{
			"from": [1, 3.5, 7.75],
			"to": [6, 4, 8.25],
			"faces": {
				"north": {"uv": [6, 12, 1, 12.5], "texture": "#1"},
				"east": {"uv": [5.5, 12, 6, 12.5], "texture": "#1"},
				"south": {"uv": [1, 12, 6, 12.5], "texture": "#1"},
				"west": {"uv": [1, 12, 1.5, 12.5], "texture": "#1"},
				"up": {"uv": [1, 12, 6, 12.5], "texture": "#1"}
			}
		},
		{
			"from": [1, 4, 7.75],
			"to": [1.5, 4.5, 8.25],
			"faces": {
				"north": {"uv": [1.5, 11.5, 1, 12], "texture": "#1"},
				"south": {"uv": [1, 11.5, 1.5, 12], "texture": "#1"},
				"west": {"uv": [1, 11.5, 1.5, 12], "texture": "#1"},
				"up": {"uv": [1, 11.5, 1.5, 12], "texture": "#1"}
			}
		},
		{
			"from": [6, 4.5, 7.75],
			"to": [6.5, 5, 8.25],
			"faces": {
				"north": {"uv": [6.5, 11, 6, 11.5], "texture": "#1"},
				"east": {"uv": [6, 11, 6.5, 11.5], "texture": "#1"},
				"south": {"uv": [6, 11, 6.5, 11.5], "texture": "#1"},
				"down": {"uv": [6, 11, 6.5, 11.5], "texture": "#1"}
			}
		},
		{
			"from": [1.5, 4.5, 7.75],
			"to": [2, 5, 8.25],
			"faces": {
				"north": {"uv": [2, 11, 1.5, 11.5], "texture": "#1"},
				"south": {"uv": [1.5, 11, 2, 11.5], "texture": "#1"},
				"west": {"uv": [1.5, 11, 2, 11.5], "texture": "#1"},
				"up": {"uv": [1.5, 11, 2, 11.5], "texture": "#1"}
			}
		},
		{
			"from": [4.5, 2, 7.75],
			"to": [6.5, 2.5, 8.25],
			"faces": {
				"north": {"uv": [6.5, 13.5, 4.5, 14], "texture": "#1"},
				"east": {"uv": [6, 13.5, 6.5, 14], "texture": "#1"},
				"south": {"uv": [4.5, 13.5, 6.5, 14], "texture": "#1"},
				"west": {"uv": [4.5, 13.5, 5, 14], "texture": "#1"},
				"down": {"uv": [4.5, 13.5, 6.5, 14], "texture": "#1"}
			}
		},
		{
			"from": [6, 11, 7.75],
			"to": [14.5, 11.5, 8.25],
			"faces": {
				"north": {"uv": [14.5, 4.5, 6, 5], "texture": "#1"},
				"east": {"uv": [14, 4.5, 14.5, 5], "texture": "#1"},
				"south": {"uv": [6, 4.5, 14.5, 5], "texture": "#1"},
				"west": {"uv": [6, 4.5, 6.5, 5], "texture": "#1"},
				"up": {"uv": [6, 4.5, 14.5, 5], "texture": "#1"},
				"down": {"uv": [6, 4.5, 14.5, 5], "texture": "#1"}
			}
		},
		{
			"from": [11, 7.5, 7.75],
			"to": [12, 8, 8.25],
			"faces": {
				"north": {"uv": [12, 8, 11, 8.5], "texture": "#1"},
				"east": {"uv": [11.5, 8, 12, 8.5], "texture": "#1"},
				"south": {"uv": [11, 8, 12, 8.5], "texture": "#1"},
				"west": {"uv": [11, 8, 11.5, 8.5], "texture": "#1"},
				"down": {"uv": [11, 8, 12, 8.5], "texture": "#1"}
			}
		},
		{
			"from": [14, 13, 7.75],
			"to": [16, 13.5, 8.25],
			"faces": {
				"north": {"uv": [16, 2.5, 14, 3], "texture": "#1"},
				"east": {"uv": [15.5, 2.5, 16, 3], "texture": "#1"},
				"south": {"uv": [14, 2.5, 16, 3], "texture": "#1"},
				"west": {"uv": [14, 2.5, 14.5, 3], "texture": "#1"},
				"up": {"uv": [14, 2.5, 16, 3], "texture": "#1"},
				"down": {"uv": [14, 2.5, 16, 3], "texture": "#1"}
			}
		},
		{
			"from": [11, 14, 7.75],
			"to": [13, 14.5, 8.25],
			"faces": {
				"north": {"uv": [13, 1.5, 11, 2], "texture": "#1"},
				"east": {"uv": [12.5, 1.5, 13, 2], "texture": "#1"},
				"south": {"uv": [11, 1.5, 13, 2], "texture": "#1"},
				"west": {"uv": [11, 1.5, 11.5, 2], "texture": "#1"},
				"up": {"uv": [11, 1.5, 13, 2], "texture": "#1"},
				"down": {"uv": [11, 1.5, 13, 2], "texture": "#1"}
			}
		},
		{
			"from": [12, 15, 7.75],
			"to": [14, 15.5, 8.25],
			"faces": {
				"north": {"uv": [14, 0.5, 12, 1], "texture": "#1"},
				"east": {"uv": [13.5, 0.5, 14, 1], "texture": "#1"},
				"south": {"uv": [12, 0.5, 14, 1], "texture": "#1"},
				"west": {"uv": [12, 0.5, 12.5, 1], "texture": "#1"},
				"up": {"uv": [12, 0.5, 14, 1], "texture": "#1"},
				"down": {"uv": [12, 0.5, 14, 1], "texture": "#1"}
			}
		},
		{
			"from": [14.5, 13.5, 7.75],
			"to": [16, 14, 8.25],
			"faces": {
				"north": {"uv": [16, 2, 14.5, 2.5], "texture": "#1"},
				"east": {"uv": [15.5, 2, 16, 2.5], "texture": "#1"},
				"south": {"uv": [14.5, 2, 16, 2.5], "texture": "#1"},
				"west": {"uv": [14.5, 2, 15, 2.5], "texture": "#1"},
				"up": {"uv": [14.5, 2, 16, 2.5], "texture": "#1"}
			}
		},
		{
			"from": [15, 14, 7.75],
			"to": [16, 14.5, 8.25],
			"faces": {
				"north": {"uv": [16, 1.5, 15, 2], "texture": "#1"},
				"east": {"uv": [15.5, 1.5, 16, 2], "texture": "#1"},
				"south": {"uv": [15, 1.5, 16, 2], "texture": "#1"},
				"west": {"uv": [15, 1.5, 15.5, 2], "texture": "#1"},
				"up": {"uv": [15, 1.5, 16, 2], "texture": "#1"}
			}
		},
		{
			"from": [15.5, 14.5, 7.75],
			"to": [16, 15, 8.25],
			"faces": {
				"north": {"uv": [16, 1, 15.5, 1.5], "texture": "#1"},
				"east": {"uv": [15.5, 1, 16, 1.5], "texture": "#1"},
				"south": {"uv": [15.5, 1, 16, 1.5], "texture": "#1"},
				"west": {"uv": [15.5, 1, 16, 1.5], "texture": "#1"},
				"up": {"uv": [15.5, 1, 16, 1.5], "texture": "#1"}
			}
		},
		{
			"from": [5.5, 10.5, 7.75],
			"to": [14, 11, 8.25],
			"faces": {
				"north": {"uv": [14, 5, 5.5, 5.5], "texture": "#1"},
				"east": {"uv": [13.5, 5, 14, 5.5], "texture": "#1"},
				"south": {"uv": [5.5, 5, 14, 5.5], "texture": "#1"},
				"west": {"uv": [5.5, 5, 6, 5.5], "texture": "#1"},
				"up": {"uv": [5.5, 5, 14, 5.5], "texture": "#1"},
				"down": {"uv": [5.5, 5, 14, 5.5], "texture": "#1"}
			}
		},
		{
			"from": [13, 15.5, 7.75],
			"to": [14.5, 16, 8.25],
			"faces": {
				"north": {"uv": [14.5, 0, 13, 0.5], "texture": "#1"},
				"east": {"uv": [14, 0, 14.5, 0.5], "texture": "#1"},
				"south": {"uv": [13, 0, 14.5, 0.5], "texture": "#1"},
				"west": {"uv": [13, 0, 13.5, 0.5], "texture": "#1"},
				"up": {"uv": [13, 0, 14.5, 0.5], "texture": "#1"},
				"down": {"uv": [13, 0, 14.5, 0.5], "texture": "#1"}
			}
		},
		{
			"from": [11, 6.5, 7.75],
			"to": [11.5, 7.5, 8.25],
			"faces": {
				"north": {"uv": [11.5, 8.5, 11, 9.5], "texture": "#1"},
				"east": {"uv": [11, 8.5, 11.5, 9.5], "texture": "#1"},
				"south": {"uv": [11, 8.5, 11.5, 9.5], "texture": "#1"},
				"west": {"uv": [11, 8.5, 11.5, 9.5], "texture": "#1"},
				"down": {"uv": [11, 9, 11.5, 9.5], "texture": "#1"}
			}
		},
		{
			"from": [9, 9.5, 10.05],
			"to": [9.5, 10, 10.55],
			"faces": {
				"north": {"uv": [11, 15, 10.5, 15.5], "texture": "#1"},
				"east": {"uv": [10.5, 15, 11, 15.5], "texture": "#1"},
				"south": {"uv": [10.5, 15, 11, 15.5], "texture": "#1"},
				"west": {"uv": [10.5, 15, 11, 15.5], "texture": "#1"},
				"up": {"uv": [10.5, 15, 11, 15.5], "texture": "#1"},
				"down": {"uv": [10.5, 15, 11, 15.5], "texture": "#1"}
			}
		},
		{
			"from": [9, 9.5, 5.45],
			"to": [9.5, 10, 5.95],
			"rotation": {"angle": 0, "axis": "y", "origin": [0, 0, 16]},
			"faces": {
				"north": {"uv": [11, 15, 10.5, 15.5], "texture": "#1"},
				"east": {"uv": [11, 15, 10.5, 15.5], "texture": "#1"},
				"south": {"uv": [10.5, 15, 11, 15.5], "texture": "#1"},
				"west": {"uv": [11, 15, 10.5, 15.5], "texture": "#1"},
				"up": {"uv": [10.5, 15.5, 11, 15], "texture": "#1"},
				"down": {"uv": [10.5, 15.5, 11, 15], "texture": "#1"}
			}
		},
		{
			"from": [9.5, 10, 9.55],
			"to": [10, 10.5, 10.55],
			"faces": {
				"north": {"uv": [11.5, 14.5, 11, 15], "texture": "#1"},
				"east": {"uv": [11, 14.5, 11.5, 15], "texture": "#1"},
				"south": {"uv": [11, 14.5, 11.5, 15], "texture": "#1"},
				"west": {"uv": [11, 14.5, 11.5, 15], "texture": "#1"},
				"up": {"uv": [11, 14.5, 11.5, 15], "texture": "#1"},
				"down": {"uv": [11, 14.5, 11.5, 15], "texture": "#1"}
			}
		},
		{
			"from": [9.5, 10, 5.45],
			"to": [10, 10.5, 6.45],
			"rotation": {"angle": 0, "axis": "y", "origin": [0, 0, 16]},
			"faces": {
				"north": {"uv": [11.5, 14.5, 11, 15], "texture": "#1"},
				"east": {"uv": [11.5, 14.5, 11, 15], "texture": "#1"},
				"south": {"uv": [11, 14.5, 11.5, 15], "texture": "#1"},
				"west": {"uv": [11.5, 14.5, 11, 15], "texture": "#1"},
				"up": {"uv": [11, 15, 11.5, 14.5], "texture": "#1"},
				"down": {"uv": [11, 15, 11.5, 14.5], "texture": "#1"}
			}
		},
		{
			"from": [10, 10.5, 9.05],
			"to": [10.5, 11, 10.05],
			"faces": {
				"north": {"uv": [12, 14, 11.5, 14.5], "texture": "#1"},
				"east": {"uv": [11.5, 14, 12, 14.5], "texture": "#1"},
				"south": {"uv": [11.5, 14, 12, 14.5], "texture": "#1"},
				"west": {"uv": [11.5, 14, 12, 14.5], "texture": "#1"},
				"up": {"uv": [11.5, 14, 12, 14.5], "texture": "#1"},
				"down": {"uv": [11.5, 14, 12, 14.5], "texture": "#1"}
			}
		},
		{
			"from": [10, 10.5, 5.95],
			"to": [10.5, 11, 6.95],
			"rotation": {"angle": 0, "axis": "y", "origin": [0, 0, 16]},
			"faces": {
				"north": {"uv": [12, 14, 11.5, 14.5], "texture": "#1"},
				"east": {"uv": [12, 14, 11.5, 14.5], "texture": "#1"},
				"south": {"uv": [11.5, 14, 12, 14.5], "texture": "#1"},
				"west": {"uv": [12, 14, 11.5, 14.5], "texture": "#1"},
				"up": {"uv": [11.5, 14.5, 12, 14], "texture": "#1"},
				"down": {"uv": [11.5, 14.5, 12, 14], "texture": "#1"}
			}
		},
		{
			"from": [10.5, 11, 8.55],
			"to": [11, 11.5, 10.05],
			"faces": {
				"east": {"uv": [12, 13.5, 12.5, 15], "rotation": 90, "texture": "#1"},
				"south": {"uv": [12, 14.5, 12.5, 15], "texture": "#1"},
				"west": {"uv": [12, 13.5, 12.5, 15], "rotation": 270, "texture": "#1"},
				"up": {"uv": [12, 13.5, 12.5, 15], "texture": "#1"},
				"down": {"uv": [12, 13.5, 12.5, 15], "rotation": 180, "texture": "#1"}
			}
		},
		{
			"from": [10.5, 11, 5.95],
			"to": [11, 11.5, 7.45],
			"rotation": {"angle": 0, "axis": "y", "origin": [0, 0, 16]},
			"faces": {
				"north": {"uv": [12.5, 14.5, 12, 15], "texture": "#1"},
				"east": {"uv": [12, 15, 12.5, 13.5], "rotation": 90, "texture": "#1"},
				"west": {"uv": [12, 15, 12.5, 13.5], "rotation": 270, "texture": "#1"},
				"up": {"uv": [12, 15, 12.5, 13.5], "texture": "#1"},
				"down": {"uv": [12, 15, 12.5, 13.5], "rotation": 180, "texture": "#1"}
			}
		},
		{
			"from": [11, 11.5, 8.55],
			"to": [11.5, 12, 10.05],
			"faces": {
				"east": {"uv": [12.5, 13.5, 13, 15], "rotation": 90, "texture": "#1"},
				"south": {"uv": [12.5, 14.5, 13, 15], "texture": "#1"},
				"west": {"uv": [12.5, 13.5, 13, 15], "rotation": 270, "texture": "#1"},
				"up": {"uv": [12.5, 13.5, 13, 15], "texture": "#1"},
				"down": {"uv": [12.5, 13.5, 13, 15], "rotation": 180, "texture": "#1"}
			}
		},
		{
			"from": [11, 11.5, 5.95],
			"to": [11.5, 12, 7.45],
			"rotation": {"angle": 0, "axis": "y", "origin": [0, 0, 16]},
			"faces": {
				"north": {"uv": [13, 14.5, 12.5, 15], "texture": "#1"},
				"east": {"uv": [12.5, 15, 13, 13.5], "rotation": 90, "texture": "#1"},
				"west": {"uv": [12.5, 15, 13, 13.5], "rotation": 270, "texture": "#1"},
				"up": {"uv": [12.5, 15, 13, 13.5], "texture": "#1"},
				"down": {"uv": [12.5, 15, 13, 13.5], "rotation": 180, "texture": "#1"}
			}
		},
		{
			"from": [11.5, 12, 8.55],
			"to": [12, 12.5, 10.05],
			"faces": {
				"east": {"uv": [13, 13.5, 13.5, 15], "rotation": 90, "texture": "#1"},
				"south": {"uv": [13, 14.5, 13.5, 15], "texture": "#1"},
				"west": {"uv": [13, 13.5, 13.5, 15], "rotation": 270, "texture": "#1"},
				"up": {"uv": [13, 13.5, 13.5, 15], "texture": "#1"},
				"down": {"uv": [13, 13.5, 13.5, 15], "rotation": 180, "texture": "#1"}
			}
		},
		{
			"from": [11.5, 12, 5.95],
			"to": [12, 12.5, 7.45],
			"rotation": {"angle": 0, "axis": "y", "origin": [0, 0, 16]},
			"faces": {
				"north": {"uv": [13.5, 14.5, 13, 15], "texture": "#1"},
				"east": {"uv": [13, 15, 13.5, 13.5], "rotation": 90, "texture": "#1"},
				"west": {"uv": [13, 15, 13.5, 13.5], "rotation": 270, "texture": "#1"},
				"up": {"uv": [13, 15, 13.5, 13.5], "texture": "#1"},
				"down": {"uv": [13, 15, 13.5, 13.5], "rotation": 180, "texture": "#1"}
			}
		},
		{
			"from": [12, 12.5, 8.55],
			"to": [12.5, 13, 9.55],
			"faces": {
				"north": {"uv": [13.5, 13.5, 14, 14], "texture": "#1"},
				"east": {"uv": [13.5, 13.5, 14, 14.5], "rotation": 90, "texture": "#1"},
				"south": {"uv": [13.5, 14, 14, 14.5], "texture": "#1"},
				"west": {"uv": [13.5, 13.5, 14, 14.5], "rotation": 270, "texture": "#1"},
				"up": {"uv": [13.5, 13.5, 14, 14.5], "texture": "#1"},
				"down": {"uv": [13.5, 13.5, 14, 14.5], "rotation": 180, "texture": "#1"}
			}
		},
		{
			"from": [12, 12.5, 6.45],
			"to": [12.5, 13, 7.45],
			"rotation": {"angle": 0, "axis": "y", "origin": [0, 0, 16]},
			"faces": {
				"north": {"uv": [14, 14, 13.5, 14.5], "texture": "#1"},
				"east": {"uv": [13.5, 14.5, 14, 13.5], "rotation": 90, "texture": "#1"},
				"south": {"uv": [14, 13.5, 13.5, 14], "texture": "#1"},
				"west": {"uv": [13.5, 14.5, 14, 13.5], "rotation": 270, "texture": "#1"},
				"up": {"uv": [13.5, 14.5, 14, 13.5], "texture": "#1"},
				"down": {"uv": [13.5, 14.5, 14, 13.5], "rotation": 180, "texture": "#1"}
			}
		},
		{
			"from": [12.5, 13, 8.55],
			"to": [13, 13.5, 9.55],
			"faces": {
				"north": {"uv": [14, 13.5, 14.5, 14], "texture": "#1"},
				"east": {"uv": [14, 13.5, 14.5, 14.5], "rotation": 90, "texture": "#1"},
				"south": {"uv": [14, 14, 14.5, 14.5], "texture": "#1"},
				"west": {"uv": [14, 13.5, 14.5, 14.5], "rotation": 270, "texture": "#1"},
				"up": {"uv": [14, 13.5, 14.5, 14.5], "texture": "#1"},
				"down": {"uv": [14, 13.5, 14.5, 14.5], "rotation": 180, "texture": "#1"}
			}
		},
		{
			"from": [12.5, 13, 6.45],
			"to": [13, 13.5, 7.45],
			"rotation": {"angle": 0, "axis": "y", "origin": [0, 0, 16]},
			"faces": {
				"north": {"uv": [14.5, 14, 14, 14.5], "texture": "#1"},
				"east": {"uv": [14, 14.5, 14.5, 13.5], "rotation": 90, "texture": "#1"},
				"south": {"uv": [14.5, 13.5, 14, 14], "texture": "#1"},
				"west": {"uv": [14, 14.5, 14.5, 13.5], "rotation": 270, "texture": "#1"},
				"up": {"uv": [14, 14.5, 14.5, 13.5], "texture": "#1"},
				"down": {"uv": [14, 14.5, 14.5, 13.5], "rotation": 180, "texture": "#1"}
			}
		},
		{
			"from": [13, 13.5, 8.55],
			"to": [13.5, 14, 9.55],
			"faces": {
				"north": {"uv": [14.5, 13.5, 15, 14], "texture": "#1"},
				"east": {"uv": [14.5, 13.5, 15, 14.5], "rotation": 90, "texture": "#1"},
				"south": {"uv": [14.5, 14, 15, 14.5], "texture": "#1"},
				"west": {"uv": [14.5, 13.5, 15, 14.5], "rotation": 270, "texture": "#1"},
				"up": {"uv": [14.5, 13.5, 15, 14.5], "texture": "#1"},
				"down": {"uv": [14.5, 13.5, 15, 14.5], "rotation": 180, "texture": "#1"}
			}
		},
		{
			"from": [13, 13.5, 6.45],
			"to": [13.5, 14, 7.45],
			"rotation": {"angle": 0, "axis": "y", "origin": [0, 0, 16]},
			"faces": {
				"north": {"uv": [15, 14, 14.5, 14.5], "texture": "#1"},
				"east": {"uv": [14.5, 14.5, 15, 13.5], "rotation": 90, "texture": "#1"},
				"south": {"uv": [15, 13.5, 14.5, 14], "texture": "#1"},
				"west": {"uv": [14.5, 14.5, 15, 13.5], "rotation": 270, "texture": "#1"},
				"up": {"uv": [14.5, 14.5, 15, 13.5], "texture": "#1"},
				"down": {"uv": [14.5, 14.5, 15, 13.5], "rotation": 180, "texture": "#1"}
			}
		},
		{
			"from": [13.5, 14, 8.55],
			"to": [14, 14.5, 9.05],
			"faces": {
				"north": {"uv": [15.5, 13.5, 15, 14], "texture": "#1"},
				"east": {"uv": [15, 13.5, 15.5, 14], "texture": "#1"},
				"south": {"uv": [15, 13.5, 15.5, 14], "texture": "#1"},
				"west": {"uv": [15, 13.5, 15.5, 14], "texture": "#1"},
				"up": {"uv": [15, 13.5, 15.5, 14], "texture": "#1"},
				"down": {"uv": [15, 13.5, 15.5, 14], "texture": "#1"}
			}
		},
		{
			"from": [13.5, 14, 6.95],
			"to": [14, 14.5, 7.45],
			"rotation": {"angle": 0, "axis": "y", "origin": [0, 0, 16]},
			"faces": {
				"north": {"uv": [15.5, 13.5, 15, 14], "texture": "#1"},
				"east": {"uv": [15.5, 13.5, 15, 14], "texture": "#1"},
				"south": {"uv": [15, 13.5, 15.5, 14], "texture": "#1"},
				"west": {"uv": [15.5, 13.5, 15, 14], "texture": "#1"},
				"up": {"uv": [15, 14, 15.5, 13.5], "texture": "#1"},
				"down": {"uv": [15, 14, 15.5, 13.5], "texture": "#1"}
			}
		},
		{
			"from": [13.5, 12.5, 7.75],
			"to": [15.5, 13, 8.25],
			"faces": {
				"north": {"uv": [15.5, 3, 13.5, 3.5], "texture": "#1"},
				"east": {"uv": [15, 3, 15.5, 3.5], "texture": "#1"},
				"south": {"uv": [13.5, 3, 15.5, 3.5], "texture": "#1"},
				"west": {"uv": [13.5, 3, 14, 3.5], "texture": "#1"},
				"up": {"uv": [13.5, 3, 15.5, 3.5], "texture": "#1"},
				"down": {"uv": [13.5, 3, 15.5, 3.5], "texture": "#1"}
			}
		},
		{
			"from": [10.5, 13.5, 7.75],
			"to": [12.5, 14, 8.25],
			"faces": {
				"north": {"uv": [12.5, 2, 10.5, 2.5], "texture": "#1"},
				"east": {"uv": [12, 2, 12.5, 2.5], "texture": "#1"},
				"south": {"uv": [10.5, 2, 12.5, 2.5], "texture": "#1"},
				"west": {"uv": [10.5, 2, 11, 2.5], "texture": "#1"},
				"up": {"uv": [10.5, 2, 12.5, 2.5], "texture": "#1"},
				"down": {"uv": [10.5, 2, 12.5, 2.5], "texture": "#1"}
			}
		},
		{
			"from": [11.5, 14.5, 7.75],
			"to": [13.5, 15, 8.25],
			"faces": {
				"north": {"uv": [13.5, 1, 11.5, 1.5], "texture": "#1"},
				"east": {"uv": [13, 1, 13.5, 1.5], "texture": "#1"},
				"south": {"uv": [11.5, 1, 13.5, 1.5], "texture": "#1"},
				"west": {"uv": [11.5, 1, 12, 1.5], "texture": "#1"},
				"up": {"uv": [11.5, 1, 13.5, 1.5], "texture": "#1"},
				"down": {"uv": [11.5, 1, 13.5, 1.5], "texture": "#1"}
			}
		},
		{
			"from": [9, 12.5, 7.75],
			"to": [10, 13, 8.25],
			"faces": {
				"north": {"uv": [10, 3, 9, 3.5], "texture": "#1"},
				"south": {"uv": [9, 3, 10, 3.5], "texture": "#1"},
				"west": {"uv": [9, 3, 9.5, 3.5], "texture": "#1"},
				"up": {"uv": [9, 3, 10, 3.5], "texture": "#1"}
			}
		},
		{
			"from": [13, 12, 7.75],
			"to": [15, 12.5, 8.25],
			"faces": {
				"north": {"uv": [15, 3.5, 13, 4], "texture": "#1"},
				"east": {"uv": [14.5, 3.5, 15, 4], "texture": "#1"},
				"south": {"uv": [13, 3.5, 15, 4], "texture": "#1"},
				"west": {"uv": [13, 3.5, 13.5, 4], "texture": "#1"},
				"up": {"uv": [13, 3.5, 15, 4], "texture": "#1"}
			}
		},
		{
			"from": [10, 13, 7.75],
			"to": [12, 13.5, 8.25],
			"faces": {
				"north": {"uv": [12, 2.5, 10, 3], "texture": "#1"},
				"east": {"uv": [10, 2.5, 10.5, 3], "texture": "#1"},
				"south": {"uv": [10, 2.5, 12, 3], "texture": "#1"},
				"west": {"uv": [10, 2.5, 10.5, 3], "texture": "#1"},
				"up": {"uv": [10, 2.5, 12, 3], "texture": "#1"}
			}
		},
		{
			"from": [8, 12, 7.75],
			"to": [9, 12.5, 8.25],
			"faces": {
				"north": {"uv": [9, 3.5, 8, 4], "texture": "#1"},
				"east": {"uv": [8, 3.5, 8.5, 4], "texture": "#1"},
				"south": {"uv": [8, 3.5, 9, 4], "texture": "#1"},
				"west": {"uv": [8, 3.5, 8.5, 4], "texture": "#1"},
				"up": {"uv": [8, 3.5, 9, 4], "texture": "#1"}
			}
		},
		{
			"from": [6.5, 11.5, 7.75],
			"to": [15, 12, 8.25],
			"faces": {
				"north": {"uv": [15, 4, 6.5, 4.5], "texture": "#1"},
				"east": {"uv": [14.5, 4, 15, 4.5], "texture": "#1"},
				"south": {"uv": [6.5, 4, 15, 4.5], "texture": "#1"},
				"west": {"uv": [6.5, 4, 7, 4.5], "texture": "#1"},
				"up": {"uv": [6.5, 4, 15, 4.5], "texture": "#1"},
				"down": {"uv": [6.5, 4, 15, 4.5], "texture": "#1"}
			}
		}
	],
	"gui_light": "front",
	"display": {
		"thirdperson_righthand": {
			"rotation": [0, 90, -45],
			"translation": [0, 0, -2],
			"scale": [0.9, 0.9, 0.9]
		},
		"thirdperson_lefthand": {
			"rotation": [0, -90, 45],
			"translation": [0, 0, -2],
			"scale": [0.9, 0.9, 0.9]
		},
		"firstperson_righthand": {
			"rotation": [0, 90, -40],
			"translation": [0, 3, 1],
			"scale": [0.8, 0.8, 0.8]
		},
		"firstperson_lefthand": {
			"rotation": [0, -90, 40],
			"translation": [0, 3, 1],
			"scale": [0.8, 0.8, 0.8]
		},
		"ground": {
			"translation": [0, 2, 0],
			"scale": [0.6, 0.6, 0.6]
		},
		"head": {
			"rotation": [-45, 90, 0],
			"translation": [0, 7, -2]
		},
		"fixed": {
			"rotation": [0, 180, 0]
		}
	}
}