{
	"credit": "Made with Blockbench",
	"textures": {
		"0": "custom/weapon/yateveo_bloom",
		"particle": "custom/weapon/yateveo_bloom"
	},
	"elements": [
		{
			"from": [1, 0, 7.75],
			"to": [1.5, 0.5, 8.25],
			"faces": {
				"north": {"uv": [1.5, 15.5, 1, 16], "texture": "#0"},
				"east": {"uv": [1, 15.5, 1.5, 16], "texture": "#0"},
				"south": {"uv": [1, 15.5, 1.5, 16], "texture": "#0"},
				"west": {"uv": [1, 15.5, 1.5, 16], "texture": "#0"},
				"down": {"uv": [1, 15.5, 1.5, 16], "texture": "#0"}
			}
		},
		{
			"from": [0.5, 0.5, 7.75],
			"to": [2, 1, 8.25],
			"faces": {
				"north": {"uv": [2, 15, 0.5, 15.5], "texture": "#0"},
				"east": {"uv": [1.5, 15, 2, 15.5], "texture": "#0"},
				"south": {"uv": [0.5, 15, 2, 15.5], "texture": "#0"},
				"west": {"uv": [0.5, 15, 1, 15.5], "texture": "#0"},
				"down": {"uv": [0.5, 15, 2, 15.5], "texture": "#0"}
			}
		},
		{
			"from": [1, 0.5, 7.5],
			"to": [1.5, 1, 8.5],
			"faces": {
				"north": {"uv": [1.5, 15, 1, 15.5], "texture": "#0"},
				"east": {"uv": [1, 15, 1.5, 15.5], "texture": "#0"},
				"south": {"uv": [1, 15, 1.5, 15.5], "texture": "#0"},
				"west": {"uv": [1, 15, 1.5, 15.5], "texture": "#0"},
				"down": {"uv": [1, 15, 1.5, 15.5], "texture": "#0"}
			}
		},
		{
			"from": [2, 1, 7.75],
			"to": [2.5, 1.5, 8.25],
			"faces": {
				"north": {"uv": [2.5, 14.5, 2, 15], "texture": "#0"},
				"east": {"uv": [2, 14.5, 2.5, 15], "texture": "#0"},
				"south": {"uv": [2, 14.5, 2.5, 15], "texture": "#0"},
				"down": {"uv": [2, 14.5, 2.5, 15], "texture": "#0"}
			}
		},
		{
			"from": [0.5, 1, 7.5],
			"to": [2, 1.5, 8.5],
			"faces": {
				"north": {"uv": [2, 14.5, 0.5, 15], "texture": "#0"},
				"east": {"uv": [1.5, 14.5, 2, 15], "texture": "#0"},
				"south": {"uv": [0.5, 14.5, 2, 15], "texture": "#0"},
				"west": {"uv": [0.5, 14.5, 1, 15], "texture": "#0"},
				"up": {"uv": [0.5, 14.5, 2, 15], "texture": "#0"},
				"down": {"uv": [0.5, 14.5, 2, 15], "texture": "#0"}
			}
		},
		{
			"from": [0, 1.5, 7.75],
			"to": [3, 2, 8.25],
			"faces": {
				"north": {"uv": [3, 14, 0, 14.5], "texture": "#0"},
				"east": {"uv": [2.5, 14, 3, 14.5], "texture": "#0"},
				"south": {"uv": [0, 14, 3, 14.5], "texture": "#0"},
				"west": {"uv": [0, 14, 0.5, 14.5], "texture": "#0"},
				"down": {"uv": [0, 14, 3, 14.5], "texture": "#0"}
			}
		},
		{
			"from": [1, 1.5, 7.5],
			"to": [2.5, 2, 8.5],
			"faces": {
				"north": {"uv": [2.5, 14, 1, 14.5], "texture": "#0"},
				"east": {"uv": [2, 14, 2.5, 14.5], "texture": "#0"},
				"south": {"uv": [1, 14, 2.5, 14.5], "texture": "#0"},
				"west": {"uv": [1, 14, 1.5, 14.5], "texture": "#0"},
				"up": {"uv": [1, 14, 2.5, 14.5], "texture": "#0"},
				"down": {"uv": [1, 14, 2.5, 14.5], "texture": "#0"}
			}
		},
		{
			"from": [0, 2, 7.75],
			"to": [3.5, 2.5, 8.25],
			"faces": {
				"north": {"uv": [3.5, 13.5, 0, 14], "texture": "#0"},
				"east": {"uv": [3, 13.5, 3.5, 14], "texture": "#0"},
				"south": {"uv": [0, 13.5, 3.5, 14], "texture": "#0"},
				"west": {"uv": [0, 13.5, 0.5, 14], "texture": "#0"},
				"up": {"uv": [0, 13.5, 3.5, 14], "texture": "#0"},
				"down": {"uv": [0, 13.5, 3.5, 14], "texture": "#0"}
			}
		},
		{
			"from": [1.5, 2, 7.5],
			"to": [3, 2.5, 8.5],
			"faces": {
				"north": {"uv": [3, 13.5, 1.5, 14], "texture": "#0"},
				"east": {"uv": [2.5, 13.5, 3, 14], "texture": "#0"},
				"south": {"uv": [1.5, 13.5, 3, 14], "texture": "#0"},
				"west": {"uv": [1.5, 13.5, 2, 14], "texture": "#0"},
				"up": {"uv": [1.5, 13.5, 3, 14], "texture": "#0"},
				"down": {"uv": [1.5, 13.5, 3, 14], "texture": "#0"}
			}
		},
		{
			"from": [1.5, 2.5, 7.75],
			"to": [4.5, 3, 8.25],
			"faces": {
				"north": {"uv": [4.5, 13, 1.5, 13.5], "texture": "#0"},
				"east": {"uv": [4, 13, 4.5, 13.5], "texture": "#0"},
				"south": {"uv": [1.5, 13, 4.5, 13.5], "texture": "#0"},
				"west": {"uv": [1.5, 13, 2, 13.5], "texture": "#0"},
				"up": {"uv": [1.5, 13, 4.5, 13.5], "texture": "#0"},
				"down": {"uv": [1.5, 13, 4.5, 13.5], "texture": "#0"}
			}
		},
		{
			"from": [2, 2.5, 7.5],
			"to": [3.5, 3, 8.5],
			"faces": {
				"north": {"uv": [3.5, 13, 2, 13.5], "texture": "#0"},
				"east": {"uv": [3, 13, 3.5, 13.5], "texture": "#0"},
				"south": {"uv": [2, 13, 3.5, 13.5], "texture": "#0"},
				"west": {"uv": [2, 13, 2.5, 13.5], "texture": "#0"},
				"up": {"uv": [2, 13, 3.5, 13.5], "texture": "#0"},
				"down": {"uv": [2, 13, 3.5, 13.5], "texture": "#0"}
			}
		},
		{
			"from": [2, 3, 7.75],
			"to": [5.5, 3.5, 8.25],
			"faces": {
				"north": {"uv": [5.5, 12.5, 2, 13], "texture": "#0"},
				"east": {"uv": [5, 12.5, 5.5, 13], "texture": "#0"},
				"south": {"uv": [2, 12.5, 5.5, 13], "texture": "#0"},
				"west": {"uv": [2, 12.5, 2.5, 13], "texture": "#0"},
				"down": {"uv": [2, 12.5, 5.5, 13], "texture": "#0"}
			}
		},
		{
			"from": [2.5, 3, 7.5],
			"to": [4.5, 3.5, 8.5],
			"faces": {
				"north": {"uv": [4.5, 12.5, 2.5, 13], "texture": "#0"},
				"east": {"uv": [4, 12.5, 4.5, 13], "texture": "#0"},
				"south": {"uv": [2.5, 12.5, 4.5, 13], "texture": "#0"},
				"west": {"uv": [2.5, 12.5, 3, 13], "texture": "#0"},
				"up": {"uv": [2.5, 12.5, 4.5, 13], "texture": "#0"},
				"down": {"uv": [2.5, 12.5, 4.5, 13], "texture": "#0"}
			}
		},
		{
			"from": [2, 3.5, 7.75],
			"to": [7, 4.5, 8.25],
			"faces": {
				"north": {"uv": [7, 11.5, 2, 12.5], "texture": "#0"},
				"east": {"uv": [6.5, 11.5, 7, 12.5], "texture": "#0"},
				"south": {"uv": [2, 11.5, 7, 12.5], "texture": "#0"},
				"west": {"uv": [2, 11.5, 2.5, 12.5], "texture": "#0"},
				"up": {"uv": [2, 11.5, 7, 12], "texture": "#0"},
				"down": {"uv": [2, 12, 7, 12.5], "texture": "#0"}
			}
		},
		{
			"from": [4.5, 4, 7.5],
			"to": [6.5, 4.5, 8.5],
			"faces": {
				"north": {"uv": [6.5, 11.5, 4.5, 12], "texture": "#0"},
				"east": {"uv": [6, 11.5, 6.5, 12], "texture": "#0"},
				"south": {"uv": [4.5, 11.5, 6.5, 12], "texture": "#0"},
				"west": {"uv": [4.5, 11.5, 5, 12], "texture": "#0"},
				"up": {"uv": [4.5, 11.5, 6.5, 12], "texture": "#0"},
				"down": {"uv": [4.5, 11.5, 6.5, 12], "texture": "#0"}
			}
		},
		{
			"from": [3, 3.5, 7.5],
			"to": [5.5, 4, 8.5],
			"faces": {
				"north": {"uv": [5.5, 12, 3, 12.5], "texture": "#0"},
				"east": {"uv": [5, 12, 5.5, 12.5], "texture": "#0"},
				"south": {"uv": [3, 12, 5.5, 12.5], "texture": "#0"},
				"west": {"uv": [3, 12, 3.5, 12.5], "texture": "#0"},
				"up": {"uv": [3, 12, 5.5, 12.5], "texture": "#0"},
				"down": {"uv": [3, 12, 5.5, 12.5], "texture": "#0"}
			}
		},
		{
			"from": [4.5, 4.5, 7.75],
			"to": [7, 5, 8.25],
			"faces": {
				"north": {"uv": [7, 11, 4.5, 11.5], "texture": "#0"},
				"east": {"uv": [6.5, 11, 7, 11.5], "texture": "#0"},
				"south": {"uv": [4.5, 11, 7, 11.5], "texture": "#0"},
				"west": {"uv": [4.5, 11, 5, 11.5], "texture": "#0"},
				"up": {"uv": [4.5, 11, 7, 11.5], "texture": "#0"}
			}
		},
		{
			"from": [5.5, 4.5, 7.5],
			"to": [6.5, 5, 8.5],
			"faces": {
				"north": {"uv": [6.5, 11, 5.5, 11.5], "texture": "#0"},
				"east": {"uv": [6, 11, 6.5, 11.5], "texture": "#0"},
				"south": {"uv": [5.5, 11, 6.5, 11.5], "texture": "#0"},
				"west": {"uv": [5.5, 11, 6, 11.5], "texture": "#0"},
				"up": {"uv": [5.5, 11, 6.5, 11.5], "texture": "#0"}
			}
		},
		{
			"from": [5.5, 5, 7.75],
			"to": [7.5, 5.5, 8.25],
			"faces": {
				"north": {"uv": [7.5, 10.5, 5.5, 11], "texture": "#0"},
				"east": {"uv": [7, 10.5, 7.5, 11], "texture": "#0"},
				"south": {"uv": [5.5, 10.5, 7.5, 11], "texture": "#0"},
				"west": {"uv": [5.5, 10.5, 6, 11], "texture": "#0"},
				"up": {"uv": [5.5, 10.5, 7.5, 11], "texture": "#0"},
				"down": {"uv": [5.5, 10.5, 7.5, 11], "texture": "#0"}
			}
		},
		{
			"from": [6, 5, 7.5],
			"to": [7, 5.5, 8.5],
			"faces": {
				"north": {"uv": [7, 10.5, 6, 11], "texture": "#0"},
				"east": {"uv": [6, 10.5, 6.5, 11], "texture": "#0"},
				"south": {"uv": [6, 10.5, 7, 11], "texture": "#0"},
				"west": {"uv": [6, 10.5, 6.5, 11], "texture": "#0"},
				"up": {"uv": [6, 10.5, 7, 11], "texture": "#0"},
				"down": {"uv": [6, 10.5, 7, 11], "texture": "#0"}
			}
		},
		{
			"from": [9, 5.5, 7.75],
			"to": [10, 6, 8.25],
			"faces": {
				"north": {"uv": [10, 10, 9, 10.5], "texture": "#0"},
				"east": {"uv": [9.5, 10, 10, 10.5], "texture": "#0"},
				"south": {"uv": [9, 10, 10, 10.5], "texture": "#0"},
				"west": {"uv": [9, 10, 9.5, 10.5], "texture": "#0"},
				"down": {"uv": [9, 10, 10, 10.5], "texture": "#0"}
			}
		},
		{
			"from": [5.5, 6, 7.75],
			"to": [10.5, 6.5, 8.25],
			"faces": {
				"north": {"uv": [10.5, 9.5, 5.5, 10], "texture": "#0"},
				"east": {"uv": [10, 9.5, 10.5, 10], "texture": "#0"},
				"south": {"uv": [5.5, 9.5, 10.5, 10], "texture": "#0"},
				"west": {"uv": [5.5, 9.5, 6, 10], "texture": "#0"},
				"up": {"uv": [5.5, 9.5, 10.5, 10], "texture": "#0"},
				"down": {"uv": [5.5, 9.5, 10.5, 10], "texture": "#0"}
			}
		},
		{
			"from": [6.5, 6, 7.5],
			"to": [8, 6.5, 8.5],
			"faces": {
				"north": {"uv": [8, 9.5, 6.5, 10], "texture": "#0"},
				"east": {"uv": [7.5, 9.5, 8, 10], "texture": "#0"},
				"south": {"uv": [6.5, 9.5, 8, 10], "texture": "#0"},
				"west": {"uv": [6.5, 9.5, 7, 10], "texture": "#0"},
				"up": {"uv": [6.5, 9.5, 8, 10], "texture": "#0"},
				"down": {"uv": [6.5, 9.5, 8, 10], "texture": "#0"}
			}
		},
		{
			"from": [5.5, 6.5, 7.75],
			"to": [10, 7, 8.25],
			"faces": {
				"north": {"uv": [10, 9, 5.5, 9.5], "texture": "#0"},
				"east": {"uv": [9.5, 9, 10, 9.5], "texture": "#0"},
				"south": {"uv": [5.5, 9, 10, 9.5], "texture": "#0"},
				"west": {"uv": [5.5, 9, 6, 9.5], "texture": "#0"},
				"up": {"uv": [5.5, 9, 10, 9.5], "texture": "#0"}
			}
		},
		{
			"from": [7, 6.5, 7.5],
			"to": [9.5, 7, 8.5],
			"faces": {
				"north": {"uv": [9.5, 9, 7, 9.5], "texture": "#0"},
				"east": {"uv": [9, 9, 9.5, 9.5], "texture": "#0"},
				"south": {"uv": [7, 9, 9.5, 9.5], "texture": "#0"},
				"west": {"uv": [7, 9, 7.5, 9.5], "texture": "#0"},
				"up": {"uv": [7, 9, 9.5, 9.5], "texture": "#0"},
				"down": {"uv": [7, 9, 9.5, 9.5], "texture": "#0"}
			}
		},
		{
			"from": [7, 7, 7.75],
			"to": [10, 7.5, 8.25],
			"faces": {
				"north": {"uv": [10, 8.5, 7, 9], "texture": "#0"},
				"east": {"uv": [9.5, 8.5, 10, 9], "texture": "#0"},
				"south": {"uv": [7, 8.5, 10, 9], "texture": "#0"},
				"west": {"uv": [7, 8.5, 7.5, 9], "texture": "#0"},
				"up": {"uv": [7, 8.5, 10, 9], "texture": "#0"},
				"down": {"uv": [7, 8.5, 10, 9], "texture": "#0"}
			}
		},
		{
			"from": [8, 7, 7.5],
			"to": [9.5, 7.5, 8.5],
			"faces": {
				"north": {"uv": [9.5, 8.5, 8, 9], "texture": "#0"},
				"east": {"uv": [9, 8.5, 9.5, 9], "texture": "#0"},
				"south": {"uv": [8, 8.5, 9.5, 9], "texture": "#0"},
				"west": {"uv": [8, 8.5, 8.5, 9], "texture": "#0"},
				"up": {"uv": [8, 8.5, 9.5, 9], "texture": "#0"},
				"down": {"uv": [8, 8.5, 9.5, 9], "texture": "#0"}
			}
		},
		{
			"from": [8, 7.5, 7.75],
			"to": [10.5, 8, 8.25],
			"faces": {
				"north": {"uv": [10.5, 8, 8, 8.5], "texture": "#0"},
				"east": {"uv": [10, 8, 10.5, 8.5], "texture": "#0"},
				"south": {"uv": [8, 8, 10.5, 8.5], "texture": "#0"},
				"west": {"uv": [8, 8, 8.5, 8.5], "texture": "#0"},
				"up": {"uv": [8, 8, 10.5, 8.5], "texture": "#0"},
				"down": {"uv": [8, 8, 10.5, 8.5], "texture": "#0"}
			}
		},
		{
			"from": [8.5, 7.5, 7.5],
			"to": [10, 8, 8.5],
			"faces": {
				"north": {"uv": [10, 8, 8.5, 8.5], "texture": "#0"},
				"east": {"uv": [9.5, 8, 10, 8.5], "texture": "#0"},
				"south": {"uv": [8.5, 8, 10, 8.5], "texture": "#0"},
				"west": {"uv": [8.5, 8, 9, 8.5], "texture": "#0"},
				"up": {"uv": [8.5, 8, 10, 8.5], "texture": "#0"},
				"down": {"uv": [8.5, 8, 10, 8.5], "texture": "#0"}
			}
		},
		{
			"from": [11, 7.5, 7.75],
			"to": [12.5, 8, 8.25],
			"faces": {
				"north": {"uv": [12.5, 8, 11, 8.5], "texture": "#0"},
				"east": {"uv": [12, 8, 12.5, 8.5], "texture": "#0"},
				"south": {"uv": [11, 8, 12.5, 8.5], "texture": "#0"},
				"west": {"uv": [11, 8, 11.5, 8.5], "texture": "#0"},
				"down": {"uv": [11, 8, 12.5, 8.5], "texture": "#0"}
			}
		},
		{
			"from": [9, 9, 7.75],
			"to": [14, 9.5, 8.25],
			"faces": {
				"north": {"uv": [14, 6.5, 9, 7], "texture": "#0"},
				"east": {"uv": [13.5, 6.5, 14, 7], "texture": "#0"},
				"south": {"uv": [9, 6.5, 14, 7], "texture": "#0"},
				"west": {"uv": [9, 6.5, 9.5, 7], "texture": "#0"},
				"down": {"uv": [9, 6.5, 14, 7], "texture": "#0"}
			}
		},
		{
			"from": [8.5, 9.5, 7.75],
			"to": [14.5, 10.5, 8.25],
			"faces": {
				"north": {"uv": [14.5, 5.5, 8.5, 6.5], "texture": "#0"},
				"east": {"uv": [14, 5.5, 14.5, 6.5], "texture": "#0"},
				"south": {"uv": [8.5, 5.5, 14.5, 6.5], "texture": "#0"},
				"west": {"uv": [8.5, 5.5, 9, 6.5], "texture": "#0"},
				"up": {"uv": [8.5, 5.5, 14.5, 6], "texture": "#0"},
				"down": {"uv": [8.5, 5.5, 14.5, 6], "texture": "#0"}
			}
		},
		{
			"from": [9.5, 10.5, 7.75],
			"to": [15, 12.5, 8.25],
			"faces": {
				"north": {"uv": [15, 3.5, 9.5, 5.5], "texture": "#0"},
				"east": {"uv": [14.5, 3.5, 15, 5.5], "texture": "#0"},
				"south": {"uv": [9.5, 3.5, 15, 5.5], "texture": "#0"},
				"west": {"uv": [9.5, 3.5, 10, 5.5], "texture": "#0"},
				"up": {"uv": [9.5, 3.5, 15, 4], "texture": "#0"},
				"down": {"uv": [9.5, 5, 15, 5.5], "texture": "#0"}
			}
		},
		{
			"from": [10, 12.5, 7.75],
			"to": [15.5, 13.5, 8.25],
			"faces": {
				"north": {"uv": [15.5, 2.5, 10, 3.5], "texture": "#0"},
				"east": {"uv": [15, 2.5, 15.5, 3.5], "texture": "#0"},
				"south": {"uv": [10, 2.5, 15.5, 3.5], "texture": "#0"},
				"west": {"uv": [10, 2.5, 10.5, 3.5], "texture": "#0"},
				"up": {"uv": [10, 2.5, 15.5, 3], "texture": "#0"},
				"down": {"uv": [10, 3, 15.5, 3.5], "texture": "#0"}
			}
		},
		{
			"from": [10.5, 13.5, 7.75],
			"to": [15.5, 14, 8.25],
			"faces": {
				"north": {"uv": [15.5, 2, 10.5, 2.5], "texture": "#0"},
				"east": {"uv": [15, 2, 15.5, 2.5], "texture": "#0"},
				"south": {"uv": [10.5, 2, 15.5, 2.5], "texture": "#0"},
				"west": {"uv": [10.5, 2, 11, 2.5], "texture": "#0"},
				"up": {"uv": [10.5, 2, 15.5, 2.5], "texture": "#0"}
			}
		},
		{
			"from": [11.5, 14, 7.75],
			"to": [16, 14.5, 8.25],
			"faces": {
				"north": {"uv": [16, 1.5, 11.5, 2], "texture": "#0"},
				"east": {"uv": [15.5, 1.5, 16, 2], "texture": "#0"},
				"south": {"uv": [11.5, 1.5, 16, 2], "texture": "#0"},
				"west": {"uv": [11.5, 1.5, 12, 2], "texture": "#0"},
				"up": {"uv": [11.5, 1.5, 16, 2], "texture": "#0"},
				"down": {"uv": [11.5, 1.5, 16, 2], "texture": "#0"}
			}
		},
		{
			"from": [13, 14.5, 7.75],
			"to": [16, 15, 8.25],
			"faces": {
				"north": {"uv": [16, 1, 13, 1.5], "texture": "#0"},
				"east": {"uv": [15.5, 1, 16, 1.5], "texture": "#0"},
				"south": {"uv": [13, 1, 16, 1.5], "texture": "#0"},
				"west": {"uv": [13, 1, 13.5, 1.5], "texture": "#0"},
				"up": {"uv": [13, 1, 16, 1.5], "texture": "#0"}
			}
		},
		{
			"from": [14, 15, 7.75],
			"to": [16, 15.5, 8.25],
			"faces": {
				"north": {"uv": [16, 0.5, 14, 1], "texture": "#0"},
				"east": {"uv": [15.5, 0.5, 16, 1], "texture": "#0"},
				"south": {"uv": [14, 0.5, 16, 1], "texture": "#0"},
				"west": {"uv": [14, 0.5, 14.5, 1], "texture": "#0"},
				"up": {"uv": [14, 0.5, 16, 1], "texture": "#0"}
			}
		},
		{
			"from": [15, 15.5, 7.75],
			"to": [16, 16, 8.25],
			"faces": {
				"north": {"uv": [16, 0, 15, 0.5], "texture": "#0"},
				"east": {"uv": [15.5, 0, 16, 0.5], "texture": "#0"},
				"south": {"uv": [15, 0, 16, 0.5], "texture": "#0"},
				"west": {"uv": [15, 0, 15.5, 0.5], "texture": "#0"},
				"up": {"uv": [15, 0, 16, 0.5], "texture": "#0"}
			}
		},
		{
			"from": [11.5, 7, 7.75],
			"to": [12.5, 7.5, 8.25],
			"faces": {
				"north": {"uv": [12.5, 8.5, 11.5, 9], "texture": "#0"},
				"east": {"uv": [12, 8.5, 12.5, 9], "texture": "#0"},
				"south": {"uv": [11.5, 8.5, 12.5, 9], "texture": "#0"},
				"west": {"uv": [11.5, 8.5, 12, 9], "texture": "#0"},
				"down": {"uv": [11.5, 8.5, 12.5, 9], "texture": "#0"}
			}
		},
		{
			"from": [9.5, 9, 7.5],
			"to": [11, 9.5, 8.5],
			"faces": {
				"north": {"uv": [11, 6.5, 9.5, 7], "texture": "#0"},
				"south": {"uv": [9.5, 6.5, 11, 7], "texture": "#0"},
				"west": {"uv": [9.5, 6.5, 10, 7], "texture": "#0"},
				"up": {"uv": [9.5, 6.5, 11, 7], "texture": "#0"},
				"down": {"uv": [9.5, 6.5, 11, 7], "texture": "#0"}
			}
		},
		{
			"from": [10, 9.5, 7.5],
			"to": [10.5, 10, 8.5],
			"faces": {
				"north": {"uv": [10.5, 6, 10, 6.5], "texture": "#0"},
				"east": {"uv": [10, 6, 10.5, 6.5], "texture": "#0"},
				"south": {"uv": [10, 6, 10.5, 6.5], "texture": "#0"},
				"west": {"uv": [10, 6, 10.5, 6.5], "texture": "#0"},
				"up": {"uv": [10, 6, 10.5, 6.5], "texture": "#0"},
				"down": {"uv": [10, 6, 10.5, 6.5], "texture": "#0"}
			}
		},
		{
			"from": [9.5, 8.5, 7.5],
			"to": [12, 9, 8.5],
			"faces": {
				"north": {"uv": [12, 7, 9.5, 7.5], "texture": "#0"},
				"east": {"uv": [11.5, 7, 12, 7.5], "texture": "#0"},
				"south": {"uv": [9.5, 7, 12, 7.5], "texture": "#0"},
				"west": {"uv": [9.5, 7, 10, 7.5], "texture": "#0"},
				"down": {"uv": [9.5, 7, 12, 7.5], "texture": "#0"}
			}
		},
		{
			"from": [8.5, 8, 7.75],
			"to": [12.5, 8.5, 8.25],
			"faces": {
				"north": {"uv": [12.5, 7.5, 8.5, 8], "texture": "#0"},
				"east": {"uv": [12, 7.5, 12.5, 8], "texture": "#0"},
				"south": {"uv": [8.5, 7.5, 12.5, 8], "texture": "#0"},
				"west": {"uv": [8.5, 7.5, 9, 8], "texture": "#0"},
				"up": {"uv": [8.5, 7.5, 12.5, 8], "texture": "#0"},
				"down": {"uv": [8.5, 7.5, 12.5, 8], "texture": "#0"}
			}
		},
		{
			"from": [9, 8, 7.5],
			"to": [10.5, 8.5, 8.5],
			"faces": {
				"north": {"uv": [10.5, 7.5, 9, 8], "texture": "#0"},
				"east": {"uv": [10, 7.5, 10.5, 8], "texture": "#0"},
				"south": {"uv": [9, 7.5, 10.5, 8], "texture": "#0"},
				"west": {"uv": [9, 7.5, 9.5, 8], "texture": "#0"},
				"up": {"uv": [9, 7.5, 10.5, 8], "texture": "#0"},
				"down": {"uv": [9, 7.5, 10.5, 8], "texture": "#0"}
			}
		},
		{
			"from": [9, 8.5, 7.75],
			"to": [13, 9, 8.25],
			"faces": {
				"north": {"uv": [13, 7, 9, 7.5], "texture": "#0"},
				"east": {"uv": [12.5, 7, 13, 7.5], "texture": "#0"},
				"south": {"uv": [9, 7, 13, 7.5], "texture": "#0"},
				"west": {"uv": [9, 7, 9.5, 7.5], "texture": "#0"},
				"up": {"uv": [9, 7, 13, 7.5], "texture": "#0"},
				"down": {"uv": [9, 7, 13, 7.5], "texture": "#0"}
			}
		},
		{
			"from": [11, 9, 7.25],
			"to": [13, 9.5, 8.75],
			"faces": {
				"north": {"uv": [13, 6.5, 11, 7], "texture": "#0"},
				"east": {"uv": [12.5, 6.5, 13, 7], "texture": "#0"},
				"south": {"uv": [11, 6.5, 13, 7], "texture": "#0"},
				"west": {"uv": [11, 6.5, 11.5, 7], "texture": "#0"},
				"down": {"uv": [11, 6.5, 13, 7], "texture": "#0"}
			}
		},
		{
			"from": [10.5, 9.5, 7.25],
			"to": [14, 10, 8.75],
			"faces": {
				"north": {"uv": [14, 6, 10.5, 6.5], "texture": "#0"},
				"east": {"uv": [13.5, 6, 14, 6.5], "texture": "#0"},
				"south": {"uv": [10.5, 6, 14, 6.5], "texture": "#0"},
				"west": {"uv": [10.5, 6, 11, 6.5], "texture": "#0"},
				"down": {"uv": [10.5, 6, 14, 6.5], "texture": "#0"}
			}
		},
		{
			"from": [11, 9.5, 6.75],
			"to": [13, 10, 9.25],
			"faces": {
				"north": {"uv": [13, 6, 11, 6.5], "texture": "#0"},
				"east": {"uv": [12.5, 6, 13, 6.5], "texture": "#0"},
				"south": {"uv": [11, 6, 13, 6.5], "texture": "#0"},
				"west": {"uv": [11, 6, 11.5, 6.5], "texture": "#0"},
				"down": {"uv": [11, 6, 13, 6.5], "texture": "#0"}
			}
		},
		{
			"from": [10, 10, 7.25],
			"to": [14, 10.5, 8.75],
			"faces": {
				"north": {"uv": [14, 5.5, 10, 6], "texture": "#0"},
				"east": {"uv": [13.5, 5.5, 14, 6], "texture": "#0"},
				"south": {"uv": [10, 5.5, 14, 6], "texture": "#0"},
				"west": {"uv": [10, 5.5, 10.5, 6], "texture": "#0"},
				"down": {"uv": [10, 5.5, 14, 6], "texture": "#0"}
			}
		},
		{
			"from": [10.5, 10, 6.75],
			"to": [13.5, 10.5, 9.25],
			"faces": {
				"north": {"uv": [13.5, 5.5, 10.5, 6], "texture": "#0"},
				"east": {"uv": [13, 5.5, 13.5, 6], "texture": "#0"},
				"south": {"uv": [10.5, 5.5, 13.5, 6], "texture": "#0"},
				"west": {"uv": [10.5, 5.5, 11, 6], "texture": "#0"},
				"down": {"uv": [10.5, 5.5, 13.5, 6], "texture": "#0"}
			}
		},
		{
			"from": [10, 10.5, 7.25],
			"to": [14.5, 12.5, 8.75],
			"faces": {
				"north": {"uv": [14.5, 3.5, 10, 5.5], "texture": "#0"},
				"east": {"uv": [14, 3.5, 14.5, 5.5], "texture": "#0"},
				"south": {"uv": [10, 3.5, 14.5, 5.5], "texture": "#0"},
				"west": {"uv": [10, 3.5, 10.5, 5.5], "texture": "#0"},
				"up": {"uv": [10, 3.5, 14.5, 4], "texture": "#0"},
				"down": {"uv": [10, 5, 14.5, 5.5], "texture": "#0"}
			}
		},
		{
			"from": [10.5, 10.5, 6.75],
			"to": [14, 12.5, 9.25],
			"faces": {
				"north": {"uv": [14, 3.5, 10.5, 5.5], "texture": "#0"},
				"east": {"uv": [13.5, 3.5, 14, 5.5], "texture": "#0"},
				"south": {"uv": [10.5, 3.5, 14, 5.5], "texture": "#0"},
				"west": {"uv": [10.5, 3.5, 11, 5.5], "texture": "#0"},
				"up": {"uv": [10.5, 3.5, 14, 4], "texture": "#0"},
				"down": {"uv": [10.5, 5, 14, 5.5], "texture": "#0"}
			}
		},
		{
			"from": [10.5, 12.5, 7.25],
			"to": [15, 13.5, 8.75],
			"faces": {
				"north": {"uv": [15, 2.5, 10.5, 3.5], "texture": "#0"},
				"east": {"uv": [14.5, 2.5, 15, 3.5], "texture": "#0"},
				"south": {"uv": [10.5, 2.5, 15, 3.5], "texture": "#0"},
				"west": {"uv": [10.5, 2.5, 11, 3.5], "texture": "#0"},
				"up": {"uv": [10.5, 2.5, 15, 3], "texture": "#0"},
				"down": {"uv": [10.5, 3, 15, 3.5], "texture": "#0"}
			}
		},
		{
			"from": [11.5, 13, 6.75],
			"to": [14.5, 13.5, 9.25],
			"faces": {
				"north": {"uv": [14.5, 2.5, 11.5, 3], "texture": "#0"},
				"east": {"uv": [14, 2.5, 14.5, 3], "texture": "#0"},
				"south": {"uv": [11.5, 2.5, 14.5, 3], "texture": "#0"},
				"west": {"uv": [11.5, 2.5, 12, 3], "texture": "#0"},
				"up": {"uv": [11.5, 2.5, 14.5, 3], "texture": "#0"}
			}
		},
		{
			"from": [11, 12.5, 6.75],
			"to": [14.5, 13, 9.25],
			"faces": {
				"north": {"uv": [14.5, 3, 11, 3.5], "texture": "#0"},
				"east": {"uv": [14, 3, 14.5, 3.5], "texture": "#0"},
				"south": {"uv": [11, 3, 14.5, 3.5], "texture": "#0"},
				"west": {"uv": [11, 3, 11.5, 3.5], "texture": "#0"},
				"up": {"uv": [11, 3, 14.5, 3.5], "texture": "#0"},
				"down": {"uv": [11, 3, 14.5, 3.5], "texture": "#0"}
			}
		},
		{
			"from": [11.5, 13.5, 7.25],
			"to": [15, 14, 8.75],
			"faces": {
				"north": {"uv": [15, 2, 11.5, 2.5], "texture": "#0"},
				"east": {"uv": [14.5, 2, 15, 2.5], "texture": "#0"},
				"south": {"uv": [11.5, 2, 15, 2.5], "texture": "#0"},
				"west": {"uv": [11.5, 2, 12, 2.5], "texture": "#0"},
				"up": {"uv": [11.5, 2, 15, 2.5], "texture": "#0"}
			}
		},
		{
			"from": [13, 13.5, 6.75],
			"to": [14.5, 14, 9.25],
			"faces": {
				"north": {"uv": [14.5, 2, 13, 2.5], "texture": "#0"},
				"east": {"uv": [14, 2, 14.5, 2.5], "texture": "#0"},
				"south": {"uv": [13, 2, 14.5, 2.5], "texture": "#0"},
				"west": {"uv": [13, 2, 13.5, 2.5], "texture": "#0"},
				"up": {"uv": [13, 2, 14.5, 2.5], "texture": "#0"}
			}
		},
		{
			"from": [13, 14, 7.25],
			"to": [15.5, 14.5, 8.75],
			"faces": {
				"north": {"uv": [15.5, 1.5, 13, 2], "texture": "#0"},
				"east": {"uv": [15, 1.5, 15.5, 2], "texture": "#0"},
				"south": {"uv": [13, 1.5, 15.5, 2], "texture": "#0"},
				"west": {"uv": [13, 1.5, 13.5, 2], "texture": "#0"},
				"up": {"uv": [13, 1.5, 15.5, 2], "texture": "#0"},
				"down": {"uv": [13, 1.5, 15.5, 2], "texture": "#0"}
			}
		},
		{
			"from": [14, 14, 6.75],
			"to": [15, 14.5, 9.25],
			"faces": {
				"north": {"uv": [15, 1.5, 14, 2], "texture": "#0"},
				"east": {"uv": [14.5, 1.5, 15, 2], "texture": "#0"},
				"south": {"uv": [14, 1.5, 15, 2], "texture": "#0"},
				"west": {"uv": [14, 1.5, 14.5, 2], "texture": "#0"},
				"up": {"uv": [14, 1.5, 15, 2], "texture": "#0"},
				"down": {"uv": [14, 1.5, 15, 2], "texture": "#0"}
			}
		},
		{
			"from": [14, 14.5, 7.25],
			"to": [15.5, 15, 8.75],
			"faces": {
				"north": {"uv": [15.5, 1, 14, 1.5], "texture": "#0"},
				"east": {"uv": [15, 1, 15.5, 1.5], "texture": "#0"},
				"south": {"uv": [14, 1, 15.5, 1.5], "texture": "#0"},
				"west": {"uv": [14, 1, 14.5, 1.5], "texture": "#0"},
				"up": {"uv": [14, 1, 15.5, 1.5], "texture": "#0"}
			}
		},
		{
			"from": [15, 15, 7.25],
			"to": [15.5, 15.5, 8.75],
			"faces": {
				"north": {"uv": [15.5, 0.5, 15, 1], "texture": "#0"},
				"east": {"uv": [15, 0.5, 15.5, 1], "texture": "#0"},
				"south": {"uv": [15, 0.5, 15.5, 1], "texture": "#0"},
				"west": {"uv": [15, 0.5, 15.5, 1], "texture": "#0"},
				"up": {"uv": [15, 0.5, 15.5, 1], "texture": "#0"}
			}
		},
		{
			"from": [6, 5.5, 7.75],
			"to": [8, 6, 8.25],
			"faces": {
				"north": {"uv": [8, 10, 6, 10.5], "texture": "#0"},
				"east": {"uv": [7.5, 10, 8, 10.5], "texture": "#0"},
				"south": {"uv": [6, 10, 8, 10.5], "texture": "#0"},
				"west": {"uv": [6, 10, 6.5, 10.5], "texture": "#0"},
				"down": {"uv": [6, 10, 8, 10.5], "texture": "#0"}
			}
		},
		{
			"from": [6.5, 5.5, 7.5],
			"to": [7, 6, 8.5],
			"faces": {
				"north": {"uv": [7, 10, 6.5, 10.5], "texture": "#0"},
				"east": {"uv": [6.5, 10, 7, 10.5], "texture": "#0"},
				"south": {"uv": [6.5, 10, 7, 10.5], "texture": "#0"},
				"west": {"uv": [6.5, 10, 7, 10.5], "texture": "#0"}
			}
		}
	],
	"gui_light": "front",
	"display": {
		"thirdperson_righthand": {
			"rotation": [0, 90, 45],
			"translation": [0, 5.5, -0.5]
		},
		"thirdperson_lefthand": {
			"rotation": [0, -90, -45],
			"translation": [0, 5.5, -0.5],
			"scale": [0.9, 0.9, 0.9]
		},
		"firstperson_righthand": {
			"rotation": [0, 90, 30],
			"translation": [1.25, 5.75, 1.25],
			"scale": [0.8, 0.8, 0.8]
		},
		"firstperson_lefthand": {
			"rotation": [0, -90, -30],
			"translation": [1.25, 5.75, 1.25],
			"scale": [0.8, 0.8, 0.8]
		},
		"ground": {
			"translation": [0, 2, 0],
			"scale": [0.6, 0.6, 0.6]
		},
		"head": {
			"rotation": [90, 0, -45],
			"translation": [0, -5.5, -6]
		},
		"fixed": {
			"rotation": [0, -180, 0]
		}
	}
}