{
	"credit": "Made with Blockbench",
	"textures": {
		"0": "custom/special/equipment_box",
		"1": "custom/special/kedama_onbox",
		"particle": "custom/special/kedama_onbox"
	},
	"elements": [
		{
			"name": "voxel",
			"from": [6.95, 8.2, -0.4],
			"to": [7.35, 9.3, 1],
			"rotation": {"angle": 45, "axis": "y", "origin": [8, 8, 8]},
			"faces": {
				"north": {"uv": [3.25, 11.25, 8.75, 11.75], "rotation": 90, "texture": "#0"},
				"east": {"uv": [3.25, 11.25, 8.75, 11.75], "rotation": 90, "texture": "#0"},
				"south": {"uv": [3.25, 11.25, 8.75, 11.75], "rotation": 90, "texture": "#0"},
				"west": {"uv": [3.25, 11.25, 8.75, 11.75], "rotation": 90, "texture": "#0"},
				"up": {"uv": [9.25, 11.25, 9.75, 11.75], "texture": "#0"},
				"down": {"uv": [1.25, 13.25, 11.75, 15.75], "rotation": 90, "texture": "#0"}
			}
		},
		{
			"name": "voxel",
			"from": [7.05, 9.3, -0.3],
			"to": [7.25, 10.4, -0.1],
			"rotation": {"angle": 45, "axis": "y", "origin": [8, 8, 8]},
			"faces": {
				"north": {"uv": [9.25, 11.25, 9.75, 11.75], "texture": "#0"},
				"east": {"uv": [9.25, 11.25, 9.75, 11.75], "texture": "#0"},
				"south": {"uv": [9.25, 11.25, 9.75, 11.75], "texture": "#0"},
				"west": {"uv": [9.25, 11.25, 9.75, 11.75], "texture": "#0"},
				"up": {"uv": [9.25, 11.25, 9.75, 11.75], "texture": "#0"}
			}
		},
		{
			"name": "voxel",
			"from": [7.05, 10.4, -0.1],
			"to": [7.25, 10.6, 0.7],
			"rotation": {"angle": 45, "axis": "y", "origin": [8, 8, 8]},
			"faces": {
				"north": {"uv": [9.25, 11.25, 9.75, 11.75], "texture": "#0"},
				"east": {"uv": [9.25, 11.25, 9.75, 11.75], "texture": "#0"},
				"south": {"uv": [9.25, 11.25, 9.75, 11.75], "texture": "#0"},
				"west": {"uv": [9.25, 11.25, 9.75, 11.75], "texture": "#0"},
				"up": {"uv": [9.25, 11.25, 9.75, 11.75], "texture": "#0"},
				"down": {"uv": [9.25, 11.25, 9.75, 11.75], "texture": "#0"}
			}
		},
		{
			"name": "voxel",
			"from": [7.05, 9.3, 0.7],
			"to": [7.25, 10.4, 0.9],
			"rotation": {"angle": 45, "axis": "y", "origin": [8, 8, 8]},
			"faces": {
				"north": {"uv": [9.25, 11.25, 9.75, 11.75], "texture": "#0"},
				"east": {"uv": [9.25, 11.25, 9.75, 11.75], "texture": "#0"},
				"south": {"uv": [9.25, 11.25, 9.75, 11.75], "texture": "#0"},
				"west": {"uv": [9.25, 11.25, 9.75, 11.75], "texture": "#0"},
				"up": {"uv": [9.25, 11.25, 9.75, 11.75], "texture": "#0"}
			}
		},
		{
			"name": "voxel",
			"from": [6.25, 4.25, 3.65],
			"to": [9.75, 7.75, 3.75],
			"rotation": {"angle": 0, "axis": "y", "origin": [8, 8, 8]},
			"faces": {
				"north": {"uv": [0, 0, 16, 16], "texture": "#1"}
			}
		},
		{
			"name": "voxel",
			"from": [6.25, 7.75, 3.55],
			"to": [9.75, 8.25, 12.35],
			"rotation": {"angle": 0, "axis": "y", "origin": [8, 8, 8]},
			"faces": {
				"north": {"uv": [10.25, 11.25, 10.75, 11.75], "texture": "#0"},
				"east": {"uv": [10.25, 11.25, 10.75, 11.75], "texture": "#0"},
				"south": {"uv": [10.25, 11.25, 10.75, 11.75], "texture": "#0"},
				"west": {"uv": [10.25, 11.25, 10.75, 11.75], "texture": "#0"},
				"up": {"uv": [10.25, 11.25, 10.75, 11.75], "texture": "#0"},
				"down": {"uv": [10.25, 11.25, 10.75, 11.75], "texture": "#0"}
			}
		},
		{
			"name": "voxel",
			"from": [5.75, 4.25, 3.55],
			"to": [6.25, 7.75, 3.75],
			"rotation": {"angle": 0, "axis": "y", "origin": [8, 8, 8]},
			"faces": {
				"north": {"uv": [10.25, 11.25, 10.75, 11.75], "texture": "#0"},
				"east": {"uv": [10.25, 11.25, 10.75, 11.75], "texture": "#0"},
				"west": {"uv": [10.25, 11.25, 10.75, 11.75], "texture": "#0"},
				"up": {"uv": [10.25, 11.25, 10.75, 11.75], "texture": "#0"},
				"down": {"uv": [10.25, 11.25, 10.75, 11.75], "texture": "#0"}
			}
		},
		{
			"name": "voxel",
			"from": [6.25, 3.75, 3.55],
			"to": [9.75, 4.25, 12.35],
			"rotation": {"angle": 0, "axis": "y", "origin": [8, 8, 8]},
			"faces": {
				"north": {"uv": [10.25, 11.25, 10.75, 11.75], "texture": "#0"},
				"east": {"uv": [10.25, 11.25, 10.75, 11.75], "texture": "#0"},
				"south": {"uv": [10.25, 11.25, 10.75, 11.75], "texture": "#0"},
				"west": {"uv": [10.25, 11.25, 10.75, 11.75], "texture": "#0"},
				"up": {"uv": [10.25, 11.25, 10.75, 11.75], "texture": "#0"},
				"down": {"uv": [10.25, 11.25, 10.75, 11.75], "texture": "#0"}
			}
		},
		{
			"name": "voxel",
			"from": [9.75, 4.25, 3.55],
			"to": [10.25, 7.75, 3.75],
			"rotation": {"angle": 0, "axis": "y", "origin": [8, 8, 8]},
			"faces": {
				"north": {"uv": [10.25, 11.25, 10.75, 11.75], "texture": "#0"},
				"east": {"uv": [10.25, 11.25, 10.75, 11.75], "texture": "#0"},
				"west": {"uv": [10.25, 11.25, 10.75, 11.75], "texture": "#0"},
				"up": {"uv": [10.25, 11.25, 10.75, 11.75], "texture": "#0"},
				"down": {"uv": [10.25, 11.25, 10.75, 11.75], "texture": "#0"}
			}
		},
		{
			"name": "voxel",
			"from": [2.05, 11, 6.25],
			"to": [13.95, 11.2, 6.75],
			"rotation": {"angle": 0, "axis": "y", "origin": [8, 8, 8]},
			"faces": {
				"north": {"uv": [10.25, 11.25, 10.75, 11.75], "texture": "#0"},
				"east": {"uv": [10.25, 11.25, 10.75, 11.75], "texture": "#0"},
				"south": {"uv": [10.25, 11.25, 10.75, 11.75], "texture": "#0"},
				"west": {"uv": [10.25, 11.25, 10.75, 11.75], "texture": "#0"},
				"up": {"uv": [10.25, 11.25, 10.75, 11.75], "texture": "#0"}
			}
		},
		{
			"name": "voxel",
			"from": [2.05, 11, 9.25],
			"to": [13.95, 11.2, 9.75],
			"rotation": {"angle": 0, "axis": "y", "origin": [8, 8, 8]},
			"faces": {
				"north": {"uv": [10.25, 11.25, 10.75, 11.75], "texture": "#0"},
				"east": {"uv": [10.25, 11.25, 10.75, 11.75], "texture": "#0"},
				"south": {"uv": [10.25, 11.25, 10.75, 11.75], "texture": "#0"},
				"west": {"uv": [10.25, 11.25, 10.75, 11.75], "texture": "#0"},
				"up": {"uv": [10.25, 11.25, 10.75, 11.75], "texture": "#0"}
			}
		},
		{
			"name": "voxel",
			"from": [1.5, 8.5, 6.25],
			"to": [14.5, 9, 9.75],
			"rotation": {"angle": 0, "axis": "y", "origin": [8, 8, 8]},
			"faces": {
				"north": {"uv": [10.25, 11.25, 10.75, 11.75], "texture": "#0"},
				"east": {"uv": [10.25, 11.25, 10.75, 11.75], "texture": "#0"},
				"south": {"uv": [10.25, 11.25, 10.75, 11.75], "texture": "#0"},
				"west": {"uv": [10.25, 11.25, 10.75, 11.75], "texture": "#0"},
				"up": {"uv": [10.25, 11.25, 10.75, 11.75], "texture": "#0"},
				"down": {"uv": [10.25, 11.25, 10.75, 11.75], "texture": "#0"}
			}
		},
		{
			"name": "voxel",
			"from": [1.5, 7.6, 6.95],
			"to": [14.5, 7.8, 9.05],
			"rotation": {"angle": 0, "axis": "y", "origin": [8, 8, 8]},
			"faces": {
				"north": {"uv": [9.25, 11.25, 9.75, 11.75], "texture": "#0"},
				"east": {"uv": [9.25, 11.25, 9.75, 11.75], "texture": "#0"},
				"south": {"uv": [9.25, 11.25, 9.75, 11.75], "texture": "#0"},
				"west": {"uv": [9.25, 11.25, 9.75, 11.75], "texture": "#0"},
				"up": {"uv": [9.25, 11.25, 9.75, 11.75], "texture": "#0"},
				"down": {"uv": [9.25, 11.25, 9.75, 11.75], "texture": "#0"}
			}
		},
		{
			"name": "voxel",
			"from": [1.5, 8.2, 6.95],
			"to": [14.5, 8.4, 9.05],
			"rotation": {"angle": 0, "axis": "y", "origin": [8, 8, 8]},
			"faces": {
				"north": {"uv": [9.25, 11.25, 9.75, 11.75], "texture": "#0"},
				"east": {"uv": [9.25, 11.25, 9.75, 11.75], "texture": "#0"},
				"south": {"uv": [9.25, 11.25, 9.75, 11.75], "texture": "#0"},
				"west": {"uv": [9.25, 11.25, 9.75, 11.75], "texture": "#0"},
				"up": {"uv": [9.25, 11.25, 9.75, 11.75], "texture": "#0"},
				"down": {"uv": [9.25, 11.25, 9.75, 11.75], "texture": "#0"}
			}
		},
		{
			"name": "voxel",
			"from": [1.5, 7.8, 6.95],
			"to": [14.5, 8.2, 7.15],
			"rotation": {"angle": 0, "axis": "y", "origin": [8, 8, 8]},
			"faces": {
				"north": {"uv": [9.25, 11.25, 9.75, 11.75], "texture": "#0"},
				"east": {"uv": [9.25, 11.25, 9.75, 11.75], "texture": "#0"},
				"south": {"uv": [9.25, 11.25, 9.75, 11.75], "texture": "#0"},
				"west": {"uv": [9.25, 11.25, 9.75, 11.75], "texture": "#0"},
				"up": {"uv": [9.25, 11.25, 9.75, 11.75], "texture": "#0"},
				"down": {"uv": [9.25, 11.25, 9.75, 11.75], "texture": "#0"}
			}
		},
		{
			"name": "voxel",
			"from": [1.5, 7.8, 8.85],
			"to": [14.5, 8.2, 9.05],
			"rotation": {"angle": 0, "axis": "y", "origin": [8, 8, 8]},
			"faces": {
				"north": {"uv": [9.25, 11.25, 9.75, 11.75], "texture": "#0"},
				"east": {"uv": [9.25, 11.25, 9.75, 11.75], "texture": "#0"},
				"south": {"uv": [9.25, 11.25, 9.75, 11.75], "texture": "#0"},
				"west": {"uv": [9.25, 11.25, 9.75, 11.75], "texture": "#0"},
				"up": {"uv": [9.25, 11.25, 9.75, 11.75], "texture": "#0"},
				"down": {"uv": [9.25, 11.25, 9.75, 11.75], "texture": "#0"}
			}
		},
		{
			"name": "voxel",
			"from": [1.5, 7, 6.75],
			"to": [14.5, 7.5, 9.25],
			"rotation": {"angle": 0, "axis": "y", "origin": [8, 8, 8]},
			"faces": {
				"east": {"uv": [10.25, 11.25, 10.75, 11.75], "texture": "#0"},
				"west": {"uv": [10.25, 11.25, 10.75, 11.75], "texture": "#0"},
				"up": {"uv": [10.25, 11.25, 10.75, 11.75], "texture": "#0"},
				"down": {"uv": [10.25, 11.25, 10.75, 11.75], "texture": "#0"}
			}
		},
		{
			"name": "voxel",
			"from": [1.5, 7, 9.25],
			"to": [14.5, 8.5, 9.75],
			"rotation": {"angle": 0, "axis": "y", "origin": [8, 8, 8]},
			"faces": {
				"north": {"uv": [10.25, 11.25, 10.75, 11.75], "texture": "#0"},
				"east": {"uv": [10.25, 11.25, 10.75, 11.75], "texture": "#0"},
				"south": {"uv": [10.25, 11.25, 10.75, 11.75], "texture": "#0"},
				"west": {"uv": [10.25, 11.25, 10.75, 11.75], "texture": "#0"},
				"down": {"uv": [10.25, 11.25, 10.75, 11.75], "texture": "#0"}
			}
		},
		{
			"name": "voxel",
			"from": [1.6, 7.5, 6.75],
			"to": [14.4, 8.5, 9.25],
			"rotation": {"angle": 0, "axis": "y", "origin": [8, 8, 8]},
			"faces": {
				"north": {"uv": [1.25, 11.25, 1.75, 11.75], "texture": "#0"},
				"east": {"uv": [1.25, 11.25, 1.75, 11.75], "texture": "#0"},
				"south": {"uv": [1.25, 11.25, 1.75, 11.75], "texture": "#0"},
				"west": {"uv": [1.25, 11.25, 1.75, 11.75], "texture": "#0"},
				"up": {"uv": [1.25, 11.25, 1.75, 11.75], "texture": "#0"},
				"down": {"uv": [1.25, 11.25, 1.75, 11.75], "texture": "#0"}
			}
		},
		{
			"name": "voxel",
			"from": [1.5, 7, 6.25],
			"to": [14.5, 8.5, 6.75],
			"rotation": {"angle": 0, "axis": "y", "origin": [8, 8, 8]},
			"faces": {
				"north": {"uv": [10.25, 11.25, 10.75, 11.75], "texture": "#0"},
				"east": {"uv": [10.25, 11.25, 10.75, 11.75], "texture": "#0"},
				"south": {"uv": [10.25, 11.25, 10.75, 11.75], "texture": "#0"},
				"west": {"uv": [10.25, 11.25, 10.75, 11.75], "texture": "#0"},
				"down": {"uv": [10.25, 11.25, 10.75, 11.75], "texture": "#0"}
			}
		},
		{
			"name": "voxel",
			"from": [13.25, 9.9, 3.25],
			"to": [14.25, 10.15, 12.75],
			"rotation": {"angle": 0, "axis": "y", "origin": [8, 8, 8]},
			"faces": {
				"north": {"uv": [13.25, 15.25, 13.75, 15.75], "texture": "#0"},
				"east": {"uv": [13.25, 15.25, 13.75, 15.75], "texture": "#0"},
				"south": {"uv": [13.25, 15.25, 13.75, 15.75], "texture": "#0"},
				"west": {"uv": [13.25, 15.25, 13.75, 15.75], "texture": "#0"},
				"up": {"uv": [13.25, 15.25, 13.75, 15.75], "texture": "#0"},
				"down": {"uv": [13.25, 15.25, 13.75, 15.75], "texture": "#0"}
			}
		},
		{
			"name": "voxel",
			"from": [4.75, 9.9, 3.25],
			"to": [11.25, 10.15, 12.75],
			"rotation": {"angle": 0, "axis": "y", "origin": [8, 8, 8]},
			"faces": {
				"north": {"uv": [13.25, 15.25, 13.75, 15.75], "texture": "#0"},
				"east": {"uv": [13.25, 15.25, 13.75, 15.75], "texture": "#0"},
				"south": {"uv": [13.25, 15.25, 13.75, 15.75], "texture": "#0"},
				"west": {"uv": [13.25, 15.25, 13.75, 15.75], "texture": "#0"},
				"up": {"uv": [13.25, 15.25, 13.75, 15.75], "texture": "#0"},
				"down": {"uv": [13.25, 15.25, 13.75, 15.75], "texture": "#0"}
			}
		},
		{
			"name": "voxel",
			"from": [1.75, 9.9, 3.25],
			"to": [2.75, 10.15, 12.75],
			"rotation": {"angle": 0, "axis": "y", "origin": [8, 8, 8]},
			"faces": {
				"north": {"uv": [13.25, 15.25, 13.75, 15.75], "texture": "#0"},
				"east": {"uv": [13.25, 15.25, 13.75, 15.75], "texture": "#0"},
				"south": {"uv": [13.25, 15.25, 13.75, 15.75], "texture": "#0"},
				"west": {"uv": [13.25, 15.25, 13.75, 15.75], "texture": "#0"},
				"up": {"uv": [13.25, 15.25, 13.75, 15.75], "texture": "#0"},
				"down": {"uv": [13.25, 15.25, 13.75, 15.75], "texture": "#0"}
			}
		},
		{
			"name": "voxel",
			"from": [1.25, 9.9, 3.75],
			"to": [14.75, 10.15, 12.25],
			"rotation": {"angle": 0, "axis": "y", "origin": [8, 8, 8]},
			"faces": {
				"north": {"uv": [13.25, 15.25, 13.75, 15.75], "texture": "#0"},
				"east": {"uv": [13.25, 15.25, 13.75, 15.75], "texture": "#0"},
				"south": {"uv": [13.25, 15.25, 13.75, 15.75], "texture": "#0"},
				"west": {"uv": [13.25, 15.25, 13.75, 15.75], "texture": "#0"},
				"up": {"uv": [13.25, 15.25, 13.75, 15.75], "texture": "#0"},
				"down": {"uv": [13.25, 15.25, 13.75, 15.75], "texture": "#0"}
			}
		},
		{
			"name": "voxel",
			"from": [13.25, 9.6, 3.25],
			"to": [14.25, 9.85, 12.75],
			"rotation": {"angle": 0, "axis": "y", "origin": [8, 8, 8]},
			"faces": {
				"north": {"uv": [13.25, 15.25, 13.75, 15.75], "texture": "#0"},
				"east": {"uv": [13.25, 15.25, 13.75, 15.75], "texture": "#0"},
				"south": {"uv": [13.25, 15.25, 13.75, 15.75], "texture": "#0"},
				"west": {"uv": [13.25, 15.25, 13.75, 15.75], "texture": "#0"},
				"up": {"uv": [13.25, 15.25, 13.75, 15.75], "texture": "#0"},
				"down": {"uv": [13.25, 15.25, 13.75, 15.75], "texture": "#0"}
			}
		},
		{
			"name": "voxel",
			"from": [11.75, 9.6, 12.25],
			"to": [12.75, 10.15, 12.75],
			"rotation": {"angle": 0, "axis": "y", "origin": [8, 8, 8]},
			"faces": {
				"north": {"uv": [13.25, 15.25, 13.75, 15.75], "texture": "#0"},
				"east": {"uv": [13.25, 15.25, 13.75, 15.75], "texture": "#0"},
				"south": {"uv": [13.25, 15.25, 13.75, 15.75], "texture": "#0"},
				"west": {"uv": [13.25, 15.25, 13.75, 15.75], "texture": "#0"},
				"up": {"uv": [13.25, 15.25, 13.75, 15.75], "texture": "#0"},
				"down": {"uv": [13.25, 15.25, 13.75, 15.75], "texture": "#0"}
			}
		},
		{
			"name": "voxel",
			"from": [4.75, 9.6, 3.25],
			"to": [11.25, 9.85, 12.75],
			"rotation": {"angle": 0, "axis": "y", "origin": [8, 8, 8]},
			"faces": {
				"north": {"uv": [13.25, 15.25, 13.75, 15.75], "texture": "#0"},
				"east": {"uv": [13.25, 15.25, 13.75, 15.75], "texture": "#0"},
				"south": {"uv": [13.25, 15.25, 13.75, 15.75], "texture": "#0"},
				"west": {"uv": [13.25, 15.25, 13.75, 15.75], "texture": "#0"},
				"up": {"uv": [13.25, 15.25, 13.75, 15.75], "texture": "#0"},
				"down": {"uv": [13.25, 15.25, 13.75, 15.75], "texture": "#0"}
			}
		},
		{
			"name": "voxel",
			"from": [3.25, 9.6, 12.25],
			"to": [4.25, 10.15, 12.75],
			"rotation": {"angle": 0, "axis": "y", "origin": [8, 8, 8]},
			"faces": {
				"north": {"uv": [13.25, 15.25, 13.75, 15.75], "texture": "#0"},
				"east": {"uv": [13.25, 15.25, 13.75, 15.75], "texture": "#0"},
				"south": {"uv": [13.25, 15.25, 13.75, 15.75], "texture": "#0"},
				"west": {"uv": [13.25, 15.25, 13.75, 15.75], "texture": "#0"},
				"up": {"uv": [13.25, 15.25, 13.75, 15.75], "texture": "#0"},
				"down": {"uv": [13.25, 15.25, 13.75, 15.75], "texture": "#0"}
			}
		},
		{
			"name": "voxel",
			"from": [1.75, 9.6, 3.25],
			"to": [2.75, 9.85, 12.75],
			"rotation": {"angle": 0, "axis": "y", "origin": [8, 8, 8]},
			"faces": {
				"north": {"uv": [13.25, 15.25, 13.75, 15.75], "texture": "#0"},
				"east": {"uv": [13.25, 15.25, 13.75, 15.75], "texture": "#0"},
				"south": {"uv": [13.25, 15.25, 13.75, 15.75], "texture": "#0"},
				"west": {"uv": [13.25, 15.25, 13.75, 15.75], "texture": "#0"},
				"up": {"uv": [13.25, 15.25, 13.75, 15.75], "texture": "#0"},
				"down": {"uv": [13.25, 15.25, 13.75, 15.75], "texture": "#0"}
			}
		},
		{
			"name": "voxel",
			"from": [1.25, 9.6, 3.75],
			"to": [14.75, 9.85, 12.25],
			"rotation": {"angle": 0, "axis": "y", "origin": [8, 8, 8]},
			"faces": {
				"north": {"uv": [13.25, 15.25, 13.75, 15.75], "texture": "#0"},
				"east": {"uv": [13.25, 15.25, 13.75, 15.75], "texture": "#0"},
				"south": {"uv": [13.25, 15.25, 13.75, 15.75], "texture": "#0"},
				"west": {"uv": [13.25, 15.25, 13.75, 15.75], "texture": "#0"},
				"up": {"uv": [13.25, 15.25, 13.75, 15.75], "texture": "#0"},
				"down": {"uv": [13.25, 15.25, 13.75, 15.75], "texture": "#0"}
			}
		},
		{
			"name": "voxel",
			"from": [11.75, 8.5, 3.45],
			"to": [12.75, 10.5, 3.75],
			"rotation": {"angle": 0, "axis": "y", "origin": [8, 8, 8]},
			"faces": {
				"north": {"uv": [13.25, 15.25, 13.75, 15.75], "texture": "#0"},
				"up": {"uv": [13.25, 15.25, 13.75, 15.75], "texture": "#0"},
				"down": {"uv": [13.25, 15.25, 13.75, 15.75], "texture": "#0"}
			}
		},
		{
			"name": "voxel",
			"from": [3.25, 8.5, 3.45],
			"to": [4.25, 10.5, 3.75],
			"rotation": {"angle": 0, "axis": "y", "origin": [8, 8, 8]},
			"faces": {
				"north": {"uv": [13.25, 15.25, 13.75, 15.75], "texture": "#0"},
				"up": {"uv": [13.25, 15.25, 13.75, 15.75], "texture": "#0"},
				"down": {"uv": [13.25, 15.25, 13.75, 15.75], "texture": "#0"}
			}
		},
		{
			"name": "voxel",
			"from": [2.75, 2.5, 3.25],
			"to": [3.25, 11, 12.75],
			"rotation": {"angle": 0, "axis": "y", "origin": [8, 8, 8]},
			"faces": {
				"north": {"uv": [13.25, 15.25, 13.75, 15.75], "texture": "#0"},
				"east": {"uv": [13.25, 15.25, 13.75, 15.75], "texture": "#0"},
				"south": {"uv": [13.25, 15.25, 13.75, 15.75], "texture": "#0"},
				"west": {"uv": [13.25, 15.25, 13.75, 15.75], "texture": "#0"},
				"up": {"uv": [13.25, 15.25, 13.75, 15.75], "texture": "#0"},
				"down": {"uv": [13.25, 15.25, 13.75, 15.75], "texture": "#0"}
			}
		},
		{
			"name": "voxel",
			"from": [2.75, 2, 3.5],
			"to": [3.25, 2.5, 12.5],
			"rotation": {"angle": 0, "axis": "y", "origin": [8, 8, 8]},
			"faces": {
				"north": {"uv": [13.25, 15.25, 13.75, 15.75], "texture": "#0"},
				"east": {"uv": [13.25, 15.25, 13.75, 15.75], "texture": "#0"},
				"south": {"uv": [13.25, 15.25, 13.75, 15.75], "texture": "#0"},
				"west": {"uv": [13.25, 15.25, 13.75, 15.75], "texture": "#0"},
				"down": {"uv": [13.25, 15.25, 13.75, 15.75], "texture": "#0"}
			}
		},
		{
			"name": "voxel",
			"from": [4.25, 2.5, 3.25],
			"to": [4.75, 11, 12.75],
			"rotation": {"angle": 0, "axis": "y", "origin": [8, 8, 8]},
			"faces": {
				"north": {"uv": [13.25, 15.25, 13.75, 15.75], "texture": "#0"},
				"east": {"uv": [13.25, 15.25, 13.75, 15.75], "texture": "#0"},
				"south": {"uv": [13.25, 15.25, 13.75, 15.75], "texture": "#0"},
				"west": {"uv": [13.25, 15.25, 13.75, 15.75], "texture": "#0"},
				"up": {"uv": [13.25, 15.25, 13.75, 15.75], "texture": "#0"},
				"down": {"uv": [13.25, 15.25, 13.75, 15.75], "texture": "#0"}
			}
		},
		{
			"name": "voxel",
			"from": [4.25, 2, 3.5],
			"to": [4.75, 2.5, 12.5],
			"rotation": {"angle": 0, "axis": "y", "origin": [8, 8, 8]},
			"faces": {
				"north": {"uv": [13.25, 15.25, 13.75, 15.75], "texture": "#0"},
				"east": {"uv": [13.25, 15.25, 13.75, 15.75], "texture": "#0"},
				"south": {"uv": [13.25, 15.25, 13.75, 15.75], "texture": "#0"},
				"west": {"uv": [13.25, 15.25, 13.75, 15.75], "texture": "#0"},
				"down": {"uv": [13.25, 15.25, 13.75, 15.75], "texture": "#0"}
			}
		},
		{
			"name": "voxel",
			"from": [4.25, 11, 3.75],
			"to": [4.75, 11.5, 4.25],
			"rotation": {"angle": 0, "axis": "y", "origin": [8, 8, 8]},
			"faces": {
				"north": {"uv": [13.25, 15.25, 13.75, 15.75], "texture": "#0"},
				"east": {"uv": [13.25, 15.25, 13.75, 15.75], "texture": "#0"},
				"west": {"uv": [13.25, 15.25, 13.75, 15.75], "texture": "#0"},
				"up": {"uv": [13.25, 15.25, 13.75, 15.75], "texture": "#0"}
			}
		},
		{
			"name": "voxel",
			"from": [2.75, 11, 3.75],
			"to": [3.25, 11.5, 12.25],
			"rotation": {"angle": 0, "axis": "y", "origin": [8, 8, 8]},
			"faces": {
				"north": {"uv": [13.25, 15.25, 13.75, 15.75], "texture": "#0"},
				"east": {"uv": [13.25, 15.25, 13.75, 15.75], "texture": "#0"},
				"south": {"uv": [13.25, 15.25, 13.75, 15.75], "texture": "#0"},
				"west": {"uv": [13.25, 15.25, 13.75, 15.75], "texture": "#0"},
				"up": {"uv": [13.25, 15.25, 13.75, 15.75], "texture": "#0"},
				"down": {"uv": [13.25, 15.25, 13.75, 15.75], "texture": "#0"}
			}
		},
		{
			"name": "voxel",
			"from": [12.75, 11, 3.75],
			"to": [13.25, 11.5, 12.25],
			"rotation": {"angle": 0, "axis": "y", "origin": [8, 8, 8]},
			"faces": {
				"north": {"uv": [13.25, 15.25, 13.75, 15.75], "texture": "#0"},
				"east": {"uv": [13.25, 15.25, 13.75, 15.75], "texture": "#0"},
				"south": {"uv": [13.25, 15.25, 13.75, 15.75], "texture": "#0"},
				"west": {"uv": [13.25, 15.25, 13.75, 15.75], "texture": "#0"},
				"up": {"uv": [13.25, 15.25, 13.75, 15.75], "texture": "#0"},
				"down": {"uv": [13.25, 15.25, 13.75, 15.75], "texture": "#0"}
			}
		},
		{
			"name": "voxel",
			"from": [11.25, 11, 3.75],
			"to": [11.75, 11.5, 4.25],
			"rotation": {"angle": 0, "axis": "y", "origin": [8, 8, 8]},
			"faces": {
				"north": {"uv": [13.25, 15.25, 13.75, 15.75], "texture": "#0"},
				"east": {"uv": [13.25, 15.25, 13.75, 15.75], "texture": "#0"},
				"west": {"uv": [13.25, 15.25, 13.75, 15.75], "texture": "#0"},
				"up": {"uv": [13.25, 15.25, 13.75, 15.75], "texture": "#0"}
			}
		},
		{
			"name": "voxel",
			"from": [11.25, 2.5, 3.25],
			"to": [11.75, 11, 12.75],
			"rotation": {"angle": 0, "axis": "y", "origin": [8, 8, 8]},
			"faces": {
				"north": {"uv": [13.25, 15.25, 13.75, 15.75], "texture": "#0"},
				"east": {"uv": [13.25, 15.25, 13.75, 15.75], "texture": "#0"},
				"south": {"uv": [13.25, 15.25, 13.75, 15.75], "texture": "#0"},
				"west": {"uv": [13.25, 15.25, 13.75, 15.75], "texture": "#0"},
				"up": {"uv": [13.25, 15.25, 13.75, 15.75], "texture": "#0"},
				"down": {"uv": [13.25, 15.25, 13.75, 15.75], "texture": "#0"}
			}
		},
		{
			"name": "voxel",
			"from": [11.25, 2, 3.5],
			"to": [11.75, 2.5, 12.5],
			"rotation": {"angle": 0, "axis": "y", "origin": [8, 8, 8]},
			"faces": {
				"north": {"uv": [13.25, 15.25, 13.75, 15.75], "texture": "#0"},
				"east": {"uv": [13.25, 15.25, 13.75, 15.75], "texture": "#0"},
				"south": {"uv": [13.25, 15.25, 13.75, 15.75], "texture": "#0"},
				"west": {"uv": [13.25, 15.25, 13.75, 15.75], "texture": "#0"},
				"down": {"uv": [13.25, 15.25, 13.75, 15.75], "texture": "#0"}
			}
		},
		{
			"name": "voxel",
			"from": [12.75, 2.5, 3.25],
			"to": [13.25, 11, 12.75],
			"rotation": {"angle": 0, "axis": "y", "origin": [8, 8, 8]},
			"faces": {
				"north": {"uv": [13.25, 15.25, 13.75, 15.75], "texture": "#0"},
				"east": {"uv": [13.25, 15.25, 13.75, 15.75], "texture": "#0"},
				"south": {"uv": [13.25, 15.25, 13.75, 15.75], "texture": "#0"},
				"west": {"uv": [13.25, 15.25, 13.75, 15.75], "texture": "#0"},
				"up": {"uv": [13.25, 15.25, 13.75, 15.75], "texture": "#0"},
				"down": {"uv": [13.25, 15.25, 13.75, 15.75], "texture": "#0"}
			}
		},
		{
			"name": "voxel",
			"from": [12.75, 2, 3.5],
			"to": [13.25, 2.5, 12.5],
			"rotation": {"angle": 0, "axis": "y", "origin": [8, 8, 8]},
			"faces": {
				"north": {"uv": [13.25, 15.25, 13.75, 15.75], "texture": "#0"},
				"east": {"uv": [13.25, 15.25, 13.75, 15.75], "texture": "#0"},
				"south": {"uv": [13.25, 15.25, 13.75, 15.75], "texture": "#0"},
				"west": {"uv": [13.25, 15.25, 13.75, 15.75], "texture": "#0"},
				"down": {"uv": [13.25, 15.25, 13.75, 15.75], "texture": "#0"}
			}
		},
		{
			"name": "voxel",
			"from": [4.25, 11, 11.75],
			"to": [4.75, 11.5, 12.25],
			"rotation": {"angle": 0, "axis": "y", "origin": [8, 8, 8]},
			"faces": {
				"east": {"uv": [13.25, 15.25, 13.75, 15.75], "texture": "#0"},
				"south": {"uv": [13.25, 15.25, 13.75, 15.75], "texture": "#0"},
				"west": {"uv": [13.25, 15.25, 13.75, 15.75], "texture": "#0"},
				"up": {"uv": [13.25, 15.25, 13.75, 15.75], "texture": "#0"}
			}
		},
		{
			"name": "voxel",
			"from": [11.25, 11, 11.75],
			"to": [11.75, 11.5, 12.25],
			"rotation": {"angle": 0, "axis": "y", "origin": [8, 8, 8]},
			"faces": {
				"east": {"uv": [13.25, 15.25, 13.75, 15.75], "texture": "#0"},
				"south": {"uv": [13.25, 15.25, 13.75, 15.75], "texture": "#0"},
				"west": {"uv": [13.25, 15.25, 13.75, 15.75], "texture": "#0"},
				"up": {"uv": [13.25, 15.25, 13.75, 15.75], "texture": "#0"}
			}
		},
		{
			"name": "voxel",
			"from": [13.25, 11, 4.25],
			"to": [13.75, 11.25, 11.75],
			"rotation": {"angle": 0, "axis": "y", "origin": [8, 8, 8]},
			"faces": {
				"north": {"uv": [14.25, 15.25, 14.75, 15.75], "texture": "#0"},
				"east": {"uv": [14.25, 15.25, 14.75, 15.75], "texture": "#0"},
				"south": {"uv": [14.25, 15.25, 14.75, 15.75], "texture": "#0"},
				"west": {"uv": [14.25, 15.25, 14.75, 15.75], "texture": "#0"},
				"up": {"uv": [14.25, 15.25, 14.75, 15.75], "texture": "#0"}
			}
		},
		{
			"name": "voxel",
			"from": [2.25, 2.1, 3.75],
			"to": [13.75, 11, 12.25],
			"rotation": {"angle": 0, "axis": "y", "origin": [8, 8, 8]},
			"faces": {
				"north": {"uv": [14.25, 15.25, 14.75, 15.75], "texture": "#0"},
				"east": {"uv": [14.25, 15.25, 14.75, 15.75], "texture": "#0"},
				"south": {"uv": [14.25, 15.25, 14.75, 15.75], "texture": "#0"},
				"west": {"uv": [14.25, 15.25, 14.75, 15.75], "texture": "#0"},
				"up": {"uv": [14.25, 15.25, 14.75, 15.75], "texture": "#0"},
				"down": {"uv": [14.25, 15.25, 14.75, 15.75], "texture": "#0"}
			}
		},
		{
			"name": "voxel",
			"from": [1.75, 2.25, 4.25],
			"to": [14.25, 11, 11.75],
			"rotation": {"angle": 0, "axis": "y", "origin": [8, 8, 8]},
			"faces": {
				"north": {"uv": [14.25, 15.25, 14.75, 15.75], "texture": "#0"},
				"east": {"uv": [14.25, 15.25, 14.75, 15.75], "texture": "#0"},
				"south": {"uv": [14.25, 15.25, 14.75, 15.75], "texture": "#0"},
				"west": {"uv": [14.25, 15.25, 14.75, 15.75], "texture": "#0"},
				"up": {"uv": [14.25, 15.25, 14.75, 15.75], "texture": "#0"},
				"down": {"uv": [14.25, 15.25, 14.75, 15.75], "texture": "#0"}
			}
		},
		{
			"name": "voxel",
			"from": [1.75, 2.5, 3.75],
			"to": [2.25, 10.75, 4.25],
			"rotation": {"angle": 0, "axis": "y", "origin": [8, 8, 8]},
			"faces": {
				"north": {"uv": [14.25, 15.25, 14.75, 15.75], "texture": "#0"},
				"west": {"uv": [14.25, 15.25, 14.75, 15.75], "texture": "#0"},
				"up": {"uv": [14.25, 15.25, 14.75, 15.75], "texture": "#0"},
				"down": {"uv": [14.25, 15.25, 14.75, 15.75], "texture": "#0"}
			}
		},
		{
			"name": "voxel",
			"from": [13.75, 2.5, 3.75],
			"to": [14.25, 10.75, 4.25],
			"rotation": {"angle": 0, "axis": "y", "origin": [8, 8, 8]},
			"faces": {
				"north": {"uv": [14.25, 15.25, 14.75, 15.75], "texture": "#0"},
				"east": {"uv": [14.25, 15.25, 14.75, 15.75], "texture": "#0"},
				"up": {"uv": [14.25, 15.25, 14.75, 15.75], "texture": "#0"},
				"down": {"uv": [14.25, 15.25, 14.75, 15.75], "texture": "#0"}
			}
		},
		{
			"name": "voxel",
			"from": [1.75, 2.5, 11.75],
			"to": [2.25, 10.75, 12.25],
			"rotation": {"angle": 0, "axis": "y", "origin": [8, 8, 8]},
			"faces": {
				"south": {"uv": [14.25, 15.25, 14.75, 15.75], "texture": "#0"},
				"west": {"uv": [14.25, 15.25, 14.75, 15.75], "texture": "#0"},
				"up": {"uv": [14.25, 15.25, 14.75, 15.75], "texture": "#0"},
				"down": {"uv": [14.25, 15.25, 14.75, 15.75], "texture": "#0"}
			}
		},
		{
			"name": "voxel",
			"from": [13.75, 2.5, 11.75],
			"to": [14.25, 10.75, 12.25],
			"rotation": {"angle": 0, "axis": "y", "origin": [8, 8, 8]},
			"faces": {
				"east": {"uv": [14.25, 15.25, 14.75, 15.75], "texture": "#0"},
				"south": {"uv": [14.25, 15.25, 14.75, 15.75], "texture": "#0"},
				"up": {"uv": [14.25, 15.25, 14.75, 15.75], "texture": "#0"},
				"down": {"uv": [14.25, 15.25, 14.75, 15.75], "texture": "#0"}
			}
		},
		{
			"name": "voxel",
			"from": [2.25, 11, 4.25],
			"to": [2.75, 11.25, 11.75],
			"rotation": {"angle": 0, "axis": "y", "origin": [8, 8, 8]},
			"faces": {
				"north": {"uv": [14.25, 15.25, 14.75, 15.75], "texture": "#0"},
				"east": {"uv": [14.25, 15.25, 14.75, 15.75], "texture": "#0"},
				"south": {"uv": [14.25, 15.25, 14.75, 15.75], "texture": "#0"},
				"west": {"uv": [14.25, 15.25, 14.75, 15.75], "texture": "#0"},
				"up": {"uv": [14.25, 15.25, 14.75, 15.75], "texture": "#0"}
			}
		},
		{
			"name": "voxel",
			"from": [3.25, 11, 4.25],
			"to": [12.75, 11.5, 11.75],
			"rotation": {"angle": 0, "axis": "y", "origin": [8, 8, 8]},
			"faces": {
				"north": {"uv": [14.25, 15.25, 14.75, 15.75], "texture": "#0"},
				"east": {"uv": [14.25, 15.25, 14.75, 15.75], "texture": "#0"},
				"south": {"uv": [14.25, 15.25, 14.75, 15.75], "texture": "#0"},
				"west": {"uv": [14.25, 15.25, 14.75, 15.75], "texture": "#0"},
				"up": {"uv": [14.25, 15.25, 14.75, 15.75], "texture": "#0"}
			}
		},
		{
			"name": "voxel",
			"from": [3.5, 11, 5.25],
			"to": [12.5, 11.65, 5.75],
			"rotation": {"angle": 0, "axis": "y", "origin": [8, 8, 8]},
			"faces": {
				"north": {"uv": [15.25, 15.25, 15.75, 15.75], "texture": "#0"},
				"east": {"uv": [15.25, 15.25, 15.75, 15.75], "texture": "#0"},
				"south": {"uv": [15.25, 15.25, 15.75, 15.75], "texture": "#0"},
				"west": {"uv": [15.25, 15.25, 15.75, 15.75], "texture": "#0"},
				"up": {"uv": [15.25, 15.25, 15.75, 15.75], "texture": "#0"}
			}
		},
		{
			"name": "voxel",
			"from": [3.5, 11, 6.75],
			"to": [12.5, 11.65, 7.25],
			"rotation": {"angle": 0, "axis": "y", "origin": [8, 8, 8]},
			"faces": {
				"north": {"uv": [15.25, 15.25, 15.75, 15.75], "texture": "#0"},
				"east": {"uv": [15.25, 15.25, 15.75, 15.75], "texture": "#0"},
				"south": {"uv": [15.25, 15.25, 15.75, 15.75], "texture": "#0"},
				"west": {"uv": [15.25, 15.25, 15.75, 15.75], "texture": "#0"},
				"up": {"uv": [15.25, 15.25, 15.75, 15.75], "texture": "#0"}
			}
		},
		{
			"name": "voxel",
			"from": [3.5, 11, 8.75],
			"to": [12.5, 11.65, 9.25],
			"rotation": {"angle": 0, "axis": "y", "origin": [8, 8, 8]},
			"faces": {
				"north": {"uv": [15.25, 15.25, 15.75, 15.75], "texture": "#0"},
				"east": {"uv": [15.25, 15.25, 15.75, 15.75], "texture": "#0"},
				"south": {"uv": [15.25, 15.25, 15.75, 15.75], "texture": "#0"},
				"west": {"uv": [15.25, 15.25, 15.75, 15.75], "texture": "#0"},
				"up": {"uv": [15.25, 15.25, 15.75, 15.75], "texture": "#0"}
			}
		},
		{
			"name": "voxel",
			"from": [3.5, 11, 10.25],
			"to": [12.5, 11.65, 10.75],
			"rotation": {"angle": 0, "axis": "y", "origin": [8, 8, 8]},
			"faces": {
				"north": {"uv": [15.25, 15.25, 15.75, 15.75], "texture": "#0"},
				"east": {"uv": [15.25, 15.25, 15.75, 15.75], "texture": "#0"},
				"south": {"uv": [15.25, 15.25, 15.75, 15.75], "texture": "#0"},
				"west": {"uv": [15.25, 15.25, 15.75, 15.75], "texture": "#0"},
				"up": {"uv": [15.25, 15.25, 15.75, 15.75], "texture": "#0"}
			}
		}
	],
	"gui_light": "front",
	"display": {
		"thirdperson_righthand": {
			"rotation": [70, 0, 0],
			"translation": [0, 0.5, 0],
			"scale": [0.7, 0.7, 0.7]
		},
		"thirdperson_lefthand": {
			"rotation": [70, 0, 0],
			"translation": [0, 0.5, 0],
			"scale": [0.7, 0.7, 0.7]
		},
		"firstperson_righthand": {
			"rotation": [0, -180, 0],
			"translation": [-9, 2.5, -6]
		},
		"firstperson_lefthand": {
			"rotation": [0, 135, 0],
			"translation": [4.5, 2.5, -6]
		},
		"ground": {
			"translation": [0, 4, 0],
			"scale": [0.7, 0.7, 0.7]
		},
		"gui": {
			"rotation": [20, 135, 0],
			"translation": [0, 0.5, 0],
			"scale": [0.9, 0.9, 0.9]
		},
		"head": {
			"translation": [0, 13, 0],
			"scale": [1.2, 1.2, 1.2]
		},
		"fixed": {
			"rotation": [-90, 0, 0],
			"translation": [0, 0, -11],
			"scale": [2.1, 2.1, 2.1]
		}
	}
}