{
	"credit": "Made with Blockbench",
	"textures": {
		"1": "custom/special/mark_of_glory",
		"particle": "custom/special/mark_of_glory"
	},
	"elements": [
		{
			"name": "voxel",
			"from": [5.5, 13, 7.5],
			"to": [11, 13.5, 8.5],
			"rotation": {"angle": 0, "axis": "y", "origin": [8, 8, 8]},
			"faces": {
				"north": {"uv": [11, 2.5, 5.5, 3], "texture": "#1"},
				"east": {"uv": [10.5, 2.5, 11, 3], "texture": "#1"},
				"south": {"uv": [5.5, 2.5, 11, 3], "texture": "#1"},
				"west": {"uv": [5.5, 2.5, 6, 3], "texture": "#1"},
				"up": {"uv": [5.5, 2.5, 11, 3], "texture": "#1"}
			}
		},
		{
			"name": "voxel",
			"from": [5.5, 2, 7.5],
			"to": [11, 2.5, 8.5],
			"rotation": {"angle": 0, "axis": "y", "origin": [8, 8, 8]},
			"faces": {
				"north": {"uv": [11, 13.5, 5.5, 14], "texture": "#1"},
				"east": {"uv": [10.5, 13.5, 11, 14], "texture": "#1"},
				"south": {"uv": [5.5, 13.5, 11, 14], "texture": "#1"},
				"west": {"uv": [5.5, 13.5, 6, 14], "texture": "#1"},
				"down": {"uv": [5.5, 13.5, 11, 14], "texture": "#1"}
			}
		},
		{
			"name": "voxel",
			"from": [4.5, 12.5, 7.5],
			"to": [12, 13, 8.5],
			"rotation": {"angle": 0, "axis": "y", "origin": [8, 8, 8]},
			"faces": {
				"north": {"uv": [12, 3, 4.5, 3.5], "texture": "#1"},
				"east": {"uv": [11.5, 3, 12, 3.5], "texture": "#1"},
				"south": {"uv": [4.5, 3, 12, 3.5], "texture": "#1"},
				"west": {"uv": [4.5, 3, 5, 3.5], "texture": "#1"},
				"up": {"uv": [4.5, 3, 12, 3.5], "texture": "#1"}
			}
		},
		{
			"name": "voxel",
			"from": [4.5, 2.5, 7.5],
			"to": [12, 3, 8.5],
			"rotation": {"angle": 0, "axis": "y", "origin": [8, 8, 8]},
			"faces": {
				"north": {"uv": [12, 13, 4.5, 13.5], "texture": "#1"},
				"east": {"uv": [11.5, 13, 12, 13.5], "texture": "#1"},
				"south": {"uv": [4.5, 13, 12, 13.5], "texture": "#1"},
				"west": {"uv": [4.5, 13, 5, 13.5], "rotation": 180, "texture": "#1"},
				"down": {"uv": [4.5, 13, 12, 13.5], "texture": "#1"}
			}
		},
		{
			"name": "voxel",
			"from": [4, 12, 7.5],
			"to": [12.5, 12.5, 8.5],
			"rotation": {"angle": 0, "axis": "y", "origin": [8, 8, 8]},
			"faces": {
				"north": {"uv": [12.5, 3.5, 4, 4], "texture": "#1"},
				"east": {"uv": [12, 3.5, 12.5, 4], "texture": "#1"},
				"south": {"uv": [4, 3.5, 12.5, 4], "texture": "#1"},
				"west": {"uv": [4, 3.5, 4.5, 4], "texture": "#1"},
				"up": {"uv": [4, 3.5, 12.5, 4], "texture": "#1"}
			}
		},
		{
			"name": "voxel",
			"from": [4, 3, 7.5],
			"to": [12.5, 3.5, 8.5],
			"rotation": {"angle": 0, "axis": "y", "origin": [8, 8, 8]},
			"faces": {
				"north": {"uv": [12.5, 12.5, 4, 13], "texture": "#1"},
				"east": {"uv": [12, 12.5, 12.5, 13], "texture": "#1"},
				"south": {"uv": [4, 12.5, 12.5, 13], "texture": "#1"},
				"west": {"uv": [4, 12.5, 4.5, 13], "texture": "#1"},
				"down": {"uv": [4, 12.5, 12.5, 13], "texture": "#1"}
			}
		},
		{
			"name": "voxel",
			"from": [3.5, 11.5, 7.5],
			"to": [13, 12, 8.5],
			"rotation": {"angle": 0, "axis": "y", "origin": [8, 8, 8]},
			"faces": {
				"north": {"uv": [13, 4, 3.5, 4.5], "texture": "#1"},
				"east": {"uv": [12.5, 4, 13, 4.5], "texture": "#1"},
				"south": {"uv": [3.5, 4, 13, 4.5], "texture": "#1"},
				"west": {"uv": [3.5, 4, 4, 4.5], "texture": "#1"},
				"up": {"uv": [3.5, 4, 13, 4.5], "texture": "#1"}
			}
		},
		{
			"name": "voxel",
			"from": [3.5, 3.5, 7.5],
			"to": [13, 4, 8.5],
			"rotation": {"angle": 0, "axis": "y", "origin": [8, 8, 8]},
			"faces": {
				"north": {"uv": [13, 12, 3.5, 12.5], "texture": "#1"},
				"east": {"uv": [12.5, 12, 13, 12.5], "texture": "#1"},
				"south": {"uv": [3.5, 12, 13, 12.5], "texture": "#1"},
				"west": {"uv": [3.5, 12, 4, 12.5], "texture": "#1"},
				"down": {"uv": [3.5, 12, 13, 12.5], "texture": "#1"}
			}
		},
		{
			"name": "voxel",
			"from": [3, 10.5, 7.5],
			"to": [13.5, 11.5, 8.5],
			"rotation": {"angle": 0, "axis": "y", "origin": [8, 8, 8]},
			"faces": {
				"north": {"uv": [13.5, 4.5, 3, 5.5], "texture": "#1"},
				"east": {"uv": [13, 4.5, 13.5, 5.5], "texture": "#1"},
				"south": {"uv": [3, 4.5, 13.5, 5.5], "texture": "#1"},
				"west": {"uv": [3, 4.5, 3.5, 5.5], "texture": "#1"},
				"up": {"uv": [3, 4.5, 13.5, 5], "texture": "#1"}
			}
		},
		{
			"name": "voxel",
			"from": [3, 4, 7.5],
			"to": [13.5, 5, 8.5],
			"rotation": {"angle": 0, "axis": "y", "origin": [8, 8, 8]},
			"faces": {
				"north": {"uv": [13.5, 11, 3, 12], "texture": "#1"},
				"east": {"uv": [13, 11, 13.5, 12], "texture": "#1"},
				"south": {"uv": [3, 11, 13.5, 12], "texture": "#1"},
				"west": {"uv": [3, 11, 3.5, 12], "texture": "#1"},
				"down": {"uv": [3, 11.5, 13.5, 12], "texture": "#1"}
			}
		},
		{
			"name": "voxel",
			"from": [2.5, 9.5, 7.5],
			"to": [14, 10.5, 8.5],
			"rotation": {"angle": 0, "axis": "y", "origin": [8, 8, 8]},
			"faces": {
				"north": {"uv": [14, 5.5, 2.5, 6.5], "texture": "#1"},
				"east": {"uv": [13.5, 5.5, 14, 6.5], "texture": "#1"},
				"south": {"uv": [2.5, 5.5, 14, 6.5], "texture": "#1"},
				"west": {"uv": [2.5, 5.5, 3, 6.5], "texture": "#1"},
				"up": {"uv": [2.5, 5.5, 14, 6], "texture": "#1"}
			}
		},
		{
			"name": "voxel",
			"from": [2.5, 5, 7.5],
			"to": [14, 6, 8.5],
			"rotation": {"angle": 0, "axis": "y", "origin": [8, 8, 8]},
			"faces": {
				"north": {"uv": [14, 10, 2.5, 11], "texture": "#1"},
				"east": {"uv": [13.5, 10, 14, 11], "texture": "#1"},
				"south": {"uv": [2.5, 10, 14, 11], "texture": "#1"},
				"west": {"uv": [2.5, 10, 3, 11], "texture": "#1"},
				"down": {"uv": [2.5, 10.5, 14, 11], "texture": "#1"}
			}
		},
		{
			"name": "voxel",
			"from": [6.5, 13.5, 7.5],
			"to": [10, 14, 8.5],
			"rotation": {"angle": 0, "axis": "y", "origin": [8, 8, 8]},
			"faces": {
				"north": {"uv": [10, 2, 6.5, 2.5], "texture": "#1"},
				"east": {"uv": [9.5, 2, 10, 2.5], "texture": "#1"},
				"south": {"uv": [6.5, 2, 10, 2.5], "texture": "#1"},
				"west": {"uv": [6.5, 2, 7, 2.5], "texture": "#1"},
				"up": {"uv": [6.5, 2, 10, 2.5], "texture": "#1"}
			}
		},
		{
			"name": "voxel",
			"from": [6.5, 1.5, 7.5],
			"to": [10, 2, 8.5],
			"rotation": {"angle": 0, "axis": "y", "origin": [8, 8, 8]},
			"faces": {
				"north": {"uv": [10, 14, 6.5, 14.5], "texture": "#1"},
				"east": {"uv": [9.5, 14, 10, 14.5], "texture": "#1"},
				"south": {"uv": [6.5, 14, 10, 14.5], "texture": "#1"},
				"west": {"uv": [6.5, 14, 7, 14.5], "texture": "#1"},
				"down": {"uv": [6.5, 14, 10, 14.5], "texture": "#1"}
			}
		},
		{
			"name": "voxel",
			"from": [2, 6, 7.5],
			"to": [14.5, 9.5, 8.5],
			"rotation": {"angle": 0, "axis": "y", "origin": [8, 8, 8]},
			"faces": {
				"north": {"uv": [14.5, 6.5, 2, 10], "texture": "#1"},
				"east": {"uv": [14, 6.5, 14.5, 10], "texture": "#1"},
				"south": {"uv": [2, 6.5, 14.5, 10], "texture": "#1"},
				"west": {"uv": [2, 6.5, 2.5, 10], "texture": "#1"},
				"up": {"uv": [2, 6.5, 14.5, 7], "texture": "#1"},
				"down": {"uv": [2, 9.5, 14.5, 10], "texture": "#1"}
			}
		},
		{
			"name": "voxel",
			"from": [3, 8, 8.25],
			"to": [13.5, 9.5, 8.75],
			"rotation": {"angle": 0, "axis": "y", "origin": [8, 8, 8]},
			"faces": {
				"east": {"uv": [13, 6.5, 13.5, 8], "texture": "#1"},
				"south": {"uv": [3, 6.5, 13.5, 8], "texture": "#1"},
				"west": {"uv": [3, 6.5, 3.5, 8], "texture": "#1"},
				"up": {"uv": [3, 6.5, 13.5, 7], "texture": "#1"},
				"down": {"uv": [3, 7.5, 13.5, 8], "texture": "#1"}
			}
		},
		{
			"name": "voxel",
			"from": [4, 9.5, 8.25],
			"to": [12.5, 10, 8.75],
			"rotation": {"angle": 0, "axis": "y", "origin": [8, 8, 8]},
			"faces": {
				"east": {"uv": [12, 6, 12.5, 6.5], "texture": "#1"},
				"south": {"uv": [4, 6, 12.5, 6.5], "texture": "#1"},
				"west": {"uv": [4, 6, 4.5, 6.5], "texture": "#1"},
				"up": {"uv": [4, 6, 12.5, 6.5], "texture": "#1"}
			}
		},
		{
			"name": "voxel",
			"from": [4, 7, 8.25],
			"to": [12.5, 7.5, 8.75],
			"rotation": {"angle": 0, "axis": "y", "origin": [8, 8, 8]},
			"faces": {
				"east": {"uv": [12, 8.5, 12.5, 9], "texture": "#1"},
				"south": {"uv": [4, 8.5, 12.5, 9], "texture": "#1"},
				"west": {"uv": [4, 8.5, 4.5, 9], "texture": "#1"},
				"down": {"uv": [4, 8.5, 12.5, 9], "texture": "#1"}
			}
		},
		{
			"name": "voxel",
			"from": [5, 6.5, 8.25],
			"to": [11.5, 7, 8.75],
			"rotation": {"angle": 0, "axis": "y", "origin": [8, 8, 8]},
			"faces": {
				"east": {"uv": [11, 9, 11.5, 9.5], "texture": "#1"},
				"south": {"uv": [5, 9, 11.5, 9.5], "texture": "#1"},
				"west": {"uv": [5, 9, 5.5, 9.5], "texture": "#1"}
			}
		},
		{
			"name": "voxel",
			"from": [4.5, 6, 8.25],
			"to": [12, 6.5, 8.75],
			"rotation": {"angle": 0, "axis": "y", "origin": [8, 8, 8]},
			"faces": {
				"east": {"uv": [11.5, 9.5, 12, 10], "texture": "#1"},
				"south": {"uv": [4.5, 9.5, 12, 10], "texture": "#1"},
				"west": {"uv": [4.5, 9.5, 5, 10], "texture": "#1"},
				"up": {"uv": [4.5, 9.5, 12, 10], "texture": "#1"}
			}
		},
		{
			"name": "voxel",
			"from": [4, 5, 8.25],
			"to": [12.5, 6, 8.75],
			"rotation": {"angle": 0, "axis": "y", "origin": [8, 8, 8]},
			"faces": {
				"east": {"uv": [12, 10, 12.5, 11], "texture": "#1"},
				"south": {"uv": [4, 10, 12.5, 11], "texture": "#1"},
				"west": {"uv": [4, 10, 4.5, 11], "texture": "#1"},
				"up": {"uv": [4, 10, 12.5, 10.5], "texture": "#1"},
				"down": {"uv": [4, 10.5, 12.5, 11], "texture": "#1"}
			}
		},
		{
			"name": "voxel",
			"from": [4, 4, 8.25],
			"to": [8, 5, 8.75],
			"rotation": {"angle": 0, "axis": "y", "origin": [8, 8, 8]},
			"faces": {
				"east": {"uv": [7.5, 11, 8, 12], "texture": "#1"},
				"south": {"uv": [4, 11, 8, 12], "texture": "#1"},
				"west": {"uv": [4, 11, 4.5, 12], "texture": "#1"},
				"down": {"uv": [4, 11.5, 8, 12], "texture": "#1"}
			}
		},
		{
			"name": "voxel",
			"from": [5, 3.5, 8.25],
			"to": [7.5, 4, 8.75],
			"rotation": {"angle": 0, "axis": "y", "origin": [8, 8, 8]},
			"faces": {
				"east": {"uv": [7, 12, 7.5, 12.5], "texture": "#1"},
				"south": {"uv": [5, 12, 7.5, 12.5], "texture": "#1"},
				"west": {"uv": [5, 12, 5.5, 12.5], "texture": "#1"},
				"down": {"uv": [5, 12, 7.5, 12.5], "texture": "#1"}
			}
		},
		{
			"name": "voxel",
			"from": [9, 3.5, 8.25],
			"to": [11.5, 4, 8.75],
			"rotation": {"angle": 0, "axis": "y", "origin": [8, 8, 8]},
			"faces": {
				"east": {"uv": [11, 12, 11.5, 12.5], "texture": "#1"},
				"south": {"uv": [9, 12, 11.5, 12.5], "texture": "#1"},
				"west": {"uv": [9, 12, 9.5, 12.5], "texture": "#1"},
				"down": {"uv": [9, 12, 11.5, 12.5], "texture": "#1"}
			}
		},
		{
			"name": "voxel",
			"from": [9.5, 3, 8.25],
			"to": [11.5, 3.5, 8.75],
			"rotation": {"angle": 0, "axis": "y", "origin": [8, 8, 8]},
			"faces": {
				"east": {"uv": [11, 12.5, 11.5, 13], "texture": "#1"},
				"south": {"uv": [9.5, 12.5, 11.5, 13], "texture": "#1"},
				"west": {"uv": [9.5, 12.5, 10, 13], "texture": "#1"},
				"down": {"uv": [9.5, 12.5, 11.5, 13], "texture": "#1"}
			}
		},
		{
			"name": "voxel",
			"from": [5, 3, 8.25],
			"to": [7, 3.5, 8.75],
			"rotation": {"angle": 0, "axis": "y", "origin": [8, 8, 8]},
			"faces": {
				"east": {"uv": [6.5, 12.5, 7, 13], "texture": "#1"},
				"south": {"uv": [5, 12.5, 7, 13], "texture": "#1"},
				"west": {"uv": [5, 12.5, 5.5, 13], "texture": "#1"},
				"down": {"uv": [5, 12.5, 7, 13], "texture": "#1"}
			}
		},
		{
			"name": "voxel",
			"from": [8.5, 4, 8.25],
			"to": [12.5, 5, 8.75],
			"rotation": {"angle": 0, "axis": "y", "origin": [8, 8, 8]},
			"faces": {
				"east": {"uv": [12, 11, 12.5, 12], "texture": "#1"},
				"south": {"uv": [8.5, 11, 12.5, 12], "texture": "#1"},
				"west": {"uv": [8.5, 11, 9, 12], "texture": "#1"},
				"down": {"uv": [8.5, 11.5, 12.5, 12], "texture": "#1"}
			}
		},
		{
			"name": "voxel",
			"from": [6, 10, 8.25],
			"to": [10.5, 11, 8.75],
			"rotation": {"angle": 0, "axis": "y", "origin": [8, 8, 8]},
			"faces": {
				"east": {"uv": [10, 5, 10.5, 6], "texture": "#1"},
				"south": {"uv": [6, 5, 10.5, 6], "texture": "#1"},
				"west": {"uv": [6, 5, 6.5, 6], "texture": "#1"},
				"up": {"uv": [6, 5, 10.5, 5.5], "texture": "#1"}
			}
		},
		{
			"name": "voxel",
			"from": [6.5, 11, 8.25],
			"to": [10, 12, 8.75],
			"rotation": {"angle": 0, "axis": "y", "origin": [8, 8, 8]},
			"faces": {
				"east": {"uv": [9.5, 4, 10, 5], "texture": "#1"},
				"south": {"uv": [6.5, 4, 10, 5], "texture": "#1"},
				"west": {"uv": [6.5, 4, 7, 5], "texture": "#1"},
				"up": {"uv": [6.5, 4, 10, 4.5], "texture": "#1"}
			}
		},
		{
			"name": "voxel",
			"from": [7, 12, 8.25],
			"to": [9.5, 12.5, 8.75],
			"rotation": {"angle": 0, "axis": "y", "origin": [8, 8, 8]},
			"faces": {
				"east": {"uv": [9, 3.5, 9.5, 4], "texture": "#1"},
				"south": {"uv": [7, 3.5, 9.5, 4], "texture": "#1"},
				"west": {"uv": [7, 3.5, 7.5, 4], "texture": "#1"},
				"up": {"uv": [7, 3.5, 9.5, 4], "texture": "#1"}
			}
		},
		{
			"name": "voxel",
			"from": [8.5, 12.5, 8.25],
			"to": [9, 13, 8.75],
			"rotation": {"angle": 0, "axis": "y", "origin": [8, 8, 8]},
			"faces": {
				"east": {"uv": [8.5, 3, 9, 3.5], "texture": "#1"},
				"south": {"uv": [8.5, 3, 9, 3.5], "texture": "#1"},
				"west": {"uv": [8.5, 3, 9, 3.5], "texture": "#1"},
				"up": {"uv": [8.5, 3, 9, 3.5], "texture": "#1"}
			}
		},
		{
			"name": "voxel",
			"from": [7.5, 12.5, 8.25],
			"to": [8, 13, 8.75],
			"rotation": {"angle": 0, "axis": "y", "origin": [8, 8, 8]},
			"faces": {
				"east": {"uv": [7.5, 3, 8, 3.5], "texture": "#1"},
				"south": {"uv": [7.5, 3, 8, 3.5], "texture": "#1"},
				"west": {"uv": [7.5, 3, 8, 3.5], "texture": "#1"},
				"up": {"uv": [7.5, 3, 8, 3.5], "texture": "#1"}
			}
		},
		{
			"name": "voxel",
			"from": [11, 10, 8.25],
			"to": [12.5, 10.5, 8.75],
			"rotation": {"angle": 0, "axis": "y", "origin": [8, 8, 8]},
			"faces": {
				"east": {"uv": [12, 5.5, 12.5, 6], "texture": "#1"},
				"south": {"uv": [11, 5.5, 12.5, 6], "texture": "#1"},
				"west": {"uv": [11, 5.5, 11.5, 6], "texture": "#1"},
				"up": {"uv": [11, 5.5, 12.5, 6], "texture": "#1"}
			}
		},
		{
			"name": "voxel",
			"from": [4, 10, 8.25],
			"to": [5.5, 10.5, 8.75],
			"rotation": {"angle": 0, "axis": "y", "origin": [8, 8, 8]},
			"faces": {
				"east": {"uv": [5, 5.5, 5.5, 6], "texture": "#1"},
				"south": {"uv": [4, 5.5, 5.5, 6], "texture": "#1"},
				"west": {"uv": [4, 5.5, 4.5, 6], "texture": "#1"},
				"up": {"uv": [4, 5.5, 5.5, 6], "texture": "#1"}
			}
		},
		{
			"name": "voxel",
			"from": [3.5, 7.5, 8.25],
			"to": [13, 8, 8.75],
			"rotation": {"angle": 0, "axis": "y", "origin": [8, 8, 8]},
			"faces": {
				"east": {"uv": [12.5, 8, 13, 8.5], "texture": "#1"},
				"south": {"uv": [3.5, 8, 13, 8.5], "texture": "#1"},
				"west": {"uv": [3.5, 8, 4, 8.5], "texture": "#1"},
				"down": {"uv": [3.5, 8, 13, 8.5], "texture": "#1"}
			}
		}
	],
	"gui_light": "front",
	"display": {
		"thirdperson_righthand": {
			"translation": [0, 3, 0.5],
			"scale": [0.55, 0.55, 0.55]
		},
		"firstperson_righthand": {
			"rotation": [0, -90, 25],
			"translation": [1.13, 3.2, 1.13],
			"scale": [0.68, 0.68, 0.68]
		},
		"ground": {
			"translation": [0, 2, 0],
			"scale": [0.5, 0.5, 0.5]
		},
		"head": {
			"rotation": [0, -180, 0],
			"translation": [0, 13, 5]
		},
		"fixed": {
			"rotation": [0, -180, 0]
		}
	},
	"groups": [
		{
			"name": "f",
			"origin": [8, 8, 8],
			"color": 0,
			"children": [
				{
					"name": "ring",
					"origin": [8, 8, 8],
					"color": 0,
					"children": [0, 1, 2, 3, 4, 5, 6, 7, 8, 9, 10, 11, 12, 13, 14, 15, 16, 17, 18, 19, 20, 21, 22, 23, 24, 25, 26, 27, 28, 29, 30, 31, 32, 33, 34]
				}
			]
		}
	]
}