{
	"credit": "Made with Blockbench",
	"textures": {
		"6": "block/lodestone_top"
	},
	"elements": [
		{
			"from": [3, 0, 3],
			"to": [13, 1, 13],
			"rotation": {"angle": 0, "axis": "y", "origin": [7, 0, 7]},
			"faces": {
				"north": {"uv": [0, 0, 10, 1], "texture": "#6"},
				"east": {"uv": [0, 0, 10, 1], "texture": "#6"},
				"south": {"uv": [0, 0, 10, 1], "texture": "#6"},
				"west": {"uv": [0, 0, 10, 1], "texture": "#6"},
				"up": {"uv": [4, 3, 14, 13], "texture": "#6"},
				"down": {"uv": [2, 3, 12, 13], "texture": "#6"}
			}
		},
		{
			"from": [4, 1, 4],
			"to": [12, 3, 12],
			"rotation": {"angle": 0, "axis": "y", "origin": [7, 1, 7]},
			"faces": {
				"north": {"uv": [3, 0, 11, 2], "texture": "#6"},
				"east": {"uv": [0, 0, 8, 2], "texture": "#6"},
				"south": {"uv": [0, 0, 8, 2], "texture": "#6"},
				"west": {"uv": [3, 0, 11, 2], "texture": "#6"},
				"up": {"uv": [5, 4, 13, 12], "texture": "#6"},
				"down": {"uv": [5, 0, 13, 8], "texture": "#6"}
			}
		},
		{
			"from": [5, 3, 5],
			"to": [11, 8, 11],
			"rotation": {"angle": 0, "axis": "y", "origin": [7, 3, 7]},
			"faces": {
				"north": {"uv": [3, 0, 9, 5], "texture": "#6"},
				"east": {"uv": [2, 0, 8, 5], "texture": "#6"},
				"south": {"uv": [8, 0, 14, 5], "texture": "#6"},
				"west": {"uv": [5, 0, 11, 5], "texture": "#6"},
				"up": {"uv": [0, 0, 6, 6], "texture": "#6"},
				"down": {"uv": [0, 0, 6, 6], "texture": "#6"}
			}
		},
		{
			"from": [5, 17, 5],
			"to": [11, 21, 11],
			"rotation": {"angle": 0, "axis": "y", "origin": [7, 17, 7]},
			"faces": {
				"north": {"uv": [6, 12, 12, 16], "texture": "#6"},
				"east": {"uv": [8, 12, 14, 16], "texture": "#6"},
				"south": {"uv": [4, 12, 10, 16], "texture": "#6"},
				"west": {"uv": [2, 12, 8, 16], "texture": "#6"},
				"up": {"uv": [0, 0, 6, 6], "texture": "#6"},
				"down": {"uv": [4, 3, 10, 9], "texture": "#6"}
			}
		},
		{
			"from": [4.5, 21, 4.5],
			"to": [6.5, 22, 6.5],
			"rotation": {"angle": 0, "axis": "y", "origin": [7, 20, 7]},
			"faces": {
				"north": {"uv": [0, 0, 2, 1], "texture": "#6"},
				"east": {"uv": [0, 0, 2, 1], "texture": "#6"},
				"south": {"uv": [0, 0, 2, 1], "texture": "#6"},
				"west": {"uv": [0, 0, 2, 1], "texture": "#6"},
				"up": {"uv": [7, 6, 9, 8], "texture": "#6"},
				"down": {"uv": [0, 0, 2, 2], "texture": "#6"}
			}
		},
		{
			"from": [9.5, 21, 9.5],
			"to": [11.5, 22, 11.5],
			"rotation": {"angle": 0, "axis": "y", "origin": [10, 20, 12]},
			"faces": {
				"north": {"uv": [0, 0, 2, 1], "texture": "#6"},
				"east": {"uv": [0, 0, 2, 1], "texture": "#6"},
				"south": {"uv": [0, 0, 2, 1], "texture": "#6"},
				"west": {"uv": [0, 0, 2, 1], "texture": "#6"},
				"up": {"uv": [6, 5, 8, 7], "texture": "#6"},
				"down": {"uv": [0, 0, 2, 2], "texture": "#6"}
			}
		},
		{
			"from": [9.5, 21, 4.5],
			"to": [11.5, 22, 6.5],
			"rotation": {"angle": 0, "axis": "y", "origin": [10, 20, 7]},
			"faces": {
				"north": {"uv": [0, 0, 2, 1], "texture": "#6"},
				"east": {"uv": [0, 0, 2, 1], "texture": "#6"},
				"south": {"uv": [0, 0, 2, 1], "texture": "#6"},
				"west": {"uv": [0, 0, 2, 1], "texture": "#6"},
				"up": {"uv": [4, 4, 6, 6], "texture": "#6"},
				"down": {"uv": [0, 0, 2, 2], "texture": "#6"}
			}
		},
		{
			"from": [4.5, 21, 9.5],
			"to": [6.5, 22, 11.5],
			"rotation": {"angle": 0, "axis": "y", "origin": [7, 20, 7]},
			"faces": {
				"north": {"uv": [0, 0, 2, 1], "texture": "#6"},
				"east": {"uv": [0, 0, 2, 1], "texture": "#6"},
				"south": {"uv": [0, 0, 2, 1], "texture": "#6"},
				"west": {"uv": [0, 0, 2, 1], "texture": "#6"},
				"up": {"uv": [10, 6, 12, 8], "texture": "#6"},
				"down": {"uv": [0, 0, 2, 2], "texture": "#6"}
			}
		},
		{
			"from": [7.5, 21, 9.5],
			"to": [8.5, 22, 11.5],
			"rotation": {"angle": 0, "axis": "y", "origin": [9, 20, 7]},
			"faces": {
				"north": {"uv": [0, 0, 1, 1], "texture": "#6"},
				"east": {"uv": [0, 0, 2, 1], "texture": "#6"},
				"south": {"uv": [0, 0, 1, 1], "texture": "#6"},
				"west": {"uv": [0, 0, 2, 1], "texture": "#6"},
				"up": {"uv": [9, 6, 10, 8], "texture": "#6"},
				"down": {"uv": [0, 0, 1, 2], "texture": "#6"}
			}
		},
		{
			"from": [4.5, 21, 7.5],
			"to": [6.5, 22, 8.5],
			"rotation": {"angle": 0, "axis": "y", "origin": [6, 20, 5]},
			"faces": {
				"north": {"uv": [0, 0, 2, 1], "texture": "#6"},
				"east": {"uv": [0, 0, 1, 1], "texture": "#6"},
				"south": {"uv": [0, 0, 2, 1], "texture": "#6"},
				"west": {"uv": [0, 0, 1, 1], "texture": "#6"},
				"up": {"uv": [10, 8, 12, 9], "texture": "#6"},
				"down": {"uv": [0, 0, 2, 1], "texture": "#6"}
			}
		},
		{
			"from": [9.5, 21, 7.5],
			"to": [11.5, 22, 8.5],
			"rotation": {"angle": 0, "axis": "y", "origin": [11, 20, 5]},
			"faces": {
				"north": {"uv": [0, 0, 2, 1], "texture": "#6"},
				"east": {"uv": [0, 0, 1, 1], "texture": "#6"},
				"south": {"uv": [0, 0, 2, 1], "texture": "#6"},
				"west": {"uv": [0, 0, 1, 1], "texture": "#6"},
				"up": {"uv": [0, 0, 2, 1], "texture": "#6"},
				"down": {"uv": [0, 0, 2, 1], "texture": "#6"}
			}
		},
		{
			"from": [7.5, 21, 4.5],
			"to": [8.5, 22, 6.5],
			"rotation": {"angle": 0, "axis": "y", "origin": [9, 20, 2]},
			"faces": {
				"north": {"uv": [0, 0, 1, 1], "texture": "#6"},
				"east": {"uv": [0, 0, 2, 1], "texture": "#6"},
				"south": {"uv": [0, 0, 1, 1], "texture": "#6"},
				"west": {"uv": [0, 0, 2, 1], "texture": "#6"},
				"up": {"uv": [7, 8, 8, 10], "texture": "#6"},
				"down": {"uv": [0, 0, 1, 2], "texture": "#6"}
			}
		},
		{
			"from": [4.5, 20.025, 4.5],
			"to": [11.5, 21.025, 11.5],
			"rotation": {"angle": 0, "axis": "y", "origin": [7, 19.025, 7]},
			"faces": {
				"north": {"uv": [4, 14, 11, 15], "texture": "#6"},
				"east": {"uv": [7, 14, 14, 15], "texture": "#6"},
				"south": {"uv": [1, 1, 8, 2], "texture": "#6"},
				"west": {"uv": [4, 1, 11, 2], "texture": "#6"},
				"up": {"uv": [5, 4, 12, 11], "texture": "#6"},
				"down": {"uv": [4, 4, 11, 11], "texture": "#6"}
			}
		},
		{
			"from": [7, 21, 7],
			"to": [9, 23, 9],
			"rotation": {"angle": 0, "axis": "y", "origin": [7, 21, 7]},
			"faces": {
				"north": {"uv": [10, 1, 12, 3], "texture": "#6"},
				"east": {"uv": [9, 1, 11, 3], "texture": "#6"},
				"south": {"uv": [7, 1, 9, 3], "texture": "#6"},
				"west": {"uv": [3, 1, 5, 3], "texture": "#6"},
				"up": {"uv": [5, 5, 7, 7], "texture": "#6"},
				"down": {"uv": [0, 0, 2, 2], "texture": "#6"}
			}
		},
		{
			"from": [6, 8, 6],
			"to": [10, 19, 10],
			"rotation": {"angle": 0, "axis": "y", "origin": [7, 8, 7]},
			"faces": {
				"north": {"uv": [0, 0, 4, 11], "texture": "#6"},
				"east": {"uv": [5, 2, 9, 13], "texture": "#6"},
				"south": {"uv": [12, 0, 16, 11], "texture": "#6"},
				"west": {"uv": [10, 3, 14, 14], "texture": "#6"},
				"up": {"uv": [0, 0, 4, 4], "texture": "#6"},
				"down": {"uv": [0, 0, 4, 4], "texture": "#6"}
			}
		},
		{
			"from": [4, 5, 4],
			"to": [12, 6, 12],
			"rotation": {"angle": 0, "axis": "y", "origin": [7, 4, 7]},
			"faces": {
				"north": {"uv": [0, 0, 8, 1], "texture": "#6"},
				"east": {"uv": [0, 0, 8, 1], "texture": "#6"},
				"south": {"uv": [0, 0, 8, 1], "texture": "#6"},
				"west": {"uv": [0, 0, 8, 1], "texture": "#6"},
				"up": {"uv": [4, 4, 12, 12], "texture": "#6"},
				"down": {"uv": [3, 3, 11, 11], "texture": "#6"}
			}
		},
		{
			"from": [4, 15, 5],
			"to": [12, 16, 11],
			"rotation": {"angle": 0, "axis": "y", "origin": [7, 14, 7]},
			"faces": {
				"north": {"uv": [0, 0, 8, 1], "texture": "#6"},
				"east": {"uv": [10, 9, 16, 10], "texture": "#6"},
				"south": {"uv": [0, 0, 8, 1], "texture": "#6"},
				"west": {"uv": [0, 8, 6, 9], "texture": "#6"},
				"up": {"uv": [3, 0, 11, 6], "texture": "#6"},
				"down": {"uv": [4, 10, 12, 16], "texture": "#6"}
			}
		}
	],
	"display": {
		"thirdperson_righthand": {
			"rotation": [75, 45, 0],
			"translation": [0, 0.75, 0],
			"scale": [0.375, 0.375, 0.375]
		},
		"thirdperson_lefthand": {
			"rotation": [75, 45, 0],
			"scale": [0.375, 0.375, 0.375]
		},
		"firstperson_righthand": {
			"rotation": [0, 12, 0],
			"translation": [0, 2.75, 0],
			"scale": [0.64, 0.64, 0.64]
		},
		"firstperson_lefthand": {
			"rotation": [0, -165, 0],
			"translation": [0, 2.75, 0],
			"scale": [0.64, 0.64, 0.64]
		},
		"ground": {
			"translation": [0, 3, 0],
			"scale": [0.55, 0.55, 0.55]
		},
		"gui": {
			"rotation": [30, 43, 0],
			"scale": [0.625, 0.625, 0.625]
		},
		"head": {
			"rotation": [0, -90, 0],
			"translation": [0, 14, 0]
		},
		"fixed": {
			"rotation": [-90, -90, 0],
			"translation": [0, 0, -16],
			"scale": [2, 2, 2]
		}
	},
	"groups": [
		{
			"name": "queen",
			"origin": [7, 14, 7],
			"color": 0,
			"children": [0, 1, 2, 3, 4, 5, 6, 7, 8, 9, 10, 11, 12, 13, 14, 15, 16]
		}
	]
}