{
	"credit": "Made with Blockbench",
	"textures": {
		"particle": "block/dark_oak_planks"
	},
	"elements": [
		{
			"from": [5.5, 4, 5.5],
			"to": [10.5, 5, 10.5],
			"rotation": {"angle": 0, "axis": "y", "origin": [7, 3, 7]},
			"faces": {
				"north": {"uv": [0, 0, 5, 1], "texture": "#particle"},
				"east": {"uv": [0, 0, 5, 1], "texture": "#particle"},
				"south": {"uv": [0, 0, 5, 1], "texture": "#particle"},
				"west": {"uv": [0, 0, 5, 1], "texture": "#particle"},
				"up": {"uv": [0, 0, 5, 5], "texture": "#particle"},
				"down": {"uv": [0, 0, 5, 5], "texture": "#particle"}
			}
		},
		{
			"from": [5.8, 8, 6],
			"to": [10.2, 9, 10],
			"rotation": {"angle": 0, "axis": "y", "origin": [7, 7, 7]},
			"faces": {
				"north": {"uv": [0, 0, 4.4, 1], "texture": "#particle"},
				"east": {"uv": [0, 0, 4, 1], "texture": "#particle"},
				"south": {"uv": [0, 0, 4.4, 1], "texture": "#particle"},
				"west": {"uv": [0, 0, 4, 1], "texture": "#particle"},
				"up": {"uv": [0, 0, 4.4, 4], "texture": "#particle"},
				"down": {"uv": [0, 0, 4.4, 4], "texture": "#particle"}
			}
		},
		{
			"from": [5.5, 1, 5.5],
			"to": [10.5, 4, 10.5],
			"rotation": {"angle": 0, "axis": "y", "origin": [7, 2, 7]},
			"faces": {
				"north": {"uv": [0, 0, 5, 3], "texture": "#particle"},
				"east": {"uv": [0, 0, 5, 3], "texture": "#particle"},
				"south": {"uv": [0, 0, 5, 3], "texture": "#particle"},
				"west": {"uv": [0, 0, 5, 3], "texture": "#particle"},
				"up": {"uv": [0, 0, 5, 5], "texture": "#particle"},
				"down": {"uv": [0, 0, 5, 5], "texture": "#particle"}
			}
		},
		{
			"from": [6.5, 4, 6.5],
			"to": [9.5, 13, 9.5],
			"rotation": {"angle": 0, "axis": "y", "origin": [7, 5, 7]},
			"faces": {
				"north": {"uv": [0, 0, 3, 9], "texture": "#particle"},
				"east": {"uv": [0, 0, 3, 9], "texture": "#particle"},
				"south": {"uv": [0, 0, 3, 9], "texture": "#particle"},
				"west": {"uv": [0, 0, 3, 9], "texture": "#particle"},
				"up": {"uv": [0, 0, 3, 3], "texture": "#particle"},
				"down": {"uv": [0, 0, 3, 3], "texture": "#particle"}
			}
		},
		{
			"from": [6, 9.5, 6],
			"to": [10, 12.5, 10],
			"rotation": {"angle": 0, "axis": "y", "origin": [7, 7, 7]},
			"faces": {
				"north": {"uv": [0, 0, 4, 3], "texture": "#particle"},
				"east": {"uv": [0, 0, 4, 3], "texture": "#particle"},
				"south": {"uv": [0, 0, 4, 3], "texture": "#particle"},
				"west": {"uv": [0, 0, 4, 3], "texture": "#particle"},
				"up": {"uv": [0, 0, 4, 4], "texture": "#particle"},
				"down": {"uv": [0, 0, 4, 4], "texture": "#particle"}
			}
		},
		{
			"from": [5, 0, 5],
			"to": [11, 1, 11],
			"rotation": {"angle": 0, "axis": "y", "origin": [7, 0, 7]},
			"faces": {
				"north": {"uv": [0, 0, 6, 1], "texture": "#particle"},
				"east": {"uv": [0, 0, 6, 1], "texture": "#particle"},
				"south": {"uv": [0, 0, 6, 1], "texture": "#particle"},
				"west": {"uv": [0, 0, 6, 1], "texture": "#particle"},
				"up": {"uv": [0, 0, 6, 6], "texture": "#particle"},
				"down": {"uv": [0, 0, 6, 6], "texture": "#particle"}
			}
		}
	],
	"display": {
		"thirdperson_righthand": {
			"rotation": [75, 45, 0],
			"translation": [0, 0.75, 0],
			"scale": [0.375, 0.375, 0.375]
		},
		"thirdperson_lefthand": {
			"rotation": [75, 45, 0],
			"scale": [0.375, 0.375, 0.375]
		},
		"firstperson_righthand": {
			"rotation": [0, 12, 0],
			"translation": [0, 2.75, 0],
			"scale": [0.64, 0.64, 0.64]
		},
		"firstperson_lefthand": {
			"rotation": [0, -165, 0],
			"translation": [0, 2.75, 0],
			"scale": [0.64, 0.64, 0.64]
		},
		"ground": {
			"translation": [0, 3, 0],
			"scale": [0.55, 0.55, 0.55]
		},
		"gui": {
			"rotation": [30, 43, 0],
			"scale": [0.625, 0.625, 0.625]
		},
		"head": {
			"rotation": [0, -90, 0],
			"translation": [0, 14, 0]
		},
		"fixed": {
			"rotation": [-90, -90, 0],
			"translation": [0, 0, -16],
			"scale": [2, 2, 2]
		}
	},
	"groups": [
		{
			"name": "pawn",
			"origin": [7, 14, 7],
			"color": 0,
			"children": [0, 1, 2, 3, 4, 5]
		}
	]
}