{
	"credit": "Made with Blockbench",
	"textures": {
		"6": "block/lodestone_top"
	},
	"elements": [
		{
			"from": [3, 0, 3],
			"to": [13, 1, 13],
			"rotation": {"angle": 0, "axis": "y", "origin": [7, 0, 7]},
			"faces": {
				"north": {"uv": [0, 0, 10, 1], "texture": "#6"},
				"east": {"uv": [0, 0, 10, 1], "texture": "#6"},
				"south": {"uv": [0, 0, 10, 1], "texture": "#6"},
				"west": {"uv": [0, 0, 10, 1], "texture": "#6"},
				"up": {"uv": [3, 2, 13, 12], "texture": "#6"},
				"down": {"uv": [3, 3, 13, 13], "texture": "#6"}
			}
		},
		{
			"from": [4, 1, 4],
			"to": [12, 3, 12],
			"rotation": {"angle": 0, "axis": "y", "origin": [7, 1, 7]},
			"faces": {
				"north": {"uv": [1, 0, 9, 2], "texture": "#6"},
				"east": {"uv": [7, 0, 15, 2], "texture": "#6"},
				"south": {"uv": [3, 0, 11, 2], "texture": "#6"},
				"west": {"uv": [2, 0, 10, 2], "texture": "#6"},
				"up": {"uv": [0, 0, 8, 8], "texture": "#6"},
				"down": {"uv": [6, 4, 14, 12], "texture": "#6"}
			}
		},
		{
			"from": [5, 3, 5],
			"to": [11, 8, 11],
			"rotation": {"angle": 0, "axis": "y", "origin": [7, 3, 7]},
			"faces": {
				"north": {"uv": [3, 0, 9, 5], "texture": "#6"},
				"east": {"uv": [3, 0, 9, 5], "texture": "#6"},
				"south": {"uv": [3, 0, 9, 5], "texture": "#6"},
				"west": {"uv": [2, 0, 8, 5], "texture": "#6"},
				"up": {"uv": [6, 6, 12, 12], "texture": "#6"},
				"down": {"uv": [0, 0, 6, 6], "texture": "#6"}
			}
		},
		{
			"from": [5, 17, 5],
			"to": [11, 21, 11],
			"rotation": {"angle": 0, "axis": "y", "origin": [7, 17, 7]},
			"faces": {
				"north": {"uv": [5, 0, 11, 4], "texture": "#6"},
				"east": {"uv": [7, 0, 13, 4], "texture": "#6"},
				"south": {"uv": [8, 0, 14, 4], "texture": "#6"},
				"west": {"uv": [2, 0, 8, 4], "texture": "#6"},
				"up": {"uv": [0, 0, 6, 6], "texture": "#6"},
				"down": {"uv": [5, 5, 11, 11], "texture": "#6"}
			}
		},
		{
			"from": [7, 21, 7],
			"to": [9, 26, 9],
			"rotation": {"angle": 0, "axis": "y", "origin": [7, 21, 7]},
			"faces": {
				"north": {"uv": [9, 0, 11, 5], "texture": "#6"},
				"east": {"uv": [5, 0, 7, 5], "texture": "#6"},
				"south": {"uv": [12, 0, 14, 5], "texture": "#6"},
				"west": {"uv": [2, 0, 4, 5], "texture": "#6"},
				"up": {"uv": [2, 12, 4, 14], "texture": "#6"},
				"down": {"uv": [0, 0, 2, 2], "texture": "#6"}
			}
		},
		{
			"from": [5, 22, 7.3],
			"to": [11, 25, 8.7],
			"rotation": {"angle": 0, "axis": "y", "origin": [7, 21, 7]},
			"faces": {
				"north": {"uv": [3, 0, 9, 3], "texture": "#6"},
				"east": {"uv": [5, 0, 5.9, 3], "texture": "#6"},
				"south": {"uv": [2, 0, 8, 3], "texture": "#6"},
				"west": {"uv": [13, 0, 13.9, 3], "texture": "#6"},
				"up": {"uv": [0, 0, 6, 1.4], "texture": "#6"},
				"down": {"uv": [0, 0, 6, 1.4], "texture": "#6"}
			}
		},
		{
			"from": [6, 8, 6],
			"to": [10, 19, 10],
			"rotation": {"angle": 0, "axis": "y", "origin": [7, 8, 7]},
			"faces": {
				"north": {"uv": [0, 0, 4, 11], "texture": "#6"},
				"east": {"uv": [5, 2, 9, 13], "texture": "#6"},
				"south": {"uv": [0, 0, 4, 11], "texture": "#6"},
				"west": {"uv": [10, 2, 14, 13], "texture": "#6"},
				"up": {"uv": [0, 0, 4, 4], "texture": "#6"},
				"down": {"uv": [0, 0, 4, 4], "texture": "#6"}
			}
		},
		{
			"from": [4, 5, 4],
			"to": [12, 6, 12],
			"rotation": {"angle": 0, "axis": "y", "origin": [7, 4, 7]},
			"faces": {
				"north": {"uv": [0, 0, 8, 1], "texture": "#6"},
				"east": {"uv": [0, 0, 8, 1], "texture": "#6"},
				"south": {"uv": [0, 0, 8, 1], "texture": "#6"},
				"west": {"uv": [0, 0, 8, 1], "texture": "#6"},
				"up": {"uv": [4, 3, 12, 11], "texture": "#6"},
				"down": {"uv": [0, 0, 8, 8], "texture": "#6"}
			}
		},
		{
			"from": [4, 15, 5],
			"to": [12, 16, 11],
			"rotation": {"angle": 0, "axis": "y", "origin": [7, 14, 7]},
			"faces": {
				"north": {"uv": [0, 0, 8, 1], "texture": "#6"},
				"east": {"uv": [10, 7, 16, 8], "texture": "#6"},
				"south": {"uv": [5, 6, 13, 7], "texture": "#6"},
				"west": {"uv": [0, 7, 6, 8], "texture": "#6"},
				"up": {"uv": [4, 0, 12, 6], "texture": "#6"},
				"down": {"uv": [4, 10, 12, 16], "texture": "#6"}
			}
		}
	],
	"display": {
		"thirdperson_righthand": {
			"rotation": [75, 45, 0],
			"translation": [0, 0.75, 0],
			"scale": [0.375, 0.375, 0.375]
		},
		"thirdperson_lefthand": {
			"rotation": [75, 45, 0],
			"scale": [0.375, 0.375, 0.375]
		},
		"firstperson_righthand": {
			"rotation": [0, 12, 0],
			"translation": [0, 2.75, 0],
			"scale": [0.64, 0.64, 0.64]
		},
		"firstperson_lefthand": {
			"rotation": [0, -165, 0],
			"translation": [0, 2.75, 0],
			"scale": [0.64, 0.64, 0.64]
		},
		"ground": {
			"translation": [0, 3, 0],
			"scale": [0.55, 0.55, 0.55]
		},
		"gui": {
			"rotation": [30, 43, 0],
			"scale": [0.625, 0.625, 0.625]
		},
		"head": {
			"rotation": [0, -90, 0],
			"translation": [0, 14, 0]
		},
		"fixed": {
			"rotation": [-90, -90, 0],
			"translation": [0, 0, -16],
			"scale": [2, 2, 2]
		}
	},
	"groups": [
		{
			"name": "king",
			"origin": [23, 14, 7],
			"color": 0,
			"children": [0, 1, 2, 3, 4, 5, 6, 7, 8]
		}
	]
}