{
	"credit": "Made with Blockbench",
	"textures": {
		"0": "block/diorite"
	},
	"elements": [
		{
			"from": [3, 0, 3],
			"to": [13, 1, 13],
			"rotation": {"angle": 0, "axis": "y", "origin": [7, 0, 7]},
			"faces": {
				"north": {"uv": [0, 0, 10, 1], "texture": "#0"},
				"east": {"uv": [0, 0, 10, 1], "texture": "#0"},
				"south": {"uv": [0, 0, 10, 1], "texture": "#0"},
				"west": {"uv": [0, 0, 10, 1], "texture": "#0"},
				"up": {"uv": [0, 0, 10, 10], "texture": "#0"},
				"down": {"uv": [0, 0, 10, 10], "texture": "#0"}
			}
		},
		{
			"from": [4, 1, 4],
			"to": [12, 3, 12],
			"rotation": {"angle": 0, "axis": "y", "origin": [7, 1, 7]},
			"faces": {
				"north": {"uv": [0, 0, 8, 2], "texture": "#0"},
				"east": {"uv": [0, 0, 8, 2], "texture": "#0"},
				"south": {"uv": [0, 0, 8, 2], "texture": "#0"},
				"west": {"uv": [0, 0, 8, 2], "texture": "#0"},
				"up": {"uv": [0, 0, 8, 8], "texture": "#0"},
				"down": {"uv": [0, 0, 8, 8], "texture": "#0"}
			}
		},
		{
			"from": [5, 3, 5],
			"to": [11, 8, 11],
			"rotation": {"angle": 0, "axis": "y", "origin": [7, 3, 7]},
			"faces": {
				"north": {"uv": [0, 0, 6, 5], "texture": "#0"},
				"east": {"uv": [0, 0, 6, 5], "texture": "#0"},
				"south": {"uv": [0, 0, 6, 5], "texture": "#0"},
				"west": {"uv": [0, 0, 6, 5], "texture": "#0"},
				"up": {"uv": [0, 0, 6, 6], "texture": "#0"},
				"down": {"uv": [0, 0, 6, 6], "texture": "#0"}
			}
		},
		{
			"from": [5, 17, 5],
			"to": [11, 21, 11],
			"rotation": {"angle": 0, "axis": "y", "origin": [7, 17, 7]},
			"faces": {
				"north": {"uv": [0, 0, 6, 4], "texture": "#0"},
				"east": {"uv": [0, 0, 6, 4], "texture": "#0"},
				"south": {"uv": [0, 0, 6, 4], "texture": "#0"},
				"west": {"uv": [0, 0, 6, 4], "texture": "#0"},
				"up": {"uv": [0, 0, 6, 6], "texture": "#0"},
				"down": {"uv": [0, 0, 6, 6], "texture": "#0"}
			}
		},
		{
			"from": [7, 21, 7],
			"to": [9, 26, 9],
			"rotation": {"angle": 0, "axis": "y", "origin": [7, 21, 7]},
			"faces": {
				"north": {"uv": [0, 0, 2, 5], "texture": "#0"},
				"east": {"uv": [0, 0, 2, 5], "texture": "#0"},
				"south": {"uv": [0, 0, 2, 5], "texture": "#0"},
				"west": {"uv": [0, 0, 2, 5], "texture": "#0"},
				"up": {"uv": [0, 0, 2, 2], "texture": "#0"},
				"down": {"uv": [0, 0, 2, 2], "texture": "#0"}
			}
		},
		{
			"from": [5, 22, 7.3],
			"to": [11, 25, 8.7],
			"rotation": {"angle": 0, "axis": "y", "origin": [7, 21, 7]},
			"faces": {
				"north": {"uv": [0, 0, 6, 3], "texture": "#0"},
				"east": {"uv": [0, 0, 1.4, 3], "texture": "#0"},
				"south": {"uv": [0, 0, 6, 3], "texture": "#0"},
				"west": {"uv": [0, 0, 1.4, 3], "texture": "#0"},
				"up": {"uv": [0, 0, 6, 1.4], "texture": "#0"},
				"down": {"uv": [0, 0, 6, 1.4], "texture": "#0"}
			}
		},
		{
			"from": [6, 8, 6],
			"to": [10, 19, 10],
			"rotation": {"angle": 0, "axis": "y", "origin": [7, 8, 7]},
			"faces": {
				"north": {"uv": [0, 0, 4, 11], "texture": "#0"},
				"east": {"uv": [0, 0, 4, 11], "texture": "#0"},
				"south": {"uv": [0, 0, 4, 11], "texture": "#0"},
				"west": {"uv": [0, 0, 4, 11], "texture": "#0"},
				"up": {"uv": [0, 0, 4, 4], "texture": "#0"},
				"down": {"uv": [0, 0, 4, 4], "texture": "#0"}
			}
		},
		{
			"from": [4, 5, 4],
			"to": [12, 6, 12],
			"rotation": {"angle": 0, "axis": "y", "origin": [7, 4, 7]},
			"faces": {
				"north": {"uv": [0, 0, 8, 1], "texture": "#0"},
				"east": {"uv": [0, 0, 8, 1], "texture": "#0"},
				"south": {"uv": [0, 0, 8, 1], "texture": "#0"},
				"west": {"uv": [0, 0, 8, 1], "texture": "#0"},
				"up": {"uv": [0, 0, 8, 8], "texture": "#0"},
				"down": {"uv": [0, 0, 8, 8], "texture": "#0"}
			}
		},
		{
			"from": [4, 15, 5],
			"to": [12, 16, 11],
			"rotation": {"angle": 0, "axis": "y", "origin": [7, 14, 7]},
			"faces": {
				"north": {"uv": [0, 0, 8, 1], "texture": "#0"},
				"east": {"uv": [0, 0, 6, 1], "texture": "#0"},
				"south": {"uv": [0, 0, 8, 1], "texture": "#0"},
				"west": {"uv": [0, 0, 6, 1], "texture": "#0"},
				"up": {"uv": [0, 0, 8, 6], "texture": "#0"},
				"down": {"uv": [0, 0, 8, 6], "texture": "#0"}
			}
		}
	],
	"display": {
		"thirdperson_righthand": {
			"rotation": [75, 45, 0],
			"translation": [0, 0.75, 0],
			"scale": [0.375, 0.375, 0.375]
		},
		"thirdperson_lefthand": {
			"rotation": [75, 45, 0],
			"scale": [0.375, 0.375, 0.375]
		},
		"firstperson_righthand": {
			"rotation": [0, 12, 0],
			"translation": [0, 2.75, 0],
			"scale": [0.64, 0.64, 0.64]
		},
		"firstperson_lefthand": {
			"rotation": [0, -165, 0],
			"translation": [0, 2.75, 0],
			"scale": [0.64, 0.64, 0.64]
		},
		"ground": {
			"translation": [0, 3, 0],
			"scale": [0.55, 0.55, 0.55]
		},
		"gui": {
			"rotation": [30, 43, 0],
			"scale": [0.625, 0.625, 0.625]
		},
		"head": {
			"rotation": [0, -90, 0],
			"translation": [0, 14, 0]
		},
		"fixed": {
			"rotation": [-90, -90, 0],
			"translation": [0, 0, -16],
			"scale": [2, 2, 2]
		}
	},
	"groups": [
		{
			"name": "king",
			"origin": [23, 14, 7],
			"color": 0,
			"children": [0, 1, 2, 3, 4, 5, 6, 7, 8]
		}
	]
}