{
	"credit": "Made with Blockbench",
	"textures": {
		"0": "block/quartz_block_bottom",
		"particle": "block/quartz_block_bottom"
	},
	"elements": [
		{
			"from": [4, 0, 4],
			"to": [12, 2, 12],
			"rotation": {"angle": 0, "axis": "y", "origin": [7, 0, 7]},
			"faces": {
				"north": {"uv": [0, 0, 8, 2], "texture": "#0"},
				"east": {"uv": [0, 0, 8, 2], "texture": "#0"},
				"south": {"uv": [0, 0, 8, 2], "texture": "#0"},
				"west": {"uv": [0, 0, 8, 2], "texture": "#0"},
				"up": {"uv": [0, 0, 8, 8], "texture": "#0"},
				"down": {"uv": [0, 0, 8, 8], "texture": "#0"}
			}
		},
		{
			"from": [5, 2, 5],
			"to": [11, 5, 11],
			"rotation": {"angle": 0, "axis": "y", "origin": [7, 2, 7]},
			"faces": {
				"north": {"uv": [0, 0, 6, 3], "texture": "#0"},
				"east": {"uv": [0, 0, 6, 3], "texture": "#0"},
				"south": {"uv": [0, 0, 6, 3], "texture": "#0"},
				"west": {"uv": [0, 0, 6, 3], "texture": "#0"},
				"up": {"uv": [0, 0, 6, 6], "texture": "#0"},
				"down": {"uv": [0, 0, 6, 6], "texture": "#0"}
			}
		},
		{
			"from": [5, 11, 5],
			"to": [11, 12, 11],
			"rotation": {"angle": 0, "axis": "y", "origin": [7, 11, 7]},
			"faces": {
				"north": {"uv": [0, 0, 6, 1], "texture": "#0"},
				"east": {"uv": [0, 0, 6, 1], "texture": "#0"},
				"south": {"uv": [0, 0, 6, 1], "texture": "#0"},
				"west": {"uv": [0, 0, 6, 1], "texture": "#0"},
				"up": {"uv": [0, 0, 6, 6], "texture": "#0"},
				"down": {"uv": [0, 0, 6, 6], "texture": "#0"}
			}
		},
		{
			"from": [4.5, 12, 4.5],
			"to": [11.5, 15, 11.5],
			"rotation": {"angle": 0, "axis": "y", "origin": [7, 14, 7]},
			"faces": {
				"north": {"uv": [0, 0, 7, 3], "texture": "#0"},
				"east": {"uv": [0, 0, 7, 3], "texture": "#0"},
				"south": {"uv": [0, 0, 7, 3], "texture": "#0"},
				"west": {"uv": [0, 0, 7, 3], "texture": "#0"},
				"up": {"uv": [0, 0, 7, 7], "texture": "#0"},
				"down": {"uv": [0, 0, 7, 7], "texture": "#0"}
			}
		},
		{
			"from": [4.5, 15, 4.5],
			"to": [7.5, 16, 6.5],
			"rotation": {"angle": 0, "axis": "y", "origin": [7, 17, 7]},
			"faces": {
				"north": {"uv": [0, 0, 3, 1], "texture": "#0"},
				"east": {"uv": [0, 0, 2, 1], "texture": "#0"},
				"south": {"uv": [0, 0, 3, 1], "texture": "#0"},
				"west": {"uv": [0, 0, 2, 1], "texture": "#0"},
				"up": {"uv": [0, 0, 3, 2], "texture": "#0"},
				"down": {"uv": [0, 0, 3, 2], "texture": "#0"}
			}
		},
		{
			"from": [4.5, 15, 8.5],
			"to": [6.5, 16, 11.5],
			"rotation": {"angle": 0, "axis": "y", "origin": [7, 17, 12]},
			"faces": {
				"north": {"uv": [0, 0, 2, 1], "texture": "#0"},
				"east": {"uv": [0, 0, 3, 1], "texture": "#0"},
				"south": {"uv": [0, 0, 2, 1], "texture": "#0"},
				"west": {"uv": [0, 0, 3, 1], "texture": "#0"},
				"up": {"uv": [0, 0, 2, 3], "texture": "#0"},
				"down": {"uv": [0, 0, 2, 3], "texture": "#0"}
			}
		},
		{
			"from": [9.5, 15, 4.5],
			"to": [11.5, 16, 7.5],
			"rotation": {"angle": 0, "axis": "y", "origin": [12, 17, 7]},
			"faces": {
				"north": {"uv": [0, 0, 2, 1], "texture": "#0"},
				"east": {"uv": [0, 0, 3, 1], "texture": "#0"},
				"south": {"uv": [0, 0, 2, 1], "texture": "#0"},
				"west": {"uv": [0, 0, 3, 1], "texture": "#0"},
				"up": {"uv": [0, 0, 2, 3], "texture": "#0"},
				"down": {"uv": [0, 0, 2, 3], "texture": "#0"}
			}
		},
		{
			"from": [8.5, 15, 9.5],
			"to": [11.5, 16, 11.5],
			"rotation": {"angle": 0, "axis": "y", "origin": [12, 17, 12]},
			"faces": {
				"north": {"uv": [0, 0, 3, 1], "texture": "#0"},
				"east": {"uv": [0, 0, 2, 1], "texture": "#0"},
				"south": {"uv": [0, 0, 3, 1], "texture": "#0"},
				"west": {"uv": [0, 0, 2, 1], "texture": "#0"},
				"up": {"uv": [0, 0, 3, 2], "texture": "#0"},
				"down": {"uv": [0, 0, 3, 2], "texture": "#0"}
			}
		},
		{
			"from": [5.5, 6, 5.5],
			"to": [10.5, 11, 10.5],
			"rotation": {"angle": 0, "axis": "y", "origin": [7, 6, 7]},
			"faces": {
				"north": {"uv": [0, 0, 5, 5], "texture": "#0"},
				"east": {"uv": [0, 0, 5, 5], "texture": "#0"},
				"south": {"uv": [0, 0, 5, 5], "texture": "#0"},
				"west": {"uv": [0, 0, 5, 5], "texture": "#0"},
				"up": {"uv": [0, 0, 5, 5], "texture": "#0"},
				"down": {"uv": [0, 0, 5, 5], "texture": "#0"}
			}
		},
		{
			"from": [4.5, 5, 4.5],
			"to": [11.5, 6, 11.5],
			"rotation": {"angle": 0, "axis": "y", "origin": [7, 4, 7]},
			"faces": {
				"north": {"uv": [0, 0, 7, 1], "texture": "#0"},
				"east": {"uv": [0, 0, 7, 1], "texture": "#0"},
				"south": {"uv": [0, 0, 7, 1], "texture": "#0"},
				"west": {"uv": [0, 0, 7, 1], "texture": "#0"},
				"up": {"uv": [0, 0, 7, 7], "texture": "#0"},
				"down": {"uv": [0, 0, 7, 7], "texture": "#0"}
			}
		}
	],
	"display": {
		"thirdperson_righthand": {
			"rotation": [75, 45, 0],
			"translation": [0, 0.75, 0],
			"scale": [0.375, 0.375, 0.375]
		},
		"thirdperson_lefthand": {
			"rotation": [75, 45, 0],
			"scale": [0.375, 0.375, 0.375]
		},
		"firstperson_righthand": {
			"rotation": [0, 12, 0],
			"translation": [0, 2.75, 0],
			"scale": [0.64, 0.64, 0.64]
		},
		"firstperson_lefthand": {
			"rotation": [0, -165, 0],
			"translation": [0, 2.75, 0],
			"scale": [0.64, 0.64, 0.64]
		},
		"ground": {
			"translation": [0, 3, 0],
			"scale": [0.55, 0.55, 0.55]
		},
		"gui": {
			"rotation": [30, 43, 0],
			"scale": [0.625, 0.625, 0.625]
		},
		"head": {
			"rotation": [0, -90, 0],
			"translation": [0, 14, 0]
		},
		"fixed": {
			"rotation": [-90, -90, 0],
			"translation": [0, 0, -16],
			"scale": [2, 2, 2]
		}
	},
	"groups": [
		{
			"name": "rook",
			"origin": [7, 14, 7],
			"color": 0,
			"children": [0, 1, 2, 3, 4, 5, 6, 7, 8, 9]
		}
	]
}