{
	"credit": "Made with Blockbench",
	"textures": {
		"1": "block/dark_oak_planks",
		"particle": "block/dark_oak_planks"
	},
	"elements": [
		{
			"from": [4, 0, 4],
			"to": [12, 1, 12],
			"rotation": {"angle": 0, "axis": "y", "origin": [7, 0, 7]},
			"faces": {
				"north": {"uv": [0, 0, 8, 1], "texture": "#1"},
				"east": {"uv": [0, 0, 8, 1], "texture": "#1"},
				"south": {"uv": [0, 0, 8, 1], "texture": "#1"},
				"west": {"uv": [0, 0, 8, 1], "texture": "#1"},
				"up": {"uv": [0, 0, 8, 8], "texture": "#1"},
				"down": {"uv": [0, 0, 8, 8], "texture": "#1"}
			}
		},
		{
			"from": [5.5, 2, 5.5],
			"to": [10.5, 6, 10.5],
			"rotation": {"angle": 0, "axis": "y", "origin": [7, 2, 7]},
			"faces": {
				"north": {"uv": [0, 0, 5, 4], "texture": "#1"},
				"east": {"uv": [0, 0, 5, 4], "texture": "#1"},
				"south": {"uv": [0, 0, 5, 4], "texture": "#1"},
				"west": {"uv": [0, 0, 5, 4], "texture": "#1"},
				"up": {"uv": [0, 0, 5, 5], "texture": "#1"},
				"down": {"uv": [0, 0, 5, 5], "texture": "#1"}
			}
		},
		{
			"from": [4.5, 1, 4.5],
			"to": [11.5, 2, 11.5],
			"rotation": {"angle": 0, "axis": "y", "origin": [7, 1, 7]},
			"faces": {
				"north": {"uv": [0, 0, 7, 1], "texture": "#1"},
				"east": {"uv": [0, 0, 7, 1], "texture": "#1"},
				"south": {"uv": [0, 0, 7, 1], "texture": "#1"},
				"west": {"uv": [0, 0, 7, 1], "texture": "#1"},
				"up": {"uv": [0, 0, 7, 7], "texture": "#1"},
				"down": {"uv": [0, 0, 7, 7], "texture": "#1"}
			}
		},
		{
			"from": [5, 10, 5],
			"to": [11, 11, 11],
			"rotation": {"angle": 0, "axis": "y", "origin": [7, 10, 7]},
			"faces": {
				"north": {"uv": [0, 0, 6, 1], "texture": "#1"},
				"east": {"uv": [0, 0, 6, 1], "texture": "#1"},
				"south": {"uv": [0, 0, 6, 1], "texture": "#1"},
				"west": {"uv": [0, 0, 6, 1], "texture": "#1"},
				"up": {"uv": [0, 0, 6, 6], "texture": "#1"},
				"down": {"uv": [0, 0, 6, 6], "texture": "#1"}
			}
		},
		{
			"from": [5.5, 13, 5.5],
			"to": [10.5, 17, 10.5],
			"rotation": {"angle": 0, "axis": "y", "origin": [7, 14, 7]},
			"faces": {
				"north": {"uv": [0, 0, 5, 4], "texture": "#1"},
				"east": {"uv": [0, 0, 5, 4], "texture": "#1"},
				"south": {"uv": [0, 0, 5, 4], "texture": "#1"},
				"west": {"uv": [0, 0, 5, 4], "texture": "#1"},
				"up": {"uv": [0, 0, 5, 5], "texture": "#1"},
				"down": {"uv": [0, 0, 5, 5], "texture": "#1"}
			}
		},
		{
			"from": [6, 6, 6],
			"to": [10, 10, 10],
			"rotation": {"angle": 0, "axis": "y", "origin": [7, 6, 7]},
			"faces": {
				"north": {"uv": [0, 0, 4, 4], "texture": "#1"},
				"east": {"uv": [0, 0, 4, 4], "texture": "#1"},
				"south": {"uv": [0, 0, 4, 4], "texture": "#1"},
				"west": {"uv": [0, 0, 4, 4], "texture": "#1"},
				"up": {"uv": [0, 0, 4, 4], "texture": "#1"},
				"down": {"uv": [0, 0, 4, 4], "texture": "#1"}
			}
		},
		{
			"from": [6.5, 11, 6.5],
			"to": [9.5, 19, 9.5],
			"rotation": {"angle": 0, "axis": "y", "origin": [7, 11, 7]},
			"faces": {
				"north": {"uv": [0, 0, 3, 8], "texture": "#1"},
				"east": {"uv": [0, 0, 3, 8], "texture": "#1"},
				"south": {"uv": [0, 0, 3, 8], "texture": "#1"},
				"west": {"uv": [0, 0, 3, 8], "texture": "#1"},
				"up": {"uv": [0, 0, 3, 3], "texture": "#1"},
				"down": {"uv": [0, 0, 3, 3], "texture": "#1"}
			}
		},
		{
			"from": [4.5, 4, 4.5],
			"to": [11.5, 5, 11.5],
			"rotation": {"angle": 0, "axis": "y", "origin": [7, 3, 7]},
			"faces": {
				"north": {"uv": [0, 0, 7, 1], "texture": "#1"},
				"east": {"uv": [0, 0, 7, 1], "texture": "#1"},
				"south": {"uv": [0, 0, 7, 1], "texture": "#1"},
				"west": {"uv": [0, 0, 7, 1], "texture": "#1"},
				"up": {"uv": [0, 0, 7, 7], "texture": "#1"},
				"down": {"uv": [0, 0, 7, 7], "texture": "#1"}
			}
		}
	],
	"display": {
		"thirdperson_righthand": {
			"rotation": [75, 45, 0],
			"translation": [0, 0.75, 0],
			"scale": [0.375, 0.375, 0.375]
		},
		"thirdperson_lefthand": {
			"rotation": [75, 45, 0],
			"scale": [0.375, 0.375, 0.375]
		},
		"firstperson_righthand": {
			"rotation": [0, 12, 0],
			"translation": [0, 2.75, 0],
			"scale": [0.64, 0.64, 0.64]
		},
		"firstperson_lefthand": {
			"rotation": [0, -165, 0],
			"translation": [0, 2.75, 0],
			"scale": [0.64, 0.64, 0.64]
		},
		"ground": {
			"translation": [0, 3, 0],
			"scale": [0.55, 0.55, 0.55]
		},
		"gui": {
			"rotation": [30, 43, 0],
			"scale": [0.625, 0.625, 0.625]
		},
		"head": {
			"rotation": [0, -90, 0],
			"translation": [0, 14, 0]
		},
		"fixed": {
			"rotation": [-90, -90, 0],
			"translation": [0, 0, -16],
			"scale": [2, 2, 2]
		}
	},
	"groups": [
		{
			"name": "bishop",
			"origin": [7, 14, 7],
			"color": 0,
			"children": [0, 1, 2, 3, 4, 5, 6, 7]
		}
	]
}