{
	"credit": "Made with Blockbench",
	"textures": {
		"0": "block/stripped_oak_log_top",
		"1": "block/stripped_oak_log",
		"2": "block/oak_planks",
		"3": "block/white_wool",
		"particle": "block/stripped_oak_log_top"
	},
	"elements": [
		{
			"from": [2, 4, 2],
			"to": [14, 5, 14],
			"faces": {
				"north": {"uv": [2, 0, 14, 1], "texture": "#1"},
				"east": {"uv": [2, 0, 14, 1], "texture": "#1"},
				"south": {"uv": [2, 0, 14, 1], "texture": "#1"},
				"west": {"uv": [2, 0, 14, 1], "texture": "#1"},
				"up": {"uv": [2, 2, 14, 14], "texture": "#0"},
				"down": {"uv": [2, 2, 14, 14], "texture": "#0"}
			}
		},
		{
			"from": [2.25, 5, 2.25],
			"to": [13.75, 8, 13.75],
			"faces": {
				"north": {"uv": [2, 0, 14, 3], "texture": "#3", "tintindex": 1},
				"east": {"uv": [2, 0, 14, 3], "texture": "#3", "tintindex": 1},
				"south": {"uv": [2, 0, 14, 3], "texture": "#3", "tintindex": 1},
				"west": {"uv": [2, 0, 14, 3], "texture": "#3", "tintindex": 1},
				"up": {"uv": [2, 2, 14, 14], "texture": "#3", "tintindex": 1}
			}
		},
		{
			"from": [6.5, 0, 2],
			"to": [9.5, 4, 5],
			"rotation": {"angle": -45, "axis": "y", "origin": [8, 2, 8]},
			"faces": {
				"north": {"uv": [0, 0, 3, 4], "texture": "#2"},
				"east": {"uv": [0, 0, 3, 4], "texture": "#2"},
				"south": {"uv": [0, 0, 3, 4], "texture": "#2"},
				"west": {"uv": [0, 0, 3, 4], "texture": "#2"},
				"down": {"uv": [0, 0, 3, 3], "texture": "#2"}
			}
		},
		{
			"from": [6.5, 0, 11],
			"to": [9.5, 4, 14],
			"rotation": {"angle": -45, "axis": "y", "origin": [8, 2, 8]},
			"faces": {
				"north": {"uv": [0, 0, 3, 4], "texture": "#2"},
				"east": {"uv": [0, 0, 3, 4], "texture": "#2"},
				"south": {"uv": [0, 0, 3, 4], "texture": "#2"},
				"west": {"uv": [0, 0, 3, 4], "texture": "#2"},
				"down": {"uv": [0, 0, 3, 3], "texture": "#2"}
			}
		},
		{
			"from": [6, 1, 11],
			"to": [10, 4, 12],
			"faces": {
				"north": {"uv": [0, 0, 4, 3], "texture": "#1"},
				"east": {"uv": [0, 0, 1, 3], "texture": "#missing"},
				"south": {"uv": [0, 0, 4, 3], "texture": "#1"},
				"west": {"uv": [0, 0, 1, 3], "texture": "#missing"},
				"down": {"uv": [0, 0, 4, 1], "texture": "#1"}
			}
		},
		{
			"from": [6, 1, 4],
			"to": [10, 4, 5],
			"faces": {
				"north": {"uv": [0, 0, 4, 3], "texture": "#1"},
				"east": {"uv": [0, 0, 2, 3], "texture": "#missing"},
				"south": {"uv": [0, 0, 4, 3], "texture": "#1"},
				"west": {"uv": [0, 0, 1, 3], "texture": "#missing"},
				"down": {"uv": [0, 0, 4, 1], "texture": "#1"}
			}
		},
		{
			"from": [2, 0, 6.5],
			"to": [5, 4, 9.5],
			"rotation": {"angle": -45, "axis": "y", "origin": [8, 2, 8]},
			"faces": {
				"north": {"uv": [0, 0, 3, 4], "texture": "#2"},
				"east": {"uv": [0, 0, 3, 4], "texture": "#2"},
				"south": {"uv": [0, 0, 3, 4], "texture": "#2"},
				"west": {"uv": [0, 0, 3, 4], "texture": "#2"},
				"down": {"uv": [0, 0, 3, 3], "texture": "#2"}
			}
		},
		{
			"from": [11, 0, 6.5],
			"to": [14, 4, 9.5],
			"rotation": {"angle": -45, "axis": "y", "origin": [8, 2, 8]},
			"faces": {
				"north": {"uv": [0, 0, 3, 4], "texture": "#2"},
				"east": {"uv": [0, 0, 3, 4], "texture": "#2"},
				"south": {"uv": [0, 0, 3, 4], "texture": "#2"},
				"west": {"uv": [0, 0, 3, 4], "texture": "#2"},
				"down": {"uv": [0, 0, 3, 3], "texture": "#2"}
			}
		},
		{
			"from": [11, 1, 6],
			"to": [12, 4, 10],
			"faces": {
				"north": {"uv": [0, 0, 1, 3], "texture": "#missing"},
				"east": {"uv": [0, 0, 4, 3], "texture": "#1"},
				"south": {"uv": [0, 0, 1, 3], "texture": "#missing"},
				"west": {"uv": [0, 0, 4, 3], "texture": "#1"},
				"down": {"uv": [0, 0, 1, 4], "texture": "#1"}
			}
		},
		{
			"from": [4, 1, 6],
			"to": [5, 4, 10],
			"faces": {
				"north": {"uv": [0, 0, 1, 3], "texture": "#missing"},
				"east": {"uv": [0, 0, 4, 3], "texture": "#1"},
				"south": {"uv": [0, 0, 1, 3], "texture": "#missing"},
				"west": {"uv": [0, 0, 4, 3], "texture": "#1"},
				"down": {"uv": [0, 0, 1, 4], "texture": "#1"}
			}
		}
	],
	"display": {
		"thirdperson_righthand": {
			"rotation": [75, 45, 0],
			"translation": [0, 2.5, 0],
			"scale": [0.375, 0.375, 0.375]
		},
		"thirdperson_lefthand": {
			"rotation": [75, 45, 0],
			"translation": [0, 2.5, 0],
			"scale": [0.375, 0.375, 0.375]
		},
		"firstperson_righthand": {
			"rotation": [0, 135, 0],
			"translation": [0, 3.75, 0],
			"scale": [0.4, 0.4, 0.4]
		},
		"firstperson_lefthand": {
			"rotation": [0, 135, 0],
			"translation": [0, 3.75, 0],
			"scale": [0.4, 0.4, 0.4]
		},
		"ground": {
			"translation": [0, 3, 0],
			"scale": [0.25, 0.25, 0.25]
		},
		"gui": {
			"rotation": [30, 225, 0],
			"scale": [0.625, 0.625, 0.625]
		},
		"head": {
			"translation": [0, 15.25, 0]
		},
		"fixed": {
			"rotation": [-90, 0, 0],
			"translation": [0, 0, -16],
			"scale": [2, 2, 2]
		}
	}
}